id,description,dataset,category,subcategory,region,delay,universe,type,dateCoverage,coverage,userCount,alphaCount,pyramidMultiplier,themes,dataset_id,dataset_name,category_id,category_name,subcategory_id,subcategory_name
fnd8_1af_matrix_ags_ff,No field description,"{'id': 'fundamental8', 'name': 'Fundamental8'}","{'id': 'fundamental', 'name': 'Fundamental'}","{'id': 'fundamental-fundamental-data', 'name': 'Fundamental Data'}",EUR,1,TOPCS1600,MATRIX,1.0,0.7267,0,0,1.1,[],fundamental8,Fundamental8,fundamental,Fundamental,fundamental-fundamental-data,Fundamental Data
fnd8_1af_matrix_aor_ff,No field description,"{'id': 'fundamental8', 'name': 'Fundamental8'}","{'id': 'fundamental', 'name': 'Fundamental'}","{'id': 'fundamental-fundamental-data', 'name': 'Fundamental Data'}",EUR,1,TOPCS1600,MATRIX,1.0,0.8984,0,0,1.1,[],fundamental8,Fundamental8,fundamental,Fundamental,fundamental-fundamental-data,Fundamental Data
fnd8_1af_matrix_cni_ffa_qe_ff,No field description,"{'id': 'fundamental8', 'name': 'Fundamental8'}","{'id': 'fundamental', 'name': 'Fundamental'}","{'id': 'fundamental-fundamental-data', 'name': 'Fundamental Data'}",EUR,1,TOPCS1600,MATRIX,1.0,0.4809,0,0,1.1,[],fundamental8,Fundamental8,fundamental,Fundamental,fundamental-fundamental-data,Fundamental Data
fnd8_1af_matrix_cni_xtp_ff,No field description,"{'id': 'fundamental8', 'name': 'Fundamental8'}","{'id': 'fundamental', 'name': 'Fundamental'}","{'id': 'fundamental-fundamental-data', 'name': 'Fundamental Data'}",EUR,1,TOPCS1600,MATRIX,1.0,0.9006,0,0,1.1,[],fundamental8,Fundamental8,fundamental,Fundamental,fundamental-fundamental-data,Fundamental Data
fnd8_1af_matrix_drox_spe_ff,Earnings Per Share incl. Extraordinary Items -Fiscal,"{'id': 'fundamental8', 'name': 'Fundamental8'}","{'id': 'fundamental', 'name': 'Fundamental'}","{'id': 'fundamental-fundamental-data', 'name': 'Fundamental Data'}",EUR,1,TOPCS1600,MATRIX,1.0,0.9647,0,0,1.1,[],fundamental8,Fundamental8,fundamental,Fundamental,fundamental-fundamental-data,Fundamental Data
fnd8_1af_matrix_ep_ff,No field description,"{'id': 'fundamental8', 'name': 'Fundamental8'}","{'id': 'fundamental', 'name': 'Fundamental'}","{'id': 'fundamental-fundamental-data', 'name': 'Fundamental Data'}",EUR,1,TOPCS1600,MATRIX,1.0,0.7872,0,0,1.1,[],fundamental8,Fundamental8,fundamental,Fundamental,fundamental-fundamental-data,Fundamental Data
fnd8_1af_matrix_fc_ghc_kts_ff,No field description,"{'id': 'fundamental8', 'name': 'Fundamental8'}","{'id': 'fundamental', 'name': 'Fundamental'}","{'id': 'fundamental-fundamental-data', 'name': 'Fundamental Data'}",EUR,1,TOPCS1600,MATRIX,1.0,0.6671,0,0,1.1,[],fundamental8,Fundamental8,fundamental,Fundamental,fundamental-fundamental-data,Fundamental Data
fnd8_1af_matrix_fc_nevni_ff,Inventories (Cash Flow),"{'id': 'fundamental8', 'name': 'Fundamental8'}","{'id': 'fundamental', 'name': 'Fundamental'}","{'id': 'fundamental-fundamental-data', 'name': 'Fundamental Data'}",EUR,1,TOPCS1600,MATRIX,1.0,0.6177,0,0,1.1,[],fundamental8,Fundamental8,fundamental,Fundamental,fundamental-fundamental-data,Fundamental Data
fnd8_1af_matrix_fc_pxe_ped_ff,No field description,"{'id': 'fundamental8', 'name': 'Fundamental8'}","{'id': 'fundamental', 'name': 'Fundamental'}","{'id': 'fundamental-fundamental-data', 'name': 'Fundamental Data'}",EUR,1,TOPCS1600,MATRIX,1.0,0.8287,0,0,1.1,[],fundamental8,Fundamental8,fundamental,Fundamental,fundamental-fundamental-data,Fundamental Data
fnd8_1af_matrix_fc_tni_ff,Interest Paid (Cash Flow),"{'id': 'fundamental8', 'name': 'Fundamental8'}","{'id': 'fundamental', 'name': 'Fundamental'}","{'id': 'fundamental-fundamental-data', 'name': 'Fundamental Data'}",EUR,1,TOPCS1600,MATRIX,1.0,0.787,0,0,1.1,[],fundamental8,Fundamental8,fundamental,Fundamental,fundamental-fundamental-data,Fundamental Data
fnd8_1af_matrix_fc_viecer_ff,Accounts Receivable,"{'id': 'fundamental8', 'name': 'Fundamental8'}","{'id': 'fundamental', 'name': 'Fundamental'}","{'id': 'fundamental-fundamental-data', 'name': 'Fundamental Data'}",EUR,1,TOPCS1600,MATRIX,1.0,0.6949,0,0,1.1,[],fundamental8,Fundamental8,fundamental,Fundamental,fundamental-fundamental-data,Fundamental Data
fnd8_1af_matrix_fcp_ff,No field description,"{'id': 'fundamental8', 'name': 'Fundamental8'}","{'id': 'fundamental', 'name': 'Fundamental'}","{'id': 'fundamental-fundamental-data', 'name': 'Fundamental Data'}",EUR,1,TOPCS1600,MATRIX,1.0,0.8172,0,0,1.1,[],fundamental8,Fundamental8,fundamental,Fundamental,fundamental-fundamental-data,Fundamental Data
fnd8_1af_matrix_ff_accr_exp_xpayr,No field description,"{'id': 'fundamental8', 'name': 'Fundamental8'}","{'id': 'fundamental', 'name': 'Fundamental'}","{'id': 'fundamental-fundamental-data', 'name': 'Fundamental Data'}",EUR,1,TOPCS1600,MATRIX,1.0,0.468,0,0,1.1,[],fundamental8,Fundamental8,fundamental,Fundamental,fundamental-fundamental-data,Fundamental Data
fnd8_1af_matrix_ff_acq_bus_cf,No field description,"{'id': 'fundamental8', 'name': 'Fundamental8'}","{'id': 'fundamental', 'name': 'Fundamental'}","{'id': 'fundamental-fundamental-data', 'name': 'Fundamental Data'}",EUR,1,TOPCS1600,MATRIX,1.0,0.4943,0,0,1.1,[],fundamental8,Fundamental8,fundamental,Fundamental,fundamental-fundamental-data,Fundamental Data
fnd8_1af_matrix_ff_amort_cf,Amortization of Intangible Assets,"{'id': 'fundamental8', 'name': 'Fundamental8'}","{'id': 'fundamental', 'name': 'Fundamental'}","{'id': 'fundamental-fundamental-data', 'name': 'Fundamental Data'}",EUR,1,TOPCS1600,MATRIX,1.0,0.6708,0,0,1.1,[],fundamental8,Fundamental8,fundamental,Fundamental,fundamental-fundamental-data,Fundamental Data
fnd8_1af_matrix_ff_asset_turn,No field description,"{'id': 'fundamental8', 'name': 'Fundamental8'}","{'id': 'fundamental', 'name': 'Fundamental'}","{'id': 'fundamental-fundamental-data', 'name': 'Fundamental Data'}",EUR,1,TOPCS1600,MATRIX,1.0,0.8943,0,0,1.1,[],fundamental8,Fundamental8,fundamental,Fundamental,fundamental-fundamental-data,Fundamental Data
fnd8_1af_matrix_ff_assets,No field description,"{'id': 'fundamental8', 'name': 'Fundamental8'}","{'id': 'fundamental', 'name': 'Fundamental'}","{'id': 'fundamental-fundamental-data', 'name': 'Fundamental Data'}",EUR,1,TOPCS1600,MATRIX,1.0,0.902,0,0,1.1,[],fundamental8,Fundamental8,fundamental,Fundamental,fundamental-fundamental-data,Fundamental Data
fnd8_1af_matrix_ff_assets_curr,No field description,"{'id': 'fundamental8', 'name': 'Fundamental8'}","{'id': 'fundamental', 'name': 'Fundamental'}","{'id': 'fundamental-fundamental-data', 'name': 'Fundamental Data'}",EUR,1,TOPCS1600,MATRIX,1.0,0.7426,0,0,1.1,[],fundamental8,Fundamental8,fundamental,Fundamental,fundamental-fundamental-data,Fundamental Data
fnd8_1af_matrix_ff_assets_curr_misc,Miscellaneous Current Assets,"{'id': 'fundamental8', 'name': 'Fundamental8'}","{'id': 'fundamental', 'name': 'Fundamental'}","{'id': 'fundamental-fundamental-data', 'name': 'Fundamental Data'}",EUR,1,TOPCS1600,MATRIX,1.0,0.7473,0,0,1.1,[],fundamental8,Fundamental8,fundamental,Fundamental,fundamental-fundamental-data,Fundamental Data
fnd8_1af_matrix_ff_assets_curr_oth,No field description,"{'id': 'fundamental8', 'name': 'Fundamental8'}","{'id': 'fundamental', 'name': 'Fundamental'}","{'id': 'fundamental-fundamental-data', 'name': 'Fundamental Data'}",EUR,1,TOPCS1600,MATRIX,1.0,0.661,0,0,1.1,[],fundamental8,Fundamental8,fundamental,Fundamental,fundamental-fundamental-data,Fundamental Data
fnd8_1af_matrix_ff_assets_oth,No field description,"{'id': 'fundamental8', 'name': 'Fundamental8'}","{'id': 'fundamental', 'name': 'Fundamental'}","{'id': 'fundamental-fundamental-data', 'name': 'Fundamental Data'}",EUR,1,TOPCS1600,MATRIX,1.0,0.6145,0,0,1.1,[],fundamental8,Fundamental8,fundamental,Fundamental,fundamental-fundamental-data,Fundamental Data
fnd8_1af_matrix_ff_assets_oth_intang,No field description,"{'id': 'fundamental8', 'name': 'Fundamental8'}","{'id': 'fundamental', 'name': 'Fundamental'}","{'id': 'fundamental-fundamental-data', 'name': 'Fundamental Data'}",EUR,1,TOPCS1600,MATRIX,1.0,0.8878,0,0,1.1,[],fundamental8,Fundamental8,fundamental,Fundamental,fundamental-fundamental-data,Fundamental Data
fnd8_1af_matrix_ff_bdebt,Bad Debt / Doubtful Accounts,"{'id': 'fundamental8', 'name': 'Fundamental8'}","{'id': 'fundamental', 'name': 'Fundamental'}","{'id': 'fundamental-fundamental-data', 'name': 'Fundamental Data'}",EUR,1,TOPCS1600,MATRIX,1.0,0.5485,0,0,1.1,[],fundamental8,Fundamental8,fundamental,Fundamental,fundamental-fundamental-data,Fundamental Data
fnd8_1af_matrix_ff_bk_invest_tot,No field description,"{'id': 'fundamental8', 'name': 'Fundamental8'}","{'id': 'fundamental', 'name': 'Fundamental'}","{'id': 'fundamental-fundamental-data', 'name': 'Fundamental Data'}",EUR,1,TOPCS1600,MATRIX,1.0,0.3224,0,0,1.1,[],fundamental8,Fundamental8,fundamental,Fundamental,fundamental-fundamental-data,Fundamental Data
fnd8_1af_matrix_ff_bps_secs,Books Value Per Share-Security Level,"{'id': 'fundamental8', 'name': 'Fundamental8'}","{'id': 'fundamental', 'name': 'Fundamental'}","{'id': 'fundamental-fundamental-data', 'name': 'Fundamental Data'}",EUR,1,TOPCS1600,MATRIX,1.0,0.9536,0,0,1.1,[],fundamental8,Fundamental8,fundamental,Fundamental,fundamental-fundamental-data,Fundamental Data
fnd8_1af_matrix_ff_bps_tang,No field description,"{'id': 'fundamental8', 'name': 'Fundamental8'}","{'id': 'fundamental', 'name': 'Fundamental'}","{'id': 'fundamental-fundamental-data', 'name': 'Fundamental Data'}",EUR,1,TOPCS1600,MATRIX,1.0,0.8989,0,0,1.1,[],fundamental8,Fundamental8,fundamental,Fundamental,fundamental-fundamental-data,Fundamental Data
fnd8_1af_matrix_ff_cap_lease,Capitalized Lease Obligations,"{'id': 'fundamental8', 'name': 'Fundamental8'}","{'id': 'fundamental', 'name': 'Fundamental'}","{'id': 'fundamental-fundamental-data', 'name': 'Fundamental Data'}",EUR,1,TOPCS1600,MATRIX,1.0,0.9209,0,0,1.1,[],fundamental8,Fundamental8,fundamental,Fundamental,fundamental-fundamental-data,Fundamental Data
fnd8_1af_matrix_ff_capex,No field description,"{'id': 'fundamental8', 'name': 'Fundamental8'}","{'id': 'fundamental', 'name': 'Fundamental'}","{'id': 'fundamental-fundamental-data', 'name': 'Fundamental Data'}",EUR,1,TOPCS1600,MATRIX,1.0,0.8846,0,0,1.1,[],fundamental8,Fundamental8,fundamental,Fundamental,fundamental-fundamental-data,Fundamental Data
fnd8_1af_matrix_ff_capex_fix,Capital Expenditures (Fixed Assets),"{'id': 'fundamental8', 'name': 'Fundamental8'}","{'id': 'fundamental', 'name': 'Fundamental'}","{'id': 'fundamental-fundamental-data', 'name': 'Fundamental Data'}",EUR,1,TOPCS1600,MATRIX,1.0,0.962,0,0,1.1,[],fundamental8,Fundamental8,fundamental,Fundamental,fundamental-fundamental-data,Fundamental Data
fnd8_1af_matrix_ff_capex_fix_assets,Capital Expenditure % Gross Fixed Assets,"{'id': 'fundamental8', 'name': 'Fundamental8'}","{'id': 'fundamental', 'name': 'Fundamental'}","{'id': 'fundamental-fundamental-data', 'name': 'Fundamental Data'}",EUR,1,TOPCS1600,MATRIX,1.0,0.7571,0,0,1.1,[],fundamental8,Fundamental8,fundamental,Fundamental,fundamental-fundamental-data,Fundamental Data
fnd8_1af_matrix_ff_capex_oth,Capital Expenditures (Other Assets),"{'id': 'fundamental8', 'name': 'Fundamental8'}","{'id': 'fundamental', 'name': 'Fundamental'}","{'id': 'fundamental-fundamental-data', 'name': 'Fundamental Data'}",EUR,1,TOPCS1600,MATRIX,1.0,0.765,0,0,1.1,[],fundamental8,Fundamental8,fundamental,Fundamental,fundamental-fundamental-data,Fundamental Data
fnd8_1af_matrix_ff_capex_sales,No field description,"{'id': 'fundamental8', 'name': 'Fundamental8'}","{'id': 'fundamental', 'name': 'Fundamental'}","{'id': 'fundamental-fundamental-data', 'name': 'Fundamental Data'}",EUR,1,TOPCS1600,MATRIX,1.0,0.8803,0,0,1.1,[],fundamental8,Fundamental8,fundamental,Fundamental,fundamental-fundamental-data,Fundamental Data
fnd8_1af_matrix_ff_cash_generic,Cash & Equivalents -Generic,"{'id': 'fundamental8', 'name': 'Fundamental8'}","{'id': 'fundamental', 'name': 'Fundamental'}","{'id': 'fundamental-fundamental-data', 'name': 'Fundamental Data'}",EUR,1,TOPCS1600,MATRIX,1.0,0.9666,0,0,1.1,[],fundamental8,Fundamental8,fundamental,Fundamental,fundamental-fundamental-data,Fundamental Data
fnd8_1af_matrix_ff_cash_only,No field description,"{'id': 'fundamental8', 'name': 'Fundamental8'}","{'id': 'fundamental', 'name': 'Fundamental'}","{'id': 'fundamental-fundamental-data', 'name': 'Fundamental Data'}",EUR,1,TOPCS1600,MATRIX,1.0,0.8295,0,0,1.1,[],fundamental8,Fundamental8,fundamental,Fundamental,fundamental-fundamental-data,Fundamental Data
fnd8_1af_matrix_ff_cash_st,No field description,"{'id': 'fundamental8', 'name': 'Fundamental8'}","{'id': 'fundamental', 'name': 'Fundamental'}","{'id': 'fundamental-fundamental-data', 'name': 'Fundamental Data'}",EUR,1,TOPCS1600,MATRIX,1.0,0.8049,0,0,1.1,[],fundamental8,Fundamental8,fundamental,Fundamental,fundamental-fundamental-data,Fundamental Data
fnd8_1af_matrix_ff_chg_cash_cf,No field description,"{'id': 'fundamental8', 'name': 'Fundamental8'}","{'id': 'fundamental', 'name': 'Fundamental'}","{'id': 'fundamental-fundamental-data', 'name': 'Fundamental Data'}",EUR,1,TOPCS1600,MATRIX,1.0,0.8866,0,0,1.1,[],fundamental8,Fundamental8,fundamental,Fundamental,fundamental-fundamental-data,Fundamental Data
fnd8_1af_matrix_ff_cogs,No field description,"{'id': 'fundamental8', 'name': 'Fundamental8'}","{'id': 'fundamental', 'name': 'Fundamental'}","{'id': 'fundamental-fundamental-data', 'name': 'Fundamental Data'}",EUR,1,TOPCS1600,MATRIX,1.0,0.7832,0,0,1.1,[],fundamental8,Fundamental8,fundamental,Fundamental,fundamental-fundamental-data,Fundamental Data
fnd8_1af_matrix_ff_cogs_xdep,COGS excluding D&A,"{'id': 'fundamental8', 'name': 'Fundamental8'}","{'id': 'fundamental', 'name': 'Fundamental'}","{'id': 'fundamental-fundamental-data', 'name': 'Fundamental Data'}",EUR,1,TOPCS1600,MATRIX,1.0,0.8396,0,0,1.1,[],fundamental8,Fundamental8,fundamental,Fundamental,fundamental-fundamental-data,Fundamental Data
fnd8_1af_matrix_ff_com_eq_apic,Additional Paid-In Capital / Capital Surplus (incl. Deferred Compensation),"{'id': 'fundamental8', 'name': 'Fundamental8'}","{'id': 'fundamental', 'name': 'Fundamental'}","{'id': 'fundamental-fundamental-data', 'name': 'Fundamental Data'}",EUR,1,TOPCS1600,MATRIX,1.0,0.8069,0,0,1.1,[],fundamental8,Fundamental8,fundamental,Fundamental,fundamental-fundamental-data,Fundamental Data
fnd8_1af_matrix_ff_com_eq_assets,No field description,"{'id': 'fundamental8', 'name': 'Fundamental8'}","{'id': 'fundamental', 'name': 'Fundamental'}","{'id': 'fundamental-fundamental-data', 'name': 'Fundamental Data'}",EUR,1,TOPCS1600,MATRIX,1.0,0.902,0,0,1.1,[],fundamental8,Fundamental8,fundamental,Fundamental,fundamental-fundamental-data,Fundamental Data
fnd8_1af_matrix_ff_com_eq_for_exch,Cumulative Translation Adjustment,"{'id': 'fundamental8', 'name': 'Fundamental8'}","{'id': 'fundamental', 'name': 'Fundamental'}","{'id': 'fundamental-fundamental-data', 'name': 'Fundamental Data'}",EUR,1,TOPCS1600,MATRIX,1.0,0.6788,0,0,1.1,[],fundamental8,Fundamental8,fundamental,Fundamental,fundamental-fundamental-data,Fundamental Data
fnd8_1af_matrix_ff_com_eq_par,Common Stock Par/Carry Value,"{'id': 'fundamental8', 'name': 'Fundamental8'}","{'id': 'fundamental', 'name': 'Fundamental'}","{'id': 'fundamental-fundamental-data', 'name': 'Fundamental Data'}",EUR,1,TOPCS1600,MATRIX,1.0,0.9612,0,0,1.1,[],fundamental8,Fundamental8,fundamental,Fundamental,fundamental-fundamental-data,Fundamental Data
fnd8_1af_matrix_ff_com_shs_out,No field description,"{'id': 'fundamental8', 'name': 'Fundamental8'}","{'id': 'fundamental', 'name': 'Fundamental'}","{'id': 'fundamental-fundamental-data', 'name': 'Fundamental Data'}",EUR,1,TOPCS1600,MATRIX,1.0,0.8994,0,0,1.1,[],fundamental8,Fundamental8,fundamental,Fundamental,fundamental-fundamental-data,Fundamental Data
fnd8_1af_matrix_ff_com_shs_out_eps,No field description,"{'id': 'fundamental8', 'name': 'Fundamental8'}","{'id': 'fundamental', 'name': 'Fundamental'}","{'id': 'fundamental-fundamental-data', 'name': 'Fundamental Data'}",EUR,1,TOPCS1600,MATRIX,1.0,0.8948,0,0,1.1,[],fundamental8,Fundamental8,fundamental,Fundamental,fundamental-fundamental-data,Fundamental Data
fnd8_1af_matrix_ff_com_shs_out_eps_basic,No field description,"{'id': 'fundamental8', 'name': 'Fundamental8'}","{'id': 'fundamental', 'name': 'Fundamental'}","{'id': 'fundamental-fundamental-data', 'name': 'Fundamental Data'}",EUR,1,TOPCS1600,MATRIX,1.0,0.895,0,0,1.1,[],fundamental8,Fundamental8,fundamental,Fundamental,fundamental-fundamental-data,Fundamental Data
fnd8_1af_matrix_ff_com_shs_out_eps_dil,No field description,"{'id': 'fundamental8', 'name': 'Fundamental8'}","{'id': 'fundamental', 'name': 'Fundamental'}","{'id': 'fundamental-fundamental-data', 'name': 'Fundamental Data'}",EUR,1,TOPCS1600,MATRIX,1.0,0.8578,0,0,1.1,[],fundamental8,Fundamental8,fundamental,Fundamental,fundamental-fundamental-data,Fundamental Data
fnd8_1af_matrix_ff_com_shs_out_secs,Common Shares Outstanding -Security,"{'id': 'fundamental8', 'name': 'Fundamental8'}","{'id': 'fundamental', 'name': 'Fundamental'}","{'id': 'fundamental-fundamental-data', 'name': 'Fundamental Data'}",EUR,1,TOPCS1600,MATRIX,1.0,0.9582,0,0,1.1,[],fundamental8,Fundamental8,fundamental,Fundamental,fundamental-fundamental-data,Fundamental Data
fnd8_1af_matrix_ff_comp_soft,Computer Software,"{'id': 'fundamental8', 'name': 'Fundamental8'}","{'id': 'fundamental', 'name': 'Fundamental'}","{'id': 'fundamental-fundamental-data', 'name': 'Fundamental Data'}",EUR,1,TOPCS1600,MATRIX,1.0,0.3845,0,0,1.1,[],fundamental8,Fundamental8,fundamental,Fundamental,fundamental-fundamental-data,Fundamental Data
fnd8_1af_matrix_ff_consol_net_inc,No field description,"{'id': 'fundamental8', 'name': 'Fundamental8'}","{'id': 'fundamental', 'name': 'Fundamental'}","{'id': 'fundamental-fundamental-data', 'name': 'Fundamental Data'}",EUR,1,TOPCS1600,MATRIX,1.0,0.9021,0,0,1.1,[],fundamental8,Fundamental8,fundamental,Fundamental,fundamental-fundamental-data,Fundamental Data
fnd8_1af_matrix_ff_curr_ratio,No field description,"{'id': 'fundamental8', 'name': 'Fundamental8'}","{'id': 'fundamental', 'name': 'Fundamental'}","{'id': 'fundamental-fundamental-data', 'name': 'Fundamental Data'}",EUR,1,TOPCS1600,MATRIX,1.0,0.7425,0,0,1.1,[],fundamental8,Fundamental8,fundamental,Fundamental,fundamental-fundamental-data,Fundamental Data
fnd8_1af_matrix_ff_debt,No field description,"{'id': 'fundamental8', 'name': 'Fundamental8'}","{'id': 'fundamental', 'name': 'Fundamental'}","{'id': 'fundamental-fundamental-data', 'name': 'Fundamental Data'}",EUR,1,TOPCS1600,MATRIX,1.0,0.8675,0,0,1.1,[],fundamental8,Fundamental8,fundamental,Fundamental,fundamental-fundamental-data,Fundamental Data
fnd8_1af_matrix_ff_debt_assets,No field description,"{'id': 'fundamental8', 'name': 'Fundamental8'}","{'id': 'fundamental', 'name': 'Fundamental'}","{'id': 'fundamental-fundamental-data', 'name': 'Fundamental Data'}",EUR,1,TOPCS1600,MATRIX,1.0,0.8679,0,0,1.1,[],fundamental8,Fundamental8,fundamental,Fundamental,fundamental-fundamental-data,Fundamental Data
fnd8_1af_matrix_ff_debt_cf,No field description,"{'id': 'fundamental8', 'name': 'Fundamental8'}","{'id': 'fundamental', 'name': 'Fundamental'}","{'id': 'fundamental-fundamental-data', 'name': 'Fundamental Data'}",EUR,1,TOPCS1600,MATRIX,1.0,0.8284,0,0,1.1,[],fundamental8,Fundamental8,fundamental,Fundamental,fundamental-fundamental-data,Fundamental Data
fnd8_1af_matrix_ff_debt_ebitda_oper,No field description,"{'id': 'fundamental8', 'name': 'Fundamental8'}","{'id': 'fundamental', 'name': 'Fundamental'}","{'id': 'fundamental-fundamental-data', 'name': 'Fundamental Data'}",EUR,1,TOPCS1600,MATRIX,1.0,0.7416,0,0,1.1,[],fundamental8,Fundamental8,fundamental,Fundamental,fundamental-fundamental-data,Fundamental Data
fnd8_1af_matrix_ff_debt_lt,No field description,"{'id': 'fundamental8', 'name': 'Fundamental8'}","{'id': 'fundamental', 'name': 'Fundamental'}","{'id': 'fundamental-fundamental-data', 'name': 'Fundamental Data'}",EUR,1,TOPCS1600,MATRIX,1.0,0.8451,0,0,1.1,[],fundamental8,Fundamental8,fundamental,Fundamental,fundamental-fundamental-data,Fundamental Data
fnd8_1af_matrix_ff_debt_lt_curr,Current Portion Of Long Term Debt,"{'id': 'fundamental8', 'name': 'Fundamental8'}","{'id': 'fundamental', 'name': 'Fundamental'}","{'id': 'fundamental-fundamental-data', 'name': 'Fundamental Data'}",EUR,1,TOPCS1600,MATRIX,1.0,0.7587,0,0,1.1,[],fundamental8,Fundamental8,fundamental,Fundamental,fundamental-fundamental-data,Fundamental Data
fnd8_1af_matrix_ff_debt_lt_iss_cf,Issuance of LT Debt,"{'id': 'fundamental8', 'name': 'Fundamental8'}","{'id': 'fundamental', 'name': 'Fundamental'}","{'id': 'fundamental-fundamental-data', 'name': 'Fundamental Data'}",EUR,1,TOPCS1600,MATRIX,1.0,0.8464,0,0,1.1,[],fundamental8,Fundamental8,fundamental,Fundamental,fundamental-fundamental-data,Fundamental Data
fnd8_1af_matrix_ff_debt_lt_reduct_cf,Reduction of LT Debt,"{'id': 'fundamental8', 'name': 'Fundamental8'}","{'id': 'fundamental', 'name': 'Fundamental'}","{'id': 'fundamental-fundamental-data', 'name': 'Fundamental Data'}",EUR,1,TOPCS1600,MATRIX,1.0,0.8639,0,0,1.1,[],fundamental8,Fundamental8,fundamental,Fundamental,fundamental-fundamental-data,Fundamental Data
fnd8_1af_matrix_ff_debt_lt_xcap,Long Term Debt Excluding Capitalized Leases,"{'id': 'fundamental8', 'name': 'Fundamental8'}","{'id': 'fundamental', 'name': 'Fundamental'}","{'id': 'fundamental-fundamental-data', 'name': 'Fundamental Data'}",EUR,1,TOPCS1600,MATRIX,1.0,0.9659,0,0,1.1,[],fundamental8,Fundamental8,fundamental,Fundamental,fundamental-fundamental-data,Fundamental Data
fnd8_1af_matrix_ff_debt_st,No field description,"{'id': 'fundamental8', 'name': 'Fundamental8'}","{'id': 'fundamental', 'name': 'Fundamental'}","{'id': 'fundamental-fundamental-data', 'name': 'Fundamental Data'}",EUR,1,TOPCS1600,MATRIX,1.0,0.8254,0,0,1.1,[],fundamental8,Fundamental8,fundamental,Fundamental,fundamental-fundamental-data,Fundamental Data
fnd8_1af_matrix_ff_debt_st_cf,Change in Current Debt,"{'id': 'fundamental8', 'name': 'Fundamental8'}","{'id': 'fundamental', 'name': 'Fundamental'}","{'id': 'fundamental-fundamental-data', 'name': 'Fundamental Data'}",EUR,1,TOPCS1600,MATRIX,1.0,0.5286,0,0,1.1,[],fundamental8,Fundamental8,fundamental,Fundamental,fundamental-fundamental-data,Fundamental Data
fnd8_1af_matrix_ff_dep_accum_fix_assets,Accumulated Depreciation % Gross Fixed Assets,"{'id': 'fundamental8', 'name': 'Fundamental8'}","{'id': 'fundamental', 'name': 'Fundamental'}","{'id': 'fundamental-fundamental-data', 'name': 'Fundamental Data'}",EUR,1,TOPCS1600,MATRIX,1.0,0.7504,0,0,1.1,[],fundamental8,Fundamental8,fundamental,Fundamental,fundamental-fundamental-data,Fundamental Data
fnd8_1af_matrix_ff_dep_amort_exp,Depreciation & Amortization,"{'id': 'fundamental8', 'name': 'Fundamental8'}","{'id': 'fundamental', 'name': 'Fundamental'}","{'id': 'fundamental-fundamental-data', 'name': 'Fundamental Data'}",EUR,1,TOPCS1600,MATRIX,1.0,0.9475,0,0,1.1,[],fundamental8,Fundamental8,fundamental,Fundamental,fundamental-fundamental-data,Fundamental Data
fnd8_1af_matrix_ff_dep_exp_xamort_cf,Depreciation/Depletion (excl. Amortization),"{'id': 'fundamental8', 'name': 'Fundamental8'}","{'id': 'fundamental', 'name': 'Fundamental'}","{'id': 'fundamental-fundamental-data', 'name': 'Fundamental Data'}",EUR,1,TOPCS1600,MATRIX,1.0,0.8721,0,0,1.1,[],fundamental8,Fundamental8,fundamental,Fundamental,fundamental-fundamental-data,Fundamental Data
fnd8_1af_matrix_ff_dfd_tax,No field description,"{'id': 'fundamental8', 'name': 'Fundamental8'}","{'id': 'fundamental', 'name': 'Fundamental'}","{'id': 'fundamental-fundamental-data', 'name': 'Fundamental Data'}",EUR,1,TOPCS1600,MATRIX,1.0,0.8549,0,0,1.1,[],fundamental8,Fundamental8,fundamental,Fundamental,fundamental-fundamental-data,Fundamental Data
fnd8_1af_matrix_ff_dfd_tax_cr,No field description,"{'id': 'fundamental8', 'name': 'Fundamental8'}","{'id': 'fundamental', 'name': 'Fundamental'}","{'id': 'fundamental-fundamental-data', 'name': 'Fundamental Data'}",EUR,1,TOPCS1600,MATRIX,1.0,0.7757,0,0,1.1,[],fundamental8,Fundamental8,fundamental,Fundamental,fundamental-fundamental-data,Fundamental Data
fnd8_1af_matrix_ff_dfd_tax_db,No field description,"{'id': 'fundamental8', 'name': 'Fundamental8'}","{'id': 'fundamental', 'name': 'Fundamental'}","{'id': 'fundamental-fundamental-data', 'name': 'Fundamental Data'}",EUR,1,TOPCS1600,MATRIX,1.0,0.7494,0,0,1.1,[],fundamental8,Fundamental8,fundamental,Fundamental,fundamental-fundamental-data,Fundamental Data
fnd8_1af_matrix_ff_dfd_tax_itc,No field description,"{'id': 'fundamental8', 'name': 'Fundamental8'}","{'id': 'fundamental', 'name': 'Fundamental'}","{'id': 'fundamental-fundamental-data', 'name': 'Fundamental Data'}",EUR,1,TOPCS1600,MATRIX,1.0,0.8549,0,0,1.1,[],fundamental8,Fundamental8,fundamental,Fundamental,fundamental-fundamental-data,Fundamental Data
fnd8_1af_matrix_ff_dfd_tax_xitc_cf,Deferred Taxes (excl. Investment Tax Credits),"{'id': 'fundamental8', 'name': 'Fundamental8'}","{'id': 'fundamental', 'name': 'Fundamental'}","{'id': 'fundamental-fundamental-data', 'name': 'Fundamental Data'}",EUR,1,TOPCS1600,MATRIX,1.0,0.3083,0,0,1.1,[],fundamental8,Fundamental8,fundamental,Fundamental,fundamental-fundamental-data,Fundamental Data
fnd8_1af_matrix_ff_disc_oper,Discontinued Operations,"{'id': 'fundamental8', 'name': 'Fundamental8'}","{'id': 'fundamental', 'name': 'Fundamental'}","{'id': 'fundamental-fundamental-data', 'name': 'Fundamental Data'}",EUR,1,TOPCS1600,MATRIX,1.0,0.8624,0,0,1.1,[],fundamental8,Fundamental8,fundamental,Fundamental,fundamental-fundamental-data,Fundamental Data
fnd8_1af_matrix_ff_disc_oper_inc,Discontinued Operations,"{'id': 'fundamental8', 'name': 'Fundamental8'}","{'id': 'fundamental', 'name': 'Fundamental'}","{'id': 'fundamental-fundamental-data', 'name': 'Fundamental Data'}",EUR,1,TOPCS1600,MATRIX,1.0,0.8524,0,0,1.1,[],fundamental8,Fundamental8,fundamental,Fundamental,fundamental-fundamental-data,Fundamental Data
fnd8_1af_matrix_ff_disc_oper_ps,Discontinued Operations Per Share -Total,"{'id': 'fundamental8', 'name': 'Fundamental8'}","{'id': 'fundamental', 'name': 'Fundamental'}","{'id': 'fundamental-fundamental-data', 'name': 'Fundamental Data'}",EUR,1,TOPCS1600,MATRIX,1.0,0.8402,0,0,1.1,[],fundamental8,Fundamental8,fundamental,Fundamental,fundamental-fundamental-data,Fundamental Data
fnd8_1af_matrix_ff_div_cf,No field description,"{'id': 'fundamental8', 'name': 'Fundamental8'}","{'id': 'fundamental', 'name': 'Fundamental'}","{'id': 'fundamental-fundamental-data', 'name': 'Fundamental Data'}",EUR,1,TOPCS1600,MATRIX,1.0,0.758,0,0,1.1,[],fundamental8,Fundamental8,fundamental,Fundamental,fundamental-fundamental-data,Fundamental Data
fnd8_1af_matrix_ff_div_com_cf,Common Dividends,"{'id': 'fundamental8', 'name': 'Fundamental8'}","{'id': 'fundamental', 'name': 'Fundamental'}","{'id': 'fundamental-fundamental-data', 'name': 'Fundamental Data'}",EUR,1,TOPCS1600,MATRIX,1.0,0.9582,0,0,1.1,[],fundamental8,Fundamental8,fundamental,Fundamental,fundamental-fundamental-data,Fundamental Data
fnd8_1af_matrix_ff_div_pfd_cf,Preferred Dividends (Cash Flow),"{'id': 'fundamental8', 'name': 'Fundamental8'}","{'id': 'fundamental', 'name': 'Fundamental'}","{'id': 'fundamental-fundamental-data', 'name': 'Fundamental Data'}",EUR,1,TOPCS1600,MATRIX,1.0,0.9517,0,0,1.1,[],fundamental8,Fundamental8,fundamental,Fundamental,fundamental-fundamental-data,Fundamental Data
fnd8_1af_matrix_ff_dps_gross,No field description,"{'id': 'fundamental8', 'name': 'Fundamental8'}","{'id': 'fundamental', 'name': 'Fundamental'}","{'id': 'fundamental-fundamental-data', 'name': 'Fundamental Data'}",EUR,1,TOPCS1600,MATRIX,1.0,0.7525,0,0,1.1,[],fundamental8,Fundamental8,fundamental,Fundamental,fundamental-fundamental-data,Fundamental Data
fnd8_1af_matrix_ff_dps_secs,Dividends Per Share -Security,"{'id': 'fundamental8', 'name': 'Fundamental8'}","{'id': 'fundamental', 'name': 'Fundamental'}","{'id': 'fundamental-fundamental-data', 'name': 'Fundamental Data'}",EUR,1,TOPCS1600,MATRIX,1.0,0.9406,0,0,1.1,[],fundamental8,Fundamental8,fundamental,Fundamental,fundamental-fundamental-data,Fundamental Data
fnd8_1af_matrix_ff_ebit_oper,No field description,"{'id': 'fundamental8', 'name': 'Fundamental8'}","{'id': 'fundamental', 'name': 'Fundamental'}","{'id': 'fundamental-fundamental-data', 'name': 'Fundamental Data'}",EUR,1,TOPCS1600,MATRIX,1.0,0.8044,0,0,1.1,[],fundamental8,Fundamental8,fundamental,Fundamental,fundamental-fundamental-data,Fundamental Data
fnd8_1af_matrix_ff_ebit_oper_fix_chrg_covg,Fixed Charge Coverage Ratio,"{'id': 'fundamental8', 'name': 'Fundamental8'}","{'id': 'fundamental', 'name': 'Fundamental'}","{'id': 'fundamental-fundamental-data', 'name': 'Fundamental Data'}",EUR,1,TOPCS1600,MATRIX,1.0,0.7825,0,0,1.1,[],fundamental8,Fundamental8,fundamental,Fundamental,fundamental-fundamental-data,Fundamental Data
fnd8_1af_matrix_ff_ebitda_oper,No field description,"{'id': 'fundamental8', 'name': 'Fundamental8'}","{'id': 'fundamental', 'name': 'Fundamental'}","{'id': 'fundamental-fundamental-data', 'name': 'Fundamental Data'}",EUR,1,TOPCS1600,MATRIX,1.0,0.8024,0,0,1.1,[],fundamental8,Fundamental8,fundamental,Fundamental,fundamental-fundamental-data,Fundamental Data
fnd8_1af_matrix_ff_entrpr_val,No field description,"{'id': 'fundamental8', 'name': 'Fundamental8'}","{'id': 'fundamental', 'name': 'Fundamental'}","{'id': 'fundamental-fundamental-data', 'name': 'Fundamental Data'}",EUR,1,TOPCS1600,MATRIX,1.0,0.8854,0,0,1.1,[],fundamental8,Fundamental8,fundamental,Fundamental,fundamental-fundamental-data,Fundamental Data
fnd8_1af_matrix_ff_eps_basic,No field description,"{'id': 'fundamental8', 'name': 'Fundamental8'}","{'id': 'fundamental', 'name': 'Fundamental'}","{'id': 'fundamental-fundamental-data', 'name': 'Fundamental Data'}",EUR,1,TOPCS1600,MATRIX,1.0,0.8964,0,0,1.1,[],fundamental8,Fundamental8,fundamental,Fundamental,fundamental-fundamental-data,Fundamental Data
fnd8_1af_matrix_ff_eps_contin_oper,Earnings Per Share from Continuing Operations -Fiscal,"{'id': 'fundamental8', 'name': 'Fundamental8'}","{'id': 'fundamental', 'name': 'Fundamental'}","{'id': 'fundamental-fundamental-data', 'name': 'Fundamental Data'}",EUR,1,TOPCS1600,MATRIX,1.0,0.8271,0,0,1.1,[],fundamental8,Fundamental8,fundamental,Fundamental,fundamental-fundamental-data,Fundamental Data
fnd8_1af_matrix_ff_eps_dil_bef_unusual,No field description,"{'id': 'fundamental8', 'name': 'Fundamental8'}","{'id': 'fundamental', 'name': 'Fundamental'}","{'id': 'fundamental-fundamental-data', 'name': 'Fundamental Data'}",EUR,1,TOPCS1600,MATRIX,1.0,0.861,0,0,1.1,[],fundamental8,Fundamental8,fundamental,Fundamental,fundamental-fundamental-data,Fundamental Data
fnd8_1af_matrix_ff_eps_reported,No field description,"{'id': 'fundamental8', 'name': 'Fundamental8'}","{'id': 'fundamental', 'name': 'Fundamental'}","{'id': 'fundamental-fundamental-data', 'name': 'Fundamental Data'}",EUR,1,TOPCS1600,MATRIX,1.0,0.867,0,0,1.1,[],fundamental8,Fundamental8,fundamental,Fundamental,fundamental-fundamental-data,Fundamental Data
fnd8_1af_matrix_ff_eps_secs,Earnings Per Share -Security,"{'id': 'fundamental8', 'name': 'Fundamental8'}","{'id': 'fundamental', 'name': 'Fundamental'}","{'id': 'fundamental-fundamental-data', 'name': 'Fundamental Data'}",EUR,1,TOPCS1600,MATRIX,1.0,0.9608,0,0,1.1,[],fundamental8,Fundamental8,fundamental,Fundamental,fundamental-fundamental-data,Fundamental Data
fnd8_1af_matrix_ff_eq_tot,No field description,"{'id': 'fundamental8', 'name': 'Fundamental8'}","{'id': 'fundamental', 'name': 'Fundamental'}","{'id': 'fundamental-fundamental-data', 'name': 'Fundamental Data'}",EUR,1,TOPCS1600,MATRIX,1.0,0.9021,0,0,1.1,[],fundamental8,Fundamental8,fundamental,Fundamental,fundamental-fundamental-data,Fundamental Data
fnd8_1af_matrix_ff_exp_tot,No field description,"{'id': 'fundamental8', 'name': 'Fundamental8'}","{'id': 'fundamental', 'name': 'Fundamental'}","{'id': 'fundamental-fundamental-data', 'name': 'Fundamental Data'}",EUR,1,TOPCS1600,MATRIX,1.0,0.899,0,0,1.1,[],fundamental8,Fundamental8,fundamental,Fundamental,fundamental-fundamental-data,Fundamental Data
fnd8_1af_matrix_ff_fin_activ_oth_cf,No field description,"{'id': 'fundamental8', 'name': 'Fundamental8'}","{'id': 'fundamental', 'name': 'Fundamental'}","{'id': 'fundamental-fundamental-data', 'name': 'Fundamental Data'}",EUR,1,TOPCS1600,MATRIX,1.0,0.5583,0,0,1.1,[],fundamental8,Fundamental8,fundamental,Fundamental,fundamental-fundamental-data,Fundamental Data
fnd8_1af_matrix_ff_fin_cf,No field description,"{'id': 'fundamental8', 'name': 'Fundamental8'}","{'id': 'fundamental', 'name': 'Fundamental'}","{'id': 'fundamental-fundamental-data', 'name': 'Fundamental Data'}",EUR,1,TOPCS1600,MATRIX,1.0,0.8975,0,0,1.1,[],fundamental8,Fundamental8,fundamental,Fundamental,fundamental-fundamental-data,Fundamental Data
fnd8_1af_matrix_ff_fin_sources_cf,Other Financing Activities (Sources),"{'id': 'fundamental8', 'name': 'Fundamental8'}","{'id': 'fundamental', 'name': 'Fundamental'}","{'id': 'fundamental-fundamental-data', 'name': 'Fundamental Data'}",EUR,1,TOPCS1600,MATRIX,1.0,0.886,0,0,1.1,[],fundamental8,Fundamental8,fundamental,Fundamental,fundamental-fundamental-data,Fundamental Data
fnd8_1af_matrix_ff_fin_uses_cf,Other Financing Activities (Uses),"{'id': 'fundamental8', 'name': 'Fundamental8'}","{'id': 'fundamental', 'name': 'Fundamental'}","{'id': 'fundamental-fundamental-data', 'name': 'Fundamental Data'}",EUR,1,TOPCS1600,MATRIX,1.0,0.9338,0,0,1.1,[],fundamental8,Fundamental8,fundamental,Fundamental,fundamental-fundamental-data,Fundamental Data
fnd8_1af_matrix_ff_fix_assets_com_eq,Fixed Assets % Common Equity,"{'id': 'fundamental8', 'name': 'Fundamental8'}","{'id': 'fundamental', 'name': 'Fundamental'}","{'id': 'fundamental-fundamental-data', 'name': 'Fundamental Data'}",EUR,1,TOPCS1600,MATRIX,1.0,0.8868,0,0,1.1,[],fundamental8,Fundamental8,fundamental,Fundamental,fundamental-fundamental-data,Fundamental Data
fnd8_1af_matrix_ff_for_curn_adj,Foreign Currency Adjustment (Net),"{'id': 'fundamental8', 'name': 'Fundamental8'}","{'id': 'fundamental', 'name': 'Fundamental'}","{'id': 'fundamental-fundamental-data', 'name': 'Fundamental Data'}",EUR,1,TOPCS1600,MATRIX,1.0,0.6345,0,0,1.1,[],fundamental8,Fundamental8,fundamental,Fundamental,fundamental-fundamental-data,Fundamental Data
fnd8_1af_matrix_ff_for_exch_cf,No field description,"{'id': 'fundamental8', 'name': 'Fundamental8'}","{'id': 'fundamental', 'name': 'Fundamental'}","{'id': 'fundamental-fundamental-data', 'name': 'Fundamental Data'}",EUR,1,TOPCS1600,MATRIX,1.0,0.6623,0,0,1.1,[],fundamental8,Fundamental8,fundamental,Fundamental,fundamental-fundamental-data,Fundamental Data
fnd8_1af_matrix_ff_funds_oper_gross,No field description,"{'id': 'fundamental8', 'name': 'Fundamental8'}","{'id': 'fundamental', 'name': 'Fundamental'}","{'id': 'fundamental-fundamental-data', 'name': 'Fundamental Data'}",EUR,1,TOPCS1600,MATRIX,1.0,0.9009,0,0,1.1,[],fundamental8,Fundamental8,fundamental,Fundamental,fundamental-fundamental-data,Fundamental Data
fnd8_1af_matrix_ff_fy_length_days,No field description,"{'id': 'fundamental8', 'name': 'Fundamental8'}","{'id': 'fundamental', 'name': 'Fundamental'}","{'id': 'fundamental-fundamental-data', 'name': 'Fundamental Data'}",EUR,1,TOPCS1600,MATRIX,1.0,0.8983,0,0,1.1,[],fundamental8,Fundamental8,fundamental,Fundamental,fundamental-fundamental-data,Fundamental Data
fnd8_1af_matrix_ff_gain_sale_assets_net,Gains/Loss On Disposal Of Assets,"{'id': 'fundamental8', 'name': 'Fundamental8'}","{'id': 'fundamental', 'name': 'Fundamental'}","{'id': 'fundamental-fundamental-data', 'name': 'Fundamental Data'}",EUR,1,TOPCS1600,MATRIX,1.0,0.8027,0,0,1.1,[],fundamental8,Fundamental8,fundamental,Fundamental,fundamental-fundamental-data,Fundamental Data
fnd8_1af_matrix_ff_gross_inc,No field description,"{'id': 'fundamental8', 'name': 'Fundamental8'}","{'id': 'fundamental', 'name': 'Fundamental'}","{'id': 'fundamental-fundamental-data', 'name': 'Fundamental Data'}",EUR,1,TOPCS1600,MATRIX,1.0,0.7833,0,0,1.1,[],fundamental8,Fundamental8,fundamental,Fundamental,fundamental-fundamental-data,Fundamental Data
fnd8_1af_matrix_ff_gross_mgn,No field description,"{'id': 'fundamental8', 'name': 'Fundamental8'}","{'id': 'fundamental', 'name': 'Fundamental'}","{'id': 'fundamental-fundamental-data', 'name': 'Fundamental Data'}",EUR,1,TOPCS1600,MATRIX,1.0,0.7803,0,0,1.1,[],fundamental8,Fundamental8,fundamental,Fundamental,fundamental-fundamental-data,Fundamental Data
fnd8_1af_matrix_ff_gw_impair,Impairment Of Goodwill,"{'id': 'fundamental8', 'name': 'Fundamental8'}","{'id': 'fundamental', 'name': 'Fundamental'}","{'id': 'fundamental-fundamental-data', 'name': 'Fundamental Data'}",EUR,1,TOPCS1600,MATRIX,1.0,0.4013,0,0,1.1,[],fundamental8,Fundamental8,fundamental,Fundamental,fundamental-fundamental-data,Fundamental Data
fnd8_1af_matrix_ff_impair_ppe,Fixed Asset Impairment,"{'id': 'fundamental8', 'name': 'Fundamental8'}","{'id': 'fundamental', 'name': 'Fundamental'}","{'id': 'fundamental-fundamental-data', 'name': 'Fundamental Data'}",EUR,1,TOPCS1600,MATRIX,1.0,0.2545,0,0,1.1,[],fundamental8,Fundamental8,fundamental,Fundamental,fundamental-fundamental-data,Fundamental Data
fnd8_1af_matrix_ff_inc_tax,No field description,"{'id': 'fundamental8', 'name': 'Fundamental8'}","{'id': 'fundamental', 'name': 'Fundamental'}","{'id': 'fundamental-fundamental-data', 'name': 'Fundamental Data'}",EUR,1,TOPCS1600,MATRIX,1.0,0.8904,0,0,1.1,[],fundamental8,Fundamental8,fundamental,Fundamental,fundamental-fundamental-data,Fundamental Data
fnd8_1af_matrix_ff_ins_invest_tot,Total Investment Assets (Insurance),"{'id': 'fundamental8', 'name': 'Fundamental8'}","{'id': 'fundamental', 'name': 'Fundamental'}","{'id': 'fundamental-fundamental-data', 'name': 'Fundamental Data'}",EUR,1,TOPCS1600,MATRIX,1.0,0.3361,0,0,1.1,[],fundamental8,Fundamental8,fundamental,Fundamental,fundamental-fundamental-data,Fundamental Data
fnd8_1af_matrix_ff_int_exp_debt,Gross Interest Expense,"{'id': 'fundamental8', 'name': 'Fundamental8'}","{'id': 'fundamental', 'name': 'Fundamental'}","{'id': 'fundamental-fundamental-data', 'name': 'Fundamental Data'}",EUR,1,TOPCS1600,MATRIX,1.0,0.9574,0,0,1.1,[],fundamental8,Fundamental8,fundamental,Fundamental,fundamental-fundamental-data,Fundamental Data
fnd8_1af_matrix_ff_int_exp_net,No field description,"{'id': 'fundamental8', 'name': 'Fundamental8'}","{'id': 'fundamental', 'name': 'Fundamental'}","{'id': 'fundamental-fundamental-data', 'name': 'Fundamental Data'}",EUR,1,TOPCS1600,MATRIX,1.0,0.8724,0,0,1.1,[],fundamental8,Fundamental8,fundamental,Fundamental,fundamental-fundamental-data,Fundamental Data
fnd8_1af_matrix_ff_intang,No field description,"{'id': 'fundamental8', 'name': 'Fundamental8'}","{'id': 'fundamental', 'name': 'Fundamental'}","{'id': 'fundamental-fundamental-data', 'name': 'Fundamental Data'}",EUR,1,TOPCS1600,MATRIX,1.0,0.8529,0,0,1.1,[],fundamental8,Fundamental8,fundamental,Fundamental,fundamental-fundamental-data,Fundamental Data
fnd8_1af_matrix_ff_intang_oth_amort,Accumulated Other Intangible Amortization,"{'id': 'fundamental8', 'name': 'Fundamental8'}","{'id': 'fundamental', 'name': 'Fundamental'}","{'id': 'fundamental-fundamental-data', 'name': 'Fundamental Data'}",EUR,1,TOPCS1600,MATRIX,1.0,0.6818,0,0,1.1,[],fundamental8,Fundamental8,fundamental,Fundamental,fundamental-fundamental-data,Fundamental Data
fnd8_1af_matrix_ff_intang_oth_gross,Other Intangible Assets -Gross,"{'id': 'fundamental8', 'name': 'Fundamental8'}","{'id': 'fundamental', 'name': 'Fundamental'}","{'id': 'fundamental-fundamental-data', 'name': 'Fundamental Data'}",EUR,1,TOPCS1600,MATRIX,1.0,0.689,0,0,1.1,[],fundamental8,Fundamental8,fundamental,Fundamental,fundamental-fundamental-data,Fundamental Data
fnd8_1af_matrix_ff_intang_oth_impair,Impairment Of Other Intangibles,"{'id': 'fundamental8', 'name': 'Fundamental8'}","{'id': 'fundamental', 'name': 'Fundamental'}","{'id': 'fundamental-fundamental-data', 'name': 'Fundamental Data'}",EUR,1,TOPCS1600,MATRIX,1.0,0.3583,0,0,1.1,[],fundamental8,Fundamental8,fundamental,Fundamental,fundamental-fundamental-data,Fundamental Data
fnd8_1af_matrix_ff_invest,Investments -Total,"{'id': 'fundamental8', 'name': 'Fundamental8'}","{'id': 'fundamental', 'name': 'Fundamental'}","{'id': 'fundamental-fundamental-data', 'name': 'Fundamental Data'}",EUR,1,TOPCS1600,MATRIX,1.0,0.3361,0,0,1.1,[],fundamental8,Fundamental8,fundamental,Fundamental,fundamental-fundamental-data,Fundamental Data
fnd8_1af_matrix_ff_invest_activ_cf,No field description,"{'id': 'fundamental8', 'name': 'Fundamental8'}","{'id': 'fundamental', 'name': 'Fundamental'}","{'id': 'fundamental-fundamental-data', 'name': 'Fundamental Data'}",EUR,1,TOPCS1600,MATRIX,1.0,0.3021,0,0,1.1,[],fundamental8,Fundamental8,fundamental,Fundamental,fundamental-fundamental-data,Fundamental Data
fnd8_1af_matrix_ff_invest_adv,No field description,"{'id': 'fundamental8', 'name': 'Fundamental8'}","{'id': 'fundamental', 'name': 'Fundamental'}","{'id': 'fundamental-fundamental-data', 'name': 'Fundamental Data'}",EUR,1,TOPCS1600,MATRIX,1.0,0.8094,0,0,1.1,[],fundamental8,Fundamental8,fundamental,Fundamental,fundamental-fundamental-data,Fundamental Data
fnd8_1af_matrix_ff_invest_aff,No field description,"{'id': 'fundamental8', 'name': 'Fundamental8'}","{'id': 'fundamental', 'name': 'Fundamental'}","{'id': 'fundamental-fundamental-data', 'name': 'Fundamental Data'}",EUR,1,TOPCS1600,MATRIX,1.0,0.662,0,0,1.1,[],fundamental8,Fundamental8,fundamental,Fundamental,fundamental-fundamental-data,Fundamental Data
fnd8_1af_matrix_ff_invest_cf,No field description,"{'id': 'fundamental8', 'name': 'Fundamental8'}","{'id': 'fundamental', 'name': 'Fundamental'}","{'id': 'fundamental-fundamental-data', 'name': 'Fundamental Data'}",EUR,1,TOPCS1600,MATRIX,1.0,0.8983,0,0,1.1,[],fundamental8,Fundamental8,fundamental,Fundamental,fundamental-fundamental-data,Fundamental Data
fnd8_1af_matrix_ff_invest_lt_oth,Other Investments,"{'id': 'fundamental8', 'name': 'Fundamental8'}","{'id': 'fundamental', 'name': 'Fundamental'}","{'id': 'fundamental-fundamental-data', 'name': 'Fundamental Data'}",EUR,1,TOPCS1600,MATRIX,1.0,0.9489,0,0,1.1,[],fundamental8,Fundamental8,fundamental,Fundamental,fundamental-fundamental-data,Fundamental Data
fnd8_1af_matrix_ff_invest_oth,Other Investments,"{'id': 'fundamental8', 'name': 'Fundamental8'}","{'id': 'fundamental', 'name': 'Fundamental'}","{'id': 'fundamental-fundamental-data', 'name': 'Fundamental Data'}",EUR,1,TOPCS1600,MATRIX,1.0,0.9489,0,0,1.1,[],fundamental8,Fundamental8,fundamental,Fundamental,fundamental-fundamental-data,Fundamental Data
fnd8_1af_matrix_ff_invest_purch_cf,Purchase of Investments,"{'id': 'fundamental8', 'name': 'Fundamental8'}","{'id': 'fundamental', 'name': 'Fundamental'}","{'id': 'fundamental-fundamental-data', 'name': 'Fundamental Data'}",EUR,1,TOPCS1600,MATRIX,1.0,0.9323,0,0,1.1,[],fundamental8,Fundamental8,fundamental,Fundamental,fundamental-fundamental-data,Fundamental Data
fnd8_1af_matrix_ff_invest_purch_sale_cf,No field description,"{'id': 'fundamental8', 'name': 'Fundamental8'}","{'id': 'fundamental', 'name': 'Fundamental'}","{'id': 'fundamental-fundamental-data', 'name': 'Fundamental Data'}",EUR,1,TOPCS1600,MATRIX,1.0,0.6647,0,0,1.1,[],fundamental8,Fundamental8,fundamental,Fundamental,fundamental-fundamental-data,Fundamental Data
fnd8_1af_matrix_ff_invest_sale_cf,Sale/Maturity of Investments,"{'id': 'fundamental8', 'name': 'Fundamental8'}","{'id': 'fundamental', 'name': 'Fundamental'}","{'id': 'fundamental-fundamental-data', 'name': 'Fundamental Data'}",EUR,1,TOPCS1600,MATRIX,1.0,0.9149,0,0,1.1,[],fundamental8,Fundamental8,fundamental,Fundamental,fundamental-fundamental-data,Fundamental Data
fnd8_1af_matrix_ff_invest_sources_cf,No field description,"{'id': 'fundamental8', 'name': 'Fundamental8'}","{'id': 'fundamental', 'name': 'Fundamental'}","{'id': 'fundamental-fundamental-data', 'name': 'Fundamental Data'}",EUR,1,TOPCS1600,MATRIX,1.0,0.3378,0,0,1.1,[],fundamental8,Fundamental8,fundamental,Fundamental,fundamental-fundamental-data,Fundamental Data
fnd8_1af_matrix_ff_invest_sub,Investment In Unconsolidated Subsidiaries,"{'id': 'fundamental8', 'name': 'Fundamental8'}","{'id': 'fundamental', 'name': 'Fundamental'}","{'id': 'fundamental-fundamental-data', 'name': 'Fundamental Data'}",EUR,1,TOPCS1600,MATRIX,1.0,0.9459,0,0,1.1,[],fundamental8,Fundamental8,fundamental,Fundamental,fundamental-fundamental-data,Fundamental Data
fnd8_1af_matrix_ff_invest_uses_cf,No field description,"{'id': 'fundamental8', 'name': 'Fundamental8'}","{'id': 'fundamental', 'name': 'Fundamental'}","{'id': 'fundamental-fundamental-data', 'name': 'Fundamental Data'}",EUR,1,TOPCS1600,MATRIX,1.0,0.3021,0,0,1.1,[],fundamental8,Fundamental8,fundamental,Fundamental,fundamental-fundamental-data,Fundamental Data
fnd8_1af_matrix_ff_labor_exp,Labor & Related Expense,"{'id': 'fundamental8', 'name': 'Fundamental8'}","{'id': 'fundamental', 'name': 'Fundamental'}","{'id': 'fundamental-fundamental-data', 'name': 'Fundamental Data'}",EUR,1,TOPCS1600,MATRIX,1.0,0.9382,0,0,1.1,[],fundamental8,Fundamental8,fundamental,Fundamental,fundamental-fundamental-data,Fundamental Data
fnd8_1af_matrix_ff_liabs_curr,No field description,"{'id': 'fundamental8', 'name': 'Fundamental8'}","{'id': 'fundamental', 'name': 'Fundamental'}","{'id': 'fundamental-fundamental-data', 'name': 'Fundamental Data'}",EUR,1,TOPCS1600,MATRIX,1.0,0.7426,0,0,1.1,[],fundamental8,Fundamental8,fundamental,Fundamental,fundamental-fundamental-data,Fundamental Data
fnd8_1af_matrix_ff_liabs_curr_misc,Miscellaneous Current Liabilities,"{'id': 'fundamental8', 'name': 'Fundamental8'}","{'id': 'fundamental', 'name': 'Fundamental'}","{'id': 'fundamental-fundamental-data', 'name': 'Fundamental Data'}",EUR,1,TOPCS1600,MATRIX,1.0,0.7914,0,0,1.1,[],fundamental8,Fundamental8,fundamental,Fundamental,fundamental-fundamental-data,Fundamental Data
fnd8_1af_matrix_ff_liabs_curr_oth,No field description,"{'id': 'fundamental8', 'name': 'Fundamental8'}","{'id': 'fundamental', 'name': 'Fundamental'}","{'id': 'fundamental-fundamental-data', 'name': 'Fundamental Data'}",EUR,1,TOPCS1600,MATRIX,1.0,0.7477,0,0,1.1,[],fundamental8,Fundamental8,fundamental,Fundamental,fundamental-fundamental-data,Fundamental Data
fnd8_1af_matrix_ff_liabs_oth_xdfd_rev,Other Liabilities (excluding Deferred Revenue),"{'id': 'fundamental8', 'name': 'Fundamental8'}","{'id': 'fundamental', 'name': 'Fundamental'}","{'id': 'fundamental-fundamental-data', 'name': 'Fundamental Data'}",EUR,1,TOPCS1600,MATRIX,1.0,0.9661,0,0,1.1,[],fundamental8,Fundamental8,fundamental,Fundamental,fundamental-fundamental-data,Fundamental Data
fnd8_1af_matrix_ff_liabs_xmin_int_accum,No field description,"{'id': 'fundamental8', 'name': 'Fundamental8'}","{'id': 'fundamental', 'name': 'Fundamental'}","{'id': 'fundamental-fundamental-data', 'name': 'Fundamental Data'}",EUR,1,TOPCS1600,MATRIX,1.0,0.8999,0,0,1.1,[],fundamental8,Fundamental8,fundamental,Fundamental,fundamental-fundamental-data,Fundamental Data
fnd8_1af_matrix_ff_min_int_accum,No field description,"{'id': 'fundamental8', 'name': 'Fundamental8'}","{'id': 'fundamental', 'name': 'Fundamental'}","{'id': 'fundamental-fundamental-data', 'name': 'Fundamental Data'}",EUR,1,TOPCS1600,MATRIX,1.0,0.6447,0,0,1.1,[],fundamental8,Fundamental8,fundamental,Fundamental,fundamental-fundamental-data,Fundamental Data
fnd8_1af_matrix_ff_min_int_exp,No field description,"{'id': 'fundamental8', 'name': 'Fundamental8'}","{'id': 'fundamental', 'name': 'Fundamental'}","{'id': 'fundamental-fundamental-data', 'name': 'Fundamental Data'}",EUR,1,TOPCS1600,MATRIX,1.0,0.6256,0,0,1.1,[],fundamental8,Fundamental8,fundamental,Fundamental,fundamental-fundamental-data,Fundamental Data
fnd8_1af_matrix_ff_misc_exp_non_oper,Other Income (Expense),"{'id': 'fundamental8', 'name': 'Fundamental8'}","{'id': 'fundamental', 'name': 'Fundamental'}","{'id': 'fundamental-fundamental-data', 'name': 'Fundamental Data'}",EUR,1,TOPCS1600,MATRIX,1.0,0.9631,0,0,1.1,[],fundamental8,Fundamental8,fundamental,Fundamental,fundamental-fundamental-data,Fundamental Data
fnd8_1af_matrix_ff_mkt_val,No field description,"{'id': 'fundamental8', 'name': 'Fundamental8'}","{'id': 'fundamental', 'name': 'Fundamental'}","{'id': 'fundamental-fundamental-data', 'name': 'Fundamental Data'}",EUR,1,TOPCS1600,MATRIX,1.0,0.8851,0,0,1.1,[],fundamental8,Fundamental8,fundamental,Fundamental,fundamental-fundamental-data,Fundamental Data
fnd8_1af_matrix_ff_mkt_val_secs,Market Value-Security Level,"{'id': 'fundamental8', 'name': 'Fundamental8'}","{'id': 'fundamental', 'name': 'Fundamental'}","{'id': 'fundamental-fundamental-data', 'name': 'Fundamental Data'}",EUR,1,TOPCS1600,MATRIX,1.0,0.9428,0,0,1.1,[],fundamental8,Fundamental8,fundamental,Fundamental,fundamental-fundamental-data,Fundamental Data
fnd8_1af_matrix_ff_net_debt,No field description,"{'id': 'fundamental8', 'name': 'Fundamental8'}","{'id': 'fundamental', 'name': 'Fundamental'}","{'id': 'fundamental-fundamental-data', 'name': 'Fundamental Data'}",EUR,1,TOPCS1600,MATRIX,1.0,0.8995,0,0,1.1,[],fundamental8,Fundamental8,fundamental,Fundamental,fundamental-fundamental-data,Fundamental Data
fnd8_1af_matrix_ff_net_inc,No field description,"{'id': 'fundamental8', 'name': 'Fundamental8'}","{'id': 'fundamental', 'name': 'Fundamental'}","{'id': 'fundamental-fundamental-data', 'name': 'Fundamental Data'}",EUR,1,TOPCS1600,MATRIX,1.0,0.902,0,0,1.1,[],fundamental8,Fundamental8,fundamental,Fundamental,fundamental-fundamental-data,Fundamental Data
fnd8_1af_matrix_ff_net_inc_aft_xord,No field description,"{'id': 'fundamental8', 'name': 'Fundamental8'}","{'id': 'fundamental', 'name': 'Fundamental'}","{'id': 'fundamental-fundamental-data', 'name': 'Fundamental Data'}",EUR,1,TOPCS1600,MATRIX,1.0,0.9021,0,0,1.1,[],fundamental8,Fundamental8,fundamental,Fundamental,fundamental-fundamental-data,Fundamental Data
fnd8_1af_matrix_ff_net_inc_basic,No field description,"{'id': 'fundamental8', 'name': 'Fundamental8'}","{'id': 'fundamental', 'name': 'Fundamental'}","{'id': 'fundamental-fundamental-data', 'name': 'Fundamental Data'}",EUR,1,TOPCS1600,MATRIX,1.0,0.9022,0,0,1.1,[],fundamental8,Fundamental8,fundamental,Fundamental,fundamental-fundamental-data,Fundamental Data
fnd8_1af_matrix_ff_net_inc_cf,No field description,"{'id': 'fundamental8', 'name': 'Fundamental8'}","{'id': 'fundamental', 'name': 'Fundamental'}","{'id': 'fundamental-fundamental-data', 'name': 'Fundamental Data'}",EUR,1,TOPCS1600,MATRIX,1.0,0.7914,0,0,1.1,[],fundamental8,Fundamental8,fundamental,Fundamental,fundamental-fundamental-data,Fundamental Data
fnd8_1af_matrix_ff_net_income,No field description,"{'id': 'fundamental8', 'name': 'Fundamental8'}","{'id': 'fundamental', 'name': 'Fundamental'}","{'id': 'fundamental-fundamental-data', 'name': 'Fundamental Data'}",EUR,1,TOPCS1600,MATRIX,1.0,0.9021,0,0,1.1,[],fundamental8,Fundamental8,fundamental,Fundamental,fundamental-fundamental-data,Fundamental Data
fnd8_1af_matrix_ff_net_mgn,No field description,"{'id': 'fundamental8', 'name': 'Fundamental8'}","{'id': 'fundamental', 'name': 'Fundamental'}","{'id': 'fundamental-fundamental-data', 'name': 'Fundamental Data'}",EUR,1,TOPCS1600,MATRIX,1.0,0.8967,0,0,1.1,[],fundamental8,Fundamental8,fundamental,Fundamental,fundamental-fundamental-data,Fundamental Data
fnd8_1af_matrix_ff_non_cash,No field description,"{'id': 'fundamental8', 'name': 'Fundamental8'}","{'id': 'fundamental', 'name': 'Fundamental'}","{'id': 'fundamental-fundamental-data', 'name': 'Fundamental Data'}",EUR,1,TOPCS1600,MATRIX,1.0,0.7953,0,0,1.1,[],fundamental8,Fundamental8,fundamental,Fundamental,fundamental-fundamental-data,Fundamental Data
fnd8_1af_matrix_ff_oper_cf,No field description,"{'id': 'fundamental8', 'name': 'Fundamental8'}","{'id': 'fundamental', 'name': 'Fundamental'}","{'id': 'fundamental-fundamental-data', 'name': 'Fundamental Data'}",EUR,1,TOPCS1600,MATRIX,1.0,0.8954,0,0,1.1,[],fundamental8,Fundamental8,fundamental,Fundamental,fundamental-fundamental-data,Fundamental Data
fnd8_1af_matrix_ff_oper_cf_fix_chrg,Operating Cash Flow To Fixed Charges (Interest & Dividend),"{'id': 'fundamental8', 'name': 'Fundamental8'}","{'id': 'fundamental', 'name': 'Fundamental'}","{'id': 'fundamental-fundamental-data', 'name': 'Fundamental Data'}",EUR,1,TOPCS1600,MATRIX,1.0,0.872,0,0,1.1,[],fundamental8,Fundamental8,fundamental,Fundamental,fundamental-fundamental-data,Fundamental Data
fnd8_1af_matrix_ff_oper_exp,Total Operating Expense (Financial Services),"{'id': 'fundamental8', 'name': 'Fundamental8'}","{'id': 'fundamental', 'name': 'Fundamental'}","{'id': 'fundamental-fundamental-data', 'name': 'Fundamental Data'}",EUR,1,TOPCS1600,MATRIX,1.0,0.9644,0,0,1.1,[],fundamental8,Fundamental8,fundamental,Fundamental,fundamental-fundamental-data,Fundamental Data
fnd8_1af_matrix_ff_oper_exp_oth,No field description,"{'id': 'fundamental8', 'name': 'Fundamental8'}","{'id': 'fundamental', 'name': 'Fundamental'}","{'id': 'fundamental-fundamental-data', 'name': 'Fundamental Data'}",EUR,1,TOPCS1600,MATRIX,1.0,0.5512,0,0,1.1,[],fundamental8,Fundamental8,fundamental,Fundamental,fundamental-fundamental-data,Fundamental Data
fnd8_1af_matrix_ff_oper_exp_tot,No field description,"{'id': 'fundamental8', 'name': 'Fundamental8'}","{'id': 'fundamental', 'name': 'Fundamental'}","{'id': 'fundamental-fundamental-data', 'name': 'Fundamental Data'}",EUR,1,TOPCS1600,MATRIX,1.0,0.899,0,0,1.1,[],fundamental8,Fundamental8,fundamental,Fundamental,fundamental-fundamental-data,Fundamental Data
fnd8_1af_matrix_ff_oper_inc,No field description,"{'id': 'fundamental8', 'name': 'Fundamental8'}","{'id': 'fundamental', 'name': 'Fundamental'}","{'id': 'fundamental-fundamental-data', 'name': 'Fundamental Data'}",EUR,1,TOPCS1600,MATRIX,1.0,0.8985,0,0,1.1,[],fundamental8,Fundamental8,fundamental,Fundamental,fundamental-fundamental-data,Fundamental Data
fnd8_1af_matrix_ff_oper_inc_bef_dep,Operating Income Before Depreciation And Amortization,"{'id': 'fundamental8', 'name': 'Fundamental8'}","{'id': 'fundamental', 'name': 'Fundamental'}","{'id': 'fundamental-fundamental-data', 'name': 'Fundamental Data'}",EUR,1,TOPCS1600,MATRIX,1.0,0.9448,0,0,1.1,[],fundamental8,Fundamental8,fundamental,Fundamental,fundamental-fundamental-data,Fundamental Data
fnd8_1af_matrix_ff_oper_mgn,No field description,"{'id': 'fundamental8', 'name': 'Fundamental8'}","{'id': 'fundamental', 'name': 'Fundamental'}","{'id': 'fundamental-fundamental-data', 'name': 'Fundamental Data'}",EUR,1,TOPCS1600,MATRIX,1.0,0.8941,0,0,1.1,[],fundamental8,Fundamental8,fundamental,Fundamental,fundamental-fundamental-data,Fundamental Data
fnd8_1af_matrix_ff_opt_wrnt_cf,Other Proceeds from Stock Options,"{'id': 'fundamental8', 'name': 'Fundamental8'}","{'id': 'fundamental', 'name': 'Fundamental'}","{'id': 'fundamental-fundamental-data', 'name': 'Fundamental Data'}",EUR,1,TOPCS1600,MATRIX,1.0,0.9007,0,0,1.1,[],fundamental8,Fundamental8,fundamental,Fundamental,fundamental-fundamental-data,Fundamental Data
fnd8_1af_matrix_ff_oth_unusual_exp,Other Unusual Expense,"{'id': 'fundamental8', 'name': 'Fundamental8'}","{'id': 'fundamental', 'name': 'Fundamental'}","{'id': 'fundamental-fundamental-data', 'name': 'Fundamental Data'}",EUR,1,TOPCS1600,MATRIX,1.0,0.821,0,0,1.1,[],fundamental8,Fundamental8,fundamental,Fundamental,fundamental-fundamental-data,Fundamental Data
fnd8_1af_matrix_ff_par_ps,Par Value,"{'id': 'fundamental8', 'name': 'Fundamental8'}","{'id': 'fundamental', 'name': 'Fundamental'}","{'id': 'fundamental-fundamental-data', 'name': 'Fundamental Data'}",EUR,1,TOPCS1600,MATRIX,1.0,0.7668,0,0,1.1,[],fundamental8,Fundamental8,fundamental,Fundamental,fundamental-fundamental-data,Fundamental Data
fnd8_1af_matrix_ff_pay_acct,No field description,"{'id': 'fundamental8', 'name': 'Fundamental8'}","{'id': 'fundamental', 'name': 'Fundamental'}","{'id': 'fundamental-fundamental-data', 'name': 'Fundamental Data'}",EUR,1,TOPCS1600,MATRIX,1.0,0.7371,0,0,1.1,[],fundamental8,Fundamental8,fundamental,Fundamental,fundamental-fundamental-data,Fundamental Data
fnd8_1af_matrix_ff_pay_acct_cf,Accounts Payable (Cash Flow),"{'id': 'fundamental8', 'name': 'Fundamental8'}","{'id': 'fundamental', 'name': 'Fundamental'}","{'id': 'fundamental-fundamental-data', 'name': 'Fundamental Data'}",EUR,1,TOPCS1600,MATRIX,1.0,0.6676,0,0,1.1,[],fundamental8,Fundamental8,fundamental,Fundamental,fundamental-fundamental-data,Fundamental Data
fnd8_1af_matrix_ff_pay_tax,No field description,"{'id': 'fundamental8', 'name': 'Fundamental8'}","{'id': 'fundamental', 'name': 'Fundamental'}","{'id': 'fundamental-fundamental-data', 'name': 'Fundamental Data'}",EUR,1,TOPCS1600,MATRIX,1.0,0.6979,0,0,1.1,[],fundamental8,Fundamental8,fundamental,Fundamental,fundamental-fundamental-data,Fundamental Data
fnd8_1af_matrix_ff_pay_tax_dfd_tax,Income Tax Payable Plus Short Term Deferred Tax,"{'id': 'fundamental8', 'name': 'Fundamental8'}","{'id': 'fundamental', 'name': 'Fundamental'}","{'id': 'fundamental-fundamental-data', 'name': 'Fundamental Data'}",EUR,1,TOPCS1600,MATRIX,1.0,0.7564,0,0,1.1,[],fundamental8,Fundamental8,fundamental,Fundamental,fundamental-fundamental-data,Fundamental Data
fnd8_1af_matrix_ff_pbk_secs,Price to Book-Security Level,"{'id': 'fundamental8', 'name': 'Fundamental8'}","{'id': 'fundamental', 'name': 'Fundamental'}","{'id': 'fundamental-fundamental-data', 'name': 'Fundamental Data'}",EUR,1,TOPCS1600,MATRIX,1.0,0.9299,0,0,1.1,[],fundamental8,Fundamental8,fundamental,Fundamental,fundamental-fundamental-data,Fundamental Data
fnd8_1af_matrix_ff_pe_secs,Price to Earnings-Security Level,"{'id': 'fundamental8', 'name': 'Fundamental8'}","{'id': 'fundamental', 'name': 'Fundamental'}","{'id': 'fundamental-fundamental-data', 'name': 'Fundamental Data'}",EUR,1,TOPCS1600,MATRIX,1.0,0.8456,0,0,1.1,[],fundamental8,Fundamental8,fundamental,Fundamental,fundamental-fundamental-data,Fundamental Data
fnd8_1af_matrix_ff_pfd_stk_nred,Non Redeemable Preferred Stock,"{'id': 'fundamental8', 'name': 'Fundamental8'}","{'id': 'fundamental', 'name': 'Fundamental'}","{'id': 'fundamental-fundamental-data', 'name': 'Fundamental Data'}",EUR,1,TOPCS1600,MATRIX,1.0,0.945,0,0,1.1,[],fundamental8,Fundamental8,fundamental,Fundamental,fundamental-fundamental-data,Fundamental Data
fnd8_1af_matrix_ff_ppe_gross,"Property, Plant, & Equipment -Gross","{'id': 'fundamental8', 'name': 'Fundamental8'}","{'id': 'fundamental', 'name': 'Fundamental'}","{'id': 'fundamental-fundamental-data', 'name': 'Fundamental Data'}",EUR,1,TOPCS1600,MATRIX,1.0,0.8173,0,0,1.1,[],fundamental8,Fundamental8,fundamental,Fundamental,fundamental-fundamental-data,Fundamental Data
fnd8_1af_matrix_ff_ppe_gross_constr,"Property, Plant, & Equipment -Construction in Progress","{'id': 'fundamental8', 'name': 'Fundamental8'}","{'id': 'fundamental', 'name': 'Fundamental'}","{'id': 'fundamental-fundamental-data', 'name': 'Fundamental Data'}",EUR,1,TOPCS1600,MATRIX,1.0,0.5023,0,0,1.1,[],fundamental8,Fundamental8,fundamental,Fundamental,fundamental-fundamental-data,Fundamental Data
fnd8_1af_matrix_ff_ppe_impair,"Property, Plant & Equipment -Impairment","{'id': 'fundamental8', 'name': 'Fundamental8'}","{'id': 'fundamental', 'name': 'Fundamental'}","{'id': 'fundamental-fundamental-data', 'name': 'Fundamental Data'}",EUR,1,TOPCS1600,MATRIX,1.0,0.3897,0,0,1.1,[],fundamental8,Fundamental8,fundamental,Fundamental,fundamental-fundamental-data,Fundamental Data
fnd8_1af_matrix_ff_ppe_net,No field description,"{'id': 'fundamental8', 'name': 'Fundamental8'}","{'id': 'fundamental', 'name': 'Fundamental'}","{'id': 'fundamental-fundamental-data', 'name': 'Fundamental Data'}",EUR,1,TOPCS1600,MATRIX,1.0,0.8962,0,0,1.1,[],fundamental8,Fundamental8,fundamental,Fundamental,fundamental-fundamental-data,Fundamental Data
fnd8_1af_matrix_ff_prep_exp,Prepaid Expenses,"{'id': 'fundamental8', 'name': 'Fundamental8'}","{'id': 'fundamental', 'name': 'Fundamental'}","{'id': 'fundamental-fundamental-data', 'name': 'Fundamental Data'}",EUR,1,TOPCS1600,MATRIX,1.0,0.4347,0,0,1.1,[],fundamental8,Fundamental8,fundamental,Fundamental,fundamental-fundamental-data,Fundamental Data
fnd8_1af_matrix_ff_price_close_fp,No field description,"{'id': 'fundamental8', 'name': 'Fundamental8'}","{'id': 'fundamental', 'name': 'Fundamental'}","{'id': 'fundamental-fundamental-data', 'name': 'Fundamental Data'}",EUR,1,TOPCS1600,MATRIX,1.0,0.8857,0,0,1.1,[],fundamental8,Fundamental8,fundamental,Fundamental,fundamental-fundamental-data,Fundamental Data
fnd8_1af_matrix_ff_prov_risk,No field description,"{'id': 'fundamental8', 'name': 'Fundamental8'}","{'id': 'fundamental', 'name': 'Fundamental'}","{'id': 'fundamental-fundamental-data', 'name': 'Fundamental Data'}",EUR,1,TOPCS1600,MATRIX,1.0,0.8093,0,0,1.1,[],fundamental8,Fundamental8,fundamental,Fundamental,fundamental-fundamental-data,Fundamental Data
fnd8_1af_matrix_ff_psales,No field description,"{'id': 'fundamental8', 'name': 'Fundamental8'}","{'id': 'fundamental', 'name': 'Fundamental'}","{'id': 'fundamental-fundamental-data', 'name': 'Fundamental Data'}",EUR,1,TOPCS1600,MATRIX,1.0,0.8759,0,0,1.1,[],fundamental8,Fundamental8,fundamental,Fundamental,fundamental-fundamental-data,Fundamental Data
fnd8_1af_matrix_ff_quick_ratio,No field description,"{'id': 'fundamental8', 'name': 'Fundamental8'}","{'id': 'fundamental', 'name': 'Fundamental'}","{'id': 'fundamental-fundamental-data', 'name': 'Fundamental Data'}",EUR,1,TOPCS1600,MATRIX,1.0,0.7204,0,0,1.1,[],fundamental8,Fundamental8,fundamental,Fundamental,fundamental-fundamental-data,Fundamental Data
fnd8_1af_matrix_ff_receiv_tot,No field description,"{'id': 'fundamental8', 'name': 'Fundamental8'}","{'id': 'fundamental', 'name': 'Fundamental'}","{'id': 'fundamental-fundamental-data', 'name': 'Fundamental Data'}",EUR,1,TOPCS1600,MATRIX,1.0,0.8027,0,0,1.1,[],fundamental8,Fundamental8,fundamental,Fundamental,fundamental-fundamental-data,Fundamental Data
fnd8_1af_matrix_ff_roe,No field description,"{'id': 'fundamental8', 'name': 'Fundamental8'}","{'id': 'fundamental', 'name': 'Fundamental'}","{'id': 'fundamental-fundamental-data', 'name': 'Fundamental Data'}",EUR,1,TOPCS1600,MATRIX,1.0,0.8892,0,0,1.1,[],fundamental8,Fundamental8,fundamental,Fundamental,fundamental-fundamental-data,Fundamental Data
fnd8_1af_matrix_ff_rotc,No field description,"{'id': 'fundamental8', 'name': 'Fundamental8'}","{'id': 'fundamental', 'name': 'Fundamental'}","{'id': 'fundamental-fundamental-data', 'name': 'Fundamental Data'}",EUR,1,TOPCS1600,MATRIX,1.0,0.8971,0,0,1.1,[],fundamental8,Fundamental8,fundamental,Fundamental,fundamental-fundamental-data,Fundamental Data
fnd8_1af_matrix_ff_sale_assets_bus_cf,No field description,"{'id': 'fundamental8', 'name': 'Fundamental8'}","{'id': 'fundamental', 'name': 'Fundamental'}","{'id': 'fundamental-fundamental-data', 'name': 'Fundamental Data'}",EUR,1,TOPCS1600,MATRIX,1.0,0.7403,0,0,1.1,[],fundamental8,Fundamental8,fundamental,Fundamental,fundamental-fundamental-data,Fundamental Data
fnd8_1af_matrix_ff_sales,No field description,"{'id': 'fundamental8', 'name': 'Fundamental8'}","{'id': 'fundamental', 'name': 'Fundamental'}","{'id': 'fundamental-fundamental-data', 'name': 'Fundamental Data'}",EUR,1,TOPCS1600,MATRIX,1.0,0.8979,0,0,1.1,[],fundamental8,Fundamental8,fundamental,Fundamental,fundamental-fundamental-data,Fundamental Data
fnd8_1af_matrix_ff_sales_fix_assets,Sales (Net) / Gross Fixed Assets,"{'id': 'fundamental8', 'name': 'Fundamental8'}","{'id': 'fundamental', 'name': 'Fundamental'}","{'id': 'fundamental-fundamental-data', 'name': 'Fundamental Data'}",EUR,1,TOPCS1600,MATRIX,1.0,0.7597,0,0,1.1,[],fundamental8,Fundamental8,fundamental,Fundamental,fundamental-fundamental-data,Fundamental Data
fnd8_1af_matrix_ff_sales_ps,No field description,"{'id': 'fundamental8', 'name': 'Fundamental8'}","{'id': 'fundamental', 'name': 'Fundamental'}","{'id': 'fundamental-fundamental-data', 'name': 'Fundamental Data'}",EUR,1,TOPCS1600,MATRIX,1.0,0.8917,0,0,1.1,[],fundamental8,Fundamental8,fundamental,Fundamental,fundamental-fundamental-data,Fundamental Data
fnd8_1af_matrix_ff_stk_purch_cf,Repurchase of Common & Pref Stock,"{'id': 'fundamental8', 'name': 'Fundamental8'}","{'id': 'fundamental', 'name': 'Fundamental'}","{'id': 'fundamental-fundamental-data', 'name': 'Fundamental Data'}",EUR,1,TOPCS1600,MATRIX,1.0,0.9295,0,0,1.1,[],fundamental8,Fundamental8,fundamental,Fundamental,fundamental-fundamental-data,Fundamental Data
fnd8_1af_matrix_ff_stk_sale_cf,Sale of Common & Pref Stock,"{'id': 'fundamental8', 'name': 'Fundamental8'}","{'id': 'fundamental', 'name': 'Fundamental'}","{'id': 'fundamental-fundamental-data', 'name': 'Fundamental Data'}",EUR,1,TOPCS1600,MATRIX,1.0,0.9452,0,0,1.1,[],fundamental8,Fundamental8,fundamental,Fundamental,fundamental-fundamental-data,Fundamental Data
fnd8_1af_matrix_ff_stk_sale_xopt_cf,Proceeds from Stock Options,"{'id': 'fundamental8', 'name': 'Fundamental8'}","{'id': 'fundamental', 'name': 'Fundamental'}","{'id': 'fundamental-fundamental-data', 'name': 'Fundamental Data'}",EUR,1,TOPCS1600,MATRIX,1.0,0.939,0,0,1.1,[],fundamental8,Fundamental8,fundamental,Fundamental,fundamental-fundamental-data,Fundamental Data
fnd8_1af_matrix_ff_tax_cf,Cash Taxes Paid,"{'id': 'fundamental8', 'name': 'Fundamental8'}","{'id': 'fundamental', 'name': 'Fundamental'}","{'id': 'fundamental-fundamental-data', 'name': 'Fundamental Data'}",EUR,1,TOPCS1600,MATRIX,1.0,0.8354,0,0,1.1,[],fundamental8,Fundamental8,fundamental,Fundamental,fundamental-fundamental-data,Fundamental Data
fnd8_1af_matrix_ff_tcap,No field description,"{'id': 'fundamental8', 'name': 'Fundamental8'}","{'id': 'fundamental', 'name': 'Fundamental'}","{'id': 'fundamental-fundamental-data', 'name': 'Fundamental Data'}",EUR,1,TOPCS1600,MATRIX,1.0,0.9019,0,0,1.1,[],fundamental8,Fundamental8,fundamental,Fundamental,fundamental-fundamental-data,Fundamental Data
fnd8_1af_matrix_ff_tot_invest_ret,Total Investment Return,"{'id': 'fundamental8', 'name': 'Fundamental8'}","{'id': 'fundamental', 'name': 'Fundamental'}","{'id': 'fundamental-fundamental-data', 'name': 'Fundamental Data'}",EUR,1,TOPCS1600,MATRIX,1.0,0.9157,0,0,1.1,[],fundamental8,Fundamental8,fundamental,Fundamental,fundamental-fundamental-data,Fundamental Data
fnd8_1af_matrix_ff_treas_shs,Treasury Shares -Number of Common Reacquired,"{'id': 'fundamental8', 'name': 'Fundamental8'}","{'id': 'fundamental', 'name': 'Fundamental'}","{'id': 'fundamental-fundamental-data', 'name': 'Fundamental Data'}",EUR,1,TOPCS1600,MATRIX,1.0,0.9363,0,0,1.1,[],fundamental8,Fundamental8,fundamental,Fundamental,fundamental-fundamental-data,Fundamental Data
fnd8_1af_matrix_ff_treas_stk,Treasury Stock -Common (incl. ESOP),"{'id': 'fundamental8', 'name': 'Fundamental8'}","{'id': 'fundamental', 'name': 'Fundamental'}","{'id': 'fundamental-fundamental-data', 'name': 'Fundamental Data'}",EUR,1,TOPCS1600,MATRIX,1.0,0.8323,0,0,1.1,[],fundamental8,Fundamental8,fundamental,Fundamental,fundamental-fundamental-data,Fundamental Data
fnd8_1af_matrix_ff_unreal_invest_gl,Unrealized Investment Gain/Loss,"{'id': 'fundamental8', 'name': 'Fundamental8'}","{'id': 'fundamental', 'name': 'Fundamental'}","{'id': 'fundamental-fundamental-data', 'name': 'Fundamental Data'}",EUR,1,TOPCS1600,MATRIX,1.0,0.3294,0,0,1.1,[],fundamental8,Fundamental8,fundamental,Fundamental,fundamental-fundamental-data,Fundamental Data
fnd8_1af_matrix_ff_unusual_exp,No field description,"{'id': 'fundamental8', 'name': 'Fundamental8'}","{'id': 'fundamental', 'name': 'Fundamental'}","{'id': 'fundamental-fundamental-data', 'name': 'Fundamental Data'}",EUR,1,TOPCS1600,MATRIX,1.0,0.7724,0,0,1.1,[],fundamental8,Fundamental8,fundamental,Fundamental,fundamental-fundamental-data,Fundamental Data
fnd8_1af_matrix_ff_wkcap_assets_oth,Other Asset/Liabilities,"{'id': 'fundamental8', 'name': 'Fundamental8'}","{'id': 'fundamental', 'name': 'Fundamental'}","{'id': 'fundamental-fundamental-data', 'name': 'Fundamental Data'}",EUR,1,TOPCS1600,MATRIX,1.0,0.6441,0,0,1.1,[],fundamental8,Fundamental8,fundamental,Fundamental,fundamental-fundamental-data,Fundamental Data
fnd8_1af_matrix_ff_wkcap_chg,No field description,"{'id': 'fundamental8', 'name': 'Fundamental8'}","{'id': 'fundamental', 'name': 'Fundamental'}","{'id': 'fundamental-fundamental-data', 'name': 'Fundamental Data'}",EUR,1,TOPCS1600,MATRIX,1.0,0.8456,0,0,1.1,[],fundamental8,Fundamental8,fundamental,Fundamental,fundamental-fundamental-data,Fundamental Data
fnd8_1af_matrix_ff_xord_items,Extraordinary Gains/Losses from Sale of Asset,"{'id': 'fundamental8', 'name': 'Fundamental8'}","{'id': 'fundamental', 'name': 'Fundamental'}","{'id': 'fundamental-fundamental-data', 'name': 'Fundamental Data'}",EUR,1,TOPCS1600,MATRIX,1.0,0.9573,0,0,1.1,[],fundamental8,Fundamental8,fundamental,Fundamental,fundamental-fundamental-data,Fundamental Data
fnd8_1af_matrix_grhc_drox_xtp_ff,No field description,"{'id': 'fundamental8', 'name': 'Fundamental8'}","{'id': 'fundamental', 'name': 'Fundamental'}","{'id': 'fundamental-fundamental-data', 'name': 'Fundamental Data'}",EUR,1,TOPCS1600,MATRIX,1.0,0.7261,0,0,1.1,[],fundamental8,Fundamental8,fundamental,Fundamental,fundamental-fundamental-data,Fundamental Data
fnd8_1af_matrix_hto_rppa_vrsr_ff,Other Appropriated Reserves,"{'id': 'fundamental8', 'name': 'Fundamental8'}","{'id': 'fundamental', 'name': 'Fundamental'}","{'id': 'fundamental-fundamental-data', 'name': 'Fundamental Data'}",EUR,1,TOPCS1600,MATRIX,1.0,0.624,0,0,1.1,[],fundamental8,Fundamental8,fundamental,Fundamental,fundamental-fundamental-data,Fundamental Data
fnd8_1af_matrix_hto_sbail_ff,No field description,"{'id': 'fundamental8', 'name': 'Fundamental8'}","{'id': 'fundamental', 'name': 'Fundamental'}","{'id': 'fundamental-fundamental-data', 'name': 'Fundamental Data'}",EUR,1,TOPCS1600,MATRIX,1.0,0.7664,0,0,1.1,[],fundamental8,Fundamental8,fundamental,Fundamental,fundamental-fundamental-data,Fundamental Data
fnd8_1af_matrix_hto_ts_viecer_ff,Other Receivables,"{'id': 'fundamental8', 'name': 'Fundamental8'}","{'id': 'fundamental', 'name': 'Fundamental'}","{'id': 'fundamental-fundamental-data', 'name': 'Fundamental Data'}",EUR,1,TOPCS1600,MATRIX,1.0,0.6988,0,0,1.1,[],fundamental8,Fundamental8,fundamental,Fundamental,fundamental-fundamental-data,Fundamental Data
fnd8_1af_matrix_kbp_ff,No field description,"{'id': 'fundamental8', 'name': 'Fundamental8'}","{'id': 'fundamental', 'name': 'Fundamental'}","{'id': 'fundamental-fundamental-data', 'name': 'Fundamental Data'}",EUR,1,TOPCS1600,MATRIX,1.0,0.8763,0,0,1.1,[],fundamental8,Fundamental8,fundamental,Fundamental,fundamental-fundamental-data,Fundamental Data
fnd8_1af_matrix_lg_gdeh_qe_moc_ff,Comprehensive Income -Hedging Gain/Loss,"{'id': 'fundamental8', 'name': 'Fundamental8'}","{'id': 'fundamental', 'name': 'Fundamental'}","{'id': 'fundamental-fundamental-data', 'name': 'Fundamental Data'}",EUR,1,TOPCS1600,MATRIX,1.0,0.3828,0,0,1.1,[],fundamental8,Fundamental8,fundamental,Fundamental,fundamental-fundamental-data,Fundamental Data
fnd8_1af_matrix_lg_qe_moc_ff,Unrealized Gain/Loss Marketable Securities,"{'id': 'fundamental8', 'name': 'Fundamental8'}","{'id': 'fundamental', 'name': 'Fundamental'}","{'id': 'fundamental-fundamental-data', 'name': 'Fundamental Data'}",EUR,1,TOPCS1600,MATRIX,1.0,0.7533,0,0,1.1,[],fundamental8,Fundamental8,fundamental,Fundamental,fundamental-fundamental-data,Fundamental Data
fnd8_1af_matrix_lid_spe_ff,No field description,"{'id': 'fundamental8', 'name': 'Fundamental8'}","{'id': 'fundamental', 'name': 'Fundamental'}","{'id': 'fundamental-fundamental-data', 'name': 'Fundamental Data'}",EUR,1,TOPCS1600,MATRIX,1.0,0.8633,0,0,1.1,[],fundamental8,Fundamental8,fundamental,Fundamental,fundamental-fundamental-data,Fundamental Data
fnd8_1af_matrix_nevni_ff,No field description,"{'id': 'fundamental8', 'name': 'Fundamental8'}","{'id': 'fundamental', 'name': 'Fundamental'}","{'id': 'fundamental-fundamental-data', 'name': 'Fundamental Data'}",EUR,1,TOPCS1600,MATRIX,1.0,0.7075,0,0,1.1,[],fundamental8,Fundamental8,fundamental,Fundamental,fundamental-fundamental-data,Fundamental Data
fnd8_1af_matrix_ngm_xtp_ff,No field description,"{'id': 'fundamental8', 'name': 'Fundamental8'}","{'id': 'fundamental', 'name': 'Fundamental'}","{'id': 'fundamental-fundamental-data', 'name': 'Fundamental Data'}",EUR,1,TOPCS1600,MATRIX,1.0,0.8967,0,0,1.1,[],fundamental8,Fundamental8,fundamental,Fundamental,fundamental-fundamental-data,Fundamental Data
fnd8_1af_matrix_ped_epp_ff,Accumulated Depreciation,"{'id': 'fundamental8', 'name': 'Fundamental8'}","{'id': 'fundamental', 'name': 'Fundamental'}","{'id': 'fundamental-fundamental-data', 'name': 'Fundamental Data'}",EUR,1,TOPCS1600,MATRIX,1.0,0.8096,0,0,1.1,[],fundamental8,Fundamental8,fundamental,Fundamental,fundamental-fundamental-data,Fundamental Data
fnd8_1af_matrix_pxe_dr_ff,Research & Development,"{'id': 'fundamental8', 'name': 'Fundamental8'}","{'id': 'fundamental', 'name': 'Fundamental'}","{'id': 'fundamental-fundamental-data', 'name': 'Fundamental Data'}",EUR,1,TOPCS1600,MATRIX,1.0,0.4634,0,0,1.1,[],fundamental8,Fundamental8,fundamental,Fundamental,fundamental-fundamental-data,Fundamental Data
fnd8_1af_matrix_pxe_hto_ags_ff,No field description,"{'id': 'fundamental8', 'name': 'Fundamental8'}","{'id': 'fundamental', 'name': 'Fundamental'}","{'id': 'fundamental-fundamental-data', 'name': 'Fundamental Data'}",EUR,1,TOPCS1600,MATRIX,1.0,0.882,0,0,1.1,[],fundamental8,Fundamental8,fundamental,Fundamental,fundamental-fundamental-data,Fundamental Data
fnd8_1af_matrix_qe_moc_ff,No field description,"{'id': 'fundamental8', 'name': 'Fundamental8'}","{'id': 'fundamental', 'name': 'Fundamental'}","{'id': 'fundamental-fundamental-data', 'name': 'Fundamental Data'}",EUR,1,TOPCS1600,MATRIX,1.0,0.9021,0,0,1.1,[],fundamental8,Fundamental8,fundamental,Fundamental,fundamental-fundamental-data,Fundamental Data
fnd8_1af_matrix_qe_srdlhs_ff,No field description,"{'id': 'fundamental8', 'name': 'Fundamental8'}","{'id': 'fundamental', 'name': 'Fundamental'}","{'id': 'fundamental-fundamental-data', 'name': 'Fundamental Data'}",EUR,1,TOPCS1600,MATRIX,1.0,0.9021,0,0,1.1,[],fundamental8,Fundamental8,fundamental,Fundamental,fundamental-fundamental-data,Fundamental Data
fnd8_1af_matrix_qe_srdlhs_sbail_ff,No field description,"{'id': 'fundamental8', 'name': 'Fundamental8'}","{'id': 'fundamental', 'name': 'Fundamental'}","{'id': 'fundamental-fundamental-data', 'name': 'Fundamental Data'}",EUR,1,TOPCS1600,MATRIX,1.0,0.902,0,0,1.1,[],fundamental8,Fundamental8,fundamental,Fundamental,fundamental-fundamental-data,Fundamental Data
fnd8_1af_matrix_rc_drox_xtp_ff,No field description,"{'id': 'fundamental8', 'name': 'Fundamental8'}","{'id': 'fundamental', 'name': 'Fundamental'}","{'id': 'fundamental-fundamental-data', 'name': 'Fundamental Data'}",EUR,1,TOPCS1600,MATRIX,1.0,0.4696,0,0,1.1,[],fundamental8,Fundamental8,fundamental,Fundamental,fundamental-fundamental-data,Fundamental Data
fnd8_1af_matrix_sbail_ff,No field description,"{'id': 'fundamental8', 'name': 'Fundamental8'}","{'id': 'fundamental', 'name': 'Fundamental'}","{'id': 'fundamental-fundamental-data', 'name': 'Fundamental Data'}",EUR,1,TOPCS1600,MATRIX,1.0,0.902,0,0,1.1,[],fundamental8,Fundamental8,fundamental,Fundamental,fundamental-fundamental-data,Fundamental Data
fnd8_1af_matrix_spb_ff,No field description,"{'id': 'fundamental8', 'name': 'Fundamental8'}","{'id': 'fundamental', 'name': 'Fundamental'}","{'id': 'fundamental-fundamental-data', 'name': 'Fundamental Data'}",EUR,1,TOPCS1600,MATRIX,1.0,0.8991,0,0,1.1,[],fundamental8,Fundamental8,fundamental,Fundamental,fundamental-fundamental-data,Fundamental Data
fnd8_1af_matrix_spd_ff,No field description,"{'id': 'fundamental8', 'name': 'Fundamental8'}","{'id': 'fundamental', 'name': 'Fundamental'}","{'id': 'fundamental-fundamental-data', 'name': 'Fundamental Data'}",EUR,1,TOPCS1600,MATRIX,1.0,0.7522,0,0,1.1,[],fundamental8,Fundamental8,fundamental,Fundamental,fundamental-fundamental-data,Fundamental Data
fnd8_1af_matrix_spe_ff,Earnings Per Share -Fiscal Period,"{'id': 'fundamental8', 'name': 'Fundamental8'}","{'id': 'fundamental', 'name': 'Fundamental'}","{'id': 'fundamental-fundamental-data', 'name': 'Fundamental Data'}",EUR,1,TOPCS1600,MATRIX,1.0,0.9668,0,0,1.1,[],fundamental8,Fundamental8,fundamental,Fundamental,fundamental-fundamental-data,Fundamental Data
fnd8_1af_matrix_ts_viecer_ff,No field description,"{'id': 'fundamental8', 'name': 'Fundamental8'}","{'id': 'fundamental', 'name': 'Fundamental'}","{'id': 'fundamental-fundamental-data', 'name': 'Fundamental Data'}",EUR,1,TOPCS1600,MATRIX,1.0,0.8047,0,0,1.1,[],fundamental8,Fundamental8,fundamental,Fundamental,fundamental-fundamental-data,Fundamental Data
fnd8_1af_matrix_wg_ff,Net Goodwill,"{'id': 'fundamental8', 'name': 'Fundamental8'}","{'id': 'fundamental', 'name': 'Fundamental'}","{'id': 'fundamental-fundamental-data', 'name': 'Fundamental Data'}",EUR,1,TOPCS1600,MATRIX,1.0,0.9421,0,0,1.1,[],fundamental8,Fundamental8,fundamental,Fundamental,fundamental-fundamental-data,Fundamental Data
fnd8_1af_matrix_xtp_cni_ffa_qe_ff,Equity in Earnings of Affiliates,"{'id': 'fundamental8', 'name': 'Fundamental8'}","{'id': 'fundamental', 'name': 'Fundamental'}","{'id': 'fundamental-fundamental-data', 'name': 'Fundamental Data'}",EUR,1,TOPCS1600,MATRIX,1.0,0.4661,0,0,1.1,[],fundamental8,Fundamental8,fundamental,Fundamental,fundamental-fundamental-data,Fundamental Data
fnd8_1qf_matrix_ags_ff,No field description,"{'id': 'fundamental8', 'name': 'Fundamental8'}","{'id': 'fundamental', 'name': 'Fundamental'}","{'id': 'fundamental-fundamental-data', 'name': 'Fundamental Data'}",EUR,1,TOPCS1600,MATRIX,1.0,0.2809,0,0,1.1,[],fundamental8,Fundamental8,fundamental,Fundamental,fundamental-fundamental-data,Fundamental Data
fnd8_1qf_matrix_aor_ff,No field description,"{'id': 'fundamental8', 'name': 'Fundamental8'}","{'id': 'fundamental', 'name': 'Fundamental'}","{'id': 'fundamental-fundamental-data', 'name': 'Fundamental Data'}",EUR,1,TOPCS1600,MATRIX,1.0,0.4309,0,0,1.1,[],fundamental8,Fundamental8,fundamental,Fundamental,fundamental-fundamental-data,Fundamental Data
fnd8_1qf_matrix_drox_spe_ff,Earnings Per Share incl. Extraordinary Items -Fiscal,"{'id': 'fundamental8', 'name': 'Fundamental8'}","{'id': 'fundamental', 'name': 'Fundamental'}","{'id': 'fundamental-fundamental-data', 'name': 'Fundamental Data'}",EUR,1,TOPCS1600,MATRIX,1.0,0.5016,0,0,1.1,[],fundamental8,Fundamental8,fundamental,Fundamental,fundamental-fundamental-data,Fundamental Data
fnd8_1qf_matrix_ep_ff,No field description,"{'id': 'fundamental8', 'name': 'Fundamental8'}","{'id': 'fundamental', 'name': 'Fundamental'}","{'id': 'fundamental-fundamental-data', 'name': 'Fundamental Data'}",EUR,1,TOPCS1600,MATRIX,1.0,0.4111,0,0,1.1,[],fundamental8,Fundamental8,fundamental,Fundamental,fundamental-fundamental-data,Fundamental Data
fnd8_1qf_matrix_fcp_ff,No field description,"{'id': 'fundamental8', 'name': 'Fundamental8'}","{'id': 'fundamental', 'name': 'Fundamental'}","{'id': 'fundamental-fundamental-data', 'name': 'Fundamental Data'}",EUR,1,TOPCS1600,MATRIX,1.0,0.3442,0,0,1.1,[],fundamental8,Fundamental8,fundamental,Fundamental,fundamental-fundamental-data,Fundamental Data
fnd8_1qf_matrix_ff_asset_turn,No field description,"{'id': 'fundamental8', 'name': 'Fundamental8'}","{'id': 'fundamental', 'name': 'Fundamental'}","{'id': 'fundamental-fundamental-data', 'name': 'Fundamental Data'}",EUR,1,TOPCS1600,MATRIX,1.0,0.4309,0,0,1.1,[],fundamental8,Fundamental8,fundamental,Fundamental,fundamental-fundamental-data,Fundamental Data
fnd8_1qf_matrix_ff_assets_curr_misc,Miscellaneous Current Assets,"{'id': 'fundamental8', 'name': 'Fundamental8'}","{'id': 'fundamental', 'name': 'Fundamental'}","{'id': 'fundamental-fundamental-data', 'name': 'Fundamental Data'}",EUR,1,TOPCS1600,MATRIX,1.0,0.2672,0,0,1.1,[],fundamental8,Fundamental8,fundamental,Fundamental,fundamental-fundamental-data,Fundamental Data
fnd8_1qf_matrix_ff_assets_curr_oth,No field description,"{'id': 'fundamental8', 'name': 'Fundamental8'}","{'id': 'fundamental', 'name': 'Fundamental'}","{'id': 'fundamental-fundamental-data', 'name': 'Fundamental Data'}",EUR,1,TOPCS1600,MATRIX,1.0,0.3003,0,0,1.1,[],fundamental8,Fundamental8,fundamental,Fundamental,fundamental-fundamental-data,Fundamental Data
fnd8_1qf_matrix_ff_assets_oth,No field description,"{'id': 'fundamental8', 'name': 'Fundamental8'}","{'id': 'fundamental', 'name': 'Fundamental'}","{'id': 'fundamental-fundamental-data', 'name': 'Fundamental Data'}",EUR,1,TOPCS1600,MATRIX,1.0,0.4044,0,0,1.1,[],fundamental8,Fundamental8,fundamental,Fundamental,fundamental-fundamental-data,Fundamental Data
fnd8_1qf_matrix_ff_bps_secs,Books Value Per Share-Security Level,"{'id': 'fundamental8', 'name': 'Fundamental8'}","{'id': 'fundamental', 'name': 'Fundamental'}","{'id': 'fundamental-fundamental-data', 'name': 'Fundamental Data'}",EUR,1,TOPCS1600,MATRIX,1.0,0.4609,0,0,1.1,[],fundamental8,Fundamental8,fundamental,Fundamental,fundamental-fundamental-data,Fundamental Data
fnd8_1qf_matrix_ff_bps_tang,No field description,"{'id': 'fundamental8', 'name': 'Fundamental8'}","{'id': 'fundamental', 'name': 'Fundamental'}","{'id': 'fundamental-fundamental-data', 'name': 'Fundamental Data'}",EUR,1,TOPCS1600,MATRIX,1.0,0.4793,0,0,1.1,[],fundamental8,Fundamental8,fundamental,Fundamental,fundamental-fundamental-data,Fundamental Data
fnd8_1qf_matrix_ff_capex,No field description,"{'id': 'fundamental8', 'name': 'Fundamental8'}","{'id': 'fundamental', 'name': 'Fundamental'}","{'id': 'fundamental-fundamental-data', 'name': 'Fundamental Data'}",EUR,1,TOPCS1600,MATRIX,1.0,0.3571,0,0,1.1,[],fundamental8,Fundamental8,fundamental,Fundamental,fundamental-fundamental-data,Fundamental Data
fnd8_1qf_matrix_ff_capex_fix,Capital Expenditures (Fixed Assets),"{'id': 'fundamental8', 'name': 'Fundamental8'}","{'id': 'fundamental', 'name': 'Fundamental'}","{'id': 'fundamental-fundamental-data', 'name': 'Fundamental Data'}",EUR,1,TOPCS1600,MATRIX,1.0,0.3552,0,0,1.1,[],fundamental8,Fundamental8,fundamental,Fundamental,fundamental-fundamental-data,Fundamental Data
fnd8_1qf_matrix_ff_capex_sales,No field description,"{'id': 'fundamental8', 'name': 'Fundamental8'}","{'id': 'fundamental', 'name': 'Fundamental'}","{'id': 'fundamental-fundamental-data', 'name': 'Fundamental Data'}",EUR,1,TOPCS1600,MATRIX,1.0,0.3553,0,0,1.1,[],fundamental8,Fundamental8,fundamental,Fundamental,fundamental-fundamental-data,Fundamental Data
fnd8_1qf_matrix_ff_cash_generic,Cash & Equivalents -Generic,"{'id': 'fundamental8', 'name': 'Fundamental8'}","{'id': 'fundamental', 'name': 'Fundamental'}","{'id': 'fundamental-fundamental-data', 'name': 'Fundamental Data'}",EUR,1,TOPCS1600,MATRIX,1.0,0.4765,0,0,1.1,[],fundamental8,Fundamental8,fundamental,Fundamental,fundamental-fundamental-data,Fundamental Data
fnd8_1qf_matrix_ff_cogs,No field description,"{'id': 'fundamental8', 'name': 'Fundamental8'}","{'id': 'fundamental', 'name': 'Fundamental'}","{'id': 'fundamental-fundamental-data', 'name': 'Fundamental Data'}",EUR,1,TOPCS1600,MATRIX,1.0,0.3722,0,0,1.1,[],fundamental8,Fundamental8,fundamental,Fundamental,fundamental-fundamental-data,Fundamental Data
fnd8_1qf_matrix_ff_cogs_xdep,COGS excluding D&A,"{'id': 'fundamental8', 'name': 'Fundamental8'}","{'id': 'fundamental', 'name': 'Fundamental'}","{'id': 'fundamental-fundamental-data', 'name': 'Fundamental Data'}",EUR,1,TOPCS1600,MATRIX,1.0,0.3709,0,0,1.1,[],fundamental8,Fundamental8,fundamental,Fundamental,fundamental-fundamental-data,Fundamental Data
fnd8_1qf_matrix_ff_com_eq_apic,Additional Paid-In Capital / Capital Surplus (incl. Deferred Compensation),"{'id': 'fundamental8', 'name': 'Fundamental8'}","{'id': 'fundamental', 'name': 'Fundamental'}","{'id': 'fundamental-fundamental-data', 'name': 'Fundamental Data'}",EUR,1,TOPCS1600,MATRIX,1.0,0.2796,0,0,1.1,[],fundamental8,Fundamental8,fundamental,Fundamental,fundamental-fundamental-data,Fundamental Data
fnd8_1qf_matrix_ff_com_eq_assets,No field description,"{'id': 'fundamental8', 'name': 'Fundamental8'}","{'id': 'fundamental', 'name': 'Fundamental'}","{'id': 'fundamental-fundamental-data', 'name': 'Fundamental Data'}",EUR,1,TOPCS1600,MATRIX,1.0,0.4898,0,0,1.1,[],fundamental8,Fundamental8,fundamental,Fundamental,fundamental-fundamental-data,Fundamental Data
fnd8_1qf_matrix_ff_com_eq_par,Common Stock Par/Carry Value,"{'id': 'fundamental8', 'name': 'Fundamental8'}","{'id': 'fundamental', 'name': 'Fundamental'}","{'id': 'fundamental-fundamental-data', 'name': 'Fundamental Data'}",EUR,1,TOPCS1600,MATRIX,1.0,0.3631,0,0,1.1,[],fundamental8,Fundamental8,fundamental,Fundamental,fundamental-fundamental-data,Fundamental Data
fnd8_1qf_matrix_ff_com_shs_out_secs,Common Shares Outstanding -Security,"{'id': 'fundamental8', 'name': 'Fundamental8'}","{'id': 'fundamental', 'name': 'Fundamental'}","{'id': 'fundamental-fundamental-data', 'name': 'Fundamental Data'}",EUR,1,TOPCS1600,MATRIX,1.0,0.4755,0,0,1.1,[],fundamental8,Fundamental8,fundamental,Fundamental,fundamental-fundamental-data,Fundamental Data
fnd8_1qf_matrix_ff_curr_ratio,No field description,"{'id': 'fundamental8', 'name': 'Fundamental8'}","{'id': 'fundamental', 'name': 'Fundamental'}","{'id': 'fundamental-fundamental-data', 'name': 'Fundamental Data'}",EUR,1,TOPCS1600,MATRIX,1.0,0.3953,0,0,1.1,[],fundamental8,Fundamental8,fundamental,Fundamental,fundamental-fundamental-data,Fundamental Data
fnd8_1qf_matrix_ff_debt_assets,No field description,"{'id': 'fundamental8', 'name': 'Fundamental8'}","{'id': 'fundamental', 'name': 'Fundamental'}","{'id': 'fundamental-fundamental-data', 'name': 'Fundamental Data'}",EUR,1,TOPCS1600,MATRIX,1.0,0.4729,0,0,1.1,[],fundamental8,Fundamental8,fundamental,Fundamental,fundamental-fundamental-data,Fundamental Data
fnd8_1qf_matrix_ff_debt_cf,No field description,"{'id': 'fundamental8', 'name': 'Fundamental8'}","{'id': 'fundamental', 'name': 'Fundamental'}","{'id': 'fundamental-fundamental-data', 'name': 'Fundamental Data'}",EUR,1,TOPCS1600,MATRIX,1.0,0.2854,0,0,1.1,[],fundamental8,Fundamental8,fundamental,Fundamental,fundamental-fundamental-data,Fundamental Data
fnd8_1qf_matrix_ff_debt_ebitda_oper,No field description,"{'id': 'fundamental8', 'name': 'Fundamental8'}","{'id': 'fundamental', 'name': 'Fundamental'}","{'id': 'fundamental-fundamental-data', 'name': 'Fundamental Data'}",EUR,1,TOPCS1600,MATRIX,1.0,0.3227,0,0,1.1,[],fundamental8,Fundamental8,fundamental,Fundamental,fundamental-fundamental-data,Fundamental Data
fnd8_1qf_matrix_ff_debt_lt_xcap,Long Term Debt Excluding Capitalized Leases,"{'id': 'fundamental8', 'name': 'Fundamental8'}","{'id': 'fundamental', 'name': 'Fundamental'}","{'id': 'fundamental-fundamental-data', 'name': 'Fundamental Data'}",EUR,1,TOPCS1600,MATRIX,1.0,0.4552,0,0,1.1,[],fundamental8,Fundamental8,fundamental,Fundamental,fundamental-fundamental-data,Fundamental Data
fnd8_1qf_matrix_ff_dep_amort_exp,Depreciation & Amortization,"{'id': 'fundamental8', 'name': 'Fundamental8'}","{'id': 'fundamental', 'name': 'Fundamental'}","{'id': 'fundamental-fundamental-data', 'name': 'Fundamental Data'}",EUR,1,TOPCS1600,MATRIX,1.0,0.4257,0,0,1.1,[],fundamental8,Fundamental8,fundamental,Fundamental,fundamental-fundamental-data,Fundamental Data
fnd8_1qf_matrix_ff_ebit_oper,No field description,"{'id': 'fundamental8', 'name': 'Fundamental8'}","{'id': 'fundamental', 'name': 'Fundamental'}","{'id': 'fundamental-fundamental-data', 'name': 'Fundamental Data'}",EUR,1,TOPCS1600,MATRIX,1.0,0.4324,0,0,1.1,[],fundamental8,Fundamental8,fundamental,Fundamental,fundamental-fundamental-data,Fundamental Data
fnd8_1qf_matrix_ff_ebit_oper_fix_chrg_covg,Fixed Charge Coverage Ratio,"{'id': 'fundamental8', 'name': 'Fundamental8'}","{'id': 'fundamental', 'name': 'Fundamental'}","{'id': 'fundamental-fundamental-data', 'name': 'Fundamental Data'}",EUR,1,TOPCS1600,MATRIX,1.0,0.4178,0,0,1.1,[],fundamental8,Fundamental8,fundamental,Fundamental,fundamental-fundamental-data,Fundamental Data
fnd8_1qf_matrix_ff_ebitda_oper,No field description,"{'id': 'fundamental8', 'name': 'Fundamental8'}","{'id': 'fundamental', 'name': 'Fundamental'}","{'id': 'fundamental-fundamental-data', 'name': 'Fundamental Data'}",EUR,1,TOPCS1600,MATRIX,1.0,0.3908,0,0,1.1,[],fundamental8,Fundamental8,fundamental,Fundamental,fundamental-fundamental-data,Fundamental Data
fnd8_1qf_matrix_ff_entrpr_val,No field description,"{'id': 'fundamental8', 'name': 'Fundamental8'}","{'id': 'fundamental', 'name': 'Fundamental'}","{'id': 'fundamental-fundamental-data', 'name': 'Fundamental Data'}",EUR,1,TOPCS1600,MATRIX,1.0,0.4694,0,0,1.1,[],fundamental8,Fundamental8,fundamental,Fundamental,fundamental-fundamental-data,Fundamental Data
fnd8_1qf_matrix_ff_eps_contin_oper,Earnings Per Share from Continuing Operations -Fiscal,"{'id': 'fundamental8', 'name': 'Fundamental8'}","{'id': 'fundamental', 'name': 'Fundamental'}","{'id': 'fundamental-fundamental-data', 'name': 'Fundamental Data'}",EUR,1,TOPCS1600,MATRIX,1.0,0.4247,0,0,1.1,[],fundamental8,Fundamental8,fundamental,Fundamental,fundamental-fundamental-data,Fundamental Data
fnd8_1qf_matrix_ff_eps_dil_bef_unusual,No field description,"{'id': 'fundamental8', 'name': 'Fundamental8'}","{'id': 'fundamental', 'name': 'Fundamental'}","{'id': 'fundamental-fundamental-data', 'name': 'Fundamental Data'}",EUR,1,TOPCS1600,MATRIX,1.0,0.382,0,0,1.1,[],fundamental8,Fundamental8,fundamental,Fundamental,fundamental-fundamental-data,Fundamental Data
fnd8_1qf_matrix_ff_eps_secs,Earnings Per Share -Security,"{'id': 'fundamental8', 'name': 'Fundamental8'}","{'id': 'fundamental', 'name': 'Fundamental'}","{'id': 'fundamental-fundamental-data', 'name': 'Fundamental Data'}",EUR,1,TOPCS1600,MATRIX,1.0,0.491,0,0,1.1,[],fundamental8,Fundamental8,fundamental,Fundamental,fundamental-fundamental-data,Fundamental Data
fnd8_1qf_matrix_ff_fin_cf,No field description,"{'id': 'fundamental8', 'name': 'Fundamental8'}","{'id': 'fundamental', 'name': 'Fundamental'}","{'id': 'fundamental-fundamental-data', 'name': 'Fundamental Data'}",EUR,1,TOPCS1600,MATRIX,1.0,0.398,0,0,1.1,[],fundamental8,Fundamental8,fundamental,Fundamental,fundamental-fundamental-data,Fundamental Data
fnd8_1qf_matrix_ff_fix_assets_com_eq,Fixed Assets % Common Equity,"{'id': 'fundamental8', 'name': 'Fundamental8'}","{'id': 'fundamental', 'name': 'Fundamental'}","{'id': 'fundamental-fundamental-data', 'name': 'Fundamental Data'}",EUR,1,TOPCS1600,MATRIX,1.0,0.5085,0,0,1.1,[],fundamental8,Fundamental8,fundamental,Fundamental,fundamental-fundamental-data,Fundamental Data
fnd8_1qf_matrix_ff_fy_length_days,No field description,"{'id': 'fundamental8', 'name': 'Fundamental8'}","{'id': 'fundamental', 'name': 'Fundamental'}","{'id': 'fundamental-fundamental-data', 'name': 'Fundamental Data'}",EUR,1,TOPCS1600,MATRIX,1.0,0.2708,0,0,1.1,[],fundamental8,Fundamental8,fundamental,Fundamental,fundamental-fundamental-data,Fundamental Data
fnd8_1qf_matrix_ff_gross_mgn,No field description,"{'id': 'fundamental8', 'name': 'Fundamental8'}","{'id': 'fundamental', 'name': 'Fundamental'}","{'id': 'fundamental-fundamental-data', 'name': 'Fundamental Data'}",EUR,1,TOPCS1600,MATRIX,1.0,0.371,0,0,1.1,[],fundamental8,Fundamental8,fundamental,Fundamental,fundamental-fundamental-data,Fundamental Data
fnd8_1qf_matrix_ff_int_exp_debt,Gross Interest Expense,"{'id': 'fundamental8', 'name': 'Fundamental8'}","{'id': 'fundamental', 'name': 'Fundamental'}","{'id': 'fundamental-fundamental-data', 'name': 'Fundamental Data'}",EUR,1,TOPCS1600,MATRIX,1.0,0.4239,0,0,1.1,[],fundamental8,Fundamental8,fundamental,Fundamental,fundamental-fundamental-data,Fundamental Data
fnd8_1qf_matrix_ff_int_exp_net,No field description,"{'id': 'fundamental8', 'name': 'Fundamental8'}","{'id': 'fundamental', 'name': 'Fundamental'}","{'id': 'fundamental-fundamental-data', 'name': 'Fundamental Data'}",EUR,1,TOPCS1600,MATRIX,1.0,0.4245,0,0,1.1,[],fundamental8,Fundamental8,fundamental,Fundamental,fundamental-fundamental-data,Fundamental Data
fnd8_1qf_matrix_ff_invest_adv,No field description,"{'id': 'fundamental8', 'name': 'Fundamental8'}","{'id': 'fundamental', 'name': 'Fundamental'}","{'id': 'fundamental-fundamental-data', 'name': 'Fundamental Data'}",EUR,1,TOPCS1600,MATRIX,1.0,0.342,0,0,1.1,[],fundamental8,Fundamental8,fundamental,Fundamental,fundamental-fundamental-data,Fundamental Data
fnd8_1qf_matrix_ff_invest_cf,No field description,"{'id': 'fundamental8', 'name': 'Fundamental8'}","{'id': 'fundamental', 'name': 'Fundamental'}","{'id': 'fundamental-fundamental-data', 'name': 'Fundamental Data'}",EUR,1,TOPCS1600,MATRIX,1.0,0.4038,0,0,1.1,[],fundamental8,Fundamental8,fundamental,Fundamental,fundamental-fundamental-data,Fundamental Data
fnd8_1qf_matrix_ff_invest_sub,Investment In Unconsolidated Subsidiaries,"{'id': 'fundamental8', 'name': 'Fundamental8'}","{'id': 'fundamental', 'name': 'Fundamental'}","{'id': 'fundamental-fundamental-data', 'name': 'Fundamental Data'}",EUR,1,TOPCS1600,MATRIX,1.0,0.2769,0,0,1.1,[],fundamental8,Fundamental8,fundamental,Fundamental,fundamental-fundamental-data,Fundamental Data
fnd8_1qf_matrix_ff_liabs_curr_misc,Miscellaneous Current Liabilities,"{'id': 'fundamental8', 'name': 'Fundamental8'}","{'id': 'fundamental', 'name': 'Fundamental'}","{'id': 'fundamental-fundamental-data', 'name': 'Fundamental Data'}",EUR,1,TOPCS1600,MATRIX,1.0,0.3902,0,0,1.1,[],fundamental8,Fundamental8,fundamental,Fundamental,fundamental-fundamental-data,Fundamental Data
fnd8_1qf_matrix_ff_liabs_curr_oth,No field description,"{'id': 'fundamental8', 'name': 'Fundamental8'}","{'id': 'fundamental', 'name': 'Fundamental'}","{'id': 'fundamental-fundamental-data', 'name': 'Fundamental Data'}",EUR,1,TOPCS1600,MATRIX,1.0,0.3923,0,0,1.1,[],fundamental8,Fundamental8,fundamental,Fundamental,fundamental-fundamental-data,Fundamental Data
fnd8_1qf_matrix_ff_liabs_oth_xdfd_rev,Other Liabilities (excluding Deferred Revenue),"{'id': 'fundamental8', 'name': 'Fundamental8'}","{'id': 'fundamental', 'name': 'Fundamental'}","{'id': 'fundamental-fundamental-data', 'name': 'Fundamental Data'}",EUR,1,TOPCS1600,MATRIX,1.0,0.4723,0,0,1.1,[],fundamental8,Fundamental8,fundamental,Fundamental,fundamental-fundamental-data,Fundamental Data
fnd8_1qf_matrix_ff_misc_exp_non_oper,Other Income (Expense),"{'id': 'fundamental8', 'name': 'Fundamental8'}","{'id': 'fundamental', 'name': 'Fundamental'}","{'id': 'fundamental-fundamental-data', 'name': 'Fundamental Data'}",EUR,1,TOPCS1600,MATRIX,1.0,0.4043,0,0,1.1,[],fundamental8,Fundamental8,fundamental,Fundamental,fundamental-fundamental-data,Fundamental Data
fnd8_1qf_matrix_ff_mkt_val,No field description,"{'id': 'fundamental8', 'name': 'Fundamental8'}","{'id': 'fundamental', 'name': 'Fundamental'}","{'id': 'fundamental-fundamental-data', 'name': 'Fundamental Data'}",EUR,1,TOPCS1600,MATRIX,1.0,0.4802,0,0,1.1,[],fundamental8,Fundamental8,fundamental,Fundamental,fundamental-fundamental-data,Fundamental Data
fnd8_1qf_matrix_ff_mkt_val_secs,Market Value-Security Level,"{'id': 'fundamental8', 'name': 'Fundamental8'}","{'id': 'fundamental', 'name': 'Fundamental'}","{'id': 'fundamental-fundamental-data', 'name': 'Fundamental Data'}",EUR,1,TOPCS1600,MATRIX,1.0,0.4646,0,0,1.1,[],fundamental8,Fundamental8,fundamental,Fundamental,fundamental-fundamental-data,Fundamental Data
fnd8_1qf_matrix_ff_net_debt,No field description,"{'id': 'fundamental8', 'name': 'Fundamental8'}","{'id': 'fundamental', 'name': 'Fundamental'}","{'id': 'fundamental-fundamental-data', 'name': 'Fundamental Data'}",EUR,1,TOPCS1600,MATRIX,1.0,0.4748,0,0,1.1,[],fundamental8,Fundamental8,fundamental,Fundamental,fundamental-fundamental-data,Fundamental Data
fnd8_1qf_matrix_ff_net_inc,No field description,"{'id': 'fundamental8', 'name': 'Fundamental8'}","{'id': 'fundamental', 'name': 'Fundamental'}","{'id': 'fundamental-fundamental-data', 'name': 'Fundamental Data'}",EUR,1,TOPCS1600,MATRIX,1.0,0.4953,0,0,1.1,[],fundamental8,Fundamental8,fundamental,Fundamental,fundamental-fundamental-data,Fundamental Data
fnd8_1qf_matrix_ff_net_inc_aft_xord,No field description,"{'id': 'fundamental8', 'name': 'Fundamental8'}","{'id': 'fundamental', 'name': 'Fundamental'}","{'id': 'fundamental-fundamental-data', 'name': 'Fundamental Data'}",EUR,1,TOPCS1600,MATRIX,1.0,0.4953,0,0,1.1,[],fundamental8,Fundamental8,fundamental,Fundamental,fundamental-fundamental-data,Fundamental Data
fnd8_1qf_matrix_ff_net_inc_basic,No field description,"{'id': 'fundamental8', 'name': 'Fundamental8'}","{'id': 'fundamental', 'name': 'Fundamental'}","{'id': 'fundamental-fundamental-data', 'name': 'Fundamental Data'}",EUR,1,TOPCS1600,MATRIX,1.0,0.4949,0,0,1.1,[],fundamental8,Fundamental8,fundamental,Fundamental,fundamental-fundamental-data,Fundamental Data
fnd8_1qf_matrix_ff_net_mgn,No field description,"{'id': 'fundamental8', 'name': 'Fundamental8'}","{'id': 'fundamental', 'name': 'Fundamental'}","{'id': 'fundamental-fundamental-data', 'name': 'Fundamental Data'}",EUR,1,TOPCS1600,MATRIX,1.0,0.4887,0,0,1.1,[],fundamental8,Fundamental8,fundamental,Fundamental,fundamental-fundamental-data,Fundamental Data
fnd8_1qf_matrix_ff_oper_cf,No field description,"{'id': 'fundamental8', 'name': 'Fundamental8'}","{'id': 'fundamental', 'name': 'Fundamental'}","{'id': 'fundamental-fundamental-data', 'name': 'Fundamental Data'}",EUR,1,TOPCS1600,MATRIX,1.0,0.3998,0,0,1.1,[],fundamental8,Fundamental8,fundamental,Fundamental,fundamental-fundamental-data,Fundamental Data
fnd8_1qf_matrix_ff_oper_cf_fix_chrg,Operating Cash Flow To Fixed Charges (Interest & Dividend),"{'id': 'fundamental8', 'name': 'Fundamental8'}","{'id': 'fundamental', 'name': 'Fundamental'}","{'id': 'fundamental-fundamental-data', 'name': 'Fundamental Data'}",EUR,1,TOPCS1600,MATRIX,1.0,0.3712,0,0,1.1,[],fundamental8,Fundamental8,fundamental,Fundamental,fundamental-fundamental-data,Fundamental Data
fnd8_1qf_matrix_ff_oper_exp,Total Operating Expense (Financial Services),"{'id': 'fundamental8', 'name': 'Fundamental8'}","{'id': 'fundamental', 'name': 'Fundamental'}","{'id': 'fundamental-fundamental-data', 'name': 'Fundamental Data'}",EUR,1,TOPCS1600,MATRIX,1.0,0.4876,0,0,1.1,[],fundamental8,Fundamental8,fundamental,Fundamental,fundamental-fundamental-data,Fundamental Data
fnd8_1qf_matrix_ff_oper_inc_bef_dep,Operating Income Before Depreciation And Amortization,"{'id': 'fundamental8', 'name': 'Fundamental8'}","{'id': 'fundamental', 'name': 'Fundamental'}","{'id': 'fundamental-fundamental-data', 'name': 'Fundamental Data'}",EUR,1,TOPCS1600,MATRIX,1.0,0.4235,0,0,1.1,[],fundamental8,Fundamental8,fundamental,Fundamental,fundamental-fundamental-data,Fundamental Data
fnd8_1qf_matrix_ff_oper_mgn,No field description,"{'id': 'fundamental8', 'name': 'Fundamental8'}","{'id': 'fundamental', 'name': 'Fundamental'}","{'id': 'fundamental-fundamental-data', 'name': 'Fundamental Data'}",EUR,1,TOPCS1600,MATRIX,1.0,0.4863,0,0,1.1,[],fundamental8,Fundamental8,fundamental,Fundamental,fundamental-fundamental-data,Fundamental Data
fnd8_1qf_matrix_ff_par_ps,Par Value,"{'id': 'fundamental8', 'name': 'Fundamental8'}","{'id': 'fundamental', 'name': 'Fundamental'}","{'id': 'fundamental-fundamental-data', 'name': 'Fundamental Data'}",EUR,1,TOPCS1600,MATRIX,1.0,0.3297,0,0,1.1,[],fundamental8,Fundamental8,fundamental,Fundamental,fundamental-fundamental-data,Fundamental Data
fnd8_1qf_matrix_ff_pay_tax_dfd_tax,Income Tax Payable Plus Short Term Deferred Tax,"{'id': 'fundamental8', 'name': 'Fundamental8'}","{'id': 'fundamental', 'name': 'Fundamental'}","{'id': 'fundamental-fundamental-data', 'name': 'Fundamental Data'}",EUR,1,TOPCS1600,MATRIX,1.0,0.2639,0,0,1.1,[],fundamental8,Fundamental8,fundamental,Fundamental,fundamental-fundamental-data,Fundamental Data
fnd8_1qf_matrix_ff_pbk_secs,Price to Book-Security Level,"{'id': 'fundamental8', 'name': 'Fundamental8'}","{'id': 'fundamental', 'name': 'Fundamental'}","{'id': 'fundamental-fundamental-data', 'name': 'Fundamental Data'}",EUR,1,TOPCS1600,MATRIX,1.0,0.4473,0,0,1.1,[],fundamental8,Fundamental8,fundamental,Fundamental,fundamental-fundamental-data,Fundamental Data
fnd8_1qf_matrix_ff_pe_secs,Price to Earnings-Security Level,"{'id': 'fundamental8', 'name': 'Fundamental8'}","{'id': 'fundamental', 'name': 'Fundamental'}","{'id': 'fundamental-fundamental-data', 'name': 'Fundamental Data'}",EUR,1,TOPCS1600,MATRIX,1.0,0.3989,0,0,1.1,[],fundamental8,Fundamental8,fundamental,Fundamental,fundamental-fundamental-data,Fundamental Data
fnd8_1qf_matrix_ff_price_close_fp,No field description,"{'id': 'fundamental8', 'name': 'Fundamental8'}","{'id': 'fundamental', 'name': 'Fundamental'}","{'id': 'fundamental-fundamental-data', 'name': 'Fundamental Data'}",EUR,1,TOPCS1600,MATRIX,1.0,0.2784,0,0,1.1,[],fundamental8,Fundamental8,fundamental,Fundamental,fundamental-fundamental-data,Fundamental Data
fnd8_1qf_matrix_ff_psales,No field description,"{'id': 'fundamental8', 'name': 'Fundamental8'}","{'id': 'fundamental', 'name': 'Fundamental'}","{'id': 'fundamental-fundamental-data', 'name': 'Fundamental Data'}",EUR,1,TOPCS1600,MATRIX,1.0,0.4458,0,0,1.1,[],fundamental8,Fundamental8,fundamental,Fundamental,fundamental-fundamental-data,Fundamental Data
fnd8_1qf_matrix_ff_quick_ratio,No field description,"{'id': 'fundamental8', 'name': 'Fundamental8'}","{'id': 'fundamental', 'name': 'Fundamental'}","{'id': 'fundamental-fundamental-data', 'name': 'Fundamental Data'}",EUR,1,TOPCS1600,MATRIX,1.0,0.3716,0,0,1.1,[],fundamental8,Fundamental8,fundamental,Fundamental,fundamental-fundamental-data,Fundamental Data
fnd8_1qf_matrix_ff_roe,No field description,"{'id': 'fundamental8', 'name': 'Fundamental8'}","{'id': 'fundamental', 'name': 'Fundamental'}","{'id': 'fundamental-fundamental-data', 'name': 'Fundamental Data'}",EUR,1,TOPCS1600,MATRIX,1.0,0.4281,0,0,1.1,[],fundamental8,Fundamental8,fundamental,Fundamental,fundamental-fundamental-data,Fundamental Data
fnd8_1qf_matrix_ff_rotc,No field description,"{'id': 'fundamental8', 'name': 'Fundamental8'}","{'id': 'fundamental', 'name': 'Fundamental'}","{'id': 'fundamental-fundamental-data', 'name': 'Fundamental Data'}",EUR,1,TOPCS1600,MATRIX,1.0,0.4245,0,0,1.1,[],fundamental8,Fundamental8,fundamental,Fundamental,fundamental-fundamental-data,Fundamental Data
fnd8_1qf_matrix_ff_sales,No field description,"{'id': 'fundamental8', 'name': 'Fundamental8'}","{'id': 'fundamental', 'name': 'Fundamental'}","{'id': 'fundamental-fundamental-data', 'name': 'Fundamental Data'}",EUR,1,TOPCS1600,MATRIX,1.0,0.2833,0,0,1.1,[],fundamental8,Fundamental8,fundamental,Fundamental,fundamental-fundamental-data,Fundamental Data
fnd8_1qf_matrix_ff_sales_ps,No field description,"{'id': 'fundamental8', 'name': 'Fundamental8'}","{'id': 'fundamental', 'name': 'Fundamental'}","{'id': 'fundamental-fundamental-data', 'name': 'Fundamental Data'}",EUR,1,TOPCS1600,MATRIX,1.0,0.4781,0,0,1.1,[],fundamental8,Fundamental8,fundamental,Fundamental,fundamental-fundamental-data,Fundamental Data
fnd8_1qf_matrix_ff_tax_cf,Cash Taxes Paid,"{'id': 'fundamental8', 'name': 'Fundamental8'}","{'id': 'fundamental', 'name': 'Fundamental'}","{'id': 'fundamental-fundamental-data', 'name': 'Fundamental Data'}",EUR,1,TOPCS1600,MATRIX,1.0,0.258,0,0,1.1,[],fundamental8,Fundamental8,fundamental,Fundamental,fundamental-fundamental-data,Fundamental Data
fnd8_1qf_matrix_ff_tcap,No field description,"{'id': 'fundamental8', 'name': 'Fundamental8'}","{'id': 'fundamental', 'name': 'Fundamental'}","{'id': 'fundamental-fundamental-data', 'name': 'Fundamental Data'}",EUR,1,TOPCS1600,MATRIX,1.0,0.485,0,0,1.1,[],fundamental8,Fundamental8,fundamental,Fundamental,fundamental-fundamental-data,Fundamental Data
fnd8_1qf_matrix_ff_tot_invest_ret,Total Investment Return,"{'id': 'fundamental8', 'name': 'Fundamental8'}","{'id': 'fundamental', 'name': 'Fundamental'}","{'id': 'fundamental-fundamental-data', 'name': 'Fundamental Data'}",EUR,1,TOPCS1600,MATRIX,1.0,0.5078,0,0,1.1,[],fundamental8,Fundamental8,fundamental,Fundamental,fundamental-fundamental-data,Fundamental Data
fnd8_1qf_matrix_hto_sbail_ff,No field description,"{'id': 'fundamental8', 'name': 'Fundamental8'}","{'id': 'fundamental', 'name': 'Fundamental'}","{'id': 'fundamental-fundamental-data', 'name': 'Fundamental Data'}",EUR,1,TOPCS1600,MATRIX,1.0,0.4574,0,0,1.1,[],fundamental8,Fundamental8,fundamental,Fundamental,fundamental-fundamental-data,Fundamental Data
fnd8_1qf_matrix_kbp_ff,No field description,"{'id': 'fundamental8', 'name': 'Fundamental8'}","{'id': 'fundamental', 'name': 'Fundamental'}","{'id': 'fundamental-fundamental-data', 'name': 'Fundamental Data'}",EUR,1,TOPCS1600,MATRIX,1.0,0.4657,0,0,1.1,[],fundamental8,Fundamental8,fundamental,Fundamental,fundamental-fundamental-data,Fundamental Data
fnd8_1qf_matrix_lid_spe_ff,No field description,"{'id': 'fundamental8', 'name': 'Fundamental8'}","{'id': 'fundamental', 'name': 'Fundamental'}","{'id': 'fundamental-fundamental-data', 'name': 'Fundamental Data'}",EUR,1,TOPCS1600,MATRIX,1.0,0.4341,0,0,1.1,[],fundamental8,Fundamental8,fundamental,Fundamental,fundamental-fundamental-data,Fundamental Data
fnd8_1qf_matrix_ngm_xtp_ff,No field description,"{'id': 'fundamental8', 'name': 'Fundamental8'}","{'id': 'fundamental', 'name': 'Fundamental'}","{'id': 'fundamental-fundamental-data', 'name': 'Fundamental Data'}",EUR,1,TOPCS1600,MATRIX,1.0,0.4861,0,0,1.1,[],fundamental8,Fundamental8,fundamental,Fundamental,fundamental-fundamental-data,Fundamental Data
fnd8_1qf_matrix_pxe_hto_ags_ff,No field description,"{'id': 'fundamental8', 'name': 'Fundamental8'}","{'id': 'fundamental', 'name': 'Fundamental'}","{'id': 'fundamental-fundamental-data', 'name': 'Fundamental Data'}",EUR,1,TOPCS1600,MATRIX,1.0,0.4394,0,0,1.1,[],fundamental8,Fundamental8,fundamental,Fundamental,fundamental-fundamental-data,Fundamental Data
fnd8_1qf_matrix_sbail_ff,No field description,"{'id': 'fundamental8', 'name': 'Fundamental8'}","{'id': 'fundamental', 'name': 'Fundamental'}","{'id': 'fundamental-fundamental-data', 'name': 'Fundamental Data'}",EUR,1,TOPCS1600,MATRIX,1.0,0.4901,0,0,1.1,[],fundamental8,Fundamental8,fundamental,Fundamental,fundamental-fundamental-data,Fundamental Data
fnd8_1qf_matrix_spe_ff,Earnings Per Share -Fiscal Period,"{'id': 'fundamental8', 'name': 'Fundamental8'}","{'id': 'fundamental', 'name': 'Fundamental'}","{'id': 'fundamental-fundamental-data', 'name': 'Fundamental Data'}",EUR,1,TOPCS1600,MATRIX,1.0,0.4996,0,0,1.1,[],fundamental8,Fundamental8,fundamental,Fundamental,fundamental-fundamental-data,Fundamental Data
fnd8_1qf_matrix_wg_ff,Net Goodwill,"{'id': 'fundamental8', 'name': 'Fundamental8'}","{'id': 'fundamental', 'name': 'Fundamental'}","{'id': 'fundamental-fundamental-data', 'name': 'Fundamental Data'}",EUR,1,TOPCS1600,MATRIX,1.0,0.2797,0,0,1.1,[],fundamental8,Fundamental8,fundamental,Fundamental,fundamental-fundamental-data,Fundamental Data
fnd8_advance_1qf_matrix_ff_capex_fix_nugget,No field description,"{'id': 'fundamental8', 'name': 'Fundamental8'}","{'id': 'fundamental', 'name': 'Fundamental'}","{'id': 'fundamental-fundamental-data', 'name': 'Fundamental Data'}",EUR,1,TOPCS1600,MATRIX,1.0,0.4039,0,0,1.1,[],fundamental8,Fundamental8,fundamental,Fundamental,fundamental-fundamental-data,Fundamental Data
fnd8_advance_1qf_matrix_ff_capex_fix_rav,No field description,"{'id': 'fundamental8', 'name': 'Fundamental8'}","{'id': 'fundamental', 'name': 'Fundamental'}","{'id': 'fundamental-fundamental-data', 'name': 'Fundamental Data'}",EUR,1,TOPCS1600,MATRIX,1.0,0.4039,0,0,1.1,[],fundamental8,Fundamental8,fundamental,Fundamental,fundamental-fundamental-data,Fundamental Data
fnd8_advance_1qf_matrix_ff_cash_generic_nugget,No field description,"{'id': 'fundamental8', 'name': 'Fundamental8'}","{'id': 'fundamental', 'name': 'Fundamental'}","{'id': 'fundamental-fundamental-data', 'name': 'Fundamental Data'}",EUR,1,TOPCS1600,MATRIX,1.0,0.4863,0,0,1.1,[],fundamental8,Fundamental8,fundamental,Fundamental,fundamental-fundamental-data,Fundamental Data
fnd8_advance_1qf_matrix_ff_cash_generic_rav,No field description,"{'id': 'fundamental8', 'name': 'Fundamental8'}","{'id': 'fundamental', 'name': 'Fundamental'}","{'id': 'fundamental-fundamental-data', 'name': 'Fundamental Data'}",EUR,1,TOPCS1600,MATRIX,1.0,0.4891,0,0,1.1,[],fundamental8,Fundamental8,fundamental,Fundamental,fundamental-fundamental-data,Fundamental Data
fnd8_advance_1qf_matrix_ff_eps_nugget,No field description,"{'id': 'fundamental8', 'name': 'Fundamental8'}","{'id': 'fundamental', 'name': 'Fundamental'}","{'id': 'fundamental-fundamental-data', 'name': 'Fundamental Data'}",EUR,1,TOPCS1600,MATRIX,1.0,0.5086,0,0,1.1,[],fundamental8,Fundamental8,fundamental,Fundamental,fundamental-fundamental-data,Fundamental Data
fnd8_advance_1qf_matrix_ff_eps_rav,No field description,"{'id': 'fundamental8', 'name': 'Fundamental8'}","{'id': 'fundamental', 'name': 'Fundamental'}","{'id': 'fundamental-fundamental-data', 'name': 'Fundamental Data'}",EUR,1,TOPCS1600,MATRIX,1.0,0.5105,0,0,1.1,[],fundamental8,Fundamental8,fundamental,Fundamental,fundamental-fundamental-data,Fundamental Data
fnd8_advance_1qf_matrix_ff_oper_exp_nugget,No field description,"{'id': 'fundamental8', 'name': 'Fundamental8'}","{'id': 'fundamental', 'name': 'Fundamental'}","{'id': 'fundamental-fundamental-data', 'name': 'Fundamental Data'}",EUR,1,TOPCS1600,MATRIX,1.0,0.5015,0,0,1.1,[],fundamental8,Fundamental8,fundamental,Fundamental,fundamental-fundamental-data,Fundamental Data
fnd8_advance_1qf_matrix_ff_oper_exp_rav,No field description,"{'id': 'fundamental8', 'name': 'Fundamental8'}","{'id': 'fundamental', 'name': 'Fundamental'}","{'id': 'fundamental-fundamental-data', 'name': 'Fundamental Data'}",EUR,1,TOPCS1600,MATRIX,1.0,0.5015,0,0,1.1,[],fundamental8,Fundamental8,fundamental,Fundamental,fundamental-fundamental-data,Fundamental Data
fnd8_advanceder_1qf_matrix_ff_cf_sales_nugget,No field description,"{'id': 'fundamental8', 'name': 'Fundamental8'}","{'id': 'fundamental', 'name': 'Fundamental'}","{'id': 'fundamental-fundamental-data', 'name': 'Fundamental Data'}",EUR,1,TOPCS1600,MATRIX,1.0,0.389,0,0,1.1,[],fundamental8,Fundamental8,fundamental,Fundamental,fundamental-fundamental-data,Fundamental Data
fnd8_advanceder_1qf_matrix_ff_cf_sales_rav,No field description,"{'id': 'fundamental8', 'name': 'Fundamental8'}","{'id': 'fundamental', 'name': 'Fundamental'}","{'id': 'fundamental-fundamental-data', 'name': 'Fundamental Data'}",EUR,1,TOPCS1600,MATRIX,1.0,0.389,0,0,1.1,[],fundamental8,Fundamental8,fundamental,Fundamental,fundamental-fundamental-data,Fundamental Data
fnd8_advanceder_1qf_matrix_ff_ebitda_cf_nugget,No field description,"{'id': 'fundamental8', 'name': 'Fundamental8'}","{'id': 'fundamental', 'name': 'Fundamental'}","{'id': 'fundamental-fundamental-data', 'name': 'Fundamental Data'}",EUR,1,TOPCS1600,MATRIX,1.0,0.4973,0,0,1.1,[],fundamental8,Fundamental8,fundamental,Fundamental,fundamental-fundamental-data,Fundamental Data
fnd8_advanceder_1qf_matrix_ff_ebitda_cf_rav,No field description,"{'id': 'fundamental8', 'name': 'Fundamental8'}","{'id': 'fundamental', 'name': 'Fundamental'}","{'id': 'fundamental-fundamental-data', 'name': 'Fundamental Data'}",EUR,1,TOPCS1600,MATRIX,1.0,0.4973,0,0,1.1,[],fundamental8,Fundamental8,fundamental,Fundamental,fundamental-fundamental-data,Fundamental Data
fnd8_advanceder_1qf_matrix_ff_inven_turn_nugget,No field description,"{'id': 'fundamental8', 'name': 'Fundamental8'}","{'id': 'fundamental', 'name': 'Fundamental'}","{'id': 'fundamental-fundamental-data', 'name': 'Fundamental Data'}",EUR,1,TOPCS1600,MATRIX,1.0,0.2879,0,0,1.1,[],fundamental8,Fundamental8,fundamental,Fundamental,fundamental-fundamental-data,Fundamental Data
fnd8_advanceder_1qf_matrix_ff_inven_turn_rav,No field description,"{'id': 'fundamental8', 'name': 'Fundamental8'}","{'id': 'fundamental', 'name': 'Fundamental'}","{'id': 'fundamental-fundamental-data', 'name': 'Fundamental Data'}",EUR,1,TOPCS1600,MATRIX,1.0,0.2881,0,0,1.1,[],fundamental8,Fundamental8,fundamental,Fundamental,fundamental-fundamental-data,Fundamental Data
fnd8_advanceder_1qf_matrix_ff_sales_gr_nugget,No field description,"{'id': 'fundamental8', 'name': 'Fundamental8'}","{'id': 'fundamental', 'name': 'Fundamental'}","{'id': 'fundamental-fundamental-data', 'name': 'Fundamental Data'}",EUR,1,TOPCS1600,MATRIX,1.0,0.6023,0,0,1.1,[],fundamental8,Fundamental8,fundamental,Fundamental,fundamental-fundamental-data,Fundamental Data
fnd8_advanceder_1qf_matrix_ff_sales_gr_rav,No field description,"{'id': 'fundamental8', 'name': 'Fundamental8'}","{'id': 'fundamental', 'name': 'Fundamental'}","{'id': 'fundamental-fundamental-data', 'name': 'Fundamental Data'}",EUR,1,TOPCS1600,MATRIX,1.0,0.6023,0,0,1.1,[],fundamental8,Fundamental8,fundamental,Fundamental,fundamental-fundamental-data,Fundamental Data
fnd8_af_matrix_ags_ff,No field description,"{'id': 'fundamental8', 'name': 'Fundamental8'}","{'id': 'fundamental', 'name': 'Fundamental'}","{'id': 'fundamental-fundamental-data', 'name': 'Fundamental Data'}",EUR,1,TOPCS1600,MATRIX,1.0,0.7781,0,0,1.1,[],fundamental8,Fundamental8,fundamental,Fundamental,fundamental-fundamental-data,Fundamental Data
fnd8_af_matrix_aor_ff,No field description,"{'id': 'fundamental8', 'name': 'Fundamental8'}","{'id': 'fundamental', 'name': 'Fundamental'}","{'id': 'fundamental-fundamental-data', 'name': 'Fundamental Data'}",EUR,1,TOPCS1600,MATRIX,1.0,0.9637,0,0,1.1,[],fundamental8,Fundamental8,fundamental,Fundamental,fundamental-fundamental-data,Fundamental Data
fnd8_af_matrix_cni_ffa_qe_ff,No field description,"{'id': 'fundamental8', 'name': 'Fundamental8'}","{'id': 'fundamental', 'name': 'Fundamental'}","{'id': 'fundamental-fundamental-data', 'name': 'Fundamental Data'}",EUR,1,TOPCS1600,MATRIX,1.0,0.4873,0,0,1.1,[],fundamental8,Fundamental8,fundamental,Fundamental,fundamental-fundamental-data,Fundamental Data
fnd8_af_matrix_cni_xtp_ff,No field description,"{'id': 'fundamental8', 'name': 'Fundamental8'}","{'id': 'fundamental', 'name': 'Fundamental'}","{'id': 'fundamental-fundamental-data', 'name': 'Fundamental Data'}",EUR,1,TOPCS1600,MATRIX,1.0,0.9015,0,0,1.1,[],fundamental8,Fundamental8,fundamental,Fundamental,fundamental-fundamental-data,Fundamental Data
fnd8_af_matrix_ep_ff,No field description,"{'id': 'fundamental8', 'name': 'Fundamental8'}","{'id': 'fundamental', 'name': 'Fundamental'}","{'id': 'fundamental-fundamental-data', 'name': 'Fundamental Data'}",EUR,1,TOPCS1600,MATRIX,1.0,0.8581,0,0,1.1,[],fundamental8,Fundamental8,fundamental,Fundamental,fundamental-fundamental-data,Fundamental Data
fnd8_af_matrix_fc_ghc_kts_ff,No field description,"{'id': 'fundamental8', 'name': 'Fundamental8'}","{'id': 'fundamental', 'name': 'Fundamental'}","{'id': 'fundamental-fundamental-data', 'name': 'Fundamental Data'}",EUR,1,TOPCS1600,MATRIX,1.0,0.9536,0,0,1.1,[],fundamental8,Fundamental8,fundamental,Fundamental,fundamental-fundamental-data,Fundamental Data
fnd8_af_matrix_fc_pxe_ped_ff,No field description,"{'id': 'fundamental8', 'name': 'Fundamental8'}","{'id': 'fundamental', 'name': 'Fundamental'}","{'id': 'fundamental-fundamental-data', 'name': 'Fundamental Data'}",EUR,1,TOPCS1600,MATRIX,1.0,0.8329,0,0,1.1,[],fundamental8,Fundamental8,fundamental,Fundamental,fundamental-fundamental-data,Fundamental Data
fnd8_af_matrix_fcp_ff,No field description,"{'id': 'fundamental8', 'name': 'Fundamental8'}","{'id': 'fundamental', 'name': 'Fundamental'}","{'id': 'fundamental-fundamental-data', 'name': 'Fundamental Data'}",EUR,1,TOPCS1600,MATRIX,1.0,0.8819,0,0,1.1,[],fundamental8,Fundamental8,fundamental,Fundamental,fundamental-fundamental-data,Fundamental Data
fnd8_af_matrix_ff_accr_exp_xpayr,No field description,"{'id': 'fundamental8', 'name': 'Fundamental8'}","{'id': 'fundamental', 'name': 'Fundamental'}","{'id': 'fundamental-fundamental-data', 'name': 'Fundamental Data'}",EUR,1,TOPCS1600,MATRIX,1.0,0.4784,0,0,1.1,[],fundamental8,Fundamental8,fundamental,Fundamental,fundamental-fundamental-data,Fundamental Data
fnd8_af_matrix_ff_acct_pay_oper,Creditors,"{'id': 'fundamental8', 'name': 'Fundamental8'}","{'id': 'fundamental', 'name': 'Fundamental'}","{'id': 'fundamental-fundamental-data', 'name': 'Fundamental Data'}",EUR,1,TOPCS1600,MATRIX,1.0,0.8066,0,0,1.1,[],fundamental8,Fundamental8,fundamental,Fundamental,fundamental-fundamental-data,Fundamental Data
fnd8_af_matrix_ff_acq_bus_cf,No field description,"{'id': 'fundamental8', 'name': 'Fundamental8'}","{'id': 'fundamental', 'name': 'Fundamental'}","{'id': 'fundamental-fundamental-data', 'name': 'Fundamental Data'}",EUR,1,TOPCS1600,MATRIX,1.0,0.5103,0,0,1.1,[],fundamental8,Fundamental8,fundamental,Fundamental,fundamental-fundamental-data,Fundamental Data
fnd8_af_matrix_ff_asset_turn,No field description,"{'id': 'fundamental8', 'name': 'Fundamental8'}","{'id': 'fundamental', 'name': 'Fundamental'}","{'id': 'fundamental-fundamental-data', 'name': 'Fundamental Data'}",EUR,1,TOPCS1600,MATRIX,1.0,0.9621,0,0,1.1,[],fundamental8,Fundamental8,fundamental,Fundamental,fundamental-fundamental-data,Fundamental Data
fnd8_af_matrix_ff_assets,No field description,"{'id': 'fundamental8', 'name': 'Fundamental8'}","{'id': 'fundamental', 'name': 'Fundamental'}","{'id': 'fundamental-fundamental-data', 'name': 'Fundamental Data'}",EUR,1,TOPCS1600,MATRIX,1.0,0.9029,0,0,1.1,[],fundamental8,Fundamental8,fundamental,Fundamental,fundamental-fundamental-data,Fundamental Data
fnd8_af_matrix_ff_assets_curr,No field description,"{'id': 'fundamental8', 'name': 'Fundamental8'}","{'id': 'fundamental', 'name': 'Fundamental'}","{'id': 'fundamental-fundamental-data', 'name': 'Fundamental Data'}",EUR,1,TOPCS1600,MATRIX,1.0,0.7444,0,0,1.1,[],fundamental8,Fundamental8,fundamental,Fundamental,fundamental-fundamental-data,Fundamental Data
fnd8_af_matrix_ff_assets_curr_oth,No field description,"{'id': 'fundamental8', 'name': 'Fundamental8'}","{'id': 'fundamental', 'name': 'Fundamental'}","{'id': 'fundamental-fundamental-data', 'name': 'Fundamental Data'}",EUR,1,TOPCS1600,MATRIX,1.0,0.7794,0,0,1.1,[],fundamental8,Fundamental8,fundamental,Fundamental,fundamental-fundamental-data,Fundamental Data
fnd8_af_matrix_ff_assets_oth,No field description,"{'id': 'fundamental8', 'name': 'Fundamental8'}","{'id': 'fundamental', 'name': 'Fundamental'}","{'id': 'fundamental-fundamental-data', 'name': 'Fundamental Data'}",EUR,1,TOPCS1600,MATRIX,1.0,0.9674,0,0,1.1,[],fundamental8,Fundamental8,fundamental,Fundamental,fundamental-fundamental-data,Fundamental Data
fnd8_af_matrix_ff_assets_oth_intang,No field description,"{'id': 'fundamental8', 'name': 'Fundamental8'}","{'id': 'fundamental', 'name': 'Fundamental'}","{'id': 'fundamental-fundamental-data', 'name': 'Fundamental Data'}",EUR,1,TOPCS1600,MATRIX,1.0,0.8896,0,0,1.1,[],fundamental8,Fundamental8,fundamental,Fundamental,fundamental-fundamental-data,Fundamental Data
fnd8_af_matrix_ff_assets_oth_tot,Other Assets -Total,"{'id': 'fundamental8', 'name': 'Fundamental8'}","{'id': 'fundamental', 'name': 'Fundamental'}","{'id': 'fundamental-fundamental-data', 'name': 'Fundamental Data'}",EUR,1,TOPCS1600,MATRIX,1.0,0.9392,0,0,1.1,[],fundamental8,Fundamental8,fundamental,Fundamental,fundamental-fundamental-data,Fundamental Data
fnd8_af_matrix_ff_assets_per_emp,Assets Per Employee,"{'id': 'fundamental8', 'name': 'Fundamental8'}","{'id': 'fundamental', 'name': 'Fundamental'}","{'id': 'fundamental-fundamental-data', 'name': 'Fundamental Data'}",EUR,1,TOPCS1600,MATRIX,1.0,0.9321,0,0,1.1,[],fundamental8,Fundamental8,fundamental,Fundamental,fundamental-fundamental-data,Fundamental Data
fnd8_af_matrix_ff_bk_invest_tot,No field description,"{'id': 'fundamental8', 'name': 'Fundamental8'}","{'id': 'fundamental', 'name': 'Fundamental'}","{'id': 'fundamental-fundamental-data', 'name': 'Fundamental Data'}",EUR,1,TOPCS1600,MATRIX,1.0,0.3238,0,0,1.1,[],fundamental8,Fundamental8,fundamental,Fundamental,fundamental-fundamental-data,Fundamental Data
fnd8_af_matrix_ff_bk_non_oper_inc,Bank Non-Operating Income Expense,"{'id': 'fundamental8', 'name': 'Fundamental8'}","{'id': 'fundamental', 'name': 'Fundamental'}","{'id': 'fundamental-fundamental-data', 'name': 'Fundamental Data'}",EUR,1,TOPCS1600,MATRIX,1.0,0.9677,0,0,1.1,[],fundamental8,Fundamental8,fundamental,Fundamental,fundamental-fundamental-data,Fundamental Data
fnd8_af_matrix_ff_bps_tang,No field description,"{'id': 'fundamental8', 'name': 'Fundamental8'}","{'id': 'fundamental', 'name': 'Fundamental'}","{'id': 'fundamental-fundamental-data', 'name': 'Fundamental Data'}",EUR,1,TOPCS1600,MATRIX,1.0,0.9648,0,0,1.1,[],fundamental8,Fundamental8,fundamental,Fundamental,fundamental-fundamental-data,Fundamental Data
fnd8_af_matrix_ff_capex,No field description,"{'id': 'fundamental8', 'name': 'Fundamental8'}","{'id': 'fundamental', 'name': 'Fundamental'}","{'id': 'fundamental-fundamental-data', 'name': 'Fundamental Data'}",EUR,1,TOPCS1600,MATRIX,1.0,0.963,0,0,1.1,[],fundamental8,Fundamental8,fundamental,Fundamental,fundamental-fundamental-data,Fundamental Data
fnd8_af_matrix_ff_capex_fix_assets,Capital Expenditure % Gross Fixed Assets,"{'id': 'fundamental8', 'name': 'Fundamental8'}","{'id': 'fundamental', 'name': 'Fundamental'}","{'id': 'fundamental-fundamental-data', 'name': 'Fundamental Data'}",EUR,1,TOPCS1600,MATRIX,1.0,0.819,0,0,1.1,[],fundamental8,Fundamental8,fundamental,Fundamental,fundamental-fundamental-data,Fundamental Data
fnd8_af_matrix_ff_capex_sales,No field description,"{'id': 'fundamental8', 'name': 'Fundamental8'}","{'id': 'fundamental', 'name': 'Fundamental'}","{'id': 'fundamental-fundamental-data', 'name': 'Fundamental Data'}",EUR,1,TOPCS1600,MATRIX,1.0,0.9581,0,0,1.1,[],fundamental8,Fundamental8,fundamental,Fundamental,fundamental-fundamental-data,Fundamental Data
fnd8_af_matrix_ff_cash_only,No field description,"{'id': 'fundamental8', 'name': 'Fundamental8'}","{'id': 'fundamental', 'name': 'Fundamental'}","{'id': 'fundamental-fundamental-data', 'name': 'Fundamental Data'}",EUR,1,TOPCS1600,MATRIX,1.0,0.831,0,0,1.1,[],fundamental8,Fundamental8,fundamental,Fundamental,fundamental-fundamental-data,Fundamental Data
fnd8_af_matrix_ff_cash_st,No field description,"{'id': 'fundamental8', 'name': 'Fundamental8'}","{'id': 'fundamental', 'name': 'Fundamental'}","{'id': 'fundamental-fundamental-data', 'name': 'Fundamental Data'}",EUR,1,TOPCS1600,MATRIX,1.0,0.8063,0,0,1.1,[],fundamental8,Fundamental8,fundamental,Fundamental,fundamental-fundamental-data,Fundamental Data
fnd8_af_matrix_ff_chg_cash_cf,No field description,"{'id': 'fundamental8', 'name': 'Fundamental8'}","{'id': 'fundamental', 'name': 'Fundamental'}","{'id': 'fundamental-fundamental-data', 'name': 'Fundamental Data'}",EUR,1,TOPCS1600,MATRIX,1.0,0.8881,0,0,1.1,[],fundamental8,Fundamental8,fundamental,Fundamental,fundamental-fundamental-data,Fundamental Data
fnd8_af_matrix_ff_cogs,No field description,"{'id': 'fundamental8', 'name': 'Fundamental8'}","{'id': 'fundamental', 'name': 'Fundamental'}","{'id': 'fundamental-fundamental-data', 'name': 'Fundamental Data'}",EUR,1,TOPCS1600,MATRIX,1.0,0.8404,0,0,1.1,[],fundamental8,Fundamental8,fundamental,Fundamental,fundamental-fundamental-data,Fundamental Data
fnd8_af_matrix_ff_com_eq_assets,No field description,"{'id': 'fundamental8', 'name': 'Fundamental8'}","{'id': 'fundamental', 'name': 'Fundamental'}","{'id': 'fundamental-fundamental-data', 'name': 'Fundamental Data'}",EUR,1,TOPCS1600,MATRIX,1.0,0.9674,0,0,1.1,[],fundamental8,Fundamental8,fundamental,Fundamental,fundamental-fundamental-data,Fundamental Data
fnd8_af_matrix_ff_com_shs_out,No field description,"{'id': 'fundamental8', 'name': 'Fundamental8'}","{'id': 'fundamental', 'name': 'Fundamental'}","{'id': 'fundamental-fundamental-data', 'name': 'Fundamental Data'}",EUR,1,TOPCS1600,MATRIX,1.0,0.9007,0,0,1.1,[],fundamental8,Fundamental8,fundamental,Fundamental,fundamental-fundamental-data,Fundamental Data
fnd8_af_matrix_ff_com_shs_out_eps,No field description,"{'id': 'fundamental8', 'name': 'Fundamental8'}","{'id': 'fundamental', 'name': 'Fundamental'}","{'id': 'fundamental-fundamental-data', 'name': 'Fundamental Data'}",EUR,1,TOPCS1600,MATRIX,1.0,0.896,0,0,1.1,[],fundamental8,Fundamental8,fundamental,Fundamental,fundamental-fundamental-data,Fundamental Data
fnd8_af_matrix_ff_com_shs_out_eps_basic,No field description,"{'id': 'fundamental8', 'name': 'Fundamental8'}","{'id': 'fundamental', 'name': 'Fundamental'}","{'id': 'fundamental-fundamental-data', 'name': 'Fundamental Data'}",EUR,1,TOPCS1600,MATRIX,1.0,0.8961,0,0,1.1,[],fundamental8,Fundamental8,fundamental,Fundamental,fundamental-fundamental-data,Fundamental Data
fnd8_af_matrix_ff_com_shs_out_eps_dil,No field description,"{'id': 'fundamental8', 'name': 'Fundamental8'}","{'id': 'fundamental', 'name': 'Fundamental'}","{'id': 'fundamental-fundamental-data', 'name': 'Fundamental Data'}",EUR,1,TOPCS1600,MATRIX,1.0,0.859,0,0,1.1,[],fundamental8,Fundamental8,fundamental,Fundamental,fundamental-fundamental-data,Fundamental Data
fnd8_af_matrix_ff_consol_net_inc,No field description,"{'id': 'fundamental8', 'name': 'Fundamental8'}","{'id': 'fundamental', 'name': 'Fundamental'}","{'id': 'fundamental-fundamental-data', 'name': 'Fundamental Data'}",EUR,1,TOPCS1600,MATRIX,1.0,0.9029,0,0,1.1,[],fundamental8,Fundamental8,fundamental,Fundamental,fundamental-fundamental-data,Fundamental Data
fnd8_af_matrix_ff_curr_ratio,No field description,"{'id': 'fundamental8', 'name': 'Fundamental8'}","{'id': 'fundamental', 'name': 'Fundamental'}","{'id': 'fundamental-fundamental-data', 'name': 'Fundamental Data'}",EUR,1,TOPCS1600,MATRIX,1.0,0.7924,0,0,1.1,[],fundamental8,Fundamental8,fundamental,Fundamental,fundamental-fundamental-data,Fundamental Data
fnd8_af_matrix_ff_debt,No field description,"{'id': 'fundamental8', 'name': 'Fundamental8'}","{'id': 'fundamental', 'name': 'Fundamental'}","{'id': 'fundamental-fundamental-data', 'name': 'Fundamental Data'}",EUR,1,TOPCS1600,MATRIX,1.0,0.8696,0,0,1.1,[],fundamental8,Fundamental8,fundamental,Fundamental,fundamental-fundamental-data,Fundamental Data
fnd8_af_matrix_ff_debt_assets,No field description,"{'id': 'fundamental8', 'name': 'Fundamental8'}","{'id': 'fundamental', 'name': 'Fundamental'}","{'id': 'fundamental-fundamental-data', 'name': 'Fundamental Data'}",EUR,1,TOPCS1600,MATRIX,1.0,0.9673,0,0,1.1,[],fundamental8,Fundamental8,fundamental,Fundamental,fundamental-fundamental-data,Fundamental Data
fnd8_af_matrix_ff_debt_cf,No field description,"{'id': 'fundamental8', 'name': 'Fundamental8'}","{'id': 'fundamental', 'name': 'Fundamental'}","{'id': 'fundamental-fundamental-data', 'name': 'Fundamental Data'}",EUR,1,TOPCS1600,MATRIX,1.0,0.9539,0,0,1.1,[],fundamental8,Fundamental8,fundamental,Fundamental,fundamental-fundamental-data,Fundamental Data
fnd8_af_matrix_ff_debt_ebitda_oper,No field description,"{'id': 'fundamental8', 'name': 'Fundamental8'}","{'id': 'fundamental', 'name': 'Fundamental'}","{'id': 'fundamental-fundamental-data', 'name': 'Fundamental Data'}",EUR,1,TOPCS1600,MATRIX,1.0,0.8282,0,0,1.1,[],fundamental8,Fundamental8,fundamental,Fundamental,fundamental-fundamental-data,Fundamental Data
fnd8_af_matrix_ff_debt_lt,No field description,"{'id': 'fundamental8', 'name': 'Fundamental8'}","{'id': 'fundamental', 'name': 'Fundamental'}","{'id': 'fundamental-fundamental-data', 'name': 'Fundamental Data'}",EUR,1,TOPCS1600,MATRIX,1.0,0.8477,0,0,1.1,[],fundamental8,Fundamental8,fundamental,Fundamental,fundamental-fundamental-data,Fundamental Data
fnd8_af_matrix_ff_debt_st,No field description,"{'id': 'fundamental8', 'name': 'Fundamental8'}","{'id': 'fundamental', 'name': 'Fundamental'}","{'id': 'fundamental-fundamental-data', 'name': 'Fundamental Data'}",EUR,1,TOPCS1600,MATRIX,1.0,0.8294,0,0,1.1,[],fundamental8,Fundamental8,fundamental,Fundamental,fundamental-fundamental-data,Fundamental Data
fnd8_af_matrix_ff_dep_accum_fix_assets,Accumulated Depreciation % Gross Fixed Assets,"{'id': 'fundamental8', 'name': 'Fundamental8'}","{'id': 'fundamental', 'name': 'Fundamental'}","{'id': 'fundamental-fundamental-data', 'name': 'Fundamental Data'}",EUR,1,TOPCS1600,MATRIX,1.0,0.8115,0,0,1.1,[],fundamental8,Fundamental8,fundamental,Fundamental,fundamental-fundamental-data,Fundamental Data
fnd8_af_matrix_ff_dfd_tax,No field description,"{'id': 'fundamental8', 'name': 'Fundamental8'}","{'id': 'fundamental', 'name': 'Fundamental'}","{'id': 'fundamental-fundamental-data', 'name': 'Fundamental Data'}",EUR,1,TOPCS1600,MATRIX,1.0,0.8567,0,0,1.1,[],fundamental8,Fundamental8,fundamental,Fundamental,fundamental-fundamental-data,Fundamental Data
fnd8_af_matrix_ff_dfd_tax_cr,No field description,"{'id': 'fundamental8', 'name': 'Fundamental8'}","{'id': 'fundamental', 'name': 'Fundamental'}","{'id': 'fundamental-fundamental-data', 'name': 'Fundamental Data'}",EUR,1,TOPCS1600,MATRIX,1.0,0.7787,0,0,1.1,[],fundamental8,Fundamental8,fundamental,Fundamental,fundamental-fundamental-data,Fundamental Data
fnd8_af_matrix_ff_dfd_tax_db,No field description,"{'id': 'fundamental8', 'name': 'Fundamental8'}","{'id': 'fundamental', 'name': 'Fundamental'}","{'id': 'fundamental-fundamental-data', 'name': 'Fundamental Data'}",EUR,1,TOPCS1600,MATRIX,1.0,0.7534,0,0,1.1,[],fundamental8,Fundamental8,fundamental,Fundamental,fundamental-fundamental-data,Fundamental Data
fnd8_af_matrix_ff_dfd_tax_itc,No field description,"{'id': 'fundamental8', 'name': 'Fundamental8'}","{'id': 'fundamental', 'name': 'Fundamental'}","{'id': 'fundamental-fundamental-data', 'name': 'Fundamental Data'}",EUR,1,TOPCS1600,MATRIX,1.0,0.8567,0,0,1.1,[],fundamental8,Fundamental8,fundamental,Fundamental,fundamental-fundamental-data,Fundamental Data
fnd8_af_matrix_ff_div_cf,No field description,"{'id': 'fundamental8', 'name': 'Fundamental8'}","{'id': 'fundamental', 'name': 'Fundamental'}","{'id': 'fundamental-fundamental-data', 'name': 'Fundamental Data'}",EUR,1,TOPCS1600,MATRIX,1.0,0.7689,0,0,1.1,[],fundamental8,Fundamental8,fundamental,Fundamental,fundamental-fundamental-data,Fundamental Data
fnd8_af_matrix_ff_div_pay_out_ps,No field description,"{'id': 'fundamental8', 'name': 'Fundamental8'}","{'id': 'fundamental', 'name': 'Fundamental'}","{'id': 'fundamental-fundamental-data', 'name': 'Fundamental Data'}",EUR,1,TOPCS1600,MATRIX,1.0,0.671,0,0,1.1,[],fundamental8,Fundamental8,fundamental,Fundamental,fundamental-fundamental-data,Fundamental Data
fnd8_af_matrix_ff_dps_gross,No field description,"{'id': 'fundamental8', 'name': 'Fundamental8'}","{'id': 'fundamental', 'name': 'Fundamental'}","{'id': 'fundamental-fundamental-data', 'name': 'Fundamental Data'}",EUR,1,TOPCS1600,MATRIX,1.0,0.7649,0,0,1.1,[],fundamental8,Fundamental8,fundamental,Fundamental,fundamental-fundamental-data,Fundamental Data
fnd8_af_matrix_ff_ebit_oper,No field description,"{'id': 'fundamental8', 'name': 'Fundamental8'}","{'id': 'fundamental', 'name': 'Fundamental'}","{'id': 'fundamental-fundamental-data', 'name': 'Fundamental Data'}",EUR,1,TOPCS1600,MATRIX,1.0,0.8626,0,0,1.1,[],fundamental8,Fundamental8,fundamental,Fundamental,fundamental-fundamental-data,Fundamental Data
fnd8_af_matrix_ff_ebit_oper_fix_chrg_covg,Fixed Charge Coverage Ratio,"{'id': 'fundamental8', 'name': 'Fundamental8'}","{'id': 'fundamental', 'name': 'Fundamental'}","{'id': 'fundamental-fundamental-data', 'name': 'Fundamental Data'}",EUR,1,TOPCS1600,MATRIX,1.0,0.839,0,0,1.1,[],fundamental8,Fundamental8,fundamental,Fundamental,fundamental-fundamental-data,Fundamental Data
fnd8_af_matrix_ff_ebit_oper_ps,No field description,"{'id': 'fundamental8', 'name': 'Fundamental8'}","{'id': 'fundamental', 'name': 'Fundamental'}","{'id': 'fundamental-fundamental-data', 'name': 'Fundamental Data'}",EUR,1,TOPCS1600,MATRIX,1.0,0.7992,0,0,1.1,[],fundamental8,Fundamental8,fundamental,Fundamental,fundamental-fundamental-data,Fundamental Data
fnd8_af_matrix_ff_ebitda_oper,No field description,"{'id': 'fundamental8', 'name': 'Fundamental8'}","{'id': 'fundamental', 'name': 'Fundamental'}","{'id': 'fundamental-fundamental-data', 'name': 'Fundamental Data'}",EUR,1,TOPCS1600,MATRIX,1.0,0.8606,0,0,1.1,[],fundamental8,Fundamental8,fundamental,Fundamental,fundamental-fundamental-data,Fundamental Data
fnd8_af_matrix_ff_entrpr_val,No field description,"{'id': 'fundamental8', 'name': 'Fundamental8'}","{'id': 'fundamental', 'name': 'Fundamental'}","{'id': 'fundamental-fundamental-data', 'name': 'Fundamental Data'}",EUR,1,TOPCS1600,MATRIX,1.0,0.9492,0,0,1.1,[],fundamental8,Fundamental8,fundamental,Fundamental,fundamental-fundamental-data,Fundamental Data
fnd8_af_matrix_ff_eps_basic,No field description,"{'id': 'fundamental8', 'name': 'Fundamental8'}","{'id': 'fundamental', 'name': 'Fundamental'}","{'id': 'fundamental-fundamental-data', 'name': 'Fundamental Data'}",EUR,1,TOPCS1600,MATRIX,1.0,0.8972,0,0,1.1,[],fundamental8,Fundamental8,fundamental,Fundamental,fundamental-fundamental-data,Fundamental Data
fnd8_af_matrix_ff_eps_dil_bef_unusual,No field description,"{'id': 'fundamental8', 'name': 'Fundamental8'}","{'id': 'fundamental', 'name': 'Fundamental'}","{'id': 'fundamental-fundamental-data', 'name': 'Fundamental Data'}",EUR,1,TOPCS1600,MATRIX,1.0,0.921,0,0,1.1,[],fundamental8,Fundamental8,fundamental,Fundamental,fundamental-fundamental-data,Fundamental Data
fnd8_af_matrix_ff_eps_reported,No field description,"{'id': 'fundamental8', 'name': 'Fundamental8'}","{'id': 'fundamental', 'name': 'Fundamental'}","{'id': 'fundamental-fundamental-data', 'name': 'Fundamental Data'}",EUR,1,TOPCS1600,MATRIX,1.0,0.8747,0,0,1.1,[],fundamental8,Fundamental8,fundamental,Fundamental,fundamental-fundamental-data,Fundamental Data
fnd8_af_matrix_ff_eq_tot,No field description,"{'id': 'fundamental8', 'name': 'Fundamental8'}","{'id': 'fundamental', 'name': 'Fundamental'}","{'id': 'fundamental-fundamental-data', 'name': 'Fundamental Data'}",EUR,1,TOPCS1600,MATRIX,1.0,0.903,0,0,1.1,[],fundamental8,Fundamental8,fundamental,Fundamental,fundamental-fundamental-data,Fundamental Data
fnd8_af_matrix_ff_exp_tot,No field description,"{'id': 'fundamental8', 'name': 'Fundamental8'}","{'id': 'fundamental', 'name': 'Fundamental'}","{'id': 'fundamental-fundamental-data', 'name': 'Fundamental Data'}",EUR,1,TOPCS1600,MATRIX,1.0,0.8997,0,0,1.1,[],fundamental8,Fundamental8,fundamental,Fundamental,fundamental-fundamental-data,Fundamental Data
fnd8_af_matrix_ff_fin_activ_oth_cf,No field description,"{'id': 'fundamental8', 'name': 'Fundamental8'}","{'id': 'fundamental', 'name': 'Fundamental'}","{'id': 'fundamental-fundamental-data', 'name': 'Fundamental Data'}",EUR,1,TOPCS1600,MATRIX,1.0,0.943,0,0,1.1,[],fundamental8,Fundamental8,fundamental,Fundamental,fundamental-fundamental-data,Fundamental Data
fnd8_af_matrix_ff_fin_cf,No field description,"{'id': 'fundamental8', 'name': 'Fundamental8'}","{'id': 'fundamental', 'name': 'Fundamental'}","{'id': 'fundamental-fundamental-data', 'name': 'Fundamental Data'}",EUR,1,TOPCS1600,MATRIX,1.0,0.9658,0,0,1.1,[],fundamental8,Fundamental8,fundamental,Fundamental,fundamental-fundamental-data,Fundamental Data
fnd8_af_matrix_ff_fix_assets_com_eq,Fixed Assets % Common Equity,"{'id': 'fundamental8', 'name': 'Fundamental8'}","{'id': 'fundamental', 'name': 'Fundamental'}","{'id': 'fundamental-fundamental-data', 'name': 'Fundamental Data'}",EUR,1,TOPCS1600,MATRIX,1.0,0.9555,0,0,1.1,[],fundamental8,Fundamental8,fundamental,Fundamental,fundamental-fundamental-data,Fundamental Data
fnd8_af_matrix_ff_for_asset_turn,Foreign Asset Turnover,"{'id': 'fundamental8', 'name': 'Fundamental8'}","{'id': 'fundamental', 'name': 'Fundamental'}","{'id': 'fundamental-fundamental-data', 'name': 'Fundamental Data'}",EUR,1,TOPCS1600,MATRIX,1.0,0.6274,0,0,1.1,[],fundamental8,Fundamental8,fundamental,Fundamental,fundamental-fundamental-data,Fundamental Data
fnd8_af_matrix_ff_for_assets_pct,Foreign Assets % Total Assets,"{'id': 'fundamental8', 'name': 'Fundamental8'}","{'id': 'fundamental', 'name': 'Fundamental'}","{'id': 'fundamental-fundamental-data', 'name': 'Fundamental Data'}",EUR,1,TOPCS1600,MATRIX,1.0,0.7758,0,0,1.1,[],fundamental8,Fundamental8,fundamental,Fundamental,fundamental-fundamental-data,Fundamental Data
fnd8_af_matrix_ff_for_exch_cf,No field description,"{'id': 'fundamental8', 'name': 'Fundamental8'}","{'id': 'fundamental', 'name': 'Fundamental'}","{'id': 'fundamental-fundamental-data', 'name': 'Fundamental Data'}",EUR,1,TOPCS1600,MATRIX,1.0,0.6666,0,0,1.1,[],fundamental8,Fundamental8,fundamental,Fundamental,fundamental-fundamental-data,Fundamental Data
fnd8_af_matrix_ff_for_inc_pct,Foreign Income % Total Income,"{'id': 'fundamental8', 'name': 'Fundamental8'}","{'id': 'fundamental', 'name': 'Fundamental'}","{'id': 'fundamental-fundamental-data', 'name': 'Fundamental Data'}",EUR,1,TOPCS1600,MATRIX,1.0,0.4283,0,0,1.1,[],fundamental8,Fundamental8,fundamental,Fundamental,fundamental-fundamental-data,Fundamental Data
fnd8_af_matrix_ff_for_net_mgn,Foreign Income Margin,"{'id': 'fundamental8', 'name': 'Fundamental8'}","{'id': 'fundamental', 'name': 'Fundamental'}","{'id': 'fundamental-fundamental-data', 'name': 'Fundamental Data'}",EUR,1,TOPCS1600,MATRIX,1.0,0.2822,0,0,1.1,[],fundamental8,Fundamental8,fundamental,Fundamental,fundamental-fundamental-data,Fundamental Data
fnd8_af_matrix_ff_for_sales_pct,Foreign Sales % Total Sales,"{'id': 'fundamental8', 'name': 'Fundamental8'}","{'id': 'fundamental', 'name': 'Fundamental'}","{'id': 'fundamental-fundamental-data', 'name': 'Fundamental Data'}",EUR,1,TOPCS1600,MATRIX,1.0,0.9435,0,0,1.1,[],fundamental8,Fundamental8,fundamental,Fundamental,fundamental-fundamental-data,Fundamental Data
fnd8_af_matrix_ff_free_cf_minus_div,No field description,"{'id': 'fundamental8', 'name': 'Fundamental8'}","{'id': 'fundamental', 'name': 'Fundamental'}","{'id': 'fundamental-fundamental-data', 'name': 'Fundamental Data'}",EUR,1,TOPCS1600,MATRIX,1.0,0.9576,0,0,1.1,[],fundamental8,Fundamental8,fundamental,Fundamental,fundamental-fundamental-data,Fundamental Data
fnd8_af_matrix_ff_funds_oper_gross,No field description,"{'id': 'fundamental8', 'name': 'Fundamental8'}","{'id': 'fundamental', 'name': 'Fundamental'}","{'id': 'fundamental-fundamental-data', 'name': 'Fundamental Data'}",EUR,1,TOPCS1600,MATRIX,1.0,0.9021,0,0,1.1,[],fundamental8,Fundamental8,fundamental,Fundamental,fundamental-fundamental-data,Fundamental Data
fnd8_af_matrix_ff_fy_length_days,No field description,"{'id': 'fundamental8', 'name': 'Fundamental8'}","{'id': 'fundamental', 'name': 'Fundamental'}","{'id': 'fundamental-fundamental-data', 'name': 'Fundamental Data'}",EUR,1,TOPCS1600,MATRIX,1.0,0.8998,0,0,1.1,[],fundamental8,Fundamental8,fundamental,Fundamental,fundamental-fundamental-data,Fundamental Data
fnd8_af_matrix_ff_gross_inc,No field description,"{'id': 'fundamental8', 'name': 'Fundamental8'}","{'id': 'fundamental', 'name': 'Fundamental'}","{'id': 'fundamental-fundamental-data', 'name': 'Fundamental Data'}",EUR,1,TOPCS1600,MATRIX,1.0,0.7851,0,0,1.1,[],fundamental8,Fundamental8,fundamental,Fundamental,fundamental-fundamental-data,Fundamental Data
fnd8_af_matrix_ff_gross_mgn,No field description,"{'id': 'fundamental8', 'name': 'Fundamental8'}","{'id': 'fundamental', 'name': 'Fundamental'}","{'id': 'fundamental-fundamental-data', 'name': 'Fundamental Data'}",EUR,1,TOPCS1600,MATRIX,1.0,0.8369,0,0,1.1,[],fundamental8,Fundamental8,fundamental,Fundamental,fundamental-fundamental-data,Fundamental Data
fnd8_af_matrix_ff_inc_tax,No field description,"{'id': 'fundamental8', 'name': 'Fundamental8'}","{'id': 'fundamental', 'name': 'Fundamental'}","{'id': 'fundamental-fundamental-data', 'name': 'Fundamental Data'}",EUR,1,TOPCS1600,MATRIX,1.0,0.8917,0,0,1.1,[],fundamental8,Fundamental8,fundamental,Fundamental,fundamental-fundamental-data,Fundamental Data
fnd8_af_matrix_ff_inc_tax_curr,Income Tax -Current -Total,"{'id': 'fundamental8', 'name': 'Fundamental8'}","{'id': 'fundamental', 'name': 'Fundamental'}","{'id': 'fundamental-fundamental-data', 'name': 'Fundamental Data'}",EUR,1,TOPCS1600,MATRIX,1.0,0.9127,0,0,1.1,[],fundamental8,Fundamental8,fundamental,Fundamental,fundamental-fundamental-data,Fundamental Data
fnd8_af_matrix_ff_inc_tax_dfd,Deferred Income Taxes,"{'id': 'fundamental8', 'name': 'Fundamental8'}","{'id': 'fundamental', 'name': 'Fundamental'}","{'id': 'fundamental-fundamental-data', 'name': 'Fundamental Data'}",EUR,1,TOPCS1600,MATRIX,1.0,0.901,0,0,1.1,[],fundamental8,Fundamental8,fundamental,Fundamental,fundamental-fundamental-data,Fundamental Data
fnd8_af_matrix_ff_int_exp_net,No field description,"{'id': 'fundamental8', 'name': 'Fundamental8'}","{'id': 'fundamental', 'name': 'Fundamental'}","{'id': 'fundamental-fundamental-data', 'name': 'Fundamental Data'}",EUR,1,TOPCS1600,MATRIX,1.0,0.9582,0,0,1.1,[],fundamental8,Fundamental8,fundamental,Fundamental,fundamental-fundamental-data,Fundamental Data
fnd8_af_matrix_ff_intang,No field description,"{'id': 'fundamental8', 'name': 'Fundamental8'}","{'id': 'fundamental', 'name': 'Fundamental'}","{'id': 'fundamental-fundamental-data', 'name': 'Fundamental Data'}",EUR,1,TOPCS1600,MATRIX,1.0,0.8542,0,0,1.1,[],fundamental8,Fundamental8,fundamental,Fundamental,fundamental-fundamental-data,Fundamental Data
fnd8_af_matrix_ff_invest_activ_cf,No field description,"{'id': 'fundamental8', 'name': 'Fundamental8'}","{'id': 'fundamental', 'name': 'Fundamental'}","{'id': 'fundamental-fundamental-data', 'name': 'Fundamental Data'}",EUR,1,TOPCS1600,MATRIX,1.0,0.3248,0,0,1.1,[],fundamental8,Fundamental8,fundamental,Fundamental,fundamental-fundamental-data,Fundamental Data
fnd8_af_matrix_ff_invest_adv,No field description,"{'id': 'fundamental8', 'name': 'Fundamental8'}","{'id': 'fundamental', 'name': 'Fundamental'}","{'id': 'fundamental-fundamental-data', 'name': 'Fundamental Data'}",EUR,1,TOPCS1600,MATRIX,1.0,0.9644,0,0,1.1,[],fundamental8,Fundamental8,fundamental,Fundamental,fundamental-fundamental-data,Fundamental Data
fnd8_af_matrix_ff_invest_aff,No field description,"{'id': 'fundamental8', 'name': 'Fundamental8'}","{'id': 'fundamental', 'name': 'Fundamental'}","{'id': 'fundamental-fundamental-data', 'name': 'Fundamental Data'}",EUR,1,TOPCS1600,MATRIX,1.0,0.6705,0,0,1.1,[],fundamental8,Fundamental8,fundamental,Fundamental,fundamental-fundamental-data,Fundamental Data
fnd8_af_matrix_ff_invest_cf,No field description,"{'id': 'fundamental8', 'name': 'Fundamental8'}","{'id': 'fundamental', 'name': 'Fundamental'}","{'id': 'fundamental-fundamental-data', 'name': 'Fundamental Data'}",EUR,1,TOPCS1600,MATRIX,1.0,0.9651,0,0,1.1,[],fundamental8,Fundamental8,fundamental,Fundamental,fundamental-fundamental-data,Fundamental Data
fnd8_af_matrix_ff_invest_purch_sale_cf,No field description,"{'id': 'fundamental8', 'name': 'Fundamental8'}","{'id': 'fundamental', 'name': 'Fundamental'}","{'id': 'fundamental-fundamental-data', 'name': 'Fundamental Data'}",EUR,1,TOPCS1600,MATRIX,1.0,0.9466,0,0,1.1,[],fundamental8,Fundamental8,fundamental,Fundamental,fundamental-fundamental-data,Fundamental Data
fnd8_af_matrix_ff_invest_sources_cf,No field description,"{'id': 'fundamental8', 'name': 'Fundamental8'}","{'id': 'fundamental', 'name': 'Fundamental'}","{'id': 'fundamental-fundamental-data', 'name': 'Fundamental Data'}",EUR,1,TOPCS1600,MATRIX,1.0,0.3607,0,0,1.1,[],fundamental8,Fundamental8,fundamental,Fundamental,fundamental-fundamental-data,Fundamental Data
fnd8_af_matrix_ff_invest_uses_cf,No field description,"{'id': 'fundamental8', 'name': 'Fundamental8'}","{'id': 'fundamental', 'name': 'Fundamental'}","{'id': 'fundamental-fundamental-data', 'name': 'Fundamental Data'}",EUR,1,TOPCS1600,MATRIX,1.0,0.9282,0,0,1.1,[],fundamental8,Fundamental8,fundamental,Fundamental,fundamental-fundamental-data,Fundamental Data
fnd8_af_matrix_ff_liabs_curr,No field description,"{'id': 'fundamental8', 'name': 'Fundamental8'}","{'id': 'fundamental', 'name': 'Fundamental'}","{'id': 'fundamental-fundamental-data', 'name': 'Fundamental Data'}",EUR,1,TOPCS1600,MATRIX,1.0,0.7443,0,0,1.1,[],fundamental8,Fundamental8,fundamental,Fundamental,fundamental-fundamental-data,Fundamental Data
fnd8_af_matrix_ff_liabs_curr_oth,No field description,"{'id': 'fundamental8', 'name': 'Fundamental8'}","{'id': 'fundamental', 'name': 'Fundamental'}","{'id': 'fundamental-fundamental-data', 'name': 'Fundamental Data'}",EUR,1,TOPCS1600,MATRIX,1.0,0.8002,0,0,1.1,[],fundamental8,Fundamental8,fundamental,Fundamental,fundamental-fundamental-data,Fundamental Data
fnd8_af_matrix_ff_liabs_xmin_int_accum,No field description,"{'id': 'fundamental8', 'name': 'Fundamental8'}","{'id': 'fundamental', 'name': 'Fundamental'}","{'id': 'fundamental-fundamental-data', 'name': 'Fundamental Data'}",EUR,1,TOPCS1600,MATRIX,1.0,0.8997,0,0,1.1,[],fundamental8,Fundamental8,fundamental,Fundamental,fundamental-fundamental-data,Fundamental Data
fnd8_af_matrix_ff_min_int_accum,No field description,"{'id': 'fundamental8', 'name': 'Fundamental8'}","{'id': 'fundamental', 'name': 'Fundamental'}","{'id': 'fundamental-fundamental-data', 'name': 'Fundamental Data'}",EUR,1,TOPCS1600,MATRIX,1.0,0.6539,0,0,1.1,[],fundamental8,Fundamental8,fundamental,Fundamental,fundamental-fundamental-data,Fundamental Data
fnd8_af_matrix_ff_min_int_exp,No field description,"{'id': 'fundamental8', 'name': 'Fundamental8'}","{'id': 'fundamental', 'name': 'Fundamental'}","{'id': 'fundamental-fundamental-data', 'name': 'Fundamental Data'}",EUR,1,TOPCS1600,MATRIX,1.0,0.6359,0,0,1.1,[],fundamental8,Fundamental8,fundamental,Fundamental,fundamental-fundamental-data,Fundamental Data
fnd8_af_matrix_ff_misc_funds_cf,No field description,"{'id': 'fundamental8', 'name': 'Fundamental8'}","{'id': 'fundamental', 'name': 'Fundamental'}","{'id': 'fundamental-fundamental-data', 'name': 'Fundamental Data'}",EUR,1,TOPCS1600,MATRIX,1.0,0.96,0,0,1.1,[],fundamental8,Fundamental8,fundamental,Fundamental,fundamental-fundamental-data,Fundamental Data
fnd8_af_matrix_ff_mkt_val,No field description,"{'id': 'fundamental8', 'name': 'Fundamental8'}","{'id': 'fundamental', 'name': 'Fundamental'}","{'id': 'fundamental-fundamental-data', 'name': 'Fundamental Data'}",EUR,1,TOPCS1600,MATRIX,1.0,0.9492,0,0,1.1,[],fundamental8,Fundamental8,fundamental,Fundamental,fundamental-fundamental-data,Fundamental Data
fnd8_af_matrix_ff_mkt_val_public,Market Capitalization -Public,"{'id': 'fundamental8', 'name': 'Fundamental8'}","{'id': 'fundamental', 'name': 'Fundamental'}","{'id': 'fundamental-fundamental-data', 'name': 'Fundamental Data'}",EUR,1,TOPCS1600,MATRIX,1.0,0.7836,0,0,1.1,[],fundamental8,Fundamental8,fundamental,Fundamental,fundamental-fundamental-data,Fundamental Data
fnd8_af_matrix_ff_net_debt,No field description,"{'id': 'fundamental8', 'name': 'Fundamental8'}","{'id': 'fundamental', 'name': 'Fundamental'}","{'id': 'fundamental-fundamental-data', 'name': 'Fundamental Data'}",EUR,1,TOPCS1600,MATRIX,1.0,0.9665,0,0,1.1,[],fundamental8,Fundamental8,fundamental,Fundamental,fundamental-fundamental-data,Fundamental Data
fnd8_af_matrix_ff_net_inc,No field description,"{'id': 'fundamental8', 'name': 'Fundamental8'}","{'id': 'fundamental', 'name': 'Fundamental'}","{'id': 'fundamental-fundamental-data', 'name': 'Fundamental Data'}",EUR,1,TOPCS1600,MATRIX,1.0,0.9677,0,0,1.1,[],fundamental8,Fundamental8,fundamental,Fundamental,fundamental-fundamental-data,Fundamental Data
fnd8_af_matrix_ff_net_inc_aft_xord,No field description,"{'id': 'fundamental8', 'name': 'Fundamental8'}","{'id': 'fundamental', 'name': 'Fundamental'}","{'id': 'fundamental-fundamental-data', 'name': 'Fundamental Data'}",EUR,1,TOPCS1600,MATRIX,1.0,0.9677,0,0,1.1,[],fundamental8,Fundamental8,fundamental,Fundamental,fundamental-fundamental-data,Fundamental Data
fnd8_af_matrix_ff_net_inc_basic,No field description,"{'id': 'fundamental8', 'name': 'Fundamental8'}","{'id': 'fundamental', 'name': 'Fundamental'}","{'id': 'fundamental-fundamental-data', 'name': 'Fundamental Data'}",EUR,1,TOPCS1600,MATRIX,1.0,0.9677,0,0,1.1,[],fundamental8,Fundamental8,fundamental,Fundamental,fundamental-fundamental-data,Fundamental Data
fnd8_af_matrix_ff_net_inc_cf,No field description,"{'id': 'fundamental8', 'name': 'Fundamental8'}","{'id': 'fundamental', 'name': 'Fundamental'}","{'id': 'fundamental-fundamental-data', 'name': 'Fundamental Data'}",EUR,1,TOPCS1600,MATRIX,1.0,0.794,0,0,1.1,[],fundamental8,Fundamental8,fundamental,Fundamental,fundamental-fundamental-data,Fundamental Data
fnd8_af_matrix_ff_net_inc_per_emp,Net Income/Employee -Most Recent Fy,"{'id': 'fundamental8', 'name': 'Fundamental8'}","{'id': 'fundamental', 'name': 'Fundamental'}","{'id': 'fundamental-fundamental-data', 'name': 'Fundamental Data'}",EUR,1,TOPCS1600,MATRIX,1.0,0.9322,0,0,1.1,[],fundamental8,Fundamental8,fundamental,Fundamental,fundamental-fundamental-data,Fundamental Data
fnd8_af_matrix_ff_net_income,No field description,"{'id': 'fundamental8', 'name': 'Fundamental8'}","{'id': 'fundamental', 'name': 'Fundamental'}","{'id': 'fundamental-fundamental-data', 'name': 'Fundamental Data'}",EUR,1,TOPCS1600,MATRIX,1.0,0.9029,0,0,1.1,[],fundamental8,Fundamental8,fundamental,Fundamental,fundamental-fundamental-data,Fundamental Data
fnd8_af_matrix_ff_net_mgn,No field description,"{'id': 'fundamental8', 'name': 'Fundamental8'}","{'id': 'fundamental', 'name': 'Fundamental'}","{'id': 'fundamental-fundamental-data', 'name': 'Fundamental Data'}",EUR,1,TOPCS1600,MATRIX,1.0,0.9621,0,0,1.1,[],fundamental8,Fundamental8,fundamental,Fundamental,fundamental-fundamental-data,Fundamental Data
fnd8_af_matrix_ff_non_cash,No field description,"{'id': 'fundamental8', 'name': 'Fundamental8'}","{'id': 'fundamental', 'name': 'Fundamental'}","{'id': 'fundamental-fundamental-data', 'name': 'Fundamental Data'}",EUR,1,TOPCS1600,MATRIX,1.0,0.7973,0,0,1.1,[],fundamental8,Fundamental8,fundamental,Fundamental,fundamental-fundamental-data,Fundamental Data
fnd8_af_matrix_ff_non_oper_inc,No field description,"{'id': 'fundamental8', 'name': 'Fundamental8'}","{'id': 'fundamental', 'name': 'Fundamental'}","{'id': 'fundamental-fundamental-data', 'name': 'Fundamental Data'}",EUR,1,TOPCS1600,MATRIX,1.0,0.9668,0,0,1.1,[],fundamental8,Fundamental8,fundamental,Fundamental,fundamental-fundamental-data,Fundamental Data
fnd8_af_matrix_ff_notes_receiv_lt,No field description,"{'id': 'fundamental8', 'name': 'Fundamental8'}","{'id': 'fundamental', 'name': 'Fundamental'}","{'id': 'fundamental-fundamental-data', 'name': 'Fundamental Data'}",EUR,1,TOPCS1600,MATRIX,1.0,0.499,0,0,1.1,[],fundamental8,Fundamental8,fundamental,Fundamental,fundamental-fundamental-data,Fundamental Data
fnd8_af_matrix_ff_oper_cf,No field description,"{'id': 'fundamental8', 'name': 'Fundamental8'}","{'id': 'fundamental', 'name': 'Fundamental'}","{'id': 'fundamental-fundamental-data', 'name': 'Fundamental Data'}",EUR,1,TOPCS1600,MATRIX,1.0,0.9603,0,0,1.1,[],fundamental8,Fundamental8,fundamental,Fundamental,fundamental-fundamental-data,Fundamental Data
fnd8_af_matrix_ff_oper_cf_fix_chrg,Operating Cash Flow To Fixed Charges (Interest & Dividend),"{'id': 'fundamental8', 'name': 'Fundamental8'}","{'id': 'fundamental', 'name': 'Fundamental'}","{'id': 'fundamental-fundamental-data', 'name': 'Fundamental Data'}",EUR,1,TOPCS1600,MATRIX,1.0,0.9356,0,0,1.1,[],fundamental8,Fundamental8,fundamental,Fundamental,fundamental-fundamental-data,Fundamental Data
fnd8_af_matrix_ff_oper_exp_oth,No field description,"{'id': 'fundamental8', 'name': 'Fundamental8'}","{'id': 'fundamental', 'name': 'Fundamental'}","{'id': 'fundamental-fundamental-data', 'name': 'Fundamental Data'}",EUR,1,TOPCS1600,MATRIX,1.0,0.5768,0,0,1.1,[],fundamental8,Fundamental8,fundamental,Fundamental,fundamental-fundamental-data,Fundamental Data
fnd8_af_matrix_ff_oper_exp_tot,No field description,"{'id': 'fundamental8', 'name': 'Fundamental8'}","{'id': 'fundamental', 'name': 'Fundamental'}","{'id': 'fundamental-fundamental-data', 'name': 'Fundamental Data'}",EUR,1,TOPCS1600,MATRIX,1.0,0.8997,0,0,1.1,[],fundamental8,Fundamental8,fundamental,Fundamental,fundamental-fundamental-data,Fundamental Data
fnd8_af_matrix_ff_oper_inc,No field description,"{'id': 'fundamental8', 'name': 'Fundamental8'}","{'id': 'fundamental', 'name': 'Fundamental'}","{'id': 'fundamental-fundamental-data', 'name': 'Fundamental Data'}",EUR,1,TOPCS1600,MATRIX,1.0,0.8993,0,0,1.1,[],fundamental8,Fundamental8,fundamental,Fundamental,fundamental-fundamental-data,Fundamental Data
fnd8_af_matrix_ff_oper_mgn,No field description,"{'id': 'fundamental8', 'name': 'Fundamental8'}","{'id': 'fundamental', 'name': 'Fundamental'}","{'id': 'fundamental-fundamental-data', 'name': 'Fundamental Data'}",EUR,1,TOPCS1600,MATRIX,1.0,0.9598,0,0,1.1,[],fundamental8,Fundamental8,fundamental,Fundamental,fundamental-fundamental-data,Fundamental Data
fnd8_af_matrix_ff_pay_acct,No field description,"{'id': 'fundamental8', 'name': 'Fundamental8'}","{'id': 'fundamental', 'name': 'Fundamental'}","{'id': 'fundamental-fundamental-data', 'name': 'Fundamental Data'}",EUR,1,TOPCS1600,MATRIX,1.0,0.7393,0,0,1.1,[],fundamental8,Fundamental8,fundamental,Fundamental,fundamental-fundamental-data,Fundamental Data
fnd8_af_matrix_ff_pay_out_ratio,No field description,"{'id': 'fundamental8', 'name': 'Fundamental8'}","{'id': 'fundamental', 'name': 'Fundamental'}","{'id': 'fundamental-fundamental-data', 'name': 'Fundamental Data'}",EUR,1,TOPCS1600,MATRIX,1.0,0.8551,0,0,1.1,[],fundamental8,Fundamental8,fundamental,Fundamental,fundamental-fundamental-data,Fundamental Data
fnd8_af_matrix_ff_pay_tax,No field description,"{'id': 'fundamental8', 'name': 'Fundamental8'}","{'id': 'fundamental', 'name': 'Fundamental'}","{'id': 'fundamental-fundamental-data', 'name': 'Fundamental Data'}",EUR,1,TOPCS1600,MATRIX,1.0,0.7026,0,0,1.1,[],fundamental8,Fundamental8,fundamental,Fundamental,fundamental-fundamental-data,Fundamental Data
fnd8_af_matrix_ff_ppe_net,No field description,"{'id': 'fundamental8', 'name': 'Fundamental8'}","{'id': 'fundamental', 'name': 'Fundamental'}","{'id': 'fundamental-fundamental-data', 'name': 'Fundamental Data'}",EUR,1,TOPCS1600,MATRIX,1.0,0.8973,0,0,1.1,[],fundamental8,Fundamental8,fundamental,Fundamental,fundamental-fundamental-data,Fundamental Data
fnd8_af_matrix_ff_ppe_net_bldg,"Net Property, Plant & Equipment - Buildings","{'id': 'fundamental8', 'name': 'Fundamental8'}","{'id': 'fundamental', 'name': 'Fundamental'}","{'id': 'fundamental-fundamental-data', 'name': 'Fundamental Data'}",EUR,1,TOPCS1600,MATRIX,1.0,0.6903,0,0,1.1,[],fundamental8,Fundamental8,fundamental,Fundamental,fundamental-fundamental-data,Fundamental Data
fnd8_af_matrix_ff_ppe_net_equip,"Net Property, Plant & Equipment - Machinery & Equipment","{'id': 'fundamental8', 'name': 'Fundamental8'}","{'id': 'fundamental', 'name': 'Fundamental'}","{'id': 'fundamental-fundamental-data', 'name': 'Fundamental Data'}",EUR,1,TOPCS1600,MATRIX,1.0,0.6428,0,0,1.1,[],fundamental8,Fundamental8,fundamental,Fundamental,fundamental-fundamental-data,Fundamental Data
fnd8_af_matrix_ff_ppe_net_oth,"Net Property, Plant & Equipment - Other Property, Plant, & Equip","{'id': 'fundamental8', 'name': 'Fundamental8'}","{'id': 'fundamental', 'name': 'Fundamental'}","{'id': 'fundamental-fundamental-data', 'name': 'Fundamental Data'}",EUR,1,TOPCS1600,MATRIX,1.0,0.6276,0,0,1.1,[],fundamental8,Fundamental8,fundamental,Fundamental,fundamental-fundamental-data,Fundamental Data
fnd8_af_matrix_ff_price_close_fp,No field description,"{'id': 'fundamental8', 'name': 'Fundamental8'}","{'id': 'fundamental', 'name': 'Fundamental'}","{'id': 'fundamental-fundamental-data', 'name': 'Fundamental Data'}",EUR,1,TOPCS1600,MATRIX,1.0,0.887,0,0,1.1,[],fundamental8,Fundamental8,fundamental,Fundamental,fundamental-fundamental-data,Fundamental Data
fnd8_af_matrix_ff_prov_risk,No field description,"{'id': 'fundamental8', 'name': 'Fundamental8'}","{'id': 'fundamental', 'name': 'Fundamental'}","{'id': 'fundamental-fundamental-data', 'name': 'Fundamental Data'}",EUR,1,TOPCS1600,MATRIX,1.0,0.8127,0,0,1.1,[],fundamental8,Fundamental8,fundamental,Fundamental,fundamental-fundamental-data,Fundamental Data
fnd8_af_matrix_ff_psales,No field description,"{'id': 'fundamental8', 'name': 'Fundamental8'}","{'id': 'fundamental', 'name': 'Fundamental'}","{'id': 'fundamental-fundamental-data', 'name': 'Fundamental Data'}",EUR,1,TOPCS1600,MATRIX,1.0,0.9389,0,0,1.1,[],fundamental8,Fundamental8,fundamental,Fundamental,fundamental-fundamental-data,Fundamental Data
fnd8_af_matrix_ff_quick_ratio,No field description,"{'id': 'fundamental8', 'name': 'Fundamental8'}","{'id': 'fundamental', 'name': 'Fundamental'}","{'id': 'fundamental-fundamental-data', 'name': 'Fundamental Data'}",EUR,1,TOPCS1600,MATRIX,1.0,0.7738,0,0,1.1,[],fundamental8,Fundamental8,fundamental,Fundamental,fundamental-fundamental-data,Fundamental Data
fnd8_af_matrix_ff_re_invest,Real Estate Investment,"{'id': 'fundamental8', 'name': 'Fundamental8'}","{'id': 'fundamental', 'name': 'Fundamental'}","{'id': 'fundamental-fundamental-data', 'name': 'Fundamental Data'}",EUR,1,TOPCS1600,MATRIX,1.0,0.9677,0,0,1.1,[],fundamental8,Fundamental8,fundamental,Fundamental,fundamental-fundamental-data,Fundamental Data
fnd8_af_matrix_ff_receiv_tot,No field description,"{'id': 'fundamental8', 'name': 'Fundamental8'}","{'id': 'fundamental', 'name': 'Fundamental'}","{'id': 'fundamental-fundamental-data', 'name': 'Fundamental Data'}",EUR,1,TOPCS1600,MATRIX,1.0,0.8031,0,0,1.1,[],fundamental8,Fundamental8,fundamental,Fundamental,fundamental-fundamental-data,Fundamental Data
fnd8_af_matrix_ff_roe,No field description,"{'id': 'fundamental8', 'name': 'Fundamental8'}","{'id': 'fundamental', 'name': 'Fundamental'}","{'id': 'fundamental-fundamental-data', 'name': 'Fundamental Data'}",EUR,1,TOPCS1600,MATRIX,1.0,0.9546,0,0,1.1,[],fundamental8,Fundamental8,fundamental,Fundamental,fundamental-fundamental-data,Fundamental Data
fnd8_af_matrix_ff_rotc,No field description,"{'id': 'fundamental8', 'name': 'Fundamental8'}","{'id': 'fundamental', 'name': 'Fundamental'}","{'id': 'fundamental-fundamental-data', 'name': 'Fundamental Data'}",EUR,1,TOPCS1600,MATRIX,1.0,0.9625,0,0,1.1,[],fundamental8,Fundamental8,fundamental,Fundamental,fundamental-fundamental-data,Fundamental Data
fnd8_af_matrix_ff_sale_assets_bus_cf,No field description,"{'id': 'fundamental8', 'name': 'Fundamental8'}","{'id': 'fundamental', 'name': 'Fundamental'}","{'id': 'fundamental-fundamental-data', 'name': 'Fundamental Data'}",EUR,1,TOPCS1600,MATRIX,1.0,0.7509,0,0,1.1,[],fundamental8,Fundamental8,fundamental,Fundamental,fundamental-fundamental-data,Fundamental Data
fnd8_af_matrix_ff_sales,No field description,"{'id': 'fundamental8', 'name': 'Fundamental8'}","{'id': 'fundamental', 'name': 'Fundamental'}","{'id': 'fundamental-fundamental-data', 'name': 'Fundamental Data'}",EUR,1,TOPCS1600,MATRIX,1.0,0.8987,0,0,1.1,[],fundamental8,Fundamental8,fundamental,Fundamental,fundamental-fundamental-data,Fundamental Data
fnd8_af_matrix_ff_sales_fix_assets,Sales (Net) / Gross Fixed Assets,"{'id': 'fundamental8', 'name': 'Fundamental8'}","{'id': 'fundamental', 'name': 'Fundamental'}","{'id': 'fundamental-fundamental-data', 'name': 'Fundamental Data'}",EUR,1,TOPCS1600,MATRIX,1.0,0.82,0,0,1.1,[],fundamental8,Fundamental8,fundamental,Fundamental,fundamental-fundamental-data,Fundamental Data
fnd8_af_matrix_ff_sales_per_emp,Sales Per Employee,"{'id': 'fundamental8', 'name': 'Fundamental8'}","{'id': 'fundamental', 'name': 'Fundamental'}","{'id': 'fundamental-fundamental-data', 'name': 'Fundamental Data'}",EUR,1,TOPCS1600,MATRIX,1.0,0.9307,0,0,1.1,[],fundamental8,Fundamental8,fundamental,Fundamental,fundamental-fundamental-data,Fundamental Data
fnd8_af_matrix_ff_sales_ps,No field description,"{'id': 'fundamental8', 'name': 'Fundamental8'}","{'id': 'fundamental', 'name': 'Fundamental'}","{'id': 'fundamental-fundamental-data', 'name': 'Fundamental Data'}",EUR,1,TOPCS1600,MATRIX,1.0,0.9596,0,0,1.1,[],fundamental8,Fundamental8,fundamental,Fundamental,fundamental-fundamental-data,Fundamental Data
fnd8_af_matrix_ff_shs_float,Shares Outstdg Less Closely Held Shs (Float),"{'id': 'fundamental8', 'name': 'Fundamental8'}","{'id': 'fundamental', 'name': 'Fundamental'}","{'id': 'fundamental-fundamental-data', 'name': 'Fundamental Data'}",EUR,1,TOPCS1600,MATRIX,1.0,0.7895,0,0,1.1,[],fundamental8,Fundamental8,fundamental,Fundamental,fundamental-fundamental-data,Fundamental Data
fnd8_af_matrix_ff_tang_fix_assets_xre,Tangible Fixed Assets,"{'id': 'fundamental8', 'name': 'Fundamental8'}","{'id': 'fundamental', 'name': 'Fundamental'}","{'id': 'fundamental-fundamental-data', 'name': 'Fundamental Data'}",EUR,1,TOPCS1600,MATRIX,1.0,0.8298,0,0,1.1,[],fundamental8,Fundamental8,fundamental,Fundamental,fundamental-fundamental-data,Fundamental Data
fnd8_af_matrix_ff_tcap,No field description,"{'id': 'fundamental8', 'name': 'Fundamental8'}","{'id': 'fundamental', 'name': 'Fundamental'}","{'id': 'fundamental-fundamental-data', 'name': 'Fundamental Data'}",EUR,1,TOPCS1600,MATRIX,1.0,0.9673,0,0,1.1,[],fundamental8,Fundamental8,fundamental,Fundamental,fundamental-fundamental-data,Fundamental Data
fnd8_af_matrix_ff_unusual_exp,No field description,"{'id': 'fundamental8', 'name': 'Fundamental8'}","{'id': 'fundamental', 'name': 'Fundamental'}","{'id': 'fundamental-fundamental-data', 'name': 'Fundamental Data'}",EUR,1,TOPCS1600,MATRIX,1.0,0.9467,0,0,1.1,[],fundamental8,Fundamental8,fundamental,Fundamental,fundamental-fundamental-data,Fundamental Data
fnd8_af_matrix_ff_ut_non_oper_inc_oth,Nonoperating Income (Net) -Other,"{'id': 'fundamental8', 'name': 'Fundamental8'}","{'id': 'fundamental', 'name': 'Fundamental'}","{'id': 'fundamental-fundamental-data', 'name': 'Fundamental Data'}",EUR,1,TOPCS1600,MATRIX,1.0,0.8087,0,0,1.1,[],fundamental8,Fundamental8,fundamental,Fundamental,fundamental-fundamental-data,Fundamental Data
fnd8_af_matrix_ff_wkcap_chg,No field description,"{'id': 'fundamental8', 'name': 'Fundamental8'}","{'id': 'fundamental', 'name': 'Fundamental'}","{'id': 'fundamental-fundamental-data', 'name': 'Fundamental Data'}",EUR,1,TOPCS1600,MATRIX,1.0,0.8477,0,0,1.1,[],fundamental8,Fundamental8,fundamental,Fundamental,fundamental-fundamental-data,Fundamental Data
fnd8_af_matrix_fiscalend,No field description,"{'id': 'fundamental8', 'name': 'Fundamental8'}","{'id': 'fundamental', 'name': 'Fundamental'}","{'id': 'fundamental-fundamental-data', 'name': 'Fundamental Data'}",EUR,1,TOPCS1600,MATRIX,1.0,0.9032,0,0,1.1,[],fundamental8,Fundamental8,fundamental,Fundamental,fundamental-fundamental-data,Fundamental Data
fnd8_af_matrix_grhc_drox_xtp_ff,No field description,"{'id': 'fundamental8', 'name': 'Fundamental8'}","{'id': 'fundamental', 'name': 'Fundamental'}","{'id': 'fundamental-fundamental-data', 'name': 'Fundamental Data'}",EUR,1,TOPCS1600,MATRIX,1.0,0.7369,0,0,1.1,[],fundamental8,Fundamental8,fundamental,Fundamental,fundamental-fundamental-data,Fundamental Data
fnd8_af_matrix_hto_sbail_ff,No field description,"{'id': 'fundamental8', 'name': 'Fundamental8'}","{'id': 'fundamental', 'name': 'Fundamental'}","{'id': 'fundamental-fundamental-data', 'name': 'Fundamental Data'}",EUR,1,TOPCS1600,MATRIX,1.0,0.9675,0,0,1.1,[],fundamental8,Fundamental8,fundamental,Fundamental,fundamental-fundamental-data,Fundamental Data
fnd8_af_matrix_hto_ts_viecer_ff,Other Receivables,"{'id': 'fundamental8', 'name': 'Fundamental8'}","{'id': 'fundamental', 'name': 'Fundamental'}","{'id': 'fundamental-fundamental-data', 'name': 'Fundamental Data'}",EUR,1,TOPCS1600,MATRIX,1.0,0.7654,0,0,1.1,[],fundamental8,Fundamental8,fundamental,Fundamental,fundamental-fundamental-data,Fundamental Data
fnd8_af_matrix_kbp_ff,No field description,"{'id': 'fundamental8', 'name': 'Fundamental8'}","{'id': 'fundamental', 'name': 'Fundamental'}","{'id': 'fundamental-fundamental-data', 'name': 'Fundamental Data'}",EUR,1,TOPCS1600,MATRIX,1.0,0.9413,0,0,1.1,[],fundamental8,Fundamental8,fundamental,Fundamental,fundamental-fundamental-data,Fundamental Data
fnd8_af_matrix_lid_spe_ff,No field description,"{'id': 'fundamental8', 'name': 'Fundamental8'}","{'id': 'fundamental', 'name': 'Fundamental'}","{'id': 'fundamental-fundamental-data', 'name': 'Fundamental Data'}",EUR,1,TOPCS1600,MATRIX,1.0,0.9232,0,0,1.1,[],fundamental8,Fundamental8,fundamental,Fundamental,fundamental-fundamental-data,Fundamental Data
fnd8_af_matrix_nevni_ff,No field description,"{'id': 'fundamental8', 'name': 'Fundamental8'}","{'id': 'fundamental', 'name': 'Fundamental'}","{'id': 'fundamental-fundamental-data', 'name': 'Fundamental Data'}",EUR,1,TOPCS1600,MATRIX,1.0,0.7108,0,0,1.1,[],fundamental8,Fundamental8,fundamental,Fundamental,fundamental-fundamental-data,Fundamental Data
fnd8_af_matrix_ngm_xtp_ff,No field description,"{'id': 'fundamental8', 'name': 'Fundamental8'}","{'id': 'fundamental', 'name': 'Fundamental'}","{'id': 'fundamental-fundamental-data', 'name': 'Fundamental Data'}",EUR,1,TOPCS1600,MATRIX,1.0,0.962,0,0,1.1,[],fundamental8,Fundamental8,fundamental,Fundamental,fundamental-fundamental-data,Fundamental Data
fnd8_af_matrix_pxe_hto_ags_ff,No field description,"{'id': 'fundamental8', 'name': 'Fundamental8'}","{'id': 'fundamental', 'name': 'Fundamental'}","{'id': 'fundamental-fundamental-data', 'name': 'Fundamental Data'}",EUR,1,TOPCS1600,MATRIX,1.0,0.9652,0,0,1.1,[],fundamental8,Fundamental8,fundamental,Fundamental,fundamental-fundamental-data,Fundamental Data
fnd8_af_matrix_pxe_rcca_ff,Accrued Expenses,"{'id': 'fundamental8', 'name': 'Fundamental8'}","{'id': 'fundamental', 'name': 'Fundamental'}","{'id': 'fundamental-fundamental-data', 'name': 'Fundamental Data'}",EUR,1,TOPCS1600,MATRIX,1.0,0.6993,0,0,1.1,[],fundamental8,Fundamental8,fundamental,Fundamental,fundamental-fundamental-data,Fundamental Data
fnd8_af_matrix_qe_moc_ff,No field description,"{'id': 'fundamental8', 'name': 'Fundamental8'}","{'id': 'fundamental', 'name': 'Fundamental'}","{'id': 'fundamental-fundamental-data', 'name': 'Fundamental Data'}",EUR,1,TOPCS1600,MATRIX,1.0,0.903,0,0,1.1,[],fundamental8,Fundamental8,fundamental,Fundamental,fundamental-fundamental-data,Fundamental Data
fnd8_af_matrix_qe_srdlhs_ff,No field description,"{'id': 'fundamental8', 'name': 'Fundamental8'}","{'id': 'fundamental', 'name': 'Fundamental'}","{'id': 'fundamental-fundamental-data', 'name': 'Fundamental Data'}",EUR,1,TOPCS1600,MATRIX,1.0,0.903,0,0,1.1,[],fundamental8,Fundamental8,fundamental,Fundamental,fundamental-fundamental-data,Fundamental Data
fnd8_af_matrix_qe_srdlhs_sbail_ff,No field description,"{'id': 'fundamental8', 'name': 'Fundamental8'}","{'id': 'fundamental', 'name': 'Fundamental'}","{'id': 'fundamental-fundamental-data', 'name': 'Fundamental Data'}",EUR,1,TOPCS1600,MATRIX,1.0,0.9029,0,0,1.1,[],fundamental8,Fundamental8,fundamental,Fundamental,fundamental-fundamental-data,Fundamental Data
fnd8_af_matrix_rc_drox_xtp_ff,No field description,"{'id': 'fundamental8', 'name': 'Fundamental8'}","{'id': 'fundamental', 'name': 'Fundamental'}","{'id': 'fundamental-fundamental-data', 'name': 'Fundamental Data'}",EUR,1,TOPCS1600,MATRIX,1.0,0.4979,0,0,1.1,[],fundamental8,Fundamental8,fundamental,Fundamental,fundamental-fundamental-data,Fundamental Data
fnd8_af_matrix_rg_pme_ff,Employees -1 Yr Annual Growth,"{'id': 'fundamental8', 'name': 'Fundamental8'}","{'id': 'fundamental', 'name': 'Fundamental'}","{'id': 'fundamental-fundamental-data', 'name': 'Fundamental Data'}",EUR,1,TOPCS1600,MATRIX,1.0,0.9195,0,0,1.1,[],fundamental8,Fundamental8,fundamental,Fundamental,fundamental-fundamental-data,Fundamental Data
fnd8_af_matrix_ryf_ff,No field description,"{'id': 'fundamental8', 'name': 'Fundamental8'}","{'id': 'fundamental', 'name': 'Fundamental'}","{'id': 'fundamental-fundamental-data', 'name': 'Fundamental Data'}",EUR,1,TOPCS1600,MATRIX,1.0,0.9032,0,0,1.1,[],fundamental8,Fundamental8,fundamental,Fundamental,fundamental-fundamental-data,Fundamental Data
fnd8_af_matrix_sbail_ff,No field description,"{'id': 'fundamental8', 'name': 'Fundamental8'}","{'id': 'fundamental', 'name': 'Fundamental'}","{'id': 'fundamental-fundamental-data', 'name': 'Fundamental Data'}",EUR,1,TOPCS1600,MATRIX,1.0,0.9675,0,0,1.1,[],fundamental8,Fundamental8,fundamental,Fundamental,fundamental-fundamental-data,Fundamental Data
fnd8_af_matrix_spb_ff,No field description,"{'id': 'fundamental8', 'name': 'Fundamental8'}","{'id': 'fundamental', 'name': 'Fundamental'}","{'id': 'fundamental-fundamental-data', 'name': 'Fundamental Data'}",EUR,1,TOPCS1600,MATRIX,1.0,0.9006,0,0,1.1,[],fundamental8,Fundamental8,fundamental,Fundamental,fundamental-fundamental-data,Fundamental Data
fnd8_af_matrix_spd_ff,No field description,"{'id': 'fundamental8', 'name': 'Fundamental8'}","{'id': 'fundamental', 'name': 'Fundamental'}","{'id': 'fundamental-fundamental-data', 'name': 'Fundamental Data'}",EUR,1,TOPCS1600,MATRIX,1.0,0.7646,0,0,1.1,[],fundamental8,Fundamental8,fundamental,Fundamental,fundamental-fundamental-data,Fundamental Data
fnd8_af_matrix_ts_viecer_ff,No field description,"{'id': 'fundamental8', 'name': 'Fundamental8'}","{'id': 'fundamental', 'name': 'Fundamental'}","{'id': 'fundamental-fundamental-data', 'name': 'Fundamental Data'}",EUR,1,TOPCS1600,MATRIX,1.0,0.8061,0,0,1.1,[],fundamental8,Fundamental8,fundamental,Fundamental,fundamental-fundamental-data,Fundamental Data
fnd8_af_matrix_updtype,No field description,"{'id': 'fundamental8', 'name': 'Fundamental8'}","{'id': 'fundamental', 'name': 'Fundamental'}","{'id': 'fundamental-fundamental-data', 'name': 'Fundamental Data'}",EUR,1,TOPCS1600,MATRIX,1.0,0.9029,0,0,1.1,[],fundamental8,Fundamental8,fundamental,Fundamental,fundamental-fundamental-data,Fundamental Data
fnd8_basic_1qf_matrix_ff_sales_nugget,No field description,"{'id': 'fundamental8', 'name': 'Fundamental8'}","{'id': 'fundamental', 'name': 'Fundamental'}","{'id': 'fundamental-fundamental-data', 'name': 'Fundamental Data'}",EUR,1,TOPCS1600,MATRIX,1.0,0.2914,0,0,1.1,[],fundamental8,Fundamental8,fundamental,Fundamental,fundamental-fundamental-data,Fundamental Data
fnd8_basic_1qf_matrix_ff_sales_rav,No field description,"{'id': 'fundamental8', 'name': 'Fundamental8'}","{'id': 'fundamental', 'name': 'Fundamental'}","{'id': 'fundamental-fundamental-data', 'name': 'Fundamental Data'}",EUR,1,TOPCS1600,MATRIX,1.0,0.2919,0,0,1.1,[],fundamental8,Fundamental8,fundamental,Fundamental,fundamental-fundamental-data,Fundamental Data
fnd8_basicaf_matrix_ff_com_eq_retain_earn,No field description,"{'id': 'fundamental8', 'name': 'Fundamental8'}","{'id': 'fundamental', 'name': 'Fundamental'}","{'id': 'fundamental-fundamental-data', 'name': 'Fundamental Data'}",EUR,1,TOPCS1600,MATRIX,1.0,0.8684,0,0,1.1,[],fundamental8,Fundamental8,fundamental,Fundamental,fundamental-fundamental-data,Fundamental Data
fnd8_basicder_1qf_matrix_ff_capex_nugget,No field description,"{'id': 'fundamental8', 'name': 'Fundamental8'}","{'id': 'fundamental', 'name': 'Fundamental'}","{'id': 'fundamental-fundamental-data', 'name': 'Fundamental Data'}",EUR,1,TOPCS1600,MATRIX,1.0,0.3715,0,0,1.1,[],fundamental8,Fundamental8,fundamental,Fundamental,fundamental-fundamental-data,Fundamental Data
fnd8_basicder_1qf_matrix_ff_capex_rav,No field description,"{'id': 'fundamental8', 'name': 'Fundamental8'}","{'id': 'fundamental', 'name': 'Fundamental'}","{'id': 'fundamental-fundamental-data', 'name': 'Fundamental Data'}",EUR,1,TOPCS1600,MATRIX,1.0,0.3715,0,0,1.1,[],fundamental8,Fundamental8,fundamental,Fundamental,fundamental-fundamental-data,Fundamental Data
fnd8_basicder_1qf_matrix_ff_cogs_nugget,No field description,"{'id': 'fundamental8', 'name': 'Fundamental8'}","{'id': 'fundamental', 'name': 'Fundamental'}","{'id': 'fundamental-fundamental-data', 'name': 'Fundamental Data'}",EUR,1,TOPCS1600,MATRIX,1.0,0.4102,0,0,1.1,[],fundamental8,Fundamental8,fundamental,Fundamental,fundamental-fundamental-data,Fundamental Data
fnd8_basicder_1qf_matrix_ff_cogs_rav,No field description,"{'id': 'fundamental8', 'name': 'Fundamental8'}","{'id': 'fundamental', 'name': 'Fundamental'}","{'id': 'fundamental-fundamental-data', 'name': 'Fundamental Data'}",EUR,1,TOPCS1600,MATRIX,1.0,0.4113,0,0,1.1,[],fundamental8,Fundamental8,fundamental,Fundamental,fundamental-fundamental-data,Fundamental Data
fnd8_basicder_1qf_matrix_ff_fin_cf_nugget,No field description,"{'id': 'fundamental8', 'name': 'Fundamental8'}","{'id': 'fundamental', 'name': 'Fundamental'}","{'id': 'fundamental-fundamental-data', 'name': 'Fundamental Data'}",EUR,1,TOPCS1600,MATRIX,1.0,0.4109,0,0,1.1,[],fundamental8,Fundamental8,fundamental,Fundamental,fundamental-fundamental-data,Fundamental Data
fnd8_basicder_1qf_matrix_ff_fin_cf_rav,No field description,"{'id': 'fundamental8', 'name': 'Fundamental8'}","{'id': 'fundamental', 'name': 'Fundamental'}","{'id': 'fundamental-fundamental-data', 'name': 'Fundamental Data'}",EUR,1,TOPCS1600,MATRIX,1.0,0.4116,0,0,1.1,[],fundamental8,Fundamental8,fundamental,Fundamental,fundamental-fundamental-data,Fundamental Data
fnd8_basicder_1qf_matrix_ff_invest_cf_nugget,No field description,"{'id': 'fundamental8', 'name': 'Fundamental8'}","{'id': 'fundamental', 'name': 'Fundamental'}","{'id': 'fundamental-fundamental-data', 'name': 'Fundamental Data'}",EUR,1,TOPCS1600,MATRIX,1.0,0.4173,0,0,1.1,[],fundamental8,Fundamental8,fundamental,Fundamental,fundamental-fundamental-data,Fundamental Data
fnd8_basicder_1qf_matrix_ff_invest_cf_rav,No field description,"{'id': 'fundamental8', 'name': 'Fundamental8'}","{'id': 'fundamental', 'name': 'Fundamental'}","{'id': 'fundamental-fundamental-data', 'name': 'Fundamental Data'}",EUR,1,TOPCS1600,MATRIX,1.0,0.4177,0,0,1.1,[],fundamental8,Fundamental8,fundamental,Fundamental,fundamental-fundamental-data,Fundamental Data
fnd8_basicder_1qf_matrix_ff_oper_cf_nugget,No field description,"{'id': 'fundamental8', 'name': 'Fundamental8'}","{'id': 'fundamental', 'name': 'Fundamental'}","{'id': 'fundamental-fundamental-data', 'name': 'Fundamental Data'}",EUR,1,TOPCS1600,MATRIX,1.0,0.4124,0,0,1.1,[],fundamental8,Fundamental8,fundamental,Fundamental,fundamental-fundamental-data,Fundamental Data
fnd8_basicder_1qf_matrix_ff_oper_cf_rav,No field description,"{'id': 'fundamental8', 'name': 'Fundamental8'}","{'id': 'fundamental', 'name': 'Fundamental'}","{'id': 'fundamental-fundamental-data', 'name': 'Fundamental Data'}",EUR,1,TOPCS1600,MATRIX,1.0,0.4136,0,0,1.1,[],fundamental8,Fundamental8,fundamental,Fundamental,fundamental-fundamental-data,Fundamental Data
fnd8_basicder_1qf_matrix_ff_roa_nugget,No field description,"{'id': 'fundamental8', 'name': 'Fundamental8'}","{'id': 'fundamental', 'name': 'Fundamental'}","{'id': 'fundamental-fundamental-data', 'name': 'Fundamental Data'}",EUR,1,TOPCS1600,MATRIX,1.0,0.4818,0,0,1.1,[],fundamental8,Fundamental8,fundamental,Fundamental,fundamental-fundamental-data,Fundamental Data
fnd8_basicder_1qf_matrix_ff_roa_rav,No field description,"{'id': 'fundamental8', 'name': 'Fundamental8'}","{'id': 'fundamental', 'name': 'Fundamental'}","{'id': 'fundamental-fundamental-data', 'name': 'Fundamental Data'}",EUR,1,TOPCS1600,MATRIX,1.0,0.4818,0,0,1.1,[],fundamental8,Fundamental8,fundamental,Fundamental,fundamental-fundamental-data,Fundamental Data
fnd8_basicder_1qf_matrix_ff_roe_nugget,No field description,"{'id': 'fundamental8', 'name': 'Fundamental8'}","{'id': 'fundamental', 'name': 'Fundamental'}","{'id': 'fundamental-fundamental-data', 'name': 'Fundamental Data'}",EUR,1,TOPCS1600,MATRIX,1.0,0.4441,0,0,1.1,[],fundamental8,Fundamental8,fundamental,Fundamental,fundamental-fundamental-data,Fundamental Data
fnd8_basicder_1qf_matrix_ff_roe_rav,No field description,"{'id': 'fundamental8', 'name': 'Fundamental8'}","{'id': 'fundamental', 'name': 'Fundamental'}","{'id': 'fundamental-fundamental-data', 'name': 'Fundamental Data'}",EUR,1,TOPCS1600,MATRIX,1.0,0.4441,0,0,1.1,[],fundamental8,Fundamental8,fundamental,Fundamental,fundamental-fundamental-data,Fundamental Data
fnd8_basicder_1qf_matrix_ff_sales_ps_nugget,No field description,"{'id': 'fundamental8', 'name': 'Fundamental8'}","{'id': 'fundamental', 'name': 'Fundamental'}","{'id': 'fundamental-fundamental-data', 'name': 'Fundamental Data'}",EUR,1,TOPCS1600,MATRIX,1.0,0.4922,0,0,1.1,[],fundamental8,Fundamental8,fundamental,Fundamental,fundamental-fundamental-data,Fundamental Data
fnd8_basicder_1qf_matrix_ff_sales_ps_rav,No field description,"{'id': 'fundamental8', 'name': 'Fundamental8'}","{'id': 'fundamental', 'name': 'Fundamental'}","{'id': 'fundamental-fundamental-data', 'name': 'Fundamental Data'}",EUR,1,TOPCS1600,MATRIX,1.0,0.4926,0,0,1.1,[],fundamental8,Fundamental8,fundamental,Fundamental,fundamental-fundamental-data,Fundamental Data
fnd8_basicqf_matrix_ff_com_eq_retain_earn,No field description,"{'id': 'fundamental8', 'name': 'Fundamental8'}","{'id': 'fundamental', 'name': 'Fundamental'}","{'id': 'fundamental-fundamental-data', 'name': 'Fundamental Data'}",EUR,1,TOPCS1600,MATRIX,1.0,0.3589,0,0,1.1,[],fundamental8,Fundamental8,fundamental,Fundamental,fundamental-fundamental-data,Fundamental Data
fnd8_deraf_matrix_ff_fy_length_days,No field description,"{'id': 'fundamental8', 'name': 'Fundamental8'}","{'id': 'fundamental', 'name': 'Fundamental'}","{'id': 'fundamental-fundamental-data', 'name': 'Fundamental Data'}",EUR,1,TOPCS1600,MATRIX,1.0,0.964,0,0,1.1,[],fundamental8,Fundamental8,fundamental,Fundamental,fundamental-fundamental-data,Fundamental Data
fnd8_deraf_matrix_ryf_ff,No field description,"{'id': 'fundamental8', 'name': 'Fundamental8'}","{'id': 'fundamental', 'name': 'Fundamental'}","{'id': 'fundamental-fundamental-data', 'name': 'Fundamental Data'}",EUR,1,TOPCS1600,MATRIX,1.0,0.9677,0,0,1.1,[],fundamental8,Fundamental8,fundamental,Fundamental,fundamental-fundamental-data,Fundamental Data
fnd8_derqf_matrix_ff_fy_length_days,No field description,"{'id': 'fundamental8', 'name': 'Fundamental8'}","{'id': 'fundamental', 'name': 'Fundamental'}","{'id': 'fundamental-fundamental-data', 'name': 'Fundamental Data'}",EUR,1,TOPCS1600,MATRIX,1.0,0.5902,0,0,1.1,[],fundamental8,Fundamental8,fundamental,Fundamental,fundamental-fundamental-data,Fundamental Data
fnd8_derqf_matrix_ryf_ff,No field description,"{'id': 'fundamental8', 'name': 'Fundamental8'}","{'id': 'fundamental', 'name': 'Fundamental'}","{'id': 'fundamental-fundamental-data', 'name': 'Fundamental Data'}",EUR,1,TOPCS1600,MATRIX,1.0,0.6146,0,0,1.1,[],fundamental8,Fundamental8,fundamental,Fundamental,fundamental-fundamental-data,Fundamental Data
fnd8_er_1af_matrix_fcfp_ff,Price To Free Cash Flow,"{'id': 'fundamental8', 'name': 'Fundamental8'}","{'id': 'fundamental', 'name': 'Fundamental'}","{'id': 'fundamental-fundamental-data', 'name': 'Fundamental Data'}",EUR,1,TOPCS1600,MATRIX,1.0,0.6188,0,0,1.1,[],fundamental8,Fundamental8,fundamental,Fundamental,fundamental-fundamental-data,Fundamental Data
fnd8_er_1af_matrix_ff_assets_com_eq,Assets To Common Equity,"{'id': 'fundamental8', 'name': 'Fundamental8'}","{'id': 'fundamental', 'name': 'Fundamental'}","{'id': 'fundamental-fundamental-data', 'name': 'Fundamental Data'}",EUR,1,TOPCS1600,MATRIX,1.0,0.8927,0,0,1.1,[],fundamental8,Fundamental8,fundamental,Fundamental,fundamental-fundamental-data,Fundamental Data
fnd8_er_1af_matrix_ff_assets_eq,Assets To Equity (End Of Period),"{'id': 'fundamental8', 'name': 'Fundamental8'}","{'id': 'fundamental', 'name': 'Fundamental'}","{'id': 'fundamental-fundamental-data', 'name': 'Fundamental Data'}",EUR,1,TOPCS1600,MATRIX,1.0,0.902,0,0,1.1,[],fundamental8,Fundamental8,fundamental,Fundamental,fundamental-fundamental-data,Fundamental Data
fnd8_er_1af_matrix_ff_assets_gr,Assets -Total -1 Year Growth,"{'id': 'fundamental8', 'name': 'Fundamental8'}","{'id': 'fundamental', 'name': 'Fundamental'}","{'id': 'fundamental-fundamental-data', 'name': 'Fundamental Data'}",EUR,1,TOPCS1600,MATRIX,1.0,0.8985,0,0,1.1,[],fundamental8,Fundamental8,fundamental,Fundamental,fundamental-fundamental-data,Fundamental Data
fnd8_er_1af_matrix_ff_capex_5ygr,Capital Spending -5Yr Growth Rate,"{'id': 'fundamental8', 'name': 'Fundamental8'}","{'id': 'fundamental', 'name': 'Fundamental'}","{'id': 'fundamental-fundamental-data', 'name': 'Fundamental Data'}",EUR,1,TOPCS1600,MATRIX,1.0,0.8019,0,0,1.1,[],fundamental8,Fundamental8,fundamental,Fundamental,fundamental-fundamental-data,Fundamental Data
fnd8_er_1af_matrix_ff_capex_assets,Capital Expenditure % Total Assets,"{'id': 'fundamental8', 'name': 'Fundamental8'}","{'id': 'fundamental', 'name': 'Fundamental'}","{'id': 'fundamental-fundamental-data', 'name': 'Fundamental Data'}",EUR,1,TOPCS1600,MATRIX,1.0,0.8846,0,0,1.1,[],fundamental8,Fundamental8,fundamental,Fundamental,fundamental-fundamental-data,Fundamental Data
fnd8_er_1af_matrix_ff_capex_ps_cf,Capital Expenditures Per Share,"{'id': 'fundamental8', 'name': 'Fundamental8'}","{'id': 'fundamental', 'name': 'Fundamental'}","{'id': 'fundamental-fundamental-data', 'name': 'Fundamental Data'}",EUR,1,TOPCS1600,MATRIX,1.0,0.8779,0,0,1.1,[],fundamental8,Fundamental8,fundamental,Fundamental,fundamental-fundamental-data,Fundamental Data
fnd8_er_1af_matrix_ff_cash_curr_assets,Cash & Equivalents % Total Current Assets,"{'id': 'fundamental8', 'name': 'Fundamental8'}","{'id': 'fundamental', 'name': 'Fundamental'}","{'id': 'fundamental-fundamental-data', 'name': 'Fundamental Data'}",EUR,1,TOPCS1600,MATRIX,1.0,0.7217,0,0,1.1,[],fundamental8,Fundamental8,fundamental,Fundamental,fundamental-fundamental-data,Fundamental Data
fnd8_er_1af_matrix_ff_cash_div_cf,Cash Dividends/Cash Flow,"{'id': 'fundamental8', 'name': 'Fundamental8'}","{'id': 'fundamental', 'name': 'Fundamental'}","{'id': 'fundamental-fundamental-data', 'name': 'Fundamental Data'}",EUR,1,TOPCS1600,MATRIX,1.0,0.7574,0,0,1.1,[],fundamental8,Fundamental8,fundamental,Fundamental,fundamental-fundamental-data,Fundamental Data
fnd8_er_1af_matrix_ff_cash_div_covg_ratio,Cash Dividend Coverage Ratio,"{'id': 'fundamental8', 'name': 'Fundamental8'}","{'id': 'fundamental', 'name': 'Fundamental'}","{'id': 'fundamental-fundamental-data', 'name': 'Fundamental Data'}",EUR,1,TOPCS1600,MATRIX,1.0,0.7556,0,0,1.1,[],fundamental8,Fundamental8,fundamental,Fundamental,fundamental-fundamental-data,Fundamental Data
fnd8_er_1af_matrix_ff_cash_roce,Cash Earnings Return On Equity,"{'id': 'fundamental8', 'name': 'Fundamental8'}","{'id': 'fundamental', 'name': 'Fundamental'}","{'id': 'fundamental-fundamental-data', 'name': 'Fundamental Data'}",EUR,1,TOPCS1600,MATRIX,1.0,0.8882,0,0,1.1,[],fundamental8,Fundamental8,fundamental,Fundamental,fundamental-fundamental-data,Fundamental Data
fnd8_er_1af_matrix_ff_cf_sales,Cash Flow/Sales,"{'id': 'fundamental8', 'name': 'Fundamental8'}","{'id': 'fundamental', 'name': 'Fundamental'}","{'id': 'fundamental-fundamental-data', 'name': 'Fundamental Data'}",EUR,1,TOPCS1600,MATRIX,1.0,0.8964,0,0,1.1,[],fundamental8,Fundamental8,fundamental,Fundamental,fundamental-fundamental-data,Fundamental Data
fnd8_er_1af_matrix_ff_cogs_sales,Cost of Goods Sold % Sales,"{'id': 'fundamental8', 'name': 'Fundamental8'}","{'id': 'fundamental', 'name': 'Fundamental'}","{'id': 'fundamental-fundamental-data', 'name': 'Fundamental Data'}",EUR,1,TOPCS1600,MATRIX,1.0,0.7802,0,0,1.1,[],fundamental8,Fundamental8,fundamental,Fundamental,fundamental-fundamental-data,Fundamental Data
fnd8_er_1af_matrix_ff_com_eq_tcap,Equity % Total Capital,"{'id': 'fundamental8', 'name': 'Fundamental8'}","{'id': 'fundamental', 'name': 'Fundamental'}","{'id': 'fundamental-fundamental-data', 'name': 'Fundamental Data'}",EUR,1,TOPCS1600,MATRIX,1.0,0.9009,0,0,1.1,[],fundamental8,Fundamental8,fundamental,Fundamental,fundamental-fundamental-data,Fundamental Data
fnd8_er_1af_matrix_ff_debt_com_eq,Debt (Total) % Common Equity,"{'id': 'fundamental8', 'name': 'Fundamental8'}","{'id': 'fundamental', 'name': 'Fundamental'}","{'id': 'fundamental-fundamental-data', 'name': 'Fundamental Data'}",EUR,1,TOPCS1600,MATRIX,1.0,0.8587,0,0,1.1,[],fundamental8,Fundamental8,fundamental,Fundamental,fundamental-fundamental-data,Fundamental Data
fnd8_er_1af_matrix_ff_debt_entrpr_val,Total Debt To Enterprise Value,"{'id': 'fundamental8', 'name': 'Fundamental8'}","{'id': 'fundamental', 'name': 'Fundamental'}","{'id': 'fundamental-fundamental-data', 'name': 'Fundamental Data'}",EUR,1,TOPCS1600,MATRIX,1.0,0.8526,0,0,1.1,[],fundamental8,Fundamental8,fundamental,Fundamental,fundamental-fundamental-data,Fundamental Data
fnd8_er_1af_matrix_ff_debt_eq,Total Debt % Total Equity,"{'id': 'fundamental8', 'name': 'Fundamental8'}","{'id': 'fundamental', 'name': 'Fundamental'}","{'id': 'fundamental-fundamental-data', 'name': 'Fundamental Data'}",EUR,1,TOPCS1600,MATRIX,1.0,0.8588,0,0,1.1,[],fundamental8,Fundamental8,fundamental,Fundamental,fundamental-fundamental-data,Fundamental Data
fnd8_er_1af_matrix_ff_debt_lt_cf,Change in Long-Term Debt,"{'id': 'fundamental8', 'name': 'Fundamental8'}","{'id': 'fundamental', 'name': 'Fundamental'}","{'id': 'fundamental-fundamental-data', 'name': 'Fundamental Data'}",EUR,1,TOPCS1600,MATRIX,1.0,0.6988,0,0,1.1,[],fundamental8,Fundamental8,fundamental,Fundamental,fundamental-fundamental-data,Fundamental Data
fnd8_er_1af_matrix_ff_debt_serv,Debt Service Ratio -Incl St Debt -Pretax,"{'id': 'fundamental8', 'name': 'Fundamental8'}","{'id': 'fundamental', 'name': 'Fundamental'}","{'id': 'fundamental-fundamental-data', 'name': 'Fundamental Data'}",EUR,1,TOPCS1600,MATRIX,1.0,0.7844,0,0,1.1,[],fundamental8,Fundamental8,fundamental,Fundamental,fundamental-fundamental-data,Fundamental Data
fnd8_er_1af_matrix_ff_debt_st_x_curr_port,Short Term Debt,"{'id': 'fundamental8', 'name': 'Fundamental8'}","{'id': 'fundamental', 'name': 'Fundamental'}","{'id': 'fundamental-fundamental-data', 'name': 'Fundamental Data'}",EUR,1,TOPCS1600,MATRIX,1.0,0.6567,0,0,1.1,[],fundamental8,Fundamental8,fundamental,Fundamental,fundamental-fundamental-data,Fundamental Data
fnd8_er_1af_matrix_ff_dfd_tax_assets_lt,Deferred Income Tax -Non-Current Asset,"{'id': 'fundamental8', 'name': 'Fundamental8'}","{'id': 'fundamental', 'name': 'Fundamental'}","{'id': 'fundamental-fundamental-data', 'name': 'Fundamental Data'}",EUR,1,TOPCS1600,MATRIX,1.0,0.3591,0,0,1.1,[],fundamental8,Fundamental8,fundamental,Fundamental,fundamental-fundamental-data,Fundamental Data
fnd8_er_1af_matrix_ff_earn_assets_avail_funds,Earning Assets % Total Available Funds,"{'id': 'fundamental8', 'name': 'Fundamental8'}","{'id': 'fundamental', 'name': 'Fundamental'}","{'id': 'fundamental-fundamental-data', 'name': 'Fundamental Data'}",EUR,1,TOPCS1600,MATRIX,1.0,0.3523,0,0,1.1,[],fundamental8,Fundamental8,fundamental,Fundamental,fundamental-fundamental-data,Fundamental Data
fnd8_er_1af_matrix_ff_earn_yld,Earnings Yield -Close,"{'id': 'fundamental8', 'name': 'Fundamental8'}","{'id': 'fundamental', 'name': 'Fundamental'}","{'id': 'fundamental-fundamental-data', 'name': 'Fundamental Data'}",EUR,1,TOPCS1600,MATRIX,1.0,0.886,0,0,1.1,[],fundamental8,Fundamental8,fundamental,Fundamental,fundamental-fundamental-data,Fundamental Data
fnd8_er_1af_matrix_ff_ebit_bef_unusual,"Earnings Before Interest, Taxes & Unusual Expense","{'id': 'fundamental8', 'name': 'Fundamental8'}","{'id': 'fundamental', 'name': 'Fundamental'}","{'id': 'fundamental-fundamental-data', 'name': 'Fundamental Data'}",EUR,1,TOPCS1600,MATRIX,1.0,0.9008,0,0,1.1,[],fundamental8,Fundamental8,fundamental,Fundamental,fundamental-fundamental-data,Fundamental Data
fnd8_er_1af_matrix_ff_ebit_oper_int_covg,Pretax Interest Coverage Ratio,"{'id': 'fundamental8', 'name': 'Fundamental8'}","{'id': 'fundamental', 'name': 'Fundamental'}","{'id': 'fundamental-fundamental-data', 'name': 'Fundamental Data'}",EUR,1,TOPCS1600,MATRIX,1.0,0.7826,0,0,1.1,[],fundamental8,Fundamental8,fundamental,Fundamental,fundamental-fundamental-data,Fundamental Data
fnd8_er_1af_matrix_ff_ebit_oper_mgn,EBIT Margin,"{'id': 'fundamental8', 'name': 'Fundamental8'}","{'id': 'fundamental', 'name': 'Fundamental'}","{'id': 'fundamental-fundamental-data', 'name': 'Fundamental Data'}",EUR,1,TOPCS1600,MATRIX,1.0,0.801,0,0,1.1,[],fundamental8,Fundamental8,fundamental,Fundamental,fundamental-fundamental-data,Fundamental Data
fnd8_er_1af_matrix_ff_ebit_oper_roa,Return On Average Assets (EBIT),"{'id': 'fundamental8', 'name': 'Fundamental8'}","{'id': 'fundamental', 'name': 'Fundamental'}","{'id': 'fundamental-fundamental-data', 'name': 'Fundamental Data'}",EUR,1,TOPCS1600,MATRIX,1.0,0.8009,0,0,1.1,[],fundamental8,Fundamental8,fundamental,Fundamental,fundamental-fundamental-data,Fundamental Data
fnd8_er_1af_matrix_ff_ebitda_bef_unusual,EBITDA Before Unusual Expenses,"{'id': 'fundamental8', 'name': 'Fundamental8'}","{'id': 'fundamental', 'name': 'Fundamental'}","{'id': 'fundamental-fundamental-data', 'name': 'Fundamental Data'}",EUR,1,TOPCS1600,MATRIX,1.0,0.9009,0,0,1.1,[],fundamental8,Fundamental8,fundamental,Fundamental,fundamental-fundamental-data,Fundamental Data
fnd8_er_1af_matrix_ff_ebitda_cf,EBITDA (From Cash Flow),"{'id': 'fundamental8', 'name': 'Fundamental8'}","{'id': 'fundamental', 'name': 'Fundamental'}","{'id': 'fundamental-fundamental-data', 'name': 'Fundamental Data'}",EUR,1,TOPCS1600,MATRIX,1.0,0.8988,0,0,1.1,[],fundamental8,Fundamental8,fundamental,Fundamental,fundamental-fundamental-data,Fundamental Data
fnd8_er_1af_matrix_ff_ebitda_oper_mgn,EBITDA Margin,"{'id': 'fundamental8', 'name': 'Fundamental8'}","{'id': 'fundamental', 'name': 'Fundamental'}","{'id': 'fundamental-fundamental-data', 'name': 'Fundamental Data'}",EUR,1,TOPCS1600,MATRIX,1.0,0.799,0,0,1.1,[],fundamental8,Fundamental8,fundamental,Fundamental,fundamental-fundamental-data,Fundamental Data
fnd8_er_1af_matrix_ff_eff_int_rate,Interest Rate -Estimated Average,"{'id': 'fundamental8', 'name': 'Fundamental8'}","{'id': 'fundamental', 'name': 'Fundamental'}","{'id': 'fundamental-fundamental-data', 'name': 'Fundamental Data'}",EUR,1,TOPCS1600,MATRIX,1.0,0.844,0,0,1.1,[],fundamental8,Fundamental8,fundamental,Fundamental,fundamental-fundamental-data,Fundamental Data
fnd8_er_1af_matrix_ff_entrpr_val_ebit_oper,Enterprise Value To EBIT,"{'id': 'fundamental8', 'name': 'Fundamental8'}","{'id': 'fundamental', 'name': 'Fundamental'}","{'id': 'fundamental-fundamental-data', 'name': 'Fundamental Data'}",EUR,1,TOPCS1600,MATRIX,1.0,0.7303,0,0,1.1,[],fundamental8,Fundamental8,fundamental,Fundamental,fundamental-fundamental-data,Fundamental Data
fnd8_er_1af_matrix_ff_entrpr_val_ebitda_oper,Enterprise Value To EBITDA,"{'id': 'fundamental8', 'name': 'Fundamental8'}","{'id': 'fundamental', 'name': 'Fundamental'}","{'id': 'fundamental-fundamental-data', 'name': 'Fundamental Data'}",EUR,1,TOPCS1600,MATRIX,1.0,0.756,0,0,1.1,[],fundamental8,Fundamental8,fundamental,Fundamental,fundamental-fundamental-data,Fundamental Data
fnd8_er_1af_matrix_ff_entrpr_val_sales,Enterprise Value To Sales,"{'id': 'fundamental8', 'name': 'Fundamental8'}","{'id': 'fundamental', 'name': 'Fundamental'}","{'id': 'fundamental-fundamental-data', 'name': 'Fundamental Data'}",EUR,1,TOPCS1600,MATRIX,1.0,0.8808,0,0,1.1,[],fundamental8,Fundamental8,fundamental,Fundamental,fundamental-fundamental-data,Fundamental Data
fnd8_er_1af_matrix_ff_eps_basic_gr,EPS -Basic -Before Extras -% Change,"{'id': 'fundamental8', 'name': 'Fundamental8'}","{'id': 'fundamental', 'name': 'Fundamental'}","{'id': 'fundamental-fundamental-data', 'name': 'Fundamental Data'}",EUR,1,TOPCS1600,MATRIX,1.0,0.8499,0,0,1.1,[],fundamental8,Fundamental8,fundamental,Fundamental,fundamental-fundamental-data,Fundamental Data
fnd8_er_1af_matrix_ff_eps_dil_aft_xord,EPS -Diluted -After Extraordinaries,"{'id': 'fundamental8', 'name': 'Fundamental8'}","{'id': 'fundamental', 'name': 'Fundamental'}","{'id': 'fundamental-fundamental-data', 'name': 'Fundamental Data'}",EUR,1,TOPCS1600,MATRIX,1.0,0.8608,0,0,1.1,[],fundamental8,Fundamental8,fundamental,Fundamental,fundamental-fundamental-data,Fundamental Data
fnd8_er_1af_matrix_ff_fin_invest_tot,Total Investments for Financial,"{'id': 'fundamental8', 'name': 'Fundamental8'}","{'id': 'fundamental', 'name': 'Fundamental'}","{'id': 'fundamental-fundamental-data', 'name': 'Fundamental Data'}",EUR,1,TOPCS1600,MATRIX,1.0,0.5485,0,0,1.1,[],fundamental8,Fundamental8,fundamental,Fundamental,fundamental-fundamental-data,Fundamental Data
fnd8_er_1af_matrix_ff_free_ps_cf,Cash Flow Per Share (Diluted) -Free,"{'id': 'fundamental8', 'name': 'Fundamental8'}","{'id': 'fundamental', 'name': 'Fundamental'}","{'id': 'fundamental-fundamental-data', 'name': 'Fundamental Data'}",EUR,1,TOPCS1600,MATRIX,1.0,0.8861,0,0,1.1,[],fundamental8,Fundamental8,fundamental,Fundamental,fundamental-fundamental-data,Fundamental Data
fnd8_er_1af_matrix_ff_gross_cf_debt,Cash Flow (Gross) % Total Debt,"{'id': 'fundamental8', 'name': 'Fundamental8'}","{'id': 'fundamental', 'name': 'Fundamental'}","{'id': 'fundamental-fundamental-data', 'name': 'Fundamental Data'}",EUR,1,TOPCS1600,MATRIX,1.0,0.8669,0,0,1.1,[],fundamental8,Fundamental8,fundamental,Fundamental,fundamental-fundamental-data,Fundamental Data
fnd8_er_1af_matrix_ff_inc_sund,Sundry Revenue/Income,"{'id': 'fundamental8', 'name': 'Fundamental8'}","{'id': 'fundamental', 'name': 'Fundamental'}","{'id': 'fundamental-fundamental-data', 'name': 'Fundamental Data'}",EUR,1,TOPCS1600,MATRIX,1.0,0.8962,0,0,1.1,[],fundamental8,Fundamental8,fundamental,Fundamental,fundamental-fundamental-data,Fundamental Data
fnd8_er_1af_matrix_ff_intang_oth,Net Other Intangibles,"{'id': 'fundamental8', 'name': 'Fundamental8'}","{'id': 'fundamental', 'name': 'Fundamental'}","{'id': 'fundamental-fundamental-data', 'name': 'Fundamental Data'}",EUR,1,TOPCS1600,MATRIX,1.0,0.7832,0,0,1.1,[],fundamental8,Fundamental8,fundamental,Fundamental,fundamental-fundamental-data,Fundamental Data
fnd8_er_1af_matrix_ff_inven_curr_assets,Inventories % Total Current Assets,"{'id': 'fundamental8', 'name': 'Fundamental8'}","{'id': 'fundamental', 'name': 'Fundamental'}","{'id': 'fundamental-fundamental-data', 'name': 'Fundamental Data'}",EUR,1,TOPCS1600,MATRIX,1.0,0.6741,0,0,1.1,[],fundamental8,Fundamental8,fundamental,Fundamental,fundamental-fundamental-data,Fundamental Data
fnd8_er_1af_matrix_ff_inven_days,Inventories -Days Held,"{'id': 'fundamental8', 'name': 'Fundamental8'}","{'id': 'fundamental', 'name': 'Fundamental'}","{'id': 'fundamental-fundamental-data', 'name': 'Fundamental Data'}",EUR,1,TOPCS1600,MATRIX,1.0,0.7038,0,0,1.1,[],fundamental8,Fundamental8,fundamental,Fundamental,fundamental-fundamental-data,Fundamental Data
fnd8_er_1af_matrix_ff_inven_turn,Inventory Turnover,"{'id': 'fundamental8', 'name': 'Fundamental8'}","{'id': 'fundamental', 'name': 'Fundamental'}","{'id': 'fundamental-fundamental-data', 'name': 'Fundamental Data'}",EUR,1,TOPCS1600,MATRIX,1.0,0.7041,0,0,1.1,[],fundamental8,Fundamental8,fundamental,Fundamental,fundamental-fundamental-data,Fundamental Data
fnd8_er_1af_matrix_ff_invest_assets_pct,Invested Assets % Total Assets,"{'id': 'fundamental8', 'name': 'Fundamental8'}","{'id': 'fundamental', 'name': 'Fundamental'}","{'id': 'fundamental-fundamental-data', 'name': 'Fundamental Data'}",EUR,1,TOPCS1600,MATRIX,1.0,0.3224,0,0,1.1,[],fundamental8,Fundamental8,fundamental,Fundamental,fundamental-fundamental-data,Fundamental Data
fnd8_er_1af_matrix_ff_invest_cap,Invested Capital -Total,"{'id': 'fundamental8', 'name': 'Fundamental8'}","{'id': 'fundamental', 'name': 'Fundamental'}","{'id': 'fundamental-fundamental-data', 'name': 'Fundamental Data'}",EUR,1,TOPCS1600,MATRIX,1.0,0.9013,0,0,1.1,[],fundamental8,Fundamental8,fundamental,Fundamental,fundamental-fundamental-data,Fundamental Data
fnd8_er_1af_matrix_ff_invest_lt,Long Term Investments,"{'id': 'fundamental8', 'name': 'Fundamental8'}","{'id': 'fundamental', 'name': 'Fundamental'}","{'id': 'fundamental-fundamental-data', 'name': 'Fundamental Data'}",EUR,1,TOPCS1600,MATRIX,1.0,0.8409,0,0,1.1,[],fundamental8,Fundamental8,fundamental,Fundamental,fundamental-fundamental-data,Fundamental Data
fnd8_er_1af_matrix_ff_invest_receiv_lt,Investments & Long-Term Receivables,"{'id': 'fundamental8', 'name': 'Fundamental8'}","{'id': 'fundamental', 'name': 'Fundamental'}","{'id': 'fundamental-fundamental-data', 'name': 'Fundamental Data'}",EUR,1,TOPCS1600,MATRIX,1.0,0.8409,0,0,1.1,[],fundamental8,Fundamental8,fundamental,Fundamental,fundamental-fundamental-data,Fundamental Data
fnd8_er_1af_matrix_ff_invest_tcap,Investments (Total) % Total Capital,"{'id': 'fundamental8', 'name': 'Fundamental8'}","{'id': 'fundamental', 'name': 'Fundamental'}","{'id': 'fundamental-fundamental-data', 'name': 'Fundamental Data'}",EUR,1,TOPCS1600,MATRIX,1.0,0.3222,0,0,1.1,[],fundamental8,Fundamental8,fundamental,Fundamental,fundamental-fundamental-data,Fundamental Data
fnd8_er_1af_matrix_ff_ltd_tcap,Long Term Debt % Total Capital,"{'id': 'fundamental8', 'name': 'Fundamental8'}","{'id': 'fundamental', 'name': 'Fundamental'}","{'id': 'fundamental-fundamental-data', 'name': 'Fundamental Data'}",EUR,1,TOPCS1600,MATRIX,1.0,0.8448,0,0,1.1,[],fundamental8,Fundamental8,fundamental,Fundamental,fundamental-fundamental-data,Fundamental Data
fnd8_er_1af_matrix_ff_min_int_tcap,Minority Interest % Total Capital,"{'id': 'fundamental8', 'name': 'Fundamental8'}","{'id': 'fundamental', 'name': 'Fundamental'}","{'id': 'fundamental-fundamental-data', 'name': 'Fundamental Data'}",EUR,1,TOPCS1600,MATRIX,1.0,0.6442,0,0,1.1,[],fundamental8,Fundamental8,fundamental,Fundamental,fundamental-fundamental-data,Fundamental Data
fnd8_er_1af_matrix_ff_mkt_val_gr,Market Value -1 Yr Growth,"{'id': 'fundamental8', 'name': 'Fundamental8'}","{'id': 'fundamental', 'name': 'Fundamental'}","{'id': 'fundamental-fundamental-data', 'name': 'Fundamental Data'}",EUR,1,TOPCS1600,MATRIX,1.0,0.8614,0,0,1.1,[],fundamental8,Fundamental8,fundamental,Fundamental,fundamental-fundamental-data,Fundamental Data
fnd8_er_1af_matrix_ff_net_cf_debt,Cash Flow (Net) % Total Debt,"{'id': 'fundamental8', 'name': 'Fundamental8'}","{'id': 'fundamental', 'name': 'Fundamental'}","{'id': 'fundamental-fundamental-data', 'name': 'Fundamental Data'}",EUR,1,TOPCS1600,MATRIX,1.0,0.8616,0,0,1.1,[],fundamental8,Fundamental8,fundamental,Fundamental,fundamental-fundamental-data,Fundamental Data
fnd8_er_1af_matrix_ff_net_inc_basic_aft_xord,Net Income Avail To Common -Basic - After Extraordinaries,"{'id': 'fundamental8', 'name': 'Fundamental8'}","{'id': 'fundamental', 'name': 'Fundamental'}","{'id': 'fundamental-fundamental-data', 'name': 'Fundamental Data'}",EUR,1,TOPCS1600,MATRIX,1.0,0.8962,0,0,1.1,[],fundamental8,Fundamental8,fundamental,Fundamental,fundamental-fundamental-data,Fundamental Data
fnd8_er_1af_matrix_ff_net_inc_basic_beft_xord,Income Before Extraordinary Items - Available For Common,"{'id': 'fundamental8', 'name': 'Fundamental8'}","{'id': 'fundamental', 'name': 'Fundamental'}","{'id': 'fundamental-fundamental-data', 'name': 'Fundamental Data'}",EUR,1,TOPCS1600,MATRIX,1.0,0.9021,0,0,1.1,[],fundamental8,Fundamental8,fundamental,Fundamental,fundamental-fundamental-data,Fundamental Data
fnd8_er_1af_matrix_ff_net_inc_bef_xord_gr,Net Income -Before Extras -1 Yr Growth,"{'id': 'fundamental8', 'name': 'Fundamental8'}","{'id': 'fundamental', 'name': 'Fundamental'}","{'id': 'fundamental-fundamental-data', 'name': 'Fundamental Data'}",EUR,1,TOPCS1600,MATRIX,1.0,0.855,0,0,1.1,[],fundamental8,Fundamental8,fundamental,Fundamental,fundamental-fundamental-data,Fundamental Data
fnd8_er_1af_matrix_ff_net_inc_dil,Net Income Avail To Common -Fully Diluted,"{'id': 'fundamental8', 'name': 'Fundamental8'}","{'id': 'fundamental', 'name': 'Fundamental'}","{'id': 'fundamental-fundamental-data', 'name': 'Fundamental Data'}",EUR,1,TOPCS1600,MATRIX,1.0,0.8653,0,0,1.1,[],fundamental8,Fundamental8,fundamental,Fundamental,fundamental-fundamental-data,Fundamental Data
fnd8_er_1af_matrix_ff_net_inc_dil_aft_xord,Net Income Avail To Common -Fully Diluted -After Extraordinaries,"{'id': 'fundamental8', 'name': 'Fundamental8'}","{'id': 'fundamental', 'name': 'Fundamental'}","{'id': 'fundamental-fundamental-data', 'name': 'Fundamental Data'}",EUR,1,TOPCS1600,MATRIX,1.0,0.8653,0,0,1.1,[],fundamental8,Fundamental8,fundamental,Fundamental,fundamental-fundamental-data,Fundamental Data
fnd8_er_1af_matrix_ff_net_inc_dil_bef_unusual,Net Income Before Unusual Expense,"{'id': 'fundamental8', 'name': 'Fundamental8'}","{'id': 'fundamental', 'name': 'Fundamental'}","{'id': 'fundamental-fundamental-data', 'name': 'Fundamental Data'}",EUR,1,TOPCS1600,MATRIX,1.0,0.8654,0,0,1.1,[],fundamental8,Fundamental8,fundamental,Fundamental,fundamental-fundamental-data,Fundamental Data
fnd8_er_1af_matrix_ff_net_mgn_gr,Net Margin -1 Yr Growth Rate,"{'id': 'fundamental8', 'name': 'Fundamental8'}","{'id': 'fundamental', 'name': 'Fundamental'}","{'id': 'fundamental-fundamental-data', 'name': 'Fundamental Data'}",EUR,1,TOPCS1600,MATRIX,1.0,0.8491,0,0,1.1,[],fundamental8,Fundamental8,fundamental,Fundamental,fundamental-fundamental-data,Fundamental Data
fnd8_er_1af_matrix_ff_non_oper_exp,Non-Operating Expense,"{'id': 'fundamental8', 'name': 'Fundamental8'}","{'id': 'fundamental', 'name': 'Fundamental'}","{'id': 'fundamental-fundamental-data', 'name': 'Fundamental Data'}",EUR,1,TOPCS1600,MATRIX,1.0,0.8876,0,0,1.1,[],fundamental8,Fundamental8,fundamental,Fundamental,fundamental-fundamental-data,Fundamental Data
fnd8_er_1af_matrix_ff_oper_inc_aft_unusual,Operating Income After Unusual Items,"{'id': 'fundamental8', 'name': 'Fundamental8'}","{'id': 'fundamental', 'name': 'Fundamental'}","{'id': 'fundamental-fundamental-data', 'name': 'Fundamental Data'}",EUR,1,TOPCS1600,MATRIX,1.0,0.8994,0,0,1.1,[],fundamental8,Fundamental8,fundamental,Fundamental,fundamental-fundamental-data,Fundamental Data
fnd8_er_1af_matrix_ff_oper_inc_gr,Operating Income- 1 Yr Growth,"{'id': 'fundamental8', 'name': 'Fundamental8'}","{'id': 'fundamental', 'name': 'Fundamental'}","{'id': 'fundamental-fundamental-data', 'name': 'Fundamental Data'}",EUR,1,TOPCS1600,MATRIX,1.0,0.8718,0,0,1.1,[],fundamental8,Fundamental8,fundamental,Fundamental,fundamental-fundamental-data,Fundamental Data
fnd8_er_1af_matrix_ff_oper_inc_tcap,Operating Income % Total Capital,"{'id': 'fundamental8', 'name': 'Fundamental8'}","{'id': 'fundamental', 'name': 'Fundamental'}","{'id': 'fundamental-fundamental-data', 'name': 'Fundamental Data'}",EUR,1,TOPCS1600,MATRIX,1.0,0.897,0,0,1.1,[],fundamental8,Fundamental8,fundamental,Fundamental,fundamental-fundamental-data,Fundamental Data
fnd8_er_1af_matrix_ff_oper_ps_net_cf,Cash Flow From Oper Per Share -Net,"{'id': 'fundamental8', 'name': 'Fundamental8'}","{'id': 'fundamental', 'name': 'Fundamental'}","{'id': 'fundamental-fundamental-data', 'name': 'Fundamental Data'}",EUR,1,TOPCS1600,MATRIX,1.0,0.8887,0,0,1.1,[],fundamental8,Fundamental8,fundamental,Fundamental,fundamental-fundamental-data,Fundamental Data
fnd8_er_1af_matrix_ff_pay_acct_sales,Accounts Payable/Sales,"{'id': 'fundamental8', 'name': 'Fundamental8'}","{'id': 'fundamental', 'name': 'Fundamental'}","{'id': 'fundamental-fundamental-data', 'name': 'Fundamental Data'}",EUR,1,TOPCS1600,MATRIX,1.0,0.7344,0,0,1.1,[],fundamental8,Fundamental8,fundamental,Fundamental,fundamental-fundamental-data,Fundamental Data
fnd8_er_1af_matrix_ff_pay_turn_days,Days of Payables Outstanding,"{'id': 'fundamental8', 'name': 'Fundamental8'}","{'id': 'fundamental', 'name': 'Fundamental'}","{'id': 'fundamental-fundamental-data', 'name': 'Fundamental Data'}",EUR,1,TOPCS1600,MATRIX,1.0,0.7078,0,0,1.1,[],fundamental8,Fundamental8,fundamental,Fundamental,fundamental-fundamental-data,Fundamental Data
fnd8_er_1af_matrix_ff_pbk_tang,Price To Tangible Book Value,"{'id': 'fundamental8', 'name': 'Fundamental8'}","{'id': 'fundamental', 'name': 'Fundamental'}","{'id': 'fundamental-fundamental-data', 'name': 'Fundamental Data'}",EUR,1,TOPCS1600,MATRIX,1.0,0.7025,0,0,1.1,[],fundamental8,Fundamental8,fundamental,Fundamental,fundamental-fundamental-data,Fundamental Data
fnd8_er_1af_matrix_ff_psales_dil,Price To Sales -Diluted,"{'id': 'fundamental8', 'name': 'Fundamental8'}","{'id': 'fundamental', 'name': 'Fundamental'}","{'id': 'fundamental-fundamental-data', 'name': 'Fundamental Data'}",EUR,1,TOPCS1600,MATRIX,1.0,0.8805,0,0,1.1,[],fundamental8,Fundamental8,fundamental,Fundamental,fundamental-fundamental-data,Fundamental Data
fnd8_er_1af_matrix_ff_rd_sales,Research & Development % Sales,"{'id': 'fundamental8', 'name': 'Fundamental8'}","{'id': 'fundamental', 'name': 'Fundamental'}","{'id': 'fundamental-fundamental-data', 'name': 'Fundamental Data'}",EUR,1,TOPCS1600,MATRIX,1.0,0.3768,0,0,1.1,[],fundamental8,Fundamental8,fundamental,Fundamental,fundamental-fundamental-data,Fundamental Data
fnd8_er_1af_matrix_ff_receiv_curr_assets,Receivables % Current Assets,"{'id': 'fundamental8', 'name': 'Fundamental8'}","{'id': 'fundamental', 'name': 'Fundamental'}","{'id': 'fundamental-fundamental-data', 'name': 'Fundamental Data'}",EUR,1,TOPCS1600,MATRIX,1.0,0.722,0,0,1.1,[],fundamental8,Fundamental8,fundamental,Fundamental,fundamental-fundamental-data,Fundamental Data
fnd8_er_1af_matrix_ff_receiv_gross,"Accounts Receivables, Gross","{'id': 'fundamental8', 'name': 'Fundamental8'}","{'id': 'fundamental', 'name': 'Fundamental'}","{'id': 'fundamental-fundamental-data', 'name': 'Fundamental Data'}",EUR,1,TOPCS1600,MATRIX,1.0,0.7124,0,0,1.1,[],fundamental8,Fundamental8,fundamental,Fundamental,fundamental-fundamental-data,Fundamental Data
fnd8_er_1af_matrix_ff_receiv_turn,Receivables Turnover,"{'id': 'fundamental8', 'name': 'Fundamental8'}","{'id': 'fundamental', 'name': 'Fundamental'}","{'id': 'fundamental-fundamental-data', 'name': 'Fundamental Data'}",EUR,1,TOPCS1600,MATRIX,1.0,0.7983,0,0,1.1,[],fundamental8,Fundamental8,fundamental,Fundamental,fundamental-fundamental-data,Fundamental Data
fnd8_er_1af_matrix_ff_receiv_turn_days,Accounts Receivables Days,"{'id': 'fundamental8', 'name': 'Fundamental8'}","{'id': 'fundamental', 'name': 'Fundamental'}","{'id': 'fundamental-fundamental-data', 'name': 'Fundamental Data'}",EUR,1,TOPCS1600,MATRIX,1.0,0.7981,0,0,1.1,[],fundamental8,Fundamental8,fundamental,Fundamental,fundamental-fundamental-data,Fundamental Data
fnd8_er_1af_matrix_ff_reinvest_rate,Reinvestment Rate,"{'id': 'fundamental8', 'name': 'Fundamental8'}","{'id': 'fundamental', 'name': 'Fundamental'}","{'id': 'fundamental-fundamental-data', 'name': 'Fundamental Data'}",EUR,1,TOPCS1600,MATRIX,1.0,0.8847,0,0,1.1,[],fundamental8,Fundamental8,fundamental,Fundamental,fundamental-fundamental-data,Fundamental Data
fnd8_er_1af_matrix_ff_roce,Return On Common Equity,"{'id': 'fundamental8', 'name': 'Fundamental8'}","{'id': 'fundamental', 'name': 'Fundamental'}","{'id': 'fundamental-fundamental-data', 'name': 'Fundamental Data'}",EUR,1,TOPCS1600,MATRIX,1.0,0.8892,0,0,1.1,[],fundamental8,Fundamental8,fundamental,Fundamental,fundamental-fundamental-data,Fundamental Data
fnd8_er_1af_matrix_ff_roic,Return On Average Invested Capital,"{'id': 'fundamental8', 'name': 'Fundamental8'}","{'id': 'fundamental', 'name': 'Fundamental'}","{'id': 'fundamental-fundamental-data', 'name': 'Fundamental Data'}",EUR,1,TOPCS1600,MATRIX,1.0,0.8954,0,0,1.1,[],fundamental8,Fundamental8,fundamental,Fundamental,fundamental-fundamental-data,Fundamental Data
fnd8_er_1af_matrix_ff_sales_gr,Sales -Net -1 Yr Growth,"{'id': 'fundamental8', 'name': 'Fundamental8'}","{'id': 'fundamental', 'name': 'Fundamental'}","{'id': 'fundamental-fundamental-data', 'name': 'Fundamental Data'}",EUR,1,TOPCS1600,MATRIX,1.0,0.8928,0,0,1.1,[],fundamental8,Fundamental8,fundamental,Fundamental,fundamental-fundamental-data,Fundamental Data
fnd8_er_1af_matrix_ff_sales_inven_turn,Sales To Inventory Turnover,"{'id': 'fundamental8', 'name': 'Fundamental8'}","{'id': 'fundamental', 'name': 'Fundamental'}","{'id': 'fundamental-fundamental-data', 'name': 'Fundamental Data'}",EUR,1,TOPCS1600,MATRIX,1.0,0.7072,0,0,1.1,[],fundamental8,Fundamental8,fundamental,Fundamental,fundamental-fundamental-data,Fundamental Data
fnd8_er_1af_matrix_ff_sales_ps_gr,Sales Per Share -1 Year Growth,"{'id': 'fundamental8', 'name': 'Fundamental8'}","{'id': 'fundamental', 'name': 'Fundamental'}","{'id': 'fundamental-fundamental-data', 'name': 'Fundamental Data'}",EUR,1,TOPCS1600,MATRIX,1.0,0.8841,0,0,1.1,[],fundamental8,Fundamental8,fundamental,Fundamental,fundamental-fundamental-data,Fundamental Data
fnd8_er_1af_matrix_ff_sales_wkcap,Sales (Net ) / Working Capital,"{'id': 'fundamental8', 'name': 'Fundamental8'}","{'id': 'fundamental', 'name': 'Fundamental'}","{'id': 'fundamental-fundamental-data', 'name': 'Fundamental Data'}",EUR,1,TOPCS1600,MATRIX,1.0,0.5587,0,0,1.1,[],fundamental8,Fundamental8,fundamental,Fundamental,fundamental-fundamental-data,Fundamental Data
fnd8_er_1af_matrix_ff_sga_sales,"Selling, General & Admin Exp % Sales","{'id': 'fundamental8', 'name': 'Fundamental8'}","{'id': 'fundamental', 'name': 'Fundamental'}","{'id': 'fundamental-fundamental-data', 'name': 'Fundamental Data'}",EUR,1,TOPCS1600,MATRIX,1.0,0.7223,0,0,1.1,[],fundamental8,Fundamental8,fundamental,Fundamental,fundamental-fundamental-data,Fundamental Data
fnd8_er_1af_matrix_ff_spec_items,Special Items,"{'id': 'fundamental8', 'name': 'Fundamental8'}","{'id': 'fundamental', 'name': 'Fundamental'}","{'id': 'fundamental-fundamental-data', 'name': 'Fundamental Data'}",EUR,1,TOPCS1600,MATRIX,1.0,0.7699,0,0,1.1,[],fundamental8,Fundamental8,fundamental,Fundamental,fundamental-fundamental-data,Fundamental Data
fnd8_er_1af_matrix_ff_std_debt,Short Term Debt % Total Debt,"{'id': 'fundamental8', 'name': 'Fundamental8'}","{'id': 'fundamental', 'name': 'Fundamental'}","{'id': 'fundamental-fundamental-data', 'name': 'Fundamental Data'}",EUR,1,TOPCS1600,MATRIX,1.0,0.8258,0,0,1.1,[],fundamental8,Fundamental8,fundamental,Fundamental,fundamental-fundamental-data,Fundamental Data
fnd8_er_1af_matrix_ff_tang_assets_debt,Tangible Assets To Total Debt,"{'id': 'fundamental8', 'name': 'Fundamental8'}","{'id': 'fundamental', 'name': 'Fundamental'}","{'id': 'fundamental-fundamental-data', 'name': 'Fundamental Data'}",EUR,1,TOPCS1600,MATRIX,1.0,0.8679,0,0,1.1,[],fundamental8,Fundamental8,fundamental,Fundamental,fundamental-fundamental-data,Fundamental Data
fnd8_er_1af_matrix_ff_tax_rate,Tax Rate,"{'id': 'fundamental8', 'name': 'Fundamental8'}","{'id': 'fundamental', 'name': 'Fundamental'}","{'id': 'fundamental-fundamental-data', 'name': 'Fundamental Data'}",EUR,1,TOPCS1600,MATRIX,1.0,0.7997,0,0,1.1,[],fundamental8,Fundamental8,fundamental,Fundamental,fundamental-fundamental-data,Fundamental Data
fnd8_er_1af_matrix_ff_tcap_assets,Capital (Total) % Total Assets,"{'id': 'fundamental8', 'name': 'Fundamental8'}","{'id': 'fundamental', 'name': 'Fundamental'}","{'id': 'fundamental-fundamental-data', 'name': 'Fundamental Data'}",EUR,1,TOPCS1600,MATRIX,1.0,0.9019,0,0,1.1,[],fundamental8,Fundamental8,fundamental,Fundamental,fundamental-fundamental-data,Fundamental Data
fnd8_er_1af_matrix_ff_tot_debt_tcap_std,Total Debt % Total Capital,"{'id': 'fundamental8', 'name': 'Fundamental8'}","{'id': 'fundamental', 'name': 'Fundamental'}","{'id': 'fundamental-fundamental-data', 'name': 'Fundamental Data'}",EUR,1,TOPCS1600,MATRIX,1.0,0.8666,0,0,1.1,[],fundamental8,Fundamental8,fundamental,Fundamental,fundamental-fundamental-data,Fundamental Data
fnd8_er_1af_matrix_ff_ut_gross_inc,Gross Income -Income Before Interest Charges,"{'id': 'fundamental8', 'name': 'Fundamental8'}","{'id': 'fundamental', 'name': 'Fundamental'}","{'id': 'fundamental-fundamental-data', 'name': 'Fundamental Data'}",EUR,1,TOPCS1600,MATRIX,1.0,0.8982,0,0,1.1,[],fundamental8,Fundamental8,fundamental,Fundamental,fundamental-fundamental-data,Fundamental Data
fnd8_er_1af_matrix_ff_ut_operation_exp,Operation Expenses -Total,"{'id': 'fundamental8', 'name': 'Fundamental8'}","{'id': 'fundamental', 'name': 'Fundamental'}","{'id': 'fundamental-fundamental-data', 'name': 'Fundamental Data'}",EUR,1,TOPCS1600,MATRIX,1.0,0.889,0,0,1.1,[],fundamental8,Fundamental8,fundamental,Fundamental,fundamental-fundamental-data,Fundamental Data
fnd8_er_1af_matrix_ff_wkcap,Working Capital,"{'id': 'fundamental8', 'name': 'Fundamental8'}","{'id': 'fundamental', 'name': 'Fundamental'}","{'id': 'fundamental-fundamental-data', 'name': 'Fundamental Data'}",EUR,1,TOPCS1600,MATRIX,1.0,0.7426,0,0,1.1,[],fundamental8,Fundamental8,fundamental,Fundamental,fundamental-fundamental-data,Fundamental Data
fnd8_er_1af_matrix_ff_wkcap_pct,Working Capital % Total Capital,"{'id': 'fundamental8', 'name': 'Fundamental8'}","{'id': 'fundamental', 'name': 'Fundamental'}","{'id': 'fundamental-fundamental-data', 'name': 'Fundamental Data'}",EUR,1,TOPCS1600,MATRIX,1.0,0.7415,0,0,1.1,[],fundamental8,Fundamental8,fundamental,Fundamental,fundamental-fundamental-data,Fundamental Data
fnd8_er_1af_matrix_ff_zscore,ALTMAN'S Z SCORE,"{'id': 'fundamental8', 'name': 'Fundamental8'}","{'id': 'fundamental', 'name': 'Fundamental'}","{'id': 'fundamental-fundamental-data', 'name': 'Fundamental Data'}",EUR,1,TOPCS1600,MATRIX,1.0,0.6894,0,0,1.1,[],fundamental8,Fundamental8,fundamental,Fundamental,fundamental-fundamental-data,Fundamental Data
fnd8_er_1af_matrix_hto_ags_ff,"Other Selling, General & Administrative Expense","{'id': 'fundamental8', 'name': 'Fundamental8'}","{'id': 'fundamental', 'name': 'Fundamental'}","{'id': 'fundamental-fundamental-data', 'name': 'Fundamental Data'}",EUR,1,TOPCS1600,MATRIX,1.0,0.6494,0,0,1.1,[],fundamental8,Fundamental8,fundamental,Fundamental,fundamental-fundamental-data,Fundamental Data
fnd8_er_1af_matrix_hto_pxe_tni_ff,Other Interest Expense -Banks,"{'id': 'fundamental8', 'name': 'Fundamental8'}","{'id': 'fundamental', 'name': 'Fundamental'}","{'id': 'fundamental-fundamental-data', 'name': 'Fundamental Data'}",EUR,1,TOPCS1600,MATRIX,1.0,0.8751,0,0,1.1,[],fundamental8,Fundamental8,fundamental,Fundamental,fundamental-fundamental-data,Fundamental Data
fnd8_er_1af_matrix_lid_ep_ff,Price To Earnings -Diluted,"{'id': 'fundamental8', 'name': 'Fundamental8'}","{'id': 'fundamental', 'name': 'Fundamental'}","{'id': 'fundamental-fundamental-data', 'name': 'Fundamental Data'}",EUR,1,TOPCS1600,MATRIX,1.0,0.755,0,0,1.1,[],fundamental8,Fundamental8,fundamental,Fundamental,fundamental-fundamental-data,Fundamental Data
fnd8_er_1af_matrix_lid_fcfp_ff,Price To Free Cash Flow,"{'id': 'fundamental8', 'name': 'Fundamental8'}","{'id': 'fundamental', 'name': 'Fundamental'}","{'id': 'fundamental-fundamental-data', 'name': 'Fundamental Data'}",EUR,1,TOPCS1600,MATRIX,1.0,0.6155,0,0,1.1,[],fundamental8,Fundamental8,fundamental,Fundamental,fundamental-fundamental-data,Fundamental Data
fnd8_er_1af_matrix_qe_moc_dtl_ff,Long Term Debt % Common Equity,"{'id': 'fundamental8', 'name': 'Fundamental8'}","{'id': 'fundamental', 'name': 'Fundamental'}","{'id': 'fundamental-fundamental-data', 'name': 'Fundamental Data'}",EUR,1,TOPCS1600,MATRIX,1.0,0.8366,0,0,1.1,[],fundamental8,Fundamental8,fundamental,Fundamental,fundamental-fundamental-data,Fundamental Data
fnd8_er_1af_matrix_rg_lid_spe_ff,EPS -Diluted -Before Extras -% Change,"{'id': 'fundamental8', 'name': 'Fundamental8'}","{'id': 'fundamental', 'name': 'Fundamental'}","{'id': 'fundamental-fundamental-data', 'name': 'Fundamental Data'}",EUR,1,TOPCS1600,MATRIX,1.0,0.8,0,0,1.1,[],fundamental8,Fundamental8,fundamental,Fundamental,fundamental-fundamental-data,Fundamental Data
fnd8_er_1af_matrix_rg_qe_moc_ff,Equity -1 Yr Annual Growth,"{'id': 'fundamental8', 'name': 'Fundamental8'}","{'id': 'fundamental', 'name': 'Fundamental'}","{'id': 'fundamental-fundamental-data', 'name': 'Fundamental Data'}",EUR,1,TOPCS1600,MATRIX,1.0,0.8945,0,0,1.1,[],fundamental8,Fundamental8,fundamental,Fundamental,fundamental-fundamental-data,Fundamental Data
fnd8_er_1af_matrix_rg_sp_fc_ff,Cash Flow Per Share -1 Year Growth,"{'id': 'fundamental8', 'name': 'Fundamental8'}","{'id': 'fundamental', 'name': 'Fundamental'}","{'id': 'fundamental-fundamental-data', 'name': 'Fundamental Data'}",EUR,1,TOPCS1600,MATRIX,1.0,0.8478,0,0,1.1,[],fundamental8,Fundamental8,fundamental,Fundamental,fundamental-fundamental-data,Fundamental Data
fnd8_er_1af_matrix_rg_spb_ff,Book Value Per Share -1 Yr Annual Growth,"{'id': 'fundamental8', 'name': 'Fundamental8'}","{'id': 'fundamental', 'name': 'Fundamental'}","{'id': 'fundamental-fundamental-data', 'name': 'Fundamental Data'}",EUR,1,TOPCS1600,MATRIX,1.0,0.8889,0,0,1.1,[],fundamental8,Fundamental8,fundamental,Fundamental,fundamental-fundamental-data,Fundamental Data
fnd8_er_1af_matrix_xtp_aor_ff,Return On Average Assets -Pretax,"{'id': 'fundamental8', 'name': 'Fundamental8'}","{'id': 'fundamental', 'name': 'Fundamental'}","{'id': 'fundamental-fundamental-data', 'name': 'Fundamental Data'}",EUR,1,TOPCS1600,MATRIX,1.0,0.897,0,0,1.1,[],fundamental8,Fundamental8,fundamental,Fundamental,fundamental-fundamental-data,Fundamental Data
fnd8_er_1qf_matrix_drox_ff,Extraordinary Items (Incl Accounting Change),"{'id': 'fundamental8', 'name': 'Fundamental8'}","{'id': 'fundamental', 'name': 'Fundamental'}","{'id': 'fundamental-fundamental-data', 'name': 'Fundamental Data'}",EUR,1,TOPCS1600,MATRIX,1.0,0.566,0,0,1.1,[],fundamental8,Fundamental8,fundamental,Fundamental,fundamental-fundamental-data,Fundamental Data
fnd8_er_1qf_matrix_fcfp_ff,Price To Free Cash Flow,"{'id': 'fundamental8', 'name': 'Fundamental8'}","{'id': 'fundamental', 'name': 'Fundamental'}","{'id': 'fundamental-fundamental-data', 'name': 'Fundamental Data'}",EUR,1,TOPCS1600,MATRIX,1.0,0.2531,0,0,1.1,[],fundamental8,Fundamental8,fundamental,Fundamental,fundamental-fundamental-data,Fundamental Data
fnd8_er_1qf_matrix_ff_assets_com_eq,Assets To Common Equity,"{'id': 'fundamental8', 'name': 'Fundamental8'}","{'id': 'fundamental', 'name': 'Fundamental'}","{'id': 'fundamental-fundamental-data', 'name': 'Fundamental Data'}",EUR,1,TOPCS1600,MATRIX,1.0,0.5189,0,0,1.1,[],fundamental8,Fundamental8,fundamental,Fundamental,fundamental-fundamental-data,Fundamental Data
fnd8_er_1qf_matrix_ff_assets_eq,Assets To Equity (End Of Period),"{'id': 'fundamental8', 'name': 'Fundamental8'}","{'id': 'fundamental', 'name': 'Fundamental'}","{'id': 'fundamental-fundamental-data', 'name': 'Fundamental Data'}",EUR,1,TOPCS1600,MATRIX,1.0,0.5233,0,0,1.1,[],fundamental8,Fundamental8,fundamental,Fundamental,fundamental-fundamental-data,Fundamental Data
fnd8_er_1qf_matrix_ff_assets_gr,Assets -Total -1 Year Growth,"{'id': 'fundamental8', 'name': 'Fundamental8'}","{'id': 'fundamental', 'name': 'Fundamental'}","{'id': 'fundamental-fundamental-data', 'name': 'Fundamental Data'}",EUR,1,TOPCS1600,MATRIX,1.0,0.4854,0,0,1.1,[],fundamental8,Fundamental8,fundamental,Fundamental,fundamental-fundamental-data,Fundamental Data
fnd8_er_1qf_matrix_ff_bk_oper_inc_oth,Bank Other Operating Income,"{'id': 'fundamental8', 'name': 'Fundamental8'}","{'id': 'fundamental', 'name': 'Fundamental'}","{'id': 'fundamental-fundamental-data', 'name': 'Fundamental Data'}",EUR,1,TOPCS1600,MATRIX,1.0,0.6553,0,0,1.1,[],fundamental8,Fundamental8,fundamental,Fundamental,fundamental-fundamental-data,Fundamental Data
fnd8_er_1qf_matrix_ff_bk_oper_inc_tot,Bank Total Operating Income,"{'id': 'fundamental8', 'name': 'Fundamental8'}","{'id': 'fundamental', 'name': 'Fundamental'}","{'id': 'fundamental-fundamental-data', 'name': 'Fundamental Data'}",EUR,1,TOPCS1600,MATRIX,1.0,0.6553,0,0,1.1,[],fundamental8,Fundamental8,fundamental,Fundamental,fundamental-fundamental-data,Fundamental Data
fnd8_er_1qf_matrix_ff_capex_5ygr,Capital Spending -5Yr Growth Rate,"{'id': 'fundamental8', 'name': 'Fundamental8'}","{'id': 'fundamental', 'name': 'Fundamental'}","{'id': 'fundamental-fundamental-data', 'name': 'Fundamental Data'}",EUR,1,TOPCS1600,MATRIX,1.0,0.3261,0,0,1.1,[],fundamental8,Fundamental8,fundamental,Fundamental,fundamental-fundamental-data,Fundamental Data
fnd8_er_1qf_matrix_ff_capex_assets,Capital Expenditure % Total Assets,"{'id': 'fundamental8', 'name': 'Fundamental8'}","{'id': 'fundamental', 'name': 'Fundamental'}","{'id': 'fundamental-fundamental-data', 'name': 'Fundamental Data'}",EUR,1,TOPCS1600,MATRIX,1.0,0.3485,0,0,1.1,[],fundamental8,Fundamental8,fundamental,Fundamental,fundamental-fundamental-data,Fundamental Data
fnd8_er_1qf_matrix_ff_capex_ps_cf,Capital Expenditures Per Share,"{'id': 'fundamental8', 'name': 'Fundamental8'}","{'id': 'fundamental', 'name': 'Fundamental'}","{'id': 'fundamental-fundamental-data', 'name': 'Fundamental Data'}",EUR,1,TOPCS1600,MATRIX,1.0,0.3774,0,0,1.1,[],fundamental8,Fundamental8,fundamental,Fundamental,fundamental-fundamental-data,Fundamental Data
fnd8_er_1qf_matrix_ff_cash_curr_assets,Cash & Equivalents % Total Current Assets,"{'id': 'fundamental8', 'name': 'Fundamental8'}","{'id': 'fundamental', 'name': 'Fundamental'}","{'id': 'fundamental-fundamental-data', 'name': 'Fundamental Data'}",EUR,1,TOPCS1600,MATRIX,1.0,0.4106,0,0,1.1,[],fundamental8,Fundamental8,fundamental,Fundamental,fundamental-fundamental-data,Fundamental Data
fnd8_er_1qf_matrix_ff_cash_div_cf,Cash Dividends/Cash Flow,"{'id': 'fundamental8', 'name': 'Fundamental8'}","{'id': 'fundamental', 'name': 'Fundamental'}","{'id': 'fundamental-fundamental-data', 'name': 'Fundamental Data'}",EUR,1,TOPCS1600,MATRIX,1.0,0.3161,0,0,1.1,[],fundamental8,Fundamental8,fundamental,Fundamental,fundamental-fundamental-data,Fundamental Data
fnd8_er_1qf_matrix_ff_cash_roce,Cash Earnings Return On Equity,"{'id': 'fundamental8', 'name': 'Fundamental8'}","{'id': 'fundamental', 'name': 'Fundamental'}","{'id': 'fundamental-fundamental-data', 'name': 'Fundamental Data'}",EUR,1,TOPCS1600,MATRIX,1.0,0.3578,0,0,1.1,[],fundamental8,Fundamental8,fundamental,Fundamental,fundamental-fundamental-data,Fundamental Data
fnd8_er_1qf_matrix_ff_cf_sales,Cash Flow/Sales,"{'id': 'fundamental8', 'name': 'Fundamental8'}","{'id': 'fundamental', 'name': 'Fundamental'}","{'id': 'fundamental-fundamental-data', 'name': 'Fundamental Data'}",EUR,1,TOPCS1600,MATRIX,1.0,0.4014,0,0,1.1,[],fundamental8,Fundamental8,fundamental,Fundamental,fundamental-fundamental-data,Fundamental Data
fnd8_er_1qf_matrix_ff_cogs_sales,Cost of Goods Sold % Sales,"{'id': 'fundamental8', 'name': 'Fundamental8'}","{'id': 'fundamental', 'name': 'Fundamental'}","{'id': 'fundamental-fundamental-data', 'name': 'Fundamental Data'}",EUR,1,TOPCS1600,MATRIX,1.0,0.3936,0,0,1.1,[],fundamental8,Fundamental8,fundamental,Fundamental,fundamental-fundamental-data,Fundamental Data
fnd8_er_1qf_matrix_ff_com_eq_tcap,Equity % Total Capital,"{'id': 'fundamental8', 'name': 'Fundamental8'}","{'id': 'fundamental', 'name': 'Fundamental'}","{'id': 'fundamental-fundamental-data', 'name': 'Fundamental Data'}",EUR,1,TOPCS1600,MATRIX,1.0,0.5181,0,0,1.1,[],fundamental8,Fundamental8,fundamental,Fundamental,fundamental-fundamental-data,Fundamental Data
fnd8_er_1qf_matrix_ff_commiss_inc_net,Net Commission Income,"{'id': 'fundamental8', 'name': 'Fundamental8'}","{'id': 'fundamental', 'name': 'Fundamental'}","{'id': 'fundamental-fundamental-data', 'name': 'Fundamental Data'}",EUR,1,TOPCS1600,MATRIX,1.0,0.6553,0,0,1.1,[],fundamental8,Fundamental8,fundamental,Fundamental,fundamental-fundamental-data,Fundamental Data
fnd8_er_1qf_matrix_ff_debt_com_eq,Debt (Total) % Common Equity,"{'id': 'fundamental8', 'name': 'Fundamental8'}","{'id': 'fundamental', 'name': 'Fundamental'}","{'id': 'fundamental-fundamental-data', 'name': 'Fundamental Data'}",EUR,1,TOPCS1600,MATRIX,1.0,0.514,0,0,1.1,[],fundamental8,Fundamental8,fundamental,Fundamental,fundamental-fundamental-data,Fundamental Data
fnd8_er_1qf_matrix_ff_debt_entrpr_val,Total Debt To Enterprise Value,"{'id': 'fundamental8', 'name': 'Fundamental8'}","{'id': 'fundamental', 'name': 'Fundamental'}","{'id': 'fundamental-fundamental-data', 'name': 'Fundamental Data'}",EUR,1,TOPCS1600,MATRIX,1.0,0.5028,0,0,1.1,[],fundamental8,Fundamental8,fundamental,Fundamental,fundamental-fundamental-data,Fundamental Data
fnd8_er_1qf_matrix_ff_debt_eq,Total Debt % Total Equity,"{'id': 'fundamental8', 'name': 'Fundamental8'}","{'id': 'fundamental', 'name': 'Fundamental'}","{'id': 'fundamental-fundamental-data', 'name': 'Fundamental Data'}",EUR,1,TOPCS1600,MATRIX,1.0,0.514,0,0,1.1,[],fundamental8,Fundamental8,fundamental,Fundamental,fundamental-fundamental-data,Fundamental Data
fnd8_er_1qf_matrix_ff_debt_lt_cf,Change in Long-Term Debt,"{'id': 'fundamental8', 'name': 'Fundamental8'}","{'id': 'fundamental', 'name': 'Fundamental'}","{'id': 'fundamental-fundamental-data', 'name': 'Fundamental Data'}",EUR,1,TOPCS1600,MATRIX,1.0,0.3036,0,0,1.1,[],fundamental8,Fundamental8,fundamental,Fundamental,fundamental-fundamental-data,Fundamental Data
fnd8_er_1qf_matrix_ff_debt_serv,Debt Service Ratio -Incl St Debt -Pretax,"{'id': 'fundamental8', 'name': 'Fundamental8'}","{'id': 'fundamental', 'name': 'Fundamental'}","{'id': 'fundamental-fundamental-data', 'name': 'Fundamental Data'}",EUR,1,TOPCS1600,MATRIX,1.0,0.4187,0,0,1.1,[],fundamental8,Fundamental8,fundamental,Fundamental,fundamental-fundamental-data,Fundamental Data
fnd8_er_1qf_matrix_ff_debt_st_x_curr_port,Short Term Debt,"{'id': 'fundamental8', 'name': 'Fundamental8'}","{'id': 'fundamental', 'name': 'Fundamental'}","{'id': 'fundamental-fundamental-data', 'name': 'Fundamental Data'}",EUR,1,TOPCS1600,MATRIX,1.0,0.4905,0,0,1.1,[],fundamental8,Fundamental8,fundamental,Fundamental,fundamental-fundamental-data,Fundamental Data
fnd8_er_1qf_matrix_ff_dfd_tax_assets_lt,Deferred Income Tax -Non-Current Asset,"{'id': 'fundamental8', 'name': 'Fundamental8'}","{'id': 'fundamental', 'name': 'Fundamental'}","{'id': 'fundamental-fundamental-data', 'name': 'Fundamental Data'}",EUR,1,TOPCS1600,MATRIX,1.0,0.4784,0,0,1.1,[],fundamental8,Fundamental8,fundamental,Fundamental,fundamental-fundamental-data,Fundamental Data
fnd8_er_1qf_matrix_ff_earn_yld,Earnings Yield -Close,"{'id': 'fundamental8', 'name': 'Fundamental8'}","{'id': 'fundamental', 'name': 'Fundamental'}","{'id': 'fundamental-fundamental-data', 'name': 'Fundamental Data'}",EUR,1,TOPCS1600,MATRIX,1.0,0.4962,0,0,1.1,[],fundamental8,Fundamental8,fundamental,Fundamental,fundamental-fundamental-data,Fundamental Data
fnd8_er_1qf_matrix_ff_ebit_bef_unusual,"Earnings Before Interest, Taxes & Unusual Expense","{'id': 'fundamental8', 'name': 'Fundamental8'}","{'id': 'fundamental', 'name': 'Fundamental'}","{'id': 'fundamental-fundamental-data', 'name': 'Fundamental Data'}",EUR,1,TOPCS1600,MATRIX,1.0,0.5266,0,0,1.1,[],fundamental8,Fundamental8,fundamental,Fundamental,fundamental-fundamental-data,Fundamental Data
fnd8_er_1qf_matrix_ff_ebit_oper_int_covg,Pretax Interest Coverage Ratio,"{'id': 'fundamental8', 'name': 'Fundamental8'}","{'id': 'fundamental', 'name': 'Fundamental'}","{'id': 'fundamental-fundamental-data', 'name': 'Fundamental Data'}",EUR,1,TOPCS1600,MATRIX,1.0,0.4178,0,0,1.1,[],fundamental8,Fundamental8,fundamental,Fundamental,fundamental-fundamental-data,Fundamental Data
fnd8_er_1qf_matrix_ff_ebit_oper_mgn,EBIT Margin,"{'id': 'fundamental8', 'name': 'Fundamental8'}","{'id': 'fundamental', 'name': 'Fundamental'}","{'id': 'fundamental-fundamental-data', 'name': 'Fundamental Data'}",EUR,1,TOPCS1600,MATRIX,1.0,0.4629,0,0,1.1,[],fundamental8,Fundamental8,fundamental,Fundamental,fundamental-fundamental-data,Fundamental Data
fnd8_er_1qf_matrix_ff_ebit_oper_roa,Return On Average Assets (EBIT),"{'id': 'fundamental8', 'name': 'Fundamental8'}","{'id': 'fundamental', 'name': 'Fundamental'}","{'id': 'fundamental-fundamental-data', 'name': 'Fundamental Data'}",EUR,1,TOPCS1600,MATRIX,1.0,0.3942,0,0,1.1,[],fundamental8,Fundamental8,fundamental,Fundamental,fundamental-fundamental-data,Fundamental Data
fnd8_er_1qf_matrix_ff_ebitda_bef_unusual,EBITDA Before Unusual Expenses,"{'id': 'fundamental8', 'name': 'Fundamental8'}","{'id': 'fundamental', 'name': 'Fundamental'}","{'id': 'fundamental-fundamental-data', 'name': 'Fundamental Data'}",EUR,1,TOPCS1600,MATRIX,1.0,0.5266,0,0,1.1,[],fundamental8,Fundamental8,fundamental,Fundamental,fundamental-fundamental-data,Fundamental Data
fnd8_er_1qf_matrix_ff_ebitda_cf,EBITDA (From Cash Flow),"{'id': 'fundamental8', 'name': 'Fundamental8'}","{'id': 'fundamental', 'name': 'Fundamental'}","{'id': 'fundamental-fundamental-data', 'name': 'Fundamental Data'}",EUR,1,TOPCS1600,MATRIX,1.0,0.5266,0,0,1.1,[],fundamental8,Fundamental8,fundamental,Fundamental,fundamental-fundamental-data,Fundamental Data
fnd8_er_1qf_matrix_ff_ebitda_oper_mgn,EBITDA Margin,"{'id': 'fundamental8', 'name': 'Fundamental8'}","{'id': 'fundamental', 'name': 'Fundamental'}","{'id': 'fundamental-fundamental-data', 'name': 'Fundamental Data'}",EUR,1,TOPCS1600,MATRIX,1.0,0.4154,0,0,1.1,[],fundamental8,Fundamental8,fundamental,Fundamental,fundamental-fundamental-data,Fundamental Data
fnd8_er_1qf_matrix_ff_eff_int_rate,Interest Rate -Estimated Average,"{'id': 'fundamental8', 'name': 'Fundamental8'}","{'id': 'fundamental', 'name': 'Fundamental'}","{'id': 'fundamental-fundamental-data', 'name': 'Fundamental Data'}",EUR,1,TOPCS1600,MATRIX,1.0,0.4125,0,0,1.1,[],fundamental8,Fundamental8,fundamental,Fundamental,fundamental-fundamental-data,Fundamental Data
fnd8_er_1qf_matrix_ff_entrpr_val_ebit_oper,Enterprise Value To EBIT,"{'id': 'fundamental8', 'name': 'Fundamental8'}","{'id': 'fundamental', 'name': 'Fundamental'}","{'id': 'fundamental-fundamental-data', 'name': 'Fundamental Data'}",EUR,1,TOPCS1600,MATRIX,1.0,0.3669,0,0,1.1,[],fundamental8,Fundamental8,fundamental,Fundamental,fundamental-fundamental-data,Fundamental Data
fnd8_er_1qf_matrix_ff_entrpr_val_ebitda_oper,Enterprise Value To EBITDA,"{'id': 'fundamental8', 'name': 'Fundamental8'}","{'id': 'fundamental', 'name': 'Fundamental'}","{'id': 'fundamental-fundamental-data', 'name': 'Fundamental Data'}",EUR,1,TOPCS1600,MATRIX,1.0,0.3514,0,0,1.1,[],fundamental8,Fundamental8,fundamental,Fundamental,fundamental-fundamental-data,Fundamental Data
fnd8_er_1qf_matrix_ff_entrpr_val_sales,Enterprise Value To Sales,"{'id': 'fundamental8', 'name': 'Fundamental8'}","{'id': 'fundamental', 'name': 'Fundamental'}","{'id': 'fundamental-fundamental-data', 'name': 'Fundamental Data'}",EUR,1,TOPCS1600,MATRIX,1.0,0.4709,0,0,1.1,[],fundamental8,Fundamental8,fundamental,Fundamental,fundamental-fundamental-data,Fundamental Data
fnd8_er_1qf_matrix_ff_eps_basic_gr,EPS -Basic -Before Extras -% Change,"{'id': 'fundamental8', 'name': 'Fundamental8'}","{'id': 'fundamental', 'name': 'Fundamental'}","{'id': 'fundamental-fundamental-data', 'name': 'Fundamental Data'}",EUR,1,TOPCS1600,MATRIX,1.0,0.4877,0,0,1.1,[],fundamental8,Fundamental8,fundamental,Fundamental,fundamental-fundamental-data,Fundamental Data
fnd8_er_1qf_matrix_ff_eps_dil_aft_xord,EPS -Diluted -After Extraordinaries,"{'id': 'fundamental8', 'name': 'Fundamental8'}","{'id': 'fundamental', 'name': 'Fundamental'}","{'id': 'fundamental-fundamental-data', 'name': 'Fundamental Data'}",EUR,1,TOPCS1600,MATRIX,1.0,0.4042,0,0,1.1,[],fundamental8,Fundamental8,fundamental,Fundamental,fundamental-fundamental-data,Fundamental Data
fnd8_er_1qf_matrix_ff_fin_invest_tot,Total Investments for Financial,"{'id': 'fundamental8', 'name': 'Fundamental8'}","{'id': 'fundamental', 'name': 'Fundamental'}","{'id': 'fundamental-fundamental-data', 'name': 'Fundamental Data'}",EUR,1,TOPCS1600,MATRIX,1.0,0.3238,0,0,1.1,[],fundamental8,Fundamental8,fundamental,Fundamental,fundamental-fundamental-data,Fundamental Data
fnd8_er_1qf_matrix_ff_free_ps_cf,Cash Flow Per Share (Diluted) -Free,"{'id': 'fundamental8', 'name': 'Fundamental8'}","{'id': 'fundamental', 'name': 'Fundamental'}","{'id': 'fundamental-fundamental-data', 'name': 'Fundamental Data'}",EUR,1,TOPCS1600,MATRIX,1.0,0.369,0,0,1.1,[],fundamental8,Fundamental8,fundamental,Fundamental,fundamental-fundamental-data,Fundamental Data
fnd8_er_1qf_matrix_ff_gross_cf_debt,Cash Flow (Gross) % Total Debt,"{'id': 'fundamental8', 'name': 'Fundamental8'}","{'id': 'fundamental', 'name': 'Fundamental'}","{'id': 'fundamental-fundamental-data', 'name': 'Fundamental Data'}",EUR,1,TOPCS1600,MATRIX,1.0,0.3523,0,0,1.1,[],fundamental8,Fundamental8,fundamental,Fundamental,fundamental-fundamental-data,Fundamental Data
fnd8_er_1qf_matrix_ff_inc_sund,Sundry Revenue/Income,"{'id': 'fundamental8', 'name': 'Fundamental8'}","{'id': 'fundamental', 'name': 'Fundamental'}","{'id': 'fundamental-fundamental-data', 'name': 'Fundamental Data'}",EUR,1,TOPCS1600,MATRIX,1.0,0.5667,0,0,1.1,[],fundamental8,Fundamental8,fundamental,Fundamental,fundamental-fundamental-data,Fundamental Data
fnd8_er_1qf_matrix_ff_intang_oth,Net Other Intangibles,"{'id': 'fundamental8', 'name': 'Fundamental8'}","{'id': 'fundamental', 'name': 'Fundamental'}","{'id': 'fundamental-fundamental-data', 'name': 'Fundamental Data'}",EUR,1,TOPCS1600,MATRIX,1.0,0.354,0,0,1.1,[],fundamental8,Fundamental8,fundamental,Fundamental,fundamental-fundamental-data,Fundamental Data
fnd8_er_1qf_matrix_ff_inven_curr_assets,Inventories % Total Current Assets,"{'id': 'fundamental8', 'name': 'Fundamental8'}","{'id': 'fundamental', 'name': 'Fundamental'}","{'id': 'fundamental-fundamental-data', 'name': 'Fundamental Data'}",EUR,1,TOPCS1600,MATRIX,1.0,0.4006,0,0,1.1,[],fundamental8,Fundamental8,fundamental,Fundamental,fundamental-fundamental-data,Fundamental Data
fnd8_er_1qf_matrix_ff_inven_days,Inventories -Days Held,"{'id': 'fundamental8', 'name': 'Fundamental8'}","{'id': 'fundamental', 'name': 'Fundamental'}","{'id': 'fundamental-fundamental-data', 'name': 'Fundamental Data'}",EUR,1,TOPCS1600,MATRIX,1.0,0.296,0,0,1.1,[],fundamental8,Fundamental8,fundamental,Fundamental,fundamental-fundamental-data,Fundamental Data
fnd8_er_1qf_matrix_ff_inven_turn,Inventory Turnover,"{'id': 'fundamental8', 'name': 'Fundamental8'}","{'id': 'fundamental', 'name': 'Fundamental'}","{'id': 'fundamental-fundamental-data', 'name': 'Fundamental Data'}",EUR,1,TOPCS1600,MATRIX,1.0,0.296,0,0,1.1,[],fundamental8,Fundamental8,fundamental,Fundamental,fundamental-fundamental-data,Fundamental Data
fnd8_er_1qf_matrix_ff_invest_cap,Invested Capital -Total,"{'id': 'fundamental8', 'name': 'Fundamental8'}","{'id': 'fundamental', 'name': 'Fundamental'}","{'id': 'fundamental-fundamental-data', 'name': 'Fundamental Data'}",EUR,1,TOPCS1600,MATRIX,1.0,0.5152,0,0,1.1,[],fundamental8,Fundamental8,fundamental,Fundamental,fundamental-fundamental-data,Fundamental Data
fnd8_er_1qf_matrix_ff_invest_lt,Long Term Investments,"{'id': 'fundamental8', 'name': 'Fundamental8'}","{'id': 'fundamental', 'name': 'Fundamental'}","{'id': 'fundamental-fundamental-data', 'name': 'Fundamental Data'}",EUR,1,TOPCS1600,MATRIX,1.0,0.4075,0,0,1.1,[],fundamental8,Fundamental8,fundamental,Fundamental,fundamental-fundamental-data,Fundamental Data
fnd8_er_1qf_matrix_ff_invest_receiv_lt,Investments & Long-Term Receivables,"{'id': 'fundamental8', 'name': 'Fundamental8'}","{'id': 'fundamental', 'name': 'Fundamental'}","{'id': 'fundamental-fundamental-data', 'name': 'Fundamental Data'}",EUR,1,TOPCS1600,MATRIX,1.0,0.4075,0,0,1.1,[],fundamental8,Fundamental8,fundamental,Fundamental,fundamental-fundamental-data,Fundamental Data
fnd8_er_1qf_matrix_ff_ltd_tcap,Long Term Debt % Total Capital,"{'id': 'fundamental8', 'name': 'Fundamental8'}","{'id': 'fundamental', 'name': 'Fundamental'}","{'id': 'fundamental-fundamental-data', 'name': 'Fundamental Data'}",EUR,1,TOPCS1600,MATRIX,1.0,0.5149,0,0,1.1,[],fundamental8,Fundamental8,fundamental,Fundamental,fundamental-fundamental-data,Fundamental Data
fnd8_er_1qf_matrix_ff_min_int_tcap,Minority Interest % Total Capital,"{'id': 'fundamental8', 'name': 'Fundamental8'}","{'id': 'fundamental', 'name': 'Fundamental'}","{'id': 'fundamental-fundamental-data', 'name': 'Fundamental Data'}",EUR,1,TOPCS1600,MATRIX,1.0,0.5131,0,0,1.1,[],fundamental8,Fundamental8,fundamental,Fundamental,fundamental-fundamental-data,Fundamental Data
fnd8_er_1qf_matrix_ff_mkt_val_gr,Market Value -1 Yr Growth,"{'id': 'fundamental8', 'name': 'Fundamental8'}","{'id': 'fundamental', 'name': 'Fundamental'}","{'id': 'fundamental-fundamental-data', 'name': 'Fundamental Data'}",EUR,1,TOPCS1600,MATRIX,1.0,0.4676,0,0,1.1,[],fundamental8,Fundamental8,fundamental,Fundamental,fundamental-fundamental-data,Fundamental Data
fnd8_er_1qf_matrix_ff_net_cf_debt,Cash Flow (Net) % Total Debt,"{'id': 'fundamental8', 'name': 'Fundamental8'}","{'id': 'fundamental', 'name': 'Fundamental'}","{'id': 'fundamental-fundamental-data', 'name': 'Fundamental Data'}",EUR,1,TOPCS1600,MATRIX,1.0,0.3792,0,0,1.1,[],fundamental8,Fundamental8,fundamental,Fundamental,fundamental-fundamental-data,Fundamental Data
fnd8_er_1qf_matrix_ff_net_inc_basic_aft_xord,Net Income Avail To Common -Basic - After Extraordinaries,"{'id': 'fundamental8', 'name': 'Fundamental8'}","{'id': 'fundamental', 'name': 'Fundamental'}","{'id': 'fundamental-fundamental-data', 'name': 'Fundamental Data'}",EUR,1,TOPCS1600,MATRIX,1.0,0.5289,0,0,1.1,[],fundamental8,Fundamental8,fundamental,Fundamental,fundamental-fundamental-data,Fundamental Data
fnd8_er_1qf_matrix_ff_net_inc_basic_beft_xord,Income Before Extraordinary Items - Available For Common,"{'id': 'fundamental8', 'name': 'Fundamental8'}","{'id': 'fundamental', 'name': 'Fundamental'}","{'id': 'fundamental-fundamental-data', 'name': 'Fundamental Data'}",EUR,1,TOPCS1600,MATRIX,1.0,0.5315,0,0,1.1,[],fundamental8,Fundamental8,fundamental,Fundamental,fundamental-fundamental-data,Fundamental Data
fnd8_er_1qf_matrix_ff_net_inc_bef_xord_gr,Net Income -Before Extras -1 Yr Growth,"{'id': 'fundamental8', 'name': 'Fundamental8'}","{'id': 'fundamental', 'name': 'Fundamental'}","{'id': 'fundamental-fundamental-data', 'name': 'Fundamental Data'}",EUR,1,TOPCS1600,MATRIX,1.0,0.4821,0,0,1.1,[],fundamental8,Fundamental8,fundamental,Fundamental,fundamental-fundamental-data,Fundamental Data
fnd8_er_1qf_matrix_ff_net_inc_dil,Net Income Avail To Common -Fully Diluted,"{'id': 'fundamental8', 'name': 'Fundamental8'}","{'id': 'fundamental', 'name': 'Fundamental'}","{'id': 'fundamental-fundamental-data', 'name': 'Fundamental Data'}",EUR,1,TOPCS1600,MATRIX,1.0,0.4126,0,0,1.1,[],fundamental8,Fundamental8,fundamental,Fundamental,fundamental-fundamental-data,Fundamental Data
fnd8_er_1qf_matrix_ff_net_inc_dil_aft_xord,Net Income Avail To Common -Fully Diluted -After Extraordinaries,"{'id': 'fundamental8', 'name': 'Fundamental8'}","{'id': 'fundamental', 'name': 'Fundamental'}","{'id': 'fundamental-fundamental-data', 'name': 'Fundamental Data'}",EUR,1,TOPCS1600,MATRIX,1.0,0.4126,0,0,1.1,[],fundamental8,Fundamental8,fundamental,Fundamental,fundamental-fundamental-data,Fundamental Data
fnd8_er_1qf_matrix_ff_net_inc_dil_bef_unusual,Net Income Before Unusual Expense,"{'id': 'fundamental8', 'name': 'Fundamental8'}","{'id': 'fundamental', 'name': 'Fundamental'}","{'id': 'fundamental-fundamental-data', 'name': 'Fundamental Data'}",EUR,1,TOPCS1600,MATRIX,1.0,0.4126,0,0,1.1,[],fundamental8,Fundamental8,fundamental,Fundamental,fundamental-fundamental-data,Fundamental Data
fnd8_er_1qf_matrix_ff_net_mgn_gr,Net Margin -1 Yr Growth Rate,"{'id': 'fundamental8', 'name': 'Fundamental8'}","{'id': 'fundamental', 'name': 'Fundamental'}","{'id': 'fundamental-fundamental-data', 'name': 'Fundamental Data'}",EUR,1,TOPCS1600,MATRIX,1.0,0.4737,0,0,1.1,[],fundamental8,Fundamental8,fundamental,Fundamental,fundamental-fundamental-data,Fundamental Data
fnd8_er_1qf_matrix_ff_non_oper_exp,Non-Operating Expense,"{'id': 'fundamental8', 'name': 'Fundamental8'}","{'id': 'fundamental', 'name': 'Fundamental'}","{'id': 'fundamental-fundamental-data', 'name': 'Fundamental Data'}",EUR,1,TOPCS1600,MATRIX,1.0,0.4592,0,0,1.1,[],fundamental8,Fundamental8,fundamental,Fundamental,fundamental-fundamental-data,Fundamental Data
fnd8_er_1qf_matrix_ff_oper_inc_aft_unusual,Operating Income After Unusual Items,"{'id': 'fundamental8', 'name': 'Fundamental8'}","{'id': 'fundamental', 'name': 'Fundamental'}","{'id': 'fundamental-fundamental-data', 'name': 'Fundamental Data'}",EUR,1,TOPCS1600,MATRIX,1.0,0.5275,0,0,1.1,[],fundamental8,Fundamental8,fundamental,Fundamental,fundamental-fundamental-data,Fundamental Data
fnd8_er_1qf_matrix_ff_oper_inc_gr,Operating Income- 1 Yr Growth,"{'id': 'fundamental8', 'name': 'Fundamental8'}","{'id': 'fundamental', 'name': 'Fundamental'}","{'id': 'fundamental-fundamental-data', 'name': 'Fundamental Data'}",EUR,1,TOPCS1600,MATRIX,1.0,0.471,0,0,1.1,[],fundamental8,Fundamental8,fundamental,Fundamental,fundamental-fundamental-data,Fundamental Data
fnd8_er_1qf_matrix_ff_oper_inc_tcap,Operating Income % Total Capital,"{'id': 'fundamental8', 'name': 'Fundamental8'}","{'id': 'fundamental', 'name': 'Fundamental'}","{'id': 'fundamental-fundamental-data', 'name': 'Fundamental Data'}",EUR,1,TOPCS1600,MATRIX,1.0,0.4525,0,0,1.1,[],fundamental8,Fundamental8,fundamental,Fundamental,fundamental-fundamental-data,Fundamental Data
fnd8_er_1qf_matrix_ff_oper_ps_net_cf,Cash Flow From Oper Per Share -Net,"{'id': 'fundamental8', 'name': 'Fundamental8'}","{'id': 'fundamental', 'name': 'Fundamental'}","{'id': 'fundamental-fundamental-data', 'name': 'Fundamental Data'}",EUR,1,TOPCS1600,MATRIX,1.0,0.4131,0,0,1.1,[],fundamental8,Fundamental8,fundamental,Fundamental,fundamental-fundamental-data,Fundamental Data
fnd8_er_1qf_matrix_ff_pay_acct_sales,Accounts Payable/Sales,"{'id': 'fundamental8', 'name': 'Fundamental8'}","{'id': 'fundamental', 'name': 'Fundamental'}","{'id': 'fundamental-fundamental-data', 'name': 'Fundamental Data'}",EUR,1,TOPCS1600,MATRIX,1.0,0.2992,0,0,1.1,[],fundamental8,Fundamental8,fundamental,Fundamental,fundamental-fundamental-data,Fundamental Data
fnd8_er_1qf_matrix_ff_pay_turn_days,Days of Payables Outstanding,"{'id': 'fundamental8', 'name': 'Fundamental8'}","{'id': 'fundamental', 'name': 'Fundamental'}","{'id': 'fundamental-fundamental-data', 'name': 'Fundamental Data'}",EUR,1,TOPCS1600,MATRIX,1.0,0.2516,0,0,1.1,[],fundamental8,Fundamental8,fundamental,Fundamental,fundamental-fundamental-data,Fundamental Data
fnd8_er_1qf_matrix_ff_pbk_tang,Price To Tangible Book Value,"{'id': 'fundamental8', 'name': 'Fundamental8'}","{'id': 'fundamental', 'name': 'Fundamental'}","{'id': 'fundamental-fundamental-data', 'name': 'Fundamental Data'}",EUR,1,TOPCS1600,MATRIX,1.0,0.4079,0,0,1.1,[],fundamental8,Fundamental8,fundamental,Fundamental,fundamental-fundamental-data,Fundamental Data
fnd8_er_1qf_matrix_ff_pfd_stk_tcap,Preferred Stock % Total Capital,"{'id': 'fundamental8', 'name': 'Fundamental8'}","{'id': 'fundamental', 'name': 'Fundamental'}","{'id': 'fundamental-fundamental-data', 'name': 'Fundamental Data'}",EUR,1,TOPCS1600,MATRIX,1.0,0.5091,0,0,1.1,[],fundamental8,Fundamental8,fundamental,Fundamental,fundamental-fundamental-data,Fundamental Data
fnd8_er_1qf_matrix_ff_psales_dil,Price To Sales -Diluted,"{'id': 'fundamental8', 'name': 'Fundamental8'}","{'id': 'fundamental', 'name': 'Fundamental'}","{'id': 'fundamental-fundamental-data', 'name': 'Fundamental Data'}",EUR,1,TOPCS1600,MATRIX,1.0,0.489,0,0,1.1,[],fundamental8,Fundamental8,fundamental,Fundamental,fundamental-fundamental-data,Fundamental Data
fnd8_er_1qf_matrix_ff_receiv_curr_assets,Receivables % Current Assets,"{'id': 'fundamental8', 'name': 'Fundamental8'}","{'id': 'fundamental', 'name': 'Fundamental'}","{'id': 'fundamental-fundamental-data', 'name': 'Fundamental Data'}",EUR,1,TOPCS1600,MATRIX,1.0,0.4048,0,0,1.1,[],fundamental8,Fundamental8,fundamental,Fundamental,fundamental-fundamental-data,Fundamental Data
fnd8_er_1qf_matrix_ff_receiv_turn,Receivables Turnover,"{'id': 'fundamental8', 'name': 'Fundamental8'}","{'id': 'fundamental', 'name': 'Fundamental'}","{'id': 'fundamental-fundamental-data', 'name': 'Fundamental Data'}",EUR,1,TOPCS1600,MATRIX,1.0,0.3813,0,0,1.1,[],fundamental8,Fundamental8,fundamental,Fundamental,fundamental-fundamental-data,Fundamental Data
fnd8_er_1qf_matrix_ff_receiv_turn_days,Accounts Receivables Days,"{'id': 'fundamental8', 'name': 'Fundamental8'}","{'id': 'fundamental', 'name': 'Fundamental'}","{'id': 'fundamental-fundamental-data', 'name': 'Fundamental Data'}",EUR,1,TOPCS1600,MATRIX,1.0,0.3805,0,0,1.1,[],fundamental8,Fundamental8,fundamental,Fundamental,fundamental-fundamental-data,Fundamental Data
fnd8_er_1qf_matrix_ff_reinvest_rate,Reinvestment Rate,"{'id': 'fundamental8', 'name': 'Fundamental8'}","{'id': 'fundamental', 'name': 'Fundamental'}","{'id': 'fundamental-fundamental-data', 'name': 'Fundamental Data'}",EUR,1,TOPCS1600,MATRIX,1.0,0.2633,0,0,1.1,[],fundamental8,Fundamental8,fundamental,Fundamental,fundamental-fundamental-data,Fundamental Data
fnd8_er_1qf_matrix_ff_roce,Return On Common Equity,"{'id': 'fundamental8', 'name': 'Fundamental8'}","{'id': 'fundamental', 'name': 'Fundamental'}","{'id': 'fundamental-fundamental-data', 'name': 'Fundamental Data'}",EUR,1,TOPCS1600,MATRIX,1.0,0.4604,0,0,1.1,[],fundamental8,Fundamental8,fundamental,Fundamental,fundamental-fundamental-data,Fundamental Data
fnd8_er_1qf_matrix_ff_roic,Return On Average Invested Capital,"{'id': 'fundamental8', 'name': 'Fundamental8'}","{'id': 'fundamental', 'name': 'Fundamental'}","{'id': 'fundamental-fundamental-data', 'name': 'Fundamental Data'}",EUR,1,TOPCS1600,MATRIX,1.0,0.4537,0,0,1.1,[],fundamental8,Fundamental8,fundamental,Fundamental,fundamental-fundamental-data,Fundamental Data
fnd8_er_1qf_matrix_ff_sales_gr,Sales -Net -1 Yr Growth,"{'id': 'fundamental8', 'name': 'Fundamental8'}","{'id': 'fundamental', 'name': 'Fundamental'}","{'id': 'fundamental-fundamental-data', 'name': 'Fundamental Data'}",EUR,1,TOPCS1600,MATRIX,1.0,0.584,0,0,1.1,[],fundamental8,Fundamental8,fundamental,Fundamental,fundamental-fundamental-data,Fundamental Data
fnd8_er_1qf_matrix_ff_sales_inven_turn,Sales To Inventory Turnover,"{'id': 'fundamental8', 'name': 'Fundamental8'}","{'id': 'fundamental', 'name': 'Fundamental'}","{'id': 'fundamental-fundamental-data', 'name': 'Fundamental Data'}",EUR,1,TOPCS1600,MATRIX,1.0,0.3477,0,0,1.1,[],fundamental8,Fundamental8,fundamental,Fundamental,fundamental-fundamental-data,Fundamental Data
fnd8_er_1qf_matrix_ff_sales_ps_gr,Sales Per Share -1 Year Growth,"{'id': 'fundamental8', 'name': 'Fundamental8'}","{'id': 'fundamental', 'name': 'Fundamental'}","{'id': 'fundamental-fundamental-data', 'name': 'Fundamental Data'}",EUR,1,TOPCS1600,MATRIX,1.0,0.4717,0,0,1.1,[],fundamental8,Fundamental8,fundamental,Fundamental,fundamental-fundamental-data,Fundamental Data
fnd8_er_1qf_matrix_ff_sales_wkcap,Sales (Net ) / Working Capital,"{'id': 'fundamental8', 'name': 'Fundamental8'}","{'id': 'fundamental', 'name': 'Fundamental'}","{'id': 'fundamental-fundamental-data', 'name': 'Fundamental Data'}",EUR,1,TOPCS1600,MATRIX,1.0,0.3119,0,0,1.1,[],fundamental8,Fundamental8,fundamental,Fundamental,fundamental-fundamental-data,Fundamental Data
fnd8_er_1qf_matrix_ff_sga_sales,"Selling, General & Admin Exp % Sales","{'id': 'fundamental8', 'name': 'Fundamental8'}","{'id': 'fundamental', 'name': 'Fundamental'}","{'id': 'fundamental-fundamental-data', 'name': 'Fundamental Data'}",EUR,1,TOPCS1600,MATRIX,1.0,0.3028,0,0,1.1,[],fundamental8,Fundamental8,fundamental,Fundamental,fundamental-fundamental-data,Fundamental Data
fnd8_er_1qf_matrix_ff_spec_items,Special Items,"{'id': 'fundamental8', 'name': 'Fundamental8'}","{'id': 'fundamental', 'name': 'Fundamental'}","{'id': 'fundamental-fundamental-data', 'name': 'Fundamental Data'}",EUR,1,TOPCS1600,MATRIX,1.0,0.3533,0,0,1.1,[],fundamental8,Fundamental8,fundamental,Fundamental,fundamental-fundamental-data,Fundamental Data
fnd8_er_1qf_matrix_ff_std_debt,Short Term Debt % Total Debt,"{'id': 'fundamental8', 'name': 'Fundamental8'}","{'id': 'fundamental', 'name': 'Fundamental'}","{'id': 'fundamental-fundamental-data', 'name': 'Fundamental Data'}",EUR,1,TOPCS1600,MATRIX,1.0,0.4794,0,0,1.1,[],fundamental8,Fundamental8,fundamental,Fundamental,fundamental-fundamental-data,Fundamental Data
fnd8_er_1qf_matrix_ff_tang_assets_debt,Tangible Assets To Total Debt,"{'id': 'fundamental8', 'name': 'Fundamental8'}","{'id': 'fundamental', 'name': 'Fundamental'}","{'id': 'fundamental-fundamental-data', 'name': 'Fundamental Data'}",EUR,1,TOPCS1600,MATRIX,1.0,0.505,0,0,1.1,[],fundamental8,Fundamental8,fundamental,Fundamental,fundamental-fundamental-data,Fundamental Data
fnd8_er_1qf_matrix_ff_tax_rate,Tax Rate,"{'id': 'fundamental8', 'name': 'Fundamental8'}","{'id': 'fundamental', 'name': 'Fundamental'}","{'id': 'fundamental-fundamental-data', 'name': 'Fundamental Data'}",EUR,1,TOPCS1600,MATRIX,1.0,0.4652,0,0,1.1,[],fundamental8,Fundamental8,fundamental,Fundamental,fundamental-fundamental-data,Fundamental Data
fnd8_er_1qf_matrix_ff_tcap_assets,Capital (Total) % Total Assets,"{'id': 'fundamental8', 'name': 'Fundamental8'}","{'id': 'fundamental', 'name': 'Fundamental'}","{'id': 'fundamental-fundamental-data', 'name': 'Fundamental Data'}",EUR,1,TOPCS1600,MATRIX,1.0,0.5181,0,0,1.1,[],fundamental8,Fundamental8,fundamental,Fundamental,fundamental-fundamental-data,Fundamental Data
fnd8_er_1qf_matrix_ff_tot_debt_tcap_std,Total Debt % Total Capital,"{'id': 'fundamental8', 'name': 'Fundamental8'}","{'id': 'fundamental', 'name': 'Fundamental'}","{'id': 'fundamental-fundamental-data', 'name': 'Fundamental Data'}",EUR,1,TOPCS1600,MATRIX,1.0,0.5168,0,0,1.1,[],fundamental8,Fundamental8,fundamental,Fundamental,fundamental-fundamental-data,Fundamental Data
fnd8_er_1qf_matrix_ff_ut_gross_inc,Gross Income -Income Before Interest Charges,"{'id': 'fundamental8', 'name': 'Fundamental8'}","{'id': 'fundamental', 'name': 'Fundamental'}","{'id': 'fundamental-fundamental-data', 'name': 'Fundamental Data'}",EUR,1,TOPCS1600,MATRIX,1.0,0.4973,0,0,1.1,[],fundamental8,Fundamental8,fundamental,Fundamental,fundamental-fundamental-data,Fundamental Data
fnd8_er_1qf_matrix_ff_ut_operation_exp,Operation Expenses -Total,"{'id': 'fundamental8', 'name': 'Fundamental8'}","{'id': 'fundamental', 'name': 'Fundamental'}","{'id': 'fundamental-fundamental-data', 'name': 'Fundamental Data'}",EUR,1,TOPCS1600,MATRIX,1.0,0.5543,0,0,1.1,[],fundamental8,Fundamental8,fundamental,Fundamental,fundamental-fundamental-data,Fundamental Data
fnd8_er_1qf_matrix_ff_wkcap,Working Capital,"{'id': 'fundamental8', 'name': 'Fundamental8'}","{'id': 'fundamental', 'name': 'Fundamental'}","{'id': 'fundamental-fundamental-data', 'name': 'Fundamental Data'}",EUR,1,TOPCS1600,MATRIX,1.0,0.4194,0,0,1.1,[],fundamental8,Fundamental8,fundamental,Fundamental,fundamental-fundamental-data,Fundamental Data
fnd8_er_1qf_matrix_ff_wkcap_pct,Working Capital % Total Capital,"{'id': 'fundamental8', 'name': 'Fundamental8'}","{'id': 'fundamental', 'name': 'Fundamental'}","{'id': 'fundamental-fundamental-data', 'name': 'Fundamental Data'}",EUR,1,TOPCS1600,MATRIX,1.0,0.4159,0,0,1.1,[],fundamental8,Fundamental8,fundamental,Fundamental,fundamental-fundamental-data,Fundamental Data
fnd8_er_1qf_matrix_ff_xord_disc,Extraordinaries & Discontinued Operations,"{'id': 'fundamental8', 'name': 'Fundamental8'}","{'id': 'fundamental', 'name': 'Fundamental'}","{'id': 'fundamental-fundamental-data', 'name': 'Fundamental Data'}",EUR,1,TOPCS1600,MATRIX,1.0,0.5661,0,0,1.1,[],fundamental8,Fundamental8,fundamental,Fundamental,fundamental-fundamental-data,Fundamental Data
fnd8_er_1qf_matrix_ff_zscore,ALTMAN'S Z SCORE,"{'id': 'fundamental8', 'name': 'Fundamental8'}","{'id': 'fundamental', 'name': 'Fundamental'}","{'id': 'fundamental-fundamental-data', 'name': 'Fundamental Data'}",EUR,1,TOPCS1600,MATRIX,1.0,0.2733,0,0,1.1,[],fundamental8,Fundamental8,fundamental,Fundamental,fundamental-fundamental-data,Fundamental Data
fnd8_er_1qf_matrix_hto_ags_ff,"Other Selling, General & Administrative Expense","{'id': 'fundamental8', 'name': 'Fundamental8'}","{'id': 'fundamental', 'name': 'Fundamental'}","{'id': 'fundamental-fundamental-data', 'name': 'Fundamental Data'}",EUR,1,TOPCS1600,MATRIX,1.0,0.2812,0,0,1.1,[],fundamental8,Fundamental8,fundamental,Fundamental,fundamental-fundamental-data,Fundamental Data
fnd8_er_1qf_matrix_hto_pxe_tni_ff,Other Interest Expense -Banks,"{'id': 'fundamental8', 'name': 'Fundamental8'}","{'id': 'fundamental', 'name': 'Fundamental'}","{'id': 'fundamental-fundamental-data', 'name': 'Fundamental Data'}",EUR,1,TOPCS1600,MATRIX,1.0,0.4912,0,0,1.1,[],fundamental8,Fundamental8,fundamental,Fundamental,fundamental-fundamental-data,Fundamental Data
fnd8_er_1qf_matrix_jda_cni_ff,Income Adjustment,"{'id': 'fundamental8', 'name': 'Fundamental8'}","{'id': 'fundamental', 'name': 'Fundamental'}","{'id': 'fundamental-fundamental-data', 'name': 'Fundamental Data'}",EUR,1,TOPCS1600,MATRIX,1.0,0.5293,0,0,1.1,[],fundamental8,Fundamental8,fundamental,Fundamental,fundamental-fundamental-data,Fundamental Data
fnd8_er_1qf_matrix_jda_lid_ff,Dilution Adjustment,"{'id': 'fundamental8', 'name': 'Fundamental8'}","{'id': 'fundamental', 'name': 'Fundamental'}","{'id': 'fundamental-fundamental-data', 'name': 'Fundamental Data'}",EUR,1,TOPCS1600,MATRIX,1.0,0.4124,0,0,1.1,[],fundamental8,Fundamental8,fundamental,Fundamental,fundamental-fundamental-data,Fundamental Data
fnd8_er_1qf_matrix_lid_ep_ff,Price To Earnings -Diluted,"{'id': 'fundamental8', 'name': 'Fundamental8'}","{'id': 'fundamental', 'name': 'Fundamental'}","{'id': 'fundamental-fundamental-data', 'name': 'Fundamental Data'}",EUR,1,TOPCS1600,MATRIX,1.0,0.3603,0,0,1.1,[],fundamental8,Fundamental8,fundamental,Fundamental,fundamental-fundamental-data,Fundamental Data
fnd8_er_1qf_matrix_lid_fcfp_ff,Price To Free Cash Flow,"{'id': 'fundamental8', 'name': 'Fundamental8'}","{'id': 'fundamental', 'name': 'Fundamental'}","{'id': 'fundamental-fundamental-data', 'name': 'Fundamental Data'}",EUR,1,TOPCS1600,MATRIX,1.0,0.2531,0,0,1.1,[],fundamental8,Fundamental8,fundamental,Fundamental,fundamental-fundamental-data,Fundamental Data
fnd8_er_1qf_matrix_qe_moc_dtl_ff,Long Term Debt % Common Equity,"{'id': 'fundamental8', 'name': 'Fundamental8'}","{'id': 'fundamental', 'name': 'Fundamental'}","{'id': 'fundamental-fundamental-data', 'name': 'Fundamental Data'}",EUR,1,TOPCS1600,MATRIX,1.0,0.5107,0,0,1.1,[],fundamental8,Fundamental8,fundamental,Fundamental,fundamental-fundamental-data,Fundamental Data
fnd8_er_1qf_matrix_rg_lid_spe_ff,EPS -Diluted -Before Extras -% Change,"{'id': 'fundamental8', 'name': 'Fundamental8'}","{'id': 'fundamental', 'name': 'Fundamental'}","{'id': 'fundamental-fundamental-data', 'name': 'Fundamental Data'}",EUR,1,TOPCS1600,MATRIX,1.0,0.4027,0,0,1.1,[],fundamental8,Fundamental8,fundamental,Fundamental,fundamental-fundamental-data,Fundamental Data
fnd8_er_1qf_matrix_rg_qe_moc_ff,Equity -1 Yr Annual Growth,"{'id': 'fundamental8', 'name': 'Fundamental8'}","{'id': 'fundamental', 'name': 'Fundamental'}","{'id': 'fundamental-fundamental-data', 'name': 'Fundamental Data'}",EUR,1,TOPCS1600,MATRIX,1.0,0.4845,0,0,1.1,[],fundamental8,Fundamental8,fundamental,Fundamental,fundamental-fundamental-data,Fundamental Data
fnd8_er_1qf_matrix_rg_sp_fc_ff,Cash Flow Per Share -1 Year Growth,"{'id': 'fundamental8', 'name': 'Fundamental8'}","{'id': 'fundamental', 'name': 'Fundamental'}","{'id': 'fundamental-fundamental-data', 'name': 'Fundamental Data'}",EUR,1,TOPCS1600,MATRIX,1.0,0.3707,0,0,1.1,[],fundamental8,Fundamental8,fundamental,Fundamental,fundamental-fundamental-data,Fundamental Data
fnd8_er_1qf_matrix_rg_spb_ff,Book Value Per Share -1 Yr Annual Growth,"{'id': 'fundamental8', 'name': 'Fundamental8'}","{'id': 'fundamental', 'name': 'Fundamental'}","{'id': 'fundamental-fundamental-data', 'name': 'Fundamental Data'}",EUR,1,TOPCS1600,MATRIX,1.0,0.4689,0,0,1.1,[],fundamental8,Fundamental8,fundamental,Fundamental,fundamental-fundamental-data,Fundamental Data
fnd8_er_1qf_matrix_xtp_aor_ff,Return On Average Assets -Pretax,"{'id': 'fundamental8', 'name': 'Fundamental8'}","{'id': 'fundamental', 'name': 'Fundamental'}","{'id': 'fundamental-fundamental-data', 'name': 'Fundamental Data'}",EUR,1,TOPCS1600,MATRIX,1.0,0.4613,0,0,1.1,[],fundamental8,Fundamental8,fundamental,Fundamental,fundamental-fundamental-data,Fundamental Data
fnd8_eraf_matrix_drox_ff,Extraordinary Items (Incl Accounting Change),"{'id': 'fundamental8', 'name': 'Fundamental8'}","{'id': 'fundamental', 'name': 'Fundamental'}","{'id': 'fundamental-fundamental-data', 'name': 'Fundamental Data'}",EUR,1,TOPCS1600,MATRIX,1.0,0.9629,0,0,1.1,[],fundamental8,Fundamental8,fundamental,Fundamental,fundamental-fundamental-data,Fundamental Data
fnd8_eraf_matrix_fcfp_ff,Price To Free Cash Flow,"{'id': 'fundamental8', 'name': 'Fundamental8'}","{'id': 'fundamental', 'name': 'Fundamental'}","{'id': 'fundamental-fundamental-data', 'name': 'Fundamental Data'}",EUR,1,TOPCS1600,MATRIX,1.0,0.6772,0,0,1.1,[],fundamental8,Fundamental8,fundamental,Fundamental,fundamental-fundamental-data,Fundamental Data
fnd8_eraf_matrix_ff_assets_com_eq,Assets To Common Equity,"{'id': 'fundamental8', 'name': 'Fundamental8'}","{'id': 'fundamental', 'name': 'Fundamental'}","{'id': 'fundamental-fundamental-data', 'name': 'Fundamental Data'}",EUR,1,TOPCS1600,MATRIX,1.0,0.9584,0,0,1.1,[],fundamental8,Fundamental8,fundamental,Fundamental,fundamental-fundamental-data,Fundamental Data
fnd8_eraf_matrix_ff_assets_disc_oper,Total Assets of Discontinued Operations,"{'id': 'fundamental8', 'name': 'Fundamental8'}","{'id': 'fundamental', 'name': 'Fundamental'}","{'id': 'fundamental-fundamental-data', 'name': 'Fundamental Data'}",EUR,1,TOPCS1600,MATRIX,1.0,0.5589,0,0,1.1,[],fundamental8,Fundamental8,fundamental,Fundamental,fundamental-fundamental-data,Fundamental Data
fnd8_eraf_matrix_ff_assets_eq,Assets To Equity (End Of Period),"{'id': 'fundamental8', 'name': 'Fundamental8'}","{'id': 'fundamental', 'name': 'Fundamental'}","{'id': 'fundamental-fundamental-data', 'name': 'Fundamental Data'}",EUR,1,TOPCS1600,MATRIX,1.0,0.9675,0,0,1.1,[],fundamental8,Fundamental8,fundamental,Fundamental,fundamental-fundamental-data,Fundamental Data
fnd8_eraf_matrix_ff_assets_gr,Assets -Total -1 Year Growth,"{'id': 'fundamental8', 'name': 'Fundamental8'}","{'id': 'fundamental', 'name': 'Fundamental'}","{'id': 'fundamental-fundamental-data', 'name': 'Fundamental Data'}",EUR,1,TOPCS1600,MATRIX,1.0,0.9637,0,0,1.1,[],fundamental8,Fundamental8,fundamental,Fundamental,fundamental-fundamental-data,Fundamental Data
fnd8_eraf_matrix_ff_bk_oper_inc_oth,Bank Other Operating Income,"{'id': 'fundamental8', 'name': 'Fundamental8'}","{'id': 'fundamental', 'name': 'Fundamental'}","{'id': 'fundamental-fundamental-data', 'name': 'Fundamental Data'}",EUR,1,TOPCS1600,MATRIX,1.0,0.9677,0,0,1.1,[],fundamental8,Fundamental8,fundamental,Fundamental,fundamental-fundamental-data,Fundamental Data
fnd8_eraf_matrix_ff_bk_oper_inc_tot,Bank Total Operating Income,"{'id': 'fundamental8', 'name': 'Fundamental8'}","{'id': 'fundamental', 'name': 'Fundamental'}","{'id': 'fundamental-fundamental-data', 'name': 'Fundamental Data'}",EUR,1,TOPCS1600,MATRIX,1.0,0.9677,0,0,1.1,[],fundamental8,Fundamental8,fundamental,Fundamental,fundamental-fundamental-data,Fundamental Data
fnd8_eraf_matrix_ff_capex_5ygr,Capital Spending -5Yr Growth Rate,"{'id': 'fundamental8', 'name': 'Fundamental8'}","{'id': 'fundamental', 'name': 'Fundamental'}","{'id': 'fundamental-fundamental-data', 'name': 'Fundamental Data'}",EUR,1,TOPCS1600,MATRIX,1.0,0.8613,0,0,1.1,[],fundamental8,Fundamental8,fundamental,Fundamental,fundamental-fundamental-data,Fundamental Data
fnd8_eraf_matrix_ff_capex_assets,Capital Expenditure % Total Assets,"{'id': 'fundamental8', 'name': 'Fundamental8'}","{'id': 'fundamental', 'name': 'Fundamental'}","{'id': 'fundamental-fundamental-data', 'name': 'Fundamental Data'}",EUR,1,TOPCS1600,MATRIX,1.0,0.963,0,0,1.1,[],fundamental8,Fundamental8,fundamental,Fundamental,fundamental-fundamental-data,Fundamental Data
fnd8_eraf_matrix_ff_capex_ps_cf,Capital Expenditures Per Share,"{'id': 'fundamental8', 'name': 'Fundamental8'}","{'id': 'fundamental', 'name': 'Fundamental'}","{'id': 'fundamental-fundamental-data', 'name': 'Fundamental Data'}",EUR,1,TOPCS1600,MATRIX,1.0,0.9558,0,0,1.1,[],fundamental8,Fundamental8,fundamental,Fundamental,fundamental-fundamental-data,Fundamental Data
fnd8_eraf_matrix_ff_cash_curr_assets,Cash & Equivalents % Total Current Assets,"{'id': 'fundamental8', 'name': 'Fundamental8'}","{'id': 'fundamental', 'name': 'Fundamental'}","{'id': 'fundamental-fundamental-data', 'name': 'Fundamental Data'}",EUR,1,TOPCS1600,MATRIX,1.0,0.776,0,0,1.1,[],fundamental8,Fundamental8,fundamental,Fundamental,fundamental-fundamental-data,Fundamental Data
fnd8_eraf_matrix_ff_cash_div_cf,Cash Dividends/Cash Flow,"{'id': 'fundamental8', 'name': 'Fundamental8'}","{'id': 'fundamental', 'name': 'Fundamental'}","{'id': 'fundamental-fundamental-data', 'name': 'Fundamental Data'}",EUR,1,TOPCS1600,MATRIX,1.0,0.9615,0,0,1.1,[],fundamental8,Fundamental8,fundamental,Fundamental,fundamental-fundamental-data,Fundamental Data
fnd8_eraf_matrix_ff_cash_div_covg_ratio,Cash Dividend Coverage Ratio,"{'id': 'fundamental8', 'name': 'Fundamental8'}","{'id': 'fundamental', 'name': 'Fundamental'}","{'id': 'fundamental-fundamental-data', 'name': 'Fundamental Data'}",EUR,1,TOPCS1600,MATRIX,1.0,0.8265,0,0,1.1,[],fundamental8,Fundamental8,fundamental,Fundamental,fundamental-fundamental-data,Fundamental Data
fnd8_eraf_matrix_ff_cash_roce,Cash Earnings Return On Equity,"{'id': 'fundamental8', 'name': 'Fundamental8'}","{'id': 'fundamental', 'name': 'Fundamental'}","{'id': 'fundamental-fundamental-data', 'name': 'Fundamental Data'}",EUR,1,TOPCS1600,MATRIX,1.0,0.9539,0,0,1.1,[],fundamental8,Fundamental8,fundamental,Fundamental,fundamental-fundamental-data,Fundamental Data
fnd8_eraf_matrix_ff_cf_roic,Cash Flow Return on Average Invetsed Capital,"{'id': 'fundamental8', 'name': 'Fundamental8'}","{'id': 'fundamental', 'name': 'Fundamental'}","{'id': 'fundamental-fundamental-data', 'name': 'Fundamental Data'}",EUR,1,TOPCS1600,MATRIX,1.0,0.9538,0,0,1.1,[],fundamental8,Fundamental8,fundamental,Fundamental,fundamental-fundamental-data,Fundamental Data
fnd8_eraf_matrix_ff_cf_sales,Cash Flow/Sales,"{'id': 'fundamental8', 'name': 'Fundamental8'}","{'id': 'fundamental', 'name': 'Fundamental'}","{'id': 'fundamental-fundamental-data', 'name': 'Fundamental Data'}",EUR,1,TOPCS1600,MATRIX,1.0,0.9618,0,0,1.1,[],fundamental8,Fundamental8,fundamental,Fundamental,fundamental-fundamental-data,Fundamental Data
fnd8_eraf_matrix_ff_cogs_sales,Cost of Goods Sold % Sales,"{'id': 'fundamental8', 'name': 'Fundamental8'}","{'id': 'fundamental', 'name': 'Fundamental'}","{'id': 'fundamental-fundamental-data', 'name': 'Fundamental Data'}",EUR,1,TOPCS1600,MATRIX,1.0,0.8371,0,0,1.1,[],fundamental8,Fundamental8,fundamental,Fundamental,fundamental-fundamental-data,Fundamental Data
fnd8_eraf_matrix_ff_com_eq_tcap,Equity % Total Capital,"{'id': 'fundamental8', 'name': 'Fundamental8'}","{'id': 'fundamental', 'name': 'Fundamental'}","{'id': 'fundamental-fundamental-data', 'name': 'Fundamental Data'}",EUR,1,TOPCS1600,MATRIX,1.0,0.9663,0,0,1.1,[],fundamental8,Fundamental8,fundamental,Fundamental,fundamental-fundamental-data,Fundamental Data
fnd8_eraf_matrix_ff_commiss_inc_net,Net Commission Income,"{'id': 'fundamental8', 'name': 'Fundamental8'}","{'id': 'fundamental', 'name': 'Fundamental'}","{'id': 'fundamental-fundamental-data', 'name': 'Fundamental Data'}",EUR,1,TOPCS1600,MATRIX,1.0,0.9677,0,0,1.1,[],fundamental8,Fundamental8,fundamental,Fundamental,fundamental-fundamental-data,Fundamental Data
fnd8_eraf_matrix_ff_debt_com_eq,Debt (Total) % Common Equity,"{'id': 'fundamental8', 'name': 'Fundamental8'}","{'id': 'fundamental', 'name': 'Fundamental'}","{'id': 'fundamental-fundamental-data', 'name': 'Fundamental Data'}",EUR,1,TOPCS1600,MATRIX,1.0,0.9583,0,0,1.1,[],fundamental8,Fundamental8,fundamental,Fundamental,fundamental-fundamental-data,Fundamental Data
fnd8_eraf_matrix_ff_debt_entrpr_val,Total Debt To Enterprise Value,"{'id': 'fundamental8', 'name': 'Fundamental8'}","{'id': 'fundamental', 'name': 'Fundamental'}","{'id': 'fundamental-fundamental-data', 'name': 'Fundamental Data'}",EUR,1,TOPCS1600,MATRIX,1.0,0.9493,0,0,1.1,[],fundamental8,Fundamental8,fundamental,Fundamental,fundamental-fundamental-data,Fundamental Data
fnd8_eraf_matrix_ff_debt_eq,Total Debt % Total Equity,"{'id': 'fundamental8', 'name': 'Fundamental8'}","{'id': 'fundamental', 'name': 'Fundamental'}","{'id': 'fundamental-fundamental-data', 'name': 'Fundamental Data'}",EUR,1,TOPCS1600,MATRIX,1.0,0.9584,0,0,1.1,[],fundamental8,Fundamental8,fundamental,Fundamental,fundamental-fundamental-data,Fundamental Data
fnd8_eraf_matrix_ff_debt_lt_cf,Change in Long-Term Debt,"{'id': 'fundamental8', 'name': 'Fundamental8'}","{'id': 'fundamental', 'name': 'Fundamental'}","{'id': 'fundamental-fundamental-data', 'name': 'Fundamental Data'}",EUR,1,TOPCS1600,MATRIX,1.0,0.9276,0,0,1.1,[],fundamental8,Fundamental8,fundamental,Fundamental,fundamental-fundamental-data,Fundamental Data
fnd8_eraf_matrix_ff_debt_serv,Debt Service Ratio -Incl St Debt -Pretax,"{'id': 'fundamental8', 'name': 'Fundamental8'}","{'id': 'fundamental', 'name': 'Fundamental'}","{'id': 'fundamental-fundamental-data', 'name': 'Fundamental Data'}",EUR,1,TOPCS1600,MATRIX,1.0,0.8411,0,0,1.1,[],fundamental8,Fundamental8,fundamental,Fundamental,fundamental-fundamental-data,Fundamental Data
fnd8_eraf_matrix_ff_debt_st_x_curr_port,Short Term Debt,"{'id': 'fundamental8', 'name': 'Fundamental8'}","{'id': 'fundamental', 'name': 'Fundamental'}","{'id': 'fundamental-fundamental-data', 'name': 'Fundamental Data'}",EUR,1,TOPCS1600,MATRIX,1.0,0.9526,0,0,1.1,[],fundamental8,Fundamental8,fundamental,Fundamental,fundamental-fundamental-data,Fundamental Data
fnd8_eraf_matrix_ff_dfd_tax_assets_lt,Deferred Income Tax -Non-Current Asset,"{'id': 'fundamental8', 'name': 'Fundamental8'}","{'id': 'fundamental', 'name': 'Fundamental'}","{'id': 'fundamental-fundamental-data', 'name': 'Fundamental Data'}",EUR,1,TOPCS1600,MATRIX,1.0,0.9677,0,0,1.1,[],fundamental8,Fundamental8,fundamental,Fundamental,fundamental-fundamental-data,Fundamental Data
fnd8_eraf_matrix_ff_div_yld,Dividend Yield -Close,"{'id': 'fundamental8', 'name': 'Fundamental8'}","{'id': 'fundamental', 'name': 'Fundamental'}","{'id': 'fundamental-fundamental-data', 'name': 'Fundamental Data'}",EUR,1,TOPCS1600,MATRIX,1.0,0.9428,0,0,1.1,[],fundamental8,Fundamental8,fundamental,Fundamental,fundamental-fundamental-data,Fundamental Data
fnd8_eraf_matrix_ff_div_yld_secs,Dividend Yield -Security,"{'id': 'fundamental8', 'name': 'Fundamental8'}","{'id': 'fundamental', 'name': 'Fundamental'}","{'id': 'fundamental-fundamental-data', 'name': 'Fundamental Data'}",EUR,1,TOPCS1600,MATRIX,1.0,0.941,0,0,1.1,[],fundamental8,Fundamental8,fundamental,Fundamental,fundamental-fundamental-data,Fundamental Data
fnd8_eraf_matrix_ff_earn_assets_avail_funds,Earning Assets % Total Available Funds,"{'id': 'fundamental8', 'name': 'Fundamental8'}","{'id': 'fundamental', 'name': 'Fundamental'}","{'id': 'fundamental-fundamental-data', 'name': 'Fundamental Data'}",EUR,1,TOPCS1600,MATRIX,1.0,0.3362,0,0,1.1,[],fundamental8,Fundamental8,fundamental,Fundamental,fundamental-fundamental-data,Fundamental Data
fnd8_eraf_matrix_ff_earn_yld,Earnings Yield -Close,"{'id': 'fundamental8', 'name': 'Fundamental8'}","{'id': 'fundamental', 'name': 'Fundamental'}","{'id': 'fundamental-fundamental-data', 'name': 'Fundamental Data'}",EUR,1,TOPCS1600,MATRIX,1.0,0.9498,0,0,1.1,[],fundamental8,Fundamental8,fundamental,Fundamental,fundamental-fundamental-data,Fundamental Data
fnd8_eraf_matrix_ff_ebit_bef_unusual,"Earnings Before Interest, Taxes & Unusual Expense","{'id': 'fundamental8', 'name': 'Fundamental8'}","{'id': 'fundamental', 'name': 'Fundamental'}","{'id': 'fundamental-fundamental-data', 'name': 'Fundamental Data'}",EUR,1,TOPCS1600,MATRIX,1.0,0.966,0,0,1.1,[],fundamental8,Fundamental8,fundamental,Fundamental,fundamental-fundamental-data,Fundamental Data
fnd8_eraf_matrix_ff_ebit_oper_int_covg,Pretax Interest Coverage Ratio,"{'id': 'fundamental8', 'name': 'Fundamental8'}","{'id': 'fundamental', 'name': 'Fundamental'}","{'id': 'fundamental-fundamental-data', 'name': 'Fundamental Data'}",EUR,1,TOPCS1600,MATRIX,1.0,0.8391,0,0,1.1,[],fundamental8,Fundamental8,fundamental,Fundamental,fundamental-fundamental-data,Fundamental Data
fnd8_eraf_matrix_ff_ebit_oper_mgn,EBIT Margin,"{'id': 'fundamental8', 'name': 'Fundamental8'}","{'id': 'fundamental', 'name': 'Fundamental'}","{'id': 'fundamental-fundamental-data', 'name': 'Fundamental Data'}",EUR,1,TOPCS1600,MATRIX,1.0,0.8589,0,0,1.1,[],fundamental8,Fundamental8,fundamental,Fundamental,fundamental-fundamental-data,Fundamental Data
fnd8_eraf_matrix_ff_ebit_oper_roa,Return On Average Assets (EBIT),"{'id': 'fundamental8', 'name': 'Fundamental8'}","{'id': 'fundamental', 'name': 'Fundamental'}","{'id': 'fundamental-fundamental-data', 'name': 'Fundamental Data'}",EUR,1,TOPCS1600,MATRIX,1.0,0.8588,0,0,1.1,[],fundamental8,Fundamental8,fundamental,Fundamental,fundamental-fundamental-data,Fundamental Data
fnd8_eraf_matrix_ff_ebitda_bef_unusual,EBITDA Before Unusual Expenses,"{'id': 'fundamental8', 'name': 'Fundamental8'}","{'id': 'fundamental', 'name': 'Fundamental'}","{'id': 'fundamental-fundamental-data', 'name': 'Fundamental Data'}",EUR,1,TOPCS1600,MATRIX,1.0,0.966,0,0,1.1,[],fundamental8,Fundamental8,fundamental,Fundamental,fundamental-fundamental-data,Fundamental Data
fnd8_eraf_matrix_ff_ebitda_cf,EBITDA (From Cash Flow),"{'id': 'fundamental8', 'name': 'Fundamental8'}","{'id': 'fundamental', 'name': 'Fundamental'}","{'id': 'fundamental-fundamental-data', 'name': 'Fundamental Data'}",EUR,1,TOPCS1600,MATRIX,1.0,0.966,0,0,1.1,[],fundamental8,Fundamental8,fundamental,Fundamental,fundamental-fundamental-data,Fundamental Data
fnd8_eraf_matrix_ff_ebitda_oper_mgn,EBITDA Margin,"{'id': 'fundamental8', 'name': 'Fundamental8'}","{'id': 'fundamental', 'name': 'Fundamental'}","{'id': 'fundamental-fundamental-data', 'name': 'Fundamental Data'}",EUR,1,TOPCS1600,MATRIX,1.0,0.8571,0,0,1.1,[],fundamental8,Fundamental8,fundamental,Fundamental,fundamental-fundamental-data,Fundamental Data
fnd8_eraf_matrix_ff_eff_int_rate,Interest Rate -Estimated Average,"{'id': 'fundamental8', 'name': 'Fundamental8'}","{'id': 'fundamental', 'name': 'Fundamental'}","{'id': 'fundamental-fundamental-data', 'name': 'Fundamental Data'}",EUR,1,TOPCS1600,MATRIX,1.0,0.9086,0,0,1.1,[],fundamental8,Fundamental8,fundamental,Fundamental,fundamental-fundamental-data,Fundamental Data
fnd8_eraf_matrix_ff_entrpr_val_ebit_oper,Enterprise Value To EBIT,"{'id': 'fundamental8', 'name': 'Fundamental8'}","{'id': 'fundamental', 'name': 'Fundamental'}","{'id': 'fundamental-fundamental-data', 'name': 'Fundamental Data'}",EUR,1,TOPCS1600,MATRIX,1.0,0.7896,0,0,1.1,[],fundamental8,Fundamental8,fundamental,Fundamental,fundamental-fundamental-data,Fundamental Data
fnd8_eraf_matrix_ff_entrpr_val_ebitda_oper,Enterprise Value To EBITDA,"{'id': 'fundamental8', 'name': 'Fundamental8'}","{'id': 'fundamental', 'name': 'Fundamental'}","{'id': 'fundamental-fundamental-data', 'name': 'Fundamental Data'}",EUR,1,TOPCS1600,MATRIX,1.0,0.814,0,0,1.1,[],fundamental8,Fundamental8,fundamental,Fundamental,fundamental-fundamental-data,Fundamental Data
fnd8_eraf_matrix_ff_entrpr_val_sales,Enterprise Value To Sales,"{'id': 'fundamental8', 'name': 'Fundamental8'}","{'id': 'fundamental', 'name': 'Fundamental'}","{'id': 'fundamental-fundamental-data', 'name': 'Fundamental Data'}",EUR,1,TOPCS1600,MATRIX,1.0,0.9447,0,0,1.1,[],fundamental8,Fundamental8,fundamental,Fundamental,fundamental-fundamental-data,Fundamental Data
fnd8_eraf_matrix_ff_eps_basic_gr,EPS -Basic -Before Extras -% Change,"{'id': 'fundamental8', 'name': 'Fundamental8'}","{'id': 'fundamental', 'name': 'Fundamental'}","{'id': 'fundamental-fundamental-data', 'name': 'Fundamental Data'}",EUR,1,TOPCS1600,MATRIX,1.0,0.9208,0,0,1.1,[],fundamental8,Fundamental8,fundamental,Fundamental,fundamental-fundamental-data,Fundamental Data
fnd8_eraf_matrix_ff_eps_dil_aft_xord,EPS -Diluted -After Extraordinaries,"{'id': 'fundamental8', 'name': 'Fundamental8'}","{'id': 'fundamental', 'name': 'Fundamental'}","{'id': 'fundamental-fundamental-data', 'name': 'Fundamental Data'}",EUR,1,TOPCS1600,MATRIX,1.0,0.9212,0,0,1.1,[],fundamental8,Fundamental8,fundamental,Fundamental,fundamental-fundamental-data,Fundamental Data
fnd8_eraf_matrix_ff_fin_invest_tot,Total Investments for Financial,"{'id': 'fundamental8', 'name': 'Fundamental8'}","{'id': 'fundamental', 'name': 'Fundamental'}","{'id': 'fundamental-fundamental-data', 'name': 'Fundamental Data'}",EUR,1,TOPCS1600,MATRIX,1.0,0.6305,0,0,1.1,[],fundamental8,Fundamental8,fundamental,Fundamental,fundamental-fundamental-data,Fundamental Data
fnd8_eraf_matrix_ff_free_ps_cf,Cash Flow Per Share (Diluted) -Free,"{'id': 'fundamental8', 'name': 'Fundamental8'}","{'id': 'fundamental', 'name': 'Fundamental'}","{'id': 'fundamental-fundamental-data', 'name': 'Fundamental Data'}",EUR,1,TOPCS1600,MATRIX,1.0,0.9506,0,0,1.1,[],fundamental8,Fundamental8,fundamental,Fundamental,fundamental-fundamental-data,Fundamental Data
fnd8_eraf_matrix_ff_gross_cf_debt,Cash Flow (Gross) % Total Debt,"{'id': 'fundamental8', 'name': 'Fundamental8'}","{'id': 'fundamental', 'name': 'Fundamental'}","{'id': 'fundamental-fundamental-data', 'name': 'Fundamental Data'}",EUR,1,TOPCS1600,MATRIX,1.0,0.9294,0,0,1.1,[],fundamental8,Fundamental8,fundamental,Fundamental,fundamental-fundamental-data,Fundamental Data
fnd8_eraf_matrix_ff_inc_sund,Sundry Revenue/Income,"{'id': 'fundamental8', 'name': 'Fundamental8'}","{'id': 'fundamental', 'name': 'Fundamental'}","{'id': 'fundamental-fundamental-data', 'name': 'Fundamental Data'}",EUR,1,TOPCS1600,MATRIX,1.0,0.9676,0,0,1.1,[],fundamental8,Fundamental8,fundamental,Fundamental,fundamental-fundamental-data,Fundamental Data
fnd8_eraf_matrix_ff_intang_oth,Net Other Intangibles,"{'id': 'fundamental8', 'name': 'Fundamental8'}","{'id': 'fundamental', 'name': 'Fundamental'}","{'id': 'fundamental-fundamental-data', 'name': 'Fundamental Data'}",EUR,1,TOPCS1600,MATRIX,1.0,0.9418,0,0,1.1,[],fundamental8,Fundamental8,fundamental,Fundamental,fundamental-fundamental-data,Fundamental Data
fnd8_eraf_matrix_ff_inven_curr_assets,Inventories % Total Current Assets,"{'id': 'fundamental8', 'name': 'Fundamental8'}","{'id': 'fundamental', 'name': 'Fundamental'}","{'id': 'fundamental-fundamental-data', 'name': 'Fundamental Data'}",EUR,1,TOPCS1600,MATRIX,1.0,0.7743,0,0,1.1,[],fundamental8,Fundamental8,fundamental,Fundamental,fundamental-fundamental-data,Fundamental Data
fnd8_eraf_matrix_ff_inven_days,Inventories -Days Held,"{'id': 'fundamental8', 'name': 'Fundamental8'}","{'id': 'fundamental', 'name': 'Fundamental'}","{'id': 'fundamental-fundamental-data', 'name': 'Fundamental Data'}",EUR,1,TOPCS1600,MATRIX,1.0,0.7591,0,0,1.1,[],fundamental8,Fundamental8,fundamental,Fundamental,fundamental-fundamental-data,Fundamental Data
fnd8_eraf_matrix_ff_inven_turn,Inventory Turnover,"{'id': 'fundamental8', 'name': 'Fundamental8'}","{'id': 'fundamental', 'name': 'Fundamental'}","{'id': 'fundamental-fundamental-data', 'name': 'Fundamental Data'}",EUR,1,TOPCS1600,MATRIX,1.0,0.7597,0,0,1.1,[],fundamental8,Fundamental8,fundamental,Fundamental,fundamental-fundamental-data,Fundamental Data
fnd8_eraf_matrix_ff_invest_assets_pct,Invested Assets % Total Assets,"{'id': 'fundamental8', 'name': 'Fundamental8'}","{'id': 'fundamental', 'name': 'Fundamental'}","{'id': 'fundamental-fundamental-data', 'name': 'Fundamental Data'}",EUR,1,TOPCS1600,MATRIX,1.0,0.3363,0,0,1.1,[],fundamental8,Fundamental8,fundamental,Fundamental,fundamental-fundamental-data,Fundamental Data
fnd8_eraf_matrix_ff_invest_cap,Invested Capital -Total,"{'id': 'fundamental8', 'name': 'Fundamental8'}","{'id': 'fundamental', 'name': 'Fundamental'}","{'id': 'fundamental-fundamental-data', 'name': 'Fundamental Data'}",EUR,1,TOPCS1600,MATRIX,1.0,0.9666,0,0,1.1,[],fundamental8,Fundamental8,fundamental,Fundamental,fundamental-fundamental-data,Fundamental Data
fnd8_eraf_matrix_ff_invest_lt,Long Term Investments,"{'id': 'fundamental8', 'name': 'Fundamental8'}","{'id': 'fundamental', 'name': 'Fundamental'}","{'id': 'fundamental-fundamental-data', 'name': 'Fundamental Data'}",EUR,1,TOPCS1600,MATRIX,1.0,0.9648,0,0,1.1,[],fundamental8,Fundamental8,fundamental,Fundamental,fundamental-fundamental-data,Fundamental Data
fnd8_eraf_matrix_ff_invest_prop,Investment Property,"{'id': 'fundamental8', 'name': 'Fundamental8'}","{'id': 'fundamental', 'name': 'Fundamental'}","{'id': 'fundamental-fundamental-data', 'name': 'Fundamental Data'}",EUR,1,TOPCS1600,MATRIX,1.0,0.3363,0,0,1.1,[],fundamental8,Fundamental8,fundamental,Fundamental,fundamental-fundamental-data,Fundamental Data
fnd8_eraf_matrix_ff_invest_receiv_lt,Investments & Long-Term Receivables,"{'id': 'fundamental8', 'name': 'Fundamental8'}","{'id': 'fundamental', 'name': 'Fundamental'}","{'id': 'fundamental-fundamental-data', 'name': 'Fundamental Data'}",EUR,1,TOPCS1600,MATRIX,1.0,0.9648,0,0,1.1,[],fundamental8,Fundamental8,fundamental,Fundamental,fundamental-fundamental-data,Fundamental Data
fnd8_eraf_matrix_ff_invest_st_tot,Total Short-Term Investments,"{'id': 'fundamental8', 'name': 'Fundamental8'}","{'id': 'fundamental', 'name': 'Fundamental'}","{'id': 'fundamental-fundamental-data', 'name': 'Fundamental Data'}",EUR,1,TOPCS1600,MATRIX,1.0,0.8305,0,0,1.1,[],fundamental8,Fundamental8,fundamental,Fundamental,fundamental-fundamental-data,Fundamental Data
fnd8_eraf_matrix_ff_invest_tcap,Investments (Total) % Total Capital,"{'id': 'fundamental8', 'name': 'Fundamental8'}","{'id': 'fundamental', 'name': 'Fundamental'}","{'id': 'fundamental-fundamental-data', 'name': 'Fundamental Data'}",EUR,1,TOPCS1600,MATRIX,1.0,0.3362,0,0,1.1,[],fundamental8,Fundamental8,fundamental,Fundamental,fundamental-fundamental-data,Fundamental Data
fnd8_eraf_matrix_ff_ltd_tcap,Long Term Debt % Total Capital,"{'id': 'fundamental8', 'name': 'Fundamental8'}","{'id': 'fundamental', 'name': 'Fundamental'}","{'id': 'fundamental-fundamental-data', 'name': 'Fundamental Data'}",EUR,1,TOPCS1600,MATRIX,1.0,0.9656,0,0,1.1,[],fundamental8,Fundamental8,fundamental,Fundamental,fundamental-fundamental-data,Fundamental Data
fnd8_eraf_matrix_ff_min_int_tcap,Minority Interest % Total Capital,"{'id': 'fundamental8', 'name': 'Fundamental8'}","{'id': 'fundamental', 'name': 'Fundamental'}","{'id': 'fundamental-fundamental-data', 'name': 'Fundamental Data'}",EUR,1,TOPCS1600,MATRIX,1.0,0.964,0,0,1.1,[],fundamental8,Fundamental8,fundamental,Fundamental,fundamental-fundamental-data,Fundamental Data
fnd8_eraf_matrix_ff_mkt_val_gr,Market Value -1 Yr Growth,"{'id': 'fundamental8', 'name': 'Fundamental8'}","{'id': 'fundamental', 'name': 'Fundamental'}","{'id': 'fundamental-fundamental-data', 'name': 'Fundamental Data'}",EUR,1,TOPCS1600,MATRIX,1.0,0.9238,0,0,1.1,[],fundamental8,Fundamental8,fundamental,Fundamental,fundamental-fundamental-data,Fundamental Data
fnd8_eraf_matrix_ff_net_cf_debt,Cash Flow (Net) % Total Debt,"{'id': 'fundamental8', 'name': 'Fundamental8'}","{'id': 'fundamental', 'name': 'Fundamental'}","{'id': 'fundamental-fundamental-data', 'name': 'Fundamental Data'}",EUR,1,TOPCS1600,MATRIX,1.0,0.9234,0,0,1.1,[],fundamental8,Fundamental8,fundamental,Fundamental,fundamental-fundamental-data,Fundamental Data
fnd8_eraf_matrix_ff_net_inc_basic_aft_xord,Net Income Avail To Common -Basic - After Extraordinaries,"{'id': 'fundamental8', 'name': 'Fundamental8'}","{'id': 'fundamental', 'name': 'Fundamental'}","{'id': 'fundamental-fundamental-data', 'name': 'Fundamental Data'}",EUR,1,TOPCS1600,MATRIX,1.0,0.9643,0,0,1.1,[],fundamental8,Fundamental8,fundamental,Fundamental,fundamental-fundamental-data,Fundamental Data
fnd8_eraf_matrix_ff_net_inc_basic_beft_xord,Income Before Extraordinary Items - Available For Common,"{'id': 'fundamental8', 'name': 'Fundamental8'}","{'id': 'fundamental', 'name': 'Fundamental'}","{'id': 'fundamental-fundamental-data', 'name': 'Fundamental Data'}",EUR,1,TOPCS1600,MATRIX,1.0,0.9677,0,0,1.1,[],fundamental8,Fundamental8,fundamental,Fundamental,fundamental-fundamental-data,Fundamental Data
fnd8_eraf_matrix_ff_net_inc_bef_xord_gr,Net Income -Before Extras -1 Yr Growth,"{'id': 'fundamental8', 'name': 'Fundamental8'}","{'id': 'fundamental', 'name': 'Fundamental'}","{'id': 'fundamental-fundamental-data', 'name': 'Fundamental Data'}",EUR,1,TOPCS1600,MATRIX,1.0,0.9232,0,0,1.1,[],fundamental8,Fundamental8,fundamental,Fundamental,fundamental-fundamental-data,Fundamental Data
fnd8_eraf_matrix_ff_net_inc_dil,Net Income Avail To Common -Fully Diluted,"{'id': 'fundamental8', 'name': 'Fundamental8'}","{'id': 'fundamental', 'name': 'Fundamental'}","{'id': 'fundamental-fundamental-data', 'name': 'Fundamental Data'}",EUR,1,TOPCS1600,MATRIX,1.0,0.9261,0,0,1.1,[],fundamental8,Fundamental8,fundamental,Fundamental,fundamental-fundamental-data,Fundamental Data
fnd8_eraf_matrix_ff_net_inc_dil_aft_xord,Net Income Avail To Common -Fully Diluted -After Extraordinaries,"{'id': 'fundamental8', 'name': 'Fundamental8'}","{'id': 'fundamental', 'name': 'Fundamental'}","{'id': 'fundamental-fundamental-data', 'name': 'Fundamental Data'}",EUR,1,TOPCS1600,MATRIX,1.0,0.9261,0,0,1.1,[],fundamental8,Fundamental8,fundamental,Fundamental,fundamental-fundamental-data,Fundamental Data
fnd8_eraf_matrix_ff_net_inc_dil_bef_unusual,Net Income Before Unusual Expense,"{'id': 'fundamental8', 'name': 'Fundamental8'}","{'id': 'fundamental', 'name': 'Fundamental'}","{'id': 'fundamental-fundamental-data', 'name': 'Fundamental Data'}",EUR,1,TOPCS1600,MATRIX,1.0,0.9261,0,0,1.1,[],fundamental8,Fundamental8,fundamental,Fundamental,fundamental-fundamental-data,Fundamental Data
fnd8_eraf_matrix_ff_net_mgn_gr,Net Margin -1 Yr Growth Rate,"{'id': 'fundamental8', 'name': 'Fundamental8'}","{'id': 'fundamental', 'name': 'Fundamental'}","{'id': 'fundamental-fundamental-data', 'name': 'Fundamental Data'}",EUR,1,TOPCS1600,MATRIX,1.0,0.9164,0,0,1.1,[],fundamental8,Fundamental8,fundamental,Fundamental,fundamental-fundamental-data,Fundamental Data
fnd8_eraf_matrix_ff_non_oper_exp,Non-Operating Expense,"{'id': 'fundamental8', 'name': 'Fundamental8'}","{'id': 'fundamental', 'name': 'Fundamental'}","{'id': 'fundamental-fundamental-data', 'name': 'Fundamental Data'}",EUR,1,TOPCS1600,MATRIX,1.0,0.9542,0,0,1.1,[],fundamental8,Fundamental8,fundamental,Fundamental,fundamental-fundamental-data,Fundamental Data
fnd8_eraf_matrix_ff_oper_inc_aft_unusual,Operating Income After Unusual Items,"{'id': 'fundamental8', 'name': 'Fundamental8'}","{'id': 'fundamental', 'name': 'Fundamental'}","{'id': 'fundamental-fundamental-data', 'name': 'Fundamental Data'}",EUR,1,TOPCS1600,MATRIX,1.0,0.9644,0,0,1.1,[],fundamental8,Fundamental8,fundamental,Fundamental,fundamental-fundamental-data,Fundamental Data
fnd8_eraf_matrix_ff_oper_inc_gr,Operating Income- 1 Yr Growth,"{'id': 'fundamental8', 'name': 'Fundamental8'}","{'id': 'fundamental', 'name': 'Fundamental'}","{'id': 'fundamental-fundamental-data', 'name': 'Fundamental Data'}",EUR,1,TOPCS1600,MATRIX,1.0,0.9379,0,0,1.1,[],fundamental8,Fundamental8,fundamental,Fundamental,fundamental-fundamental-data,Fundamental Data
fnd8_eraf_matrix_ff_oper_inc_tcap,Operating Income % Total Capital,"{'id': 'fundamental8', 'name': 'Fundamental8'}","{'id': 'fundamental', 'name': 'Fundamental'}","{'id': 'fundamental-fundamental-data', 'name': 'Fundamental Data'}",EUR,1,TOPCS1600,MATRIX,1.0,0.9631,0,0,1.1,[],fundamental8,Fundamental8,fundamental,Fundamental,fundamental-fundamental-data,Fundamental Data
fnd8_eraf_matrix_ff_oper_ps_net_cf,Cash Flow From Oper Per Share -Net,"{'id': 'fundamental8', 'name': 'Fundamental8'}","{'id': 'fundamental', 'name': 'Fundamental'}","{'id': 'fundamental-fundamental-data', 'name': 'Fundamental Data'}",EUR,1,TOPCS1600,MATRIX,1.0,0.9532,0,0,1.1,[],fundamental8,Fundamental8,fundamental,Fundamental,fundamental-fundamental-data,Fundamental Data
fnd8_eraf_matrix_ff_pay_acct_sales,Accounts Payable/Sales,"{'id': 'fundamental8', 'name': 'Fundamental8'}","{'id': 'fundamental', 'name': 'Fundamental'}","{'id': 'fundamental-fundamental-data', 'name': 'Fundamental Data'}",EUR,1,TOPCS1600,MATRIX,1.0,0.7856,0,0,1.1,[],fundamental8,Fundamental8,fundamental,Fundamental,fundamental-fundamental-data,Fundamental Data
fnd8_eraf_matrix_ff_pay_turn_days,Days of Payables Outstanding,"{'id': 'fundamental8', 'name': 'Fundamental8'}","{'id': 'fundamental', 'name': 'Fundamental'}","{'id': 'fundamental-fundamental-data', 'name': 'Fundamental Data'}",EUR,1,TOPCS1600,MATRIX,1.0,0.7609,0,0,1.1,[],fundamental8,Fundamental8,fundamental,Fundamental,fundamental-fundamental-data,Fundamental Data
fnd8_eraf_matrix_ff_pbk_tang,Price To Tangible Book Value,"{'id': 'fundamental8', 'name': 'Fundamental8'}","{'id': 'fundamental', 'name': 'Fundamental'}","{'id': 'fundamental-fundamental-data', 'name': 'Fundamental Data'}",EUR,1,TOPCS1600,MATRIX,1.0,0.7716,0,0,1.1,[],fundamental8,Fundamental8,fundamental,Fundamental,fundamental-fundamental-data,Fundamental Data
fnd8_eraf_matrix_ff_pfd_stk_tcap,Preferred Stock % Total Capital,"{'id': 'fundamental8', 'name': 'Fundamental8'}","{'id': 'fundamental', 'name': 'Fundamental'}","{'id': 'fundamental-fundamental-data', 'name': 'Fundamental Data'}",EUR,1,TOPCS1600,MATRIX,1.0,0.9599,0,0,1.1,[],fundamental8,Fundamental8,fundamental,Fundamental,fundamental-fundamental-data,Fundamental Data
fnd8_eraf_matrix_ff_psales_dil,Price To Sales -Diluted,"{'id': 'fundamental8', 'name': 'Fundamental8'}","{'id': 'fundamental', 'name': 'Fundamental'}","{'id': 'fundamental-fundamental-data', 'name': 'Fundamental Data'}",EUR,1,TOPCS1600,MATRIX,1.0,0.9443,0,0,1.1,[],fundamental8,Fundamental8,fundamental,Fundamental,fundamental-fundamental-data,Fundamental Data
fnd8_eraf_matrix_ff_rd_sales,Research & Development % Sales,"{'id': 'fundamental8', 'name': 'Fundamental8'}","{'id': 'fundamental', 'name': 'Fundamental'}","{'id': 'fundamental-fundamental-data', 'name': 'Fundamental Data'}",EUR,1,TOPCS1600,MATRIX,1.0,0.4681,0,0,1.1,[],fundamental8,Fundamental8,fundamental,Fundamental,fundamental-fundamental-data,Fundamental Data
fnd8_eraf_matrix_ff_receiv_curr_assets,Receivables % Current Assets,"{'id': 'fundamental8', 'name': 'Fundamental8'}","{'id': 'fundamental', 'name': 'Fundamental'}","{'id': 'fundamental-fundamental-data', 'name': 'Fundamental Data'}",EUR,1,TOPCS1600,MATRIX,1.0,0.7759,0,0,1.1,[],fundamental8,Fundamental8,fundamental,Fundamental,fundamental-fundamental-data,Fundamental Data
fnd8_eraf_matrix_ff_receiv_gross,"Accounts Receivables, Gross","{'id': 'fundamental8', 'name': 'Fundamental8'}","{'id': 'fundamental', 'name': 'Fundamental'}","{'id': 'fundamental-fundamental-data', 'name': 'Fundamental Data'}",EUR,1,TOPCS1600,MATRIX,1.0,0.7664,0,0,1.1,[],fundamental8,Fundamental8,fundamental,Fundamental,fundamental-fundamental-data,Fundamental Data
fnd8_eraf_matrix_ff_receiv_turn,Receivables Turnover,"{'id': 'fundamental8', 'name': 'Fundamental8'}","{'id': 'fundamental', 'name': 'Fundamental'}","{'id': 'fundamental-fundamental-data', 'name': 'Fundamental Data'}",EUR,1,TOPCS1600,MATRIX,1.0,0.8596,0,0,1.1,[],fundamental8,Fundamental8,fundamental,Fundamental,fundamental-fundamental-data,Fundamental Data
fnd8_eraf_matrix_ff_receiv_turn_days,Accounts Receivables Days,"{'id': 'fundamental8', 'name': 'Fundamental8'}","{'id': 'fundamental', 'name': 'Fundamental'}","{'id': 'fundamental-fundamental-data', 'name': 'Fundamental Data'}",EUR,1,TOPCS1600,MATRIX,1.0,0.8563,0,0,1.1,[],fundamental8,Fundamental8,fundamental,Fundamental,fundamental-fundamental-data,Fundamental Data
fnd8_eraf_matrix_ff_reinvest_rate,Reinvestment Rate,"{'id': 'fundamental8', 'name': 'Fundamental8'}","{'id': 'fundamental', 'name': 'Fundamental'}","{'id': 'fundamental-fundamental-data', 'name': 'Fundamental Data'}",EUR,1,TOPCS1600,MATRIX,1.0,0.9502,0,0,1.1,[],fundamental8,Fundamental8,fundamental,Fundamental,fundamental-fundamental-data,Fundamental Data
fnd8_eraf_matrix_ff_roce,Return On Common Equity,"{'id': 'fundamental8', 'name': 'Fundamental8'}","{'id': 'fundamental', 'name': 'Fundamental'}","{'id': 'fundamental-fundamental-data', 'name': 'Fundamental Data'}",EUR,1,TOPCS1600,MATRIX,1.0,0.9546,0,0,1.1,[],fundamental8,Fundamental8,fundamental,Fundamental,fundamental-fundamental-data,Fundamental Data
fnd8_eraf_matrix_ff_roic,Return On Average Invested Capital,"{'id': 'fundamental8', 'name': 'Fundamental8'}","{'id': 'fundamental', 'name': 'Fundamental'}","{'id': 'fundamental-fundamental-data', 'name': 'Fundamental Data'}",EUR,1,TOPCS1600,MATRIX,1.0,0.9606,0,0,1.1,[],fundamental8,Fundamental8,fundamental,Fundamental,fundamental-fundamental-data,Fundamental Data
fnd8_eraf_matrix_ff_sales_gr,Sales -Net -1 Yr Growth,"{'id': 'fundamental8', 'name': 'Fundamental8'}","{'id': 'fundamental', 'name': 'Fundamental'}","{'id': 'fundamental-fundamental-data', 'name': 'Fundamental Data'}",EUR,1,TOPCS1600,MATRIX,1.0,0.9577,0,0,1.1,[],fundamental8,Fundamental8,fundamental,Fundamental,fundamental-fundamental-data,Fundamental Data
fnd8_eraf_matrix_ff_sales_inven_turn,Sales To Inventory Turnover,"{'id': 'fundamental8', 'name': 'Fundamental8'}","{'id': 'fundamental', 'name': 'Fundamental'}","{'id': 'fundamental-fundamental-data', 'name': 'Fundamental Data'}",EUR,1,TOPCS1600,MATRIX,1.0,0.7646,0,0,1.1,[],fundamental8,Fundamental8,fundamental,Fundamental,fundamental-fundamental-data,Fundamental Data
fnd8_eraf_matrix_ff_sales_ps_gr,Sales Per Share -1 Year Growth,"{'id': 'fundamental8', 'name': 'Fundamental8'}","{'id': 'fundamental', 'name': 'Fundamental'}","{'id': 'fundamental-fundamental-data', 'name': 'Fundamental Data'}",EUR,1,TOPCS1600,MATRIX,1.0,0.9482,0,0,1.1,[],fundamental8,Fundamental8,fundamental,Fundamental,fundamental-fundamental-data,Fundamental Data
fnd8_eraf_matrix_ff_sales_wkcap,Sales (Net ) / Working Capital,"{'id': 'fundamental8', 'name': 'Fundamental8'}","{'id': 'fundamental', 'name': 'Fundamental'}","{'id': 'fundamental-fundamental-data', 'name': 'Fundamental Data'}",EUR,1,TOPCS1600,MATRIX,1.0,0.6172,0,0,1.1,[],fundamental8,Fundamental8,fundamental,Fundamental,fundamental-fundamental-data,Fundamental Data
fnd8_eraf_matrix_ff_sga_sales,"Selling, General & Admin Exp % Sales","{'id': 'fundamental8', 'name': 'Fundamental8'}","{'id': 'fundamental', 'name': 'Fundamental'}","{'id': 'fundamental-fundamental-data', 'name': 'Fundamental Data'}",EUR,1,TOPCS1600,MATRIX,1.0,0.7734,0,0,1.1,[],fundamental8,Fundamental8,fundamental,Fundamental,fundamental-fundamental-data,Fundamental Data
fnd8_eraf_matrix_ff_spec_items,Special Items,"{'id': 'fundamental8', 'name': 'Fundamental8'}","{'id': 'fundamental', 'name': 'Fundamental'}","{'id': 'fundamental-fundamental-data', 'name': 'Fundamental Data'}",EUR,1,TOPCS1600,MATRIX,1.0,0.9475,0,0,1.1,[],fundamental8,Fundamental8,fundamental,Fundamental,fundamental-fundamental-data,Fundamental Data
fnd8_eraf_matrix_ff_std_debt,Short Term Debt % Total Debt,"{'id': 'fundamental8', 'name': 'Fundamental8'}","{'id': 'fundamental', 'name': 'Fundamental'}","{'id': 'fundamental-fundamental-data', 'name': 'Fundamental Data'}",EUR,1,TOPCS1600,MATRIX,1.0,0.9166,0,0,1.1,[],fundamental8,Fundamental8,fundamental,Fundamental,fundamental-fundamental-data,Fundamental Data
fnd8_eraf_matrix_ff_tang_assets_debt,Tangible Assets To Total Debt,"{'id': 'fundamental8', 'name': 'Fundamental8'}","{'id': 'fundamental', 'name': 'Fundamental'}","{'id': 'fundamental-fundamental-data', 'name': 'Fundamental Data'}",EUR,1,TOPCS1600,MATRIX,1.0,0.9302,0,0,1.1,[],fundamental8,Fundamental8,fundamental,Fundamental,fundamental-fundamental-data,Fundamental Data
fnd8_eraf_matrix_ff_tax_rate,Tax Rate,"{'id': 'fundamental8', 'name': 'Fundamental8'}","{'id': 'fundamental', 'name': 'Fundamental'}","{'id': 'fundamental-fundamental-data', 'name': 'Fundamental Data'}",EUR,1,TOPCS1600,MATRIX,1.0,0.8781,0,0,1.1,[],fundamental8,Fundamental8,fundamental,Fundamental,fundamental-fundamental-data,Fundamental Data
fnd8_eraf_matrix_ff_tcap_assets,Capital (Total) % Total Assets,"{'id': 'fundamental8', 'name': 'Fundamental8'}","{'id': 'fundamental', 'name': 'Fundamental'}","{'id': 'fundamental-fundamental-data', 'name': 'Fundamental Data'}",EUR,1,TOPCS1600,MATRIX,1.0,0.9673,0,0,1.1,[],fundamental8,Fundamental8,fundamental,Fundamental,fundamental-fundamental-data,Fundamental Data
fnd8_eraf_matrix_ff_tot_debt_tcap_std,Total Debt % Total Capital,"{'id': 'fundamental8', 'name': 'Fundamental8'}","{'id': 'fundamental', 'name': 'Fundamental'}","{'id': 'fundamental-fundamental-data', 'name': 'Fundamental Data'}",EUR,1,TOPCS1600,MATRIX,1.0,0.9656,0,0,1.1,[],fundamental8,Fundamental8,fundamental,Fundamental,fundamental-fundamental-data,Fundamental Data
fnd8_eraf_matrix_ff_ut_gross_inc,Gross Income -Income Before Interest Charges,"{'id': 'fundamental8', 'name': 'Fundamental8'}","{'id': 'fundamental', 'name': 'Fundamental'}","{'id': 'fundamental-fundamental-data', 'name': 'Fundamental Data'}",EUR,1,TOPCS1600,MATRIX,1.0,0.9634,0,0,1.1,[],fundamental8,Fundamental8,fundamental,Fundamental,fundamental-fundamental-data,Fundamental Data
fnd8_eraf_matrix_ff_ut_operation_exp,Operation Expenses -Total,"{'id': 'fundamental8', 'name': 'Fundamental8'}","{'id': 'fundamental', 'name': 'Fundamental'}","{'id': 'fundamental-fundamental-data', 'name': 'Fundamental Data'}",EUR,1,TOPCS1600,MATRIX,1.0,0.966,0,0,1.1,[],fundamental8,Fundamental8,fundamental,Fundamental,fundamental-fundamental-data,Fundamental Data
fnd8_eraf_matrix_ff_wkcap,Working Capital,"{'id': 'fundamental8', 'name': 'Fundamental8'}","{'id': 'fundamental', 'name': 'Fundamental'}","{'id': 'fundamental-fundamental-data', 'name': 'Fundamental Data'}",EUR,1,TOPCS1600,MATRIX,1.0,0.7928,0,0,1.1,[],fundamental8,Fundamental8,fundamental,Fundamental,fundamental-fundamental-data,Fundamental Data
fnd8_eraf_matrix_ff_wkcap_pct,Working Capital % Total Capital,"{'id': 'fundamental8', 'name': 'Fundamental8'}","{'id': 'fundamental', 'name': 'Fundamental'}","{'id': 'fundamental-fundamental-data', 'name': 'Fundamental Data'}",EUR,1,TOPCS1600,MATRIX,1.0,0.7917,0,0,1.1,[],fundamental8,Fundamental8,fundamental,Fundamental,fundamental-fundamental-data,Fundamental Data
fnd8_eraf_matrix_ff_xord_disc,Extraordinaries & Discontinued Operations,"{'id': 'fundamental8', 'name': 'Fundamental8'}","{'id': 'fundamental', 'name': 'Fundamental'}","{'id': 'fundamental-fundamental-data', 'name': 'Fundamental Data'}",EUR,1,TOPCS1600,MATRIX,1.0,0.9629,0,0,1.1,[],fundamental8,Fundamental8,fundamental,Fundamental,fundamental-fundamental-data,Fundamental Data
fnd8_eraf_matrix_ff_zscore,ALTMAN'S Z SCORE,"{'id': 'fundamental8', 'name': 'Fundamental8'}","{'id': 'fundamental', 'name': 'Fundamental'}","{'id': 'fundamental-fundamental-data', 'name': 'Fundamental Data'}",EUR,1,TOPCS1600,MATRIX,1.0,0.7414,0,0,1.1,[],fundamental8,Fundamental8,fundamental,Fundamental,fundamental-fundamental-data,Fundamental Data
fnd8_eraf_matrix_hto_ags_ff,"Other Selling, General & Administrative Expense","{'id': 'fundamental8', 'name': 'Fundamental8'}","{'id': 'fundamental', 'name': 'Fundamental'}","{'id': 'fundamental-fundamental-data', 'name': 'Fundamental Data'}",EUR,1,TOPCS1600,MATRIX,1.0,0.6996,0,0,1.1,[],fundamental8,Fundamental8,fundamental,Fundamental,fundamental-fundamental-data,Fundamental Data
fnd8_eraf_matrix_hto_pxe_tni_ff,Other Interest Expense -Banks,"{'id': 'fundamental8', 'name': 'Fundamental8'}","{'id': 'fundamental', 'name': 'Fundamental'}","{'id': 'fundamental-fundamental-data', 'name': 'Fundamental Data'}",EUR,1,TOPCS1600,MATRIX,1.0,0.9651,0,0,1.1,[],fundamental8,Fundamental8,fundamental,Fundamental,fundamental-fundamental-data,Fundamental Data
fnd8_eraf_matrix_jda_cni_ff,Income Adjustment,"{'id': 'fundamental8', 'name': 'Fundamental8'}","{'id': 'fundamental', 'name': 'Fundamental'}","{'id': 'fundamental-fundamental-data', 'name': 'Fundamental Data'}",EUR,1,TOPCS1600,MATRIX,1.0,0.9677,0,0,1.1,[],fundamental8,Fundamental8,fundamental,Fundamental,fundamental-fundamental-data,Fundamental Data
fnd8_eraf_matrix_jda_lid_ff,Dilution Adjustment,"{'id': 'fundamental8', 'name': 'Fundamental8'}","{'id': 'fundamental', 'name': 'Fundamental'}","{'id': 'fundamental-fundamental-data', 'name': 'Fundamental Data'}",EUR,1,TOPCS1600,MATRIX,1.0,0.9261,0,0,1.1,[],fundamental8,Fundamental8,fundamental,Fundamental,fundamental-fundamental-data,Fundamental Data
fnd8_eraf_matrix_lid_ep_ff,Price To Earnings -Diluted,"{'id': 'fundamental8', 'name': 'Fundamental8'}","{'id': 'fundamental', 'name': 'Fundamental'}","{'id': 'fundamental-fundamental-data', 'name': 'Fundamental Data'}",EUR,1,TOPCS1600,MATRIX,1.0,0.8225,0,0,1.1,[],fundamental8,Fundamental8,fundamental,Fundamental,fundamental-fundamental-data,Fundamental Data
fnd8_eraf_matrix_lid_fcfp_ff,Price To Free Cash Flow,"{'id': 'fundamental8', 'name': 'Fundamental8'}","{'id': 'fundamental', 'name': 'Fundamental'}","{'id': 'fundamental-fundamental-data', 'name': 'Fundamental Data'}",EUR,1,TOPCS1600,MATRIX,1.0,0.6772,0,0,1.1,[],fundamental8,Fundamental8,fundamental,Fundamental,fundamental-fundamental-data,Fundamental Data
fnd8_eraf_matrix_qe_moc_dtl_ff,Long Term Debt % Common Equity,"{'id': 'fundamental8', 'name': 'Fundamental8'}","{'id': 'fundamental', 'name': 'Fundamental'}","{'id': 'fundamental-fundamental-data', 'name': 'Fundamental Data'}",EUR,1,TOPCS1600,MATRIX,1.0,0.9575,0,0,1.1,[],fundamental8,Fundamental8,fundamental,Fundamental,fundamental-fundamental-data,Fundamental Data
fnd8_eraf_matrix_rg_lid_spe_ff,EPS -Diluted -Before Extras -% Change,"{'id': 'fundamental8', 'name': 'Fundamental8'}","{'id': 'fundamental', 'name': 'Fundamental'}","{'id': 'fundamental-fundamental-data', 'name': 'Fundamental Data'}",EUR,1,TOPCS1600,MATRIX,1.0,0.863,0,0,1.1,[],fundamental8,Fundamental8,fundamental,Fundamental,fundamental-fundamental-data,Fundamental Data
fnd8_eraf_matrix_rg_qe_moc_ff,Equity -1 Yr Annual Growth,"{'id': 'fundamental8', 'name': 'Fundamental8'}","{'id': 'fundamental', 'name': 'Fundamental'}","{'id': 'fundamental-fundamental-data', 'name': 'Fundamental Data'}",EUR,1,TOPCS1600,MATRIX,1.0,0.9596,0,0,1.1,[],fundamental8,Fundamental8,fundamental,Fundamental,fundamental-fundamental-data,Fundamental Data
fnd8_eraf_matrix_rg_sp_fc_ff,Cash Flow Per Share -1 Year Growth,"{'id': 'fundamental8', 'name': 'Fundamental8'}","{'id': 'fundamental', 'name': 'Fundamental'}","{'id': 'fundamental-fundamental-data', 'name': 'Fundamental Data'}",EUR,1,TOPCS1600,MATRIX,1.0,0.913,0,0,1.1,[],fundamental8,Fundamental8,fundamental,Fundamental,fundamental-fundamental-data,Fundamental Data
fnd8_eraf_matrix_rg_spb_ff,Book Value Per Share -1 Yr Annual Growth,"{'id': 'fundamental8', 'name': 'Fundamental8'}","{'id': 'fundamental', 'name': 'Fundamental'}","{'id': 'fundamental-fundamental-data', 'name': 'Fundamental Data'}",EUR,1,TOPCS1600,MATRIX,1.0,0.9539,0,0,1.1,[],fundamental8,Fundamental8,fundamental,Fundamental,fundamental-fundamental-data,Fundamental Data
fnd8_eraf_matrix_rg_spd_ff,Dividends Per Share -1 Yr Annual Growth,"{'id': 'fundamental8', 'name': 'Fundamental8'}","{'id': 'fundamental', 'name': 'Fundamental'}","{'id': 'fundamental-fundamental-data', 'name': 'Fundamental Data'}",EUR,1,TOPCS1600,MATRIX,1.0,0.8028,0,0,1.1,[],fundamental8,Fundamental8,fundamental,Fundamental,fundamental-fundamental-data,Fundamental Data
fnd8_eraf_matrix_xtp_aor_ff,Return On Average Assets -Pretax,"{'id': 'fundamental8', 'name': 'Fundamental8'}","{'id': 'fundamental', 'name': 'Fundamental'}","{'id': 'fundamental-fundamental-data', 'name': 'Fundamental Data'}",EUR,1,TOPCS1600,MATRIX,1.0,0.9621,0,0,1.1,[],fundamental8,Fundamental8,fundamental,Fundamental,fundamental-fundamental-data,Fundamental Data
fnd8_erqf_matrix_ff_assets_com_eq,Assets To Common Equity,"{'id': 'fundamental8', 'name': 'Fundamental8'}","{'id': 'fundamental', 'name': 'Fundamental'}","{'id': 'fundamental-fundamental-data', 'name': 'Fundamental Data'}",EUR,1,TOPCS1600,MATRIX,1.0,0.4927,0,0,1.1,[],fundamental8,Fundamental8,fundamental,Fundamental,fundamental-fundamental-data,Fundamental Data
fnd8_erqf_matrix_ff_assets_eq,Assets To Equity (End Of Period),"{'id': 'fundamental8', 'name': 'Fundamental8'}","{'id': 'fundamental', 'name': 'Fundamental'}","{'id': 'fundamental-fundamental-data', 'name': 'Fundamental Data'}",EUR,1,TOPCS1600,MATRIX,1.0,0.4966,0,0,1.1,[],fundamental8,Fundamental8,fundamental,Fundamental,fundamental-fundamental-data,Fundamental Data
fnd8_erqf_matrix_ff_assets_gr,Assets -Total -1 Year Growth,"{'id': 'fundamental8', 'name': 'Fundamental8'}","{'id': 'fundamental', 'name': 'Fundamental'}","{'id': 'fundamental-fundamental-data', 'name': 'Fundamental Data'}",EUR,1,TOPCS1600,MATRIX,1.0,0.4602,0,0,1.1,[],fundamental8,Fundamental8,fundamental,Fundamental,fundamental-fundamental-data,Fundamental Data
fnd8_erqf_matrix_ff_bk_oper_inc_oth,Bank Other Operating Income,"{'id': 'fundamental8', 'name': 'Fundamental8'}","{'id': 'fundamental', 'name': 'Fundamental'}","{'id': 'fundamental-fundamental-data', 'name': 'Fundamental Data'}",EUR,1,TOPCS1600,MATRIX,1.0,0.2845,0,0,1.1,[],fundamental8,Fundamental8,fundamental,Fundamental,fundamental-fundamental-data,Fundamental Data
fnd8_erqf_matrix_ff_bk_oper_inc_tot,Bank Total Operating Income,"{'id': 'fundamental8', 'name': 'Fundamental8'}","{'id': 'fundamental', 'name': 'Fundamental'}","{'id': 'fundamental-fundamental-data', 'name': 'Fundamental Data'}",EUR,1,TOPCS1600,MATRIX,1.0,0.3254,0,0,1.1,[],fundamental8,Fundamental8,fundamental,Fundamental,fundamental-fundamental-data,Fundamental Data
fnd8_erqf_matrix_ff_capex_5ygr,Capital Spending -5Yr Growth Rate,"{'id': 'fundamental8', 'name': 'Fundamental8'}","{'id': 'fundamental', 'name': 'Fundamental'}","{'id': 'fundamental-fundamental-data', 'name': 'Fundamental Data'}",EUR,1,TOPCS1600,MATRIX,1.0,0.3131,0,0,1.1,[],fundamental8,Fundamental8,fundamental,Fundamental,fundamental-fundamental-data,Fundamental Data
fnd8_erqf_matrix_ff_capex_assets,Capital Expenditure % Total Assets,"{'id': 'fundamental8', 'name': 'Fundamental8'}","{'id': 'fundamental', 'name': 'Fundamental'}","{'id': 'fundamental-fundamental-data', 'name': 'Fundamental Data'}",EUR,1,TOPCS1600,MATRIX,1.0,0.3315,0,0,1.1,[],fundamental8,Fundamental8,fundamental,Fundamental,fundamental-fundamental-data,Fundamental Data
fnd8_erqf_matrix_ff_capex_ps_cf,Capital Expenditures Per Share,"{'id': 'fundamental8', 'name': 'Fundamental8'}","{'id': 'fundamental', 'name': 'Fundamental'}","{'id': 'fundamental-fundamental-data', 'name': 'Fundamental Data'}",EUR,1,TOPCS1600,MATRIX,1.0,0.3556,0,0,1.1,[],fundamental8,Fundamental8,fundamental,Fundamental,fundamental-fundamental-data,Fundamental Data
fnd8_erqf_matrix_ff_cash_curr_assets,Cash & Equivalents % Total Current Assets,"{'id': 'fundamental8', 'name': 'Fundamental8'}","{'id': 'fundamental', 'name': 'Fundamental'}","{'id': 'fundamental-fundamental-data', 'name': 'Fundamental Data'}",EUR,1,TOPCS1600,MATRIX,1.0,0.3911,0,0,1.1,[],fundamental8,Fundamental8,fundamental,Fundamental,fundamental-fundamental-data,Fundamental Data
fnd8_erqf_matrix_ff_cash_roce,Cash Earnings Return On Equity,"{'id': 'fundamental8', 'name': 'Fundamental8'}","{'id': 'fundamental', 'name': 'Fundamental'}","{'id': 'fundamental-fundamental-data', 'name': 'Fundamental Data'}",EUR,1,TOPCS1600,MATRIX,1.0,0.3441,0,0,1.1,[],fundamental8,Fundamental8,fundamental,Fundamental,fundamental-fundamental-data,Fundamental Data
fnd8_erqf_matrix_ff_cf_roic,Cash Flow Return on Average Invetsed Capital,"{'id': 'fundamental8', 'name': 'Fundamental8'}","{'id': 'fundamental', 'name': 'Fundamental'}","{'id': 'fundamental-fundamental-data', 'name': 'Fundamental Data'}",EUR,1,TOPCS1600,MATRIX,1.0,0.3644,0,0,1.1,[],fundamental8,Fundamental8,fundamental,Fundamental,fundamental-fundamental-data,Fundamental Data
fnd8_erqf_matrix_ff_cf_sales,Cash Flow/Sales,"{'id': 'fundamental8', 'name': 'Fundamental8'}","{'id': 'fundamental', 'name': 'Fundamental'}","{'id': 'fundamental-fundamental-data', 'name': 'Fundamental Data'}",EUR,1,TOPCS1600,MATRIX,1.0,0.3849,0,0,1.1,[],fundamental8,Fundamental8,fundamental,Fundamental,fundamental-fundamental-data,Fundamental Data
fnd8_erqf_matrix_ff_cogs_sales,Cost of Goods Sold % Sales,"{'id': 'fundamental8', 'name': 'Fundamental8'}","{'id': 'fundamental', 'name': 'Fundamental'}","{'id': 'fundamental-fundamental-data', 'name': 'Fundamental Data'}",EUR,1,TOPCS1600,MATRIX,1.0,0.3739,0,0,1.1,[],fundamental8,Fundamental8,fundamental,Fundamental,fundamental-fundamental-data,Fundamental Data
fnd8_erqf_matrix_ff_com_eq_tcap,Equity % Total Capital,"{'id': 'fundamental8', 'name': 'Fundamental8'}","{'id': 'fundamental', 'name': 'Fundamental'}","{'id': 'fundamental-fundamental-data', 'name': 'Fundamental Data'}",EUR,1,TOPCS1600,MATRIX,1.0,0.492,0,0,1.1,[],fundamental8,Fundamental8,fundamental,Fundamental,fundamental-fundamental-data,Fundamental Data
fnd8_erqf_matrix_ff_debt_com_eq,Debt (Total) % Common Equity,"{'id': 'fundamental8', 'name': 'Fundamental8'}","{'id': 'fundamental', 'name': 'Fundamental'}","{'id': 'fundamental-fundamental-data', 'name': 'Fundamental Data'}",EUR,1,TOPCS1600,MATRIX,1.0,0.4768,0,0,1.1,[],fundamental8,Fundamental8,fundamental,Fundamental,fundamental-fundamental-data,Fundamental Data
fnd8_erqf_matrix_ff_debt_entrpr_val,Total Debt To Enterprise Value,"{'id': 'fundamental8', 'name': 'Fundamental8'}","{'id': 'fundamental', 'name': 'Fundamental'}","{'id': 'fundamental-fundamental-data', 'name': 'Fundamental Data'}",EUR,1,TOPCS1600,MATRIX,1.0,0.4669,0,0,1.1,[],fundamental8,Fundamental8,fundamental,Fundamental,fundamental-fundamental-data,Fundamental Data
fnd8_erqf_matrix_ff_debt_eq,Total Debt % Total Equity,"{'id': 'fundamental8', 'name': 'Fundamental8'}","{'id': 'fundamental', 'name': 'Fundamental'}","{'id': 'fundamental-fundamental-data', 'name': 'Fundamental Data'}",EUR,1,TOPCS1600,MATRIX,1.0,0.4769,0,0,1.1,[],fundamental8,Fundamental8,fundamental,Fundamental,fundamental-fundamental-data,Fundamental Data
fnd8_erqf_matrix_ff_debt_lt_cf,Change in Long-Term Debt,"{'id': 'fundamental8', 'name': 'Fundamental8'}","{'id': 'fundamental', 'name': 'Fundamental'}","{'id': 'fundamental-fundamental-data', 'name': 'Fundamental Data'}",EUR,1,TOPCS1600,MATRIX,1.0,0.2543,0,0,1.1,[],fundamental8,Fundamental8,fundamental,Fundamental,fundamental-fundamental-data,Fundamental Data
fnd8_erqf_matrix_ff_debt_serv,Debt Service Ratio -Incl St Debt -Pretax,"{'id': 'fundamental8', 'name': 'Fundamental8'}","{'id': 'fundamental', 'name': 'Fundamental'}","{'id': 'fundamental-fundamental-data', 'name': 'Fundamental Data'}",EUR,1,TOPCS1600,MATRIX,1.0,0.3957,0,0,1.1,[],fundamental8,Fundamental8,fundamental,Fundamental,fundamental-fundamental-data,Fundamental Data
fnd8_erqf_matrix_ff_debt_st_x_curr_port,Short Term Debt,"{'id': 'fundamental8', 'name': 'Fundamental8'}","{'id': 'fundamental', 'name': 'Fundamental'}","{'id': 'fundamental-fundamental-data', 'name': 'Fundamental Data'}",EUR,1,TOPCS1600,MATRIX,1.0,0.3816,0,0,1.1,[],fundamental8,Fundamental8,fundamental,Fundamental,fundamental-fundamental-data,Fundamental Data
fnd8_erqf_matrix_ff_earn_yld,Earnings Yield -Close,"{'id': 'fundamental8', 'name': 'Fundamental8'}","{'id': 'fundamental', 'name': 'Fundamental'}","{'id': 'fundamental-fundamental-data', 'name': 'Fundamental Data'}",EUR,1,TOPCS1600,MATRIX,1.0,0.4664,0,0,1.1,[],fundamental8,Fundamental8,fundamental,Fundamental,fundamental-fundamental-data,Fundamental Data
fnd8_erqf_matrix_ff_ebit_bef_unusual,"Earnings Before Interest, Taxes & Unusual Expense","{'id': 'fundamental8', 'name': 'Fundamental8'}","{'id': 'fundamental', 'name': 'Fundamental'}","{'id': 'fundamental-fundamental-data', 'name': 'Fundamental Data'}",EUR,1,TOPCS1600,MATRIX,1.0,0.4934,0,0,1.1,[],fundamental8,Fundamental8,fundamental,Fundamental,fundamental-fundamental-data,Fundamental Data
fnd8_erqf_matrix_ff_ebit_oper_int_covg,Pretax Interest Coverage Ratio,"{'id': 'fundamental8', 'name': 'Fundamental8'}","{'id': 'fundamental', 'name': 'Fundamental'}","{'id': 'fundamental-fundamental-data', 'name': 'Fundamental Data'}",EUR,1,TOPCS1600,MATRIX,1.0,0.3949,0,0,1.1,[],fundamental8,Fundamental8,fundamental,Fundamental,fundamental-fundamental-data,Fundamental Data
fnd8_erqf_matrix_ff_ebit_oper_mgn,EBIT Margin,"{'id': 'fundamental8', 'name': 'Fundamental8'}","{'id': 'fundamental', 'name': 'Fundamental'}","{'id': 'fundamental-fundamental-data', 'name': 'Fundamental Data'}",EUR,1,TOPCS1600,MATRIX,1.0,0.4317,0,0,1.1,[],fundamental8,Fundamental8,fundamental,Fundamental,fundamental-fundamental-data,Fundamental Data
fnd8_erqf_matrix_ff_ebit_oper_roa,Return On Average Assets (EBIT),"{'id': 'fundamental8', 'name': 'Fundamental8'}","{'id': 'fundamental', 'name': 'Fundamental'}","{'id': 'fundamental-fundamental-data', 'name': 'Fundamental Data'}",EUR,1,TOPCS1600,MATRIX,1.0,0.3742,0,0,1.1,[],fundamental8,Fundamental8,fundamental,Fundamental,fundamental-fundamental-data,Fundamental Data
fnd8_erqf_matrix_ff_ebitda_bef_unusual,EBITDA Before Unusual Expenses,"{'id': 'fundamental8', 'name': 'Fundamental8'}","{'id': 'fundamental', 'name': 'Fundamental'}","{'id': 'fundamental-fundamental-data', 'name': 'Fundamental Data'}",EUR,1,TOPCS1600,MATRIX,1.0,0.4936,0,0,1.1,[],fundamental8,Fundamental8,fundamental,Fundamental,fundamental-fundamental-data,Fundamental Data
fnd8_erqf_matrix_ff_ebitda_cf,EBITDA (From Cash Flow),"{'id': 'fundamental8', 'name': 'Fundamental8'}","{'id': 'fundamental', 'name': 'Fundamental'}","{'id': 'fundamental-fundamental-data', 'name': 'Fundamental Data'}",EUR,1,TOPCS1600,MATRIX,1.0,0.4861,0,0,1.1,[],fundamental8,Fundamental8,fundamental,Fundamental,fundamental-fundamental-data,Fundamental Data
fnd8_erqf_matrix_ff_ebitda_oper_mgn,EBITDA Margin,"{'id': 'fundamental8', 'name': 'Fundamental8'}","{'id': 'fundamental', 'name': 'Fundamental'}","{'id': 'fundamental-fundamental-data', 'name': 'Fundamental Data'}",EUR,1,TOPCS1600,MATRIX,1.0,0.3931,0,0,1.1,[],fundamental8,Fundamental8,fundamental,Fundamental,fundamental-fundamental-data,Fundamental Data
fnd8_erqf_matrix_ff_eff_int_rate,Interest Rate -Estimated Average,"{'id': 'fundamental8', 'name': 'Fundamental8'}","{'id': 'fundamental', 'name': 'Fundamental'}","{'id': 'fundamental-fundamental-data', 'name': 'Fundamental Data'}",EUR,1,TOPCS1600,MATRIX,1.0,0.3899,0,0,1.1,[],fundamental8,Fundamental8,fundamental,Fundamental,fundamental-fundamental-data,Fundamental Data
fnd8_erqf_matrix_ff_entrpr_val_ebit_oper,Enterprise Value To EBIT,"{'id': 'fundamental8', 'name': 'Fundamental8'}","{'id': 'fundamental', 'name': 'Fundamental'}","{'id': 'fundamental-fundamental-data', 'name': 'Fundamental Data'}",EUR,1,TOPCS1600,MATRIX,1.0,0.3502,0,0,1.1,[],fundamental8,Fundamental8,fundamental,Fundamental,fundamental-fundamental-data,Fundamental Data
fnd8_erqf_matrix_ff_entrpr_val_ebitda_oper,Enterprise Value To EBITDA,"{'id': 'fundamental8', 'name': 'Fundamental8'}","{'id': 'fundamental', 'name': 'Fundamental'}","{'id': 'fundamental-fundamental-data', 'name': 'Fundamental Data'}",EUR,1,TOPCS1600,MATRIX,1.0,0.3352,0,0,1.1,[],fundamental8,Fundamental8,fundamental,Fundamental,fundamental-fundamental-data,Fundamental Data
fnd8_erqf_matrix_ff_entrpr_val_sales,Enterprise Value To Sales,"{'id': 'fundamental8', 'name': 'Fundamental8'}","{'id': 'fundamental', 'name': 'Fundamental'}","{'id': 'fundamental-fundamental-data', 'name': 'Fundamental Data'}",EUR,1,TOPCS1600,MATRIX,1.0,0.4477,0,0,1.1,[],fundamental8,Fundamental8,fundamental,Fundamental,fundamental-fundamental-data,Fundamental Data
fnd8_erqf_matrix_ff_eps_basic_gr,EPS -Basic -Before Extras -% Change,"{'id': 'fundamental8', 'name': 'Fundamental8'}","{'id': 'fundamental', 'name': 'Fundamental'}","{'id': 'fundamental-fundamental-data', 'name': 'Fundamental Data'}",EUR,1,TOPCS1600,MATRIX,1.0,0.4561,0,0,1.1,[],fundamental8,Fundamental8,fundamental,Fundamental,fundamental-fundamental-data,Fundamental Data
fnd8_erqf_matrix_ff_eps_dil_aft_xord,EPS -Diluted -After Extraordinaries,"{'id': 'fundamental8', 'name': 'Fundamental8'}","{'id': 'fundamental', 'name': 'Fundamental'}","{'id': 'fundamental-fundamental-data', 'name': 'Fundamental Data'}",EUR,1,TOPCS1600,MATRIX,1.0,0.3885,0,0,1.1,[],fundamental8,Fundamental8,fundamental,Fundamental,fundamental-fundamental-data,Fundamental Data
fnd8_erqf_matrix_ff_fin_invest_tot,Total Investments for Financial,"{'id': 'fundamental8', 'name': 'Fundamental8'}","{'id': 'fundamental', 'name': 'Fundamental'}","{'id': 'fundamental-fundamental-data', 'name': 'Fundamental Data'}",EUR,1,TOPCS1600,MATRIX,1.0,0.3023,0,0,1.1,[],fundamental8,Fundamental8,fundamental,Fundamental,fundamental-fundamental-data,Fundamental Data
fnd8_erqf_matrix_ff_free_ps_cf,Cash Flow Per Share (Diluted) -Free,"{'id': 'fundamental8', 'name': 'Fundamental8'}","{'id': 'fundamental', 'name': 'Fundamental'}","{'id': 'fundamental-fundamental-data', 'name': 'Fundamental Data'}",EUR,1,TOPCS1600,MATRIX,1.0,0.3554,0,0,1.1,[],fundamental8,Fundamental8,fundamental,Fundamental,fundamental-fundamental-data,Fundamental Data
fnd8_erqf_matrix_ff_gross_cf_debt,Cash Flow (Gross) % Total Debt,"{'id': 'fundamental8', 'name': 'Fundamental8'}","{'id': 'fundamental', 'name': 'Fundamental'}","{'id': 'fundamental-fundamental-data', 'name': 'Fundamental Data'}",EUR,1,TOPCS1600,MATRIX,1.0,0.3394,0,0,1.1,[],fundamental8,Fundamental8,fundamental,Fundamental,fundamental-fundamental-data,Fundamental Data
fnd8_erqf_matrix_ff_inc_sund,Sundry Revenue/Income,"{'id': 'fundamental8', 'name': 'Fundamental8'}","{'id': 'fundamental', 'name': 'Fundamental'}","{'id': 'fundamental-fundamental-data', 'name': 'Fundamental Data'}",EUR,1,TOPCS1600,MATRIX,1.0,0.4566,0,0,1.1,[],fundamental8,Fundamental8,fundamental,Fundamental,fundamental-fundamental-data,Fundamental Data
fnd8_erqf_matrix_ff_intang_oth,Net Other Intangibles,"{'id': 'fundamental8', 'name': 'Fundamental8'}","{'id': 'fundamental', 'name': 'Fundamental'}","{'id': 'fundamental-fundamental-data', 'name': 'Fundamental Data'}",EUR,1,TOPCS1600,MATRIX,1.0,0.3251,0,0,1.1,[],fundamental8,Fundamental8,fundamental,Fundamental,fundamental-fundamental-data,Fundamental Data
fnd8_erqf_matrix_ff_inven_curr_assets,Inventories % Total Current Assets,"{'id': 'fundamental8', 'name': 'Fundamental8'}","{'id': 'fundamental', 'name': 'Fundamental'}","{'id': 'fundamental-fundamental-data', 'name': 'Fundamental Data'}",EUR,1,TOPCS1600,MATRIX,1.0,0.3595,0,0,1.1,[],fundamental8,Fundamental8,fundamental,Fundamental,fundamental-fundamental-data,Fundamental Data
fnd8_erqf_matrix_ff_inven_days,Inventories -Days Held,"{'id': 'fundamental8', 'name': 'Fundamental8'}","{'id': 'fundamental', 'name': 'Fundamental'}","{'id': 'fundamental-fundamental-data', 'name': 'Fundamental Data'}",EUR,1,TOPCS1600,MATRIX,1.0,0.285,0,0,1.1,[],fundamental8,Fundamental8,fundamental,Fundamental,fundamental-fundamental-data,Fundamental Data
fnd8_erqf_matrix_ff_inven_turn,Inventory Turnover,"{'id': 'fundamental8', 'name': 'Fundamental8'}","{'id': 'fundamental', 'name': 'Fundamental'}","{'id': 'fundamental-fundamental-data', 'name': 'Fundamental Data'}",EUR,1,TOPCS1600,MATRIX,1.0,0.285,0,0,1.1,[],fundamental8,Fundamental8,fundamental,Fundamental,fundamental-fundamental-data,Fundamental Data
fnd8_erqf_matrix_ff_invest_cap,Invested Capital -Total,"{'id': 'fundamental8', 'name': 'Fundamental8'}","{'id': 'fundamental', 'name': 'Fundamental'}","{'id': 'fundamental-fundamental-data', 'name': 'Fundamental Data'}",EUR,1,TOPCS1600,MATRIX,1.0,0.4882,0,0,1.1,[],fundamental8,Fundamental8,fundamental,Fundamental,fundamental-fundamental-data,Fundamental Data
fnd8_erqf_matrix_ff_invest_lt,Long Term Investments,"{'id': 'fundamental8', 'name': 'Fundamental8'}","{'id': 'fundamental', 'name': 'Fundamental'}","{'id': 'fundamental-fundamental-data', 'name': 'Fundamental Data'}",EUR,1,TOPCS1600,MATRIX,1.0,0.3621,0,0,1.1,[],fundamental8,Fundamental8,fundamental,Fundamental,fundamental-fundamental-data,Fundamental Data
fnd8_erqf_matrix_ff_invest_receiv_lt,Investments & Long-Term Receivables,"{'id': 'fundamental8', 'name': 'Fundamental8'}","{'id': 'fundamental', 'name': 'Fundamental'}","{'id': 'fundamental-fundamental-data', 'name': 'Fundamental Data'}",EUR,1,TOPCS1600,MATRIX,1.0,0.3621,0,0,1.1,[],fundamental8,Fundamental8,fundamental,Fundamental,fundamental-fundamental-data,Fundamental Data
fnd8_erqf_matrix_ff_ltd_tcap,Long Term Debt % Total Capital,"{'id': 'fundamental8', 'name': 'Fundamental8'}","{'id': 'fundamental', 'name': 'Fundamental'}","{'id': 'fundamental-fundamental-data', 'name': 'Fundamental Data'}",EUR,1,TOPCS1600,MATRIX,1.0,0.4688,0,0,1.1,[],fundamental8,Fundamental8,fundamental,Fundamental,fundamental-fundamental-data,Fundamental Data
fnd8_erqf_matrix_ff_min_int_tcap,Minority Interest % Total Capital,"{'id': 'fundamental8', 'name': 'Fundamental8'}","{'id': 'fundamental', 'name': 'Fundamental'}","{'id': 'fundamental-fundamental-data', 'name': 'Fundamental Data'}",EUR,1,TOPCS1600,MATRIX,1.0,0.3708,0,0,1.1,[],fundamental8,Fundamental8,fundamental,Fundamental,fundamental-fundamental-data,Fundamental Data
fnd8_erqf_matrix_ff_mkt_val_gr,Market Value -1 Yr Growth,"{'id': 'fundamental8', 'name': 'Fundamental8'}","{'id': 'fundamental', 'name': 'Fundamental'}","{'id': 'fundamental-fundamental-data', 'name': 'Fundamental Data'}",EUR,1,TOPCS1600,MATRIX,1.0,0.4428,0,0,1.1,[],fundamental8,Fundamental8,fundamental,Fundamental,fundamental-fundamental-data,Fundamental Data
fnd8_erqf_matrix_ff_net_cf_debt,Cash Flow (Net) % Total Debt,"{'id': 'fundamental8', 'name': 'Fundamental8'}","{'id': 'fundamental', 'name': 'Fundamental'}","{'id': 'fundamental-fundamental-data', 'name': 'Fundamental Data'}",EUR,1,TOPCS1600,MATRIX,1.0,0.3626,0,0,1.1,[],fundamental8,Fundamental8,fundamental,Fundamental,fundamental-fundamental-data,Fundamental Data
fnd8_erqf_matrix_ff_net_inc_basic_aft_xord,Net Income Avail To Common -Basic - After Extraordinaries,"{'id': 'fundamental8', 'name': 'Fundamental8'}","{'id': 'fundamental', 'name': 'Fundamental'}","{'id': 'fundamental-fundamental-data', 'name': 'Fundamental Data'}",EUR,1,TOPCS1600,MATRIX,1.0,0.4932,0,0,1.1,[],fundamental8,Fundamental8,fundamental,Fundamental,fundamental-fundamental-data,Fundamental Data
fnd8_erqf_matrix_ff_net_inc_basic_beft_xord,Income Before Extraordinary Items - Available For Common,"{'id': 'fundamental8', 'name': 'Fundamental8'}","{'id': 'fundamental', 'name': 'Fundamental'}","{'id': 'fundamental-fundamental-data', 'name': 'Fundamental Data'}",EUR,1,TOPCS1600,MATRIX,1.0,0.498,0,0,1.1,[],fundamental8,Fundamental8,fundamental,Fundamental,fundamental-fundamental-data,Fundamental Data
fnd8_erqf_matrix_ff_net_inc_bef_xord_gr,Net Income -Before Extras -1 Yr Growth,"{'id': 'fundamental8', 'name': 'Fundamental8'}","{'id': 'fundamental', 'name': 'Fundamental'}","{'id': 'fundamental-fundamental-data', 'name': 'Fundamental Data'}",EUR,1,TOPCS1600,MATRIX,1.0,0.4537,0,0,1.1,[],fundamental8,Fundamental8,fundamental,Fundamental,fundamental-fundamental-data,Fundamental Data
fnd8_erqf_matrix_ff_net_inc_dil,Net Income Avail To Common -Fully Diluted,"{'id': 'fundamental8', 'name': 'Fundamental8'}","{'id': 'fundamental', 'name': 'Fundamental'}","{'id': 'fundamental-fundamental-data', 'name': 'Fundamental Data'}",EUR,1,TOPCS1600,MATRIX,1.0,0.3954,0,0,1.1,[],fundamental8,Fundamental8,fundamental,Fundamental,fundamental-fundamental-data,Fundamental Data
fnd8_erqf_matrix_ff_net_inc_dil_aft_xord,Net Income Avail To Common -Fully Diluted -After Extraordinaries,"{'id': 'fundamental8', 'name': 'Fundamental8'}","{'id': 'fundamental', 'name': 'Fundamental'}","{'id': 'fundamental-fundamental-data', 'name': 'Fundamental Data'}",EUR,1,TOPCS1600,MATRIX,1.0,0.3954,0,0,1.1,[],fundamental8,Fundamental8,fundamental,Fundamental,fundamental-fundamental-data,Fundamental Data
fnd8_erqf_matrix_ff_net_inc_dil_bef_unusual,Net Income Before Unusual Expense,"{'id': 'fundamental8', 'name': 'Fundamental8'}","{'id': 'fundamental', 'name': 'Fundamental'}","{'id': 'fundamental-fundamental-data', 'name': 'Fundamental Data'}",EUR,1,TOPCS1600,MATRIX,1.0,0.3954,0,0,1.1,[],fundamental8,Fundamental8,fundamental,Fundamental,fundamental-fundamental-data,Fundamental Data
fnd8_erqf_matrix_ff_net_mgn_gr,Net Margin -1 Yr Growth Rate,"{'id': 'fundamental8', 'name': 'Fundamental8'}","{'id': 'fundamental', 'name': 'Fundamental'}","{'id': 'fundamental-fundamental-data', 'name': 'Fundamental Data'}",EUR,1,TOPCS1600,MATRIX,1.0,0.4466,0,0,1.1,[],fundamental8,Fundamental8,fundamental,Fundamental,fundamental-fundamental-data,Fundamental Data
fnd8_erqf_matrix_ff_non_oper_exp,Non-Operating Expense,"{'id': 'fundamental8', 'name': 'Fundamental8'}","{'id': 'fundamental', 'name': 'Fundamental'}","{'id': 'fundamental-fundamental-data', 'name': 'Fundamental Data'}",EUR,1,TOPCS1600,MATRIX,1.0,0.4273,0,0,1.1,[],fundamental8,Fundamental8,fundamental,Fundamental,fundamental-fundamental-data,Fundamental Data
fnd8_erqf_matrix_ff_oper_inc_aft_unusual,Operating Income After Unusual Items,"{'id': 'fundamental8', 'name': 'Fundamental8'}","{'id': 'fundamental', 'name': 'Fundamental'}","{'id': 'fundamental-fundamental-data', 'name': 'Fundamental Data'}",EUR,1,TOPCS1600,MATRIX,1.0,0.4913,0,0,1.1,[],fundamental8,Fundamental8,fundamental,Fundamental,fundamental-fundamental-data,Fundamental Data
fnd8_erqf_matrix_ff_oper_inc_gr,Operating Income- 1 Yr Growth,"{'id': 'fundamental8', 'name': 'Fundamental8'}","{'id': 'fundamental', 'name': 'Fundamental'}","{'id': 'fundamental-fundamental-data', 'name': 'Fundamental Data'}",EUR,1,TOPCS1600,MATRIX,1.0,0.444,0,0,1.1,[],fundamental8,Fundamental8,fundamental,Fundamental,fundamental-fundamental-data,Fundamental Data
fnd8_erqf_matrix_ff_oper_inc_tcap,Operating Income % Total Capital,"{'id': 'fundamental8', 'name': 'Fundamental8'}","{'id': 'fundamental', 'name': 'Fundamental'}","{'id': 'fundamental-fundamental-data', 'name': 'Fundamental Data'}",EUR,1,TOPCS1600,MATRIX,1.0,0.4299,0,0,1.1,[],fundamental8,Fundamental8,fundamental,Fundamental,fundamental-fundamental-data,Fundamental Data
fnd8_erqf_matrix_ff_oper_ps_net_cf,Cash Flow From Oper Per Share -Net,"{'id': 'fundamental8', 'name': 'Fundamental8'}","{'id': 'fundamental', 'name': 'Fundamental'}","{'id': 'fundamental-fundamental-data', 'name': 'Fundamental Data'}",EUR,1,TOPCS1600,MATRIX,1.0,0.3943,0,0,1.1,[],fundamental8,Fundamental8,fundamental,Fundamental,fundamental-fundamental-data,Fundamental Data
fnd8_erqf_matrix_ff_pay_acct_sales,Accounts Payable/Sales,"{'id': 'fundamental8', 'name': 'Fundamental8'}","{'id': 'fundamental', 'name': 'Fundamental'}","{'id': 'fundamental-fundamental-data', 'name': 'Fundamental Data'}",EUR,1,TOPCS1600,MATRIX,1.0,0.2931,0,0,1.1,[],fundamental8,Fundamental8,fundamental,Fundamental,fundamental-fundamental-data,Fundamental Data
fnd8_erqf_matrix_ff_pbk_tang,Price To Tangible Book Value,"{'id': 'fundamental8', 'name': 'Fundamental8'}","{'id': 'fundamental', 'name': 'Fundamental'}","{'id': 'fundamental-fundamental-data', 'name': 'Fundamental Data'}",EUR,1,TOPCS1600,MATRIX,1.0,0.3919,0,0,1.1,[],fundamental8,Fundamental8,fundamental,Fundamental,fundamental-fundamental-data,Fundamental Data
fnd8_erqf_matrix_ff_psales_dil,Price To Sales -Diluted,"{'id': 'fundamental8', 'name': 'Fundamental8'}","{'id': 'fundamental', 'name': 'Fundamental'}","{'id': 'fundamental-fundamental-data', 'name': 'Fundamental Data'}",EUR,1,TOPCS1600,MATRIX,1.0,0.462,0,0,1.1,[],fundamental8,Fundamental8,fundamental,Fundamental,fundamental-fundamental-data,Fundamental Data
fnd8_erqf_matrix_ff_receiv_curr_assets,Receivables % Current Assets,"{'id': 'fundamental8', 'name': 'Fundamental8'}","{'id': 'fundamental', 'name': 'Fundamental'}","{'id': 'fundamental-fundamental-data', 'name': 'Fundamental Data'}",EUR,1,TOPCS1600,MATRIX,1.0,0.3855,0,0,1.1,[],fundamental8,Fundamental8,fundamental,Fundamental,fundamental-fundamental-data,Fundamental Data
fnd8_erqf_matrix_ff_receiv_turn,Receivables Turnover,"{'id': 'fundamental8', 'name': 'Fundamental8'}","{'id': 'fundamental', 'name': 'Fundamental'}","{'id': 'fundamental-fundamental-data', 'name': 'Fundamental Data'}",EUR,1,TOPCS1600,MATRIX,1.0,0.3633,0,0,1.1,[],fundamental8,Fundamental8,fundamental,Fundamental,fundamental-fundamental-data,Fundamental Data
fnd8_erqf_matrix_ff_receiv_turn_days,Accounts Receivables Days,"{'id': 'fundamental8', 'name': 'Fundamental8'}","{'id': 'fundamental', 'name': 'Fundamental'}","{'id': 'fundamental-fundamental-data', 'name': 'Fundamental Data'}",EUR,1,TOPCS1600,MATRIX,1.0,0.3631,0,0,1.1,[],fundamental8,Fundamental8,fundamental,Fundamental,fundamental-fundamental-data,Fundamental Data
fnd8_erqf_matrix_ff_reinvest_rate,Reinvestment Rate,"{'id': 'fundamental8', 'name': 'Fundamental8'}","{'id': 'fundamental', 'name': 'Fundamental'}","{'id': 'fundamental-fundamental-data', 'name': 'Fundamental Data'}",EUR,1,TOPCS1600,MATRIX,1.0,0.259,0,0,1.1,[],fundamental8,Fundamental8,fundamental,Fundamental,fundamental-fundamental-data,Fundamental Data
fnd8_erqf_matrix_ff_roce,Return On Common Equity,"{'id': 'fundamental8', 'name': 'Fundamental8'}","{'id': 'fundamental', 'name': 'Fundamental'}","{'id': 'fundamental-fundamental-data', 'name': 'Fundamental Data'}",EUR,1,TOPCS1600,MATRIX,1.0,0.4359,0,0,1.1,[],fundamental8,Fundamental8,fundamental,Fundamental,fundamental-fundamental-data,Fundamental Data
fnd8_erqf_matrix_ff_roic,Return On Average Invested Capital,"{'id': 'fundamental8', 'name': 'Fundamental8'}","{'id': 'fundamental', 'name': 'Fundamental'}","{'id': 'fundamental-fundamental-data', 'name': 'Fundamental Data'}",EUR,1,TOPCS1600,MATRIX,1.0,0.4296,0,0,1.1,[],fundamental8,Fundamental8,fundamental,Fundamental,fundamental-fundamental-data,Fundamental Data
fnd8_erqf_matrix_ff_sales_gr,Sales -Net -1 Yr Growth,"{'id': 'fundamental8', 'name': 'Fundamental8'}","{'id': 'fundamental', 'name': 'Fundamental'}","{'id': 'fundamental-fundamental-data', 'name': 'Fundamental Data'}",EUR,1,TOPCS1600,MATRIX,1.0,0.5425,0,0,1.1,[],fundamental8,Fundamental8,fundamental,Fundamental,fundamental-fundamental-data,Fundamental Data
fnd8_erqf_matrix_ff_sales_inven_turn,Sales To Inventory Turnover,"{'id': 'fundamental8', 'name': 'Fundamental8'}","{'id': 'fundamental', 'name': 'Fundamental'}","{'id': 'fundamental-fundamental-data', 'name': 'Fundamental Data'}",EUR,1,TOPCS1600,MATRIX,1.0,0.3317,0,0,1.1,[],fundamental8,Fundamental8,fundamental,Fundamental,fundamental-fundamental-data,Fundamental Data
fnd8_erqf_matrix_ff_sales_ps_gr,Sales Per Share -1 Year Growth,"{'id': 'fundamental8', 'name': 'Fundamental8'}","{'id': 'fundamental', 'name': 'Fundamental'}","{'id': 'fundamental-fundamental-data', 'name': 'Fundamental Data'}",EUR,1,TOPCS1600,MATRIX,1.0,0.4462,0,0,1.1,[],fundamental8,Fundamental8,fundamental,Fundamental,fundamental-fundamental-data,Fundamental Data
fnd8_erqf_matrix_ff_sales_wkcap,Sales (Net ) / Working Capital,"{'id': 'fundamental8', 'name': 'Fundamental8'}","{'id': 'fundamental', 'name': 'Fundamental'}","{'id': 'fundamental-fundamental-data', 'name': 'Fundamental Data'}",EUR,1,TOPCS1600,MATRIX,1.0,0.3017,0,0,1.1,[],fundamental8,Fundamental8,fundamental,Fundamental,fundamental-fundamental-data,Fundamental Data
fnd8_erqf_matrix_ff_sga_sales,"Selling, General & Admin Exp % Sales","{'id': 'fundamental8', 'name': 'Fundamental8'}","{'id': 'fundamental', 'name': 'Fundamental'}","{'id': 'fundamental-fundamental-data', 'name': 'Fundamental Data'}",EUR,1,TOPCS1600,MATRIX,1.0,0.284,0,0,1.1,[],fundamental8,Fundamental8,fundamental,Fundamental,fundamental-fundamental-data,Fundamental Data
fnd8_erqf_matrix_ff_std_debt,Short Term Debt % Total Debt,"{'id': 'fundamental8', 'name': 'Fundamental8'}","{'id': 'fundamental', 'name': 'Fundamental'}","{'id': 'fundamental-fundamental-data', 'name': 'Fundamental Data'}",EUR,1,TOPCS1600,MATRIX,1.0,0.4452,0,0,1.1,[],fundamental8,Fundamental8,fundamental,Fundamental,fundamental-fundamental-data,Fundamental Data
fnd8_erqf_matrix_ff_tang_assets_debt,Tangible Assets To Total Debt,"{'id': 'fundamental8', 'name': 'Fundamental8'}","{'id': 'fundamental', 'name': 'Fundamental'}","{'id': 'fundamental-fundamental-data', 'name': 'Fundamental Data'}",EUR,1,TOPCS1600,MATRIX,1.0,0.4807,0,0,1.1,[],fundamental8,Fundamental8,fundamental,Fundamental,fundamental-fundamental-data,Fundamental Data
fnd8_erqf_matrix_ff_tax_rate,Tax Rate,"{'id': 'fundamental8', 'name': 'Fundamental8'}","{'id': 'fundamental', 'name': 'Fundamental'}","{'id': 'fundamental-fundamental-data', 'name': 'Fundamental Data'}",EUR,1,TOPCS1600,MATRIX,1.0,0.4367,0,0,1.1,[],fundamental8,Fundamental8,fundamental,Fundamental,fundamental-fundamental-data,Fundamental Data
fnd8_erqf_matrix_ff_tcap_assets,Capital (Total) % Total Assets,"{'id': 'fundamental8', 'name': 'Fundamental8'}","{'id': 'fundamental', 'name': 'Fundamental'}","{'id': 'fundamental-fundamental-data', 'name': 'Fundamental Data'}",EUR,1,TOPCS1600,MATRIX,1.0,0.492,0,0,1.1,[],fundamental8,Fundamental8,fundamental,Fundamental,fundamental-fundamental-data,Fundamental Data
fnd8_erqf_matrix_ff_tot_debt_tcap_std,Total Debt % Total Capital,"{'id': 'fundamental8', 'name': 'Fundamental8'}","{'id': 'fundamental', 'name': 'Fundamental'}","{'id': 'fundamental-fundamental-data', 'name': 'Fundamental Data'}",EUR,1,TOPCS1600,MATRIX,1.0,0.4798,0,0,1.1,[],fundamental8,Fundamental8,fundamental,Fundamental,fundamental-fundamental-data,Fundamental Data
fnd8_erqf_matrix_ff_ut_gross_inc,Gross Income -Income Before Interest Charges,"{'id': 'fundamental8', 'name': 'Fundamental8'}","{'id': 'fundamental', 'name': 'Fundamental'}","{'id': 'fundamental-fundamental-data', 'name': 'Fundamental Data'}",EUR,1,TOPCS1600,MATRIX,1.0,0.4691,0,0,1.1,[],fundamental8,Fundamental8,fundamental,Fundamental,fundamental-fundamental-data,Fundamental Data
fnd8_erqf_matrix_ff_ut_operation_exp,Operation Expenses -Total,"{'id': 'fundamental8', 'name': 'Fundamental8'}","{'id': 'fundamental', 'name': 'Fundamental'}","{'id': 'fundamental-fundamental-data', 'name': 'Fundamental Data'}",EUR,1,TOPCS1600,MATRIX,1.0,0.4724,0,0,1.1,[],fundamental8,Fundamental8,fundamental,Fundamental,fundamental-fundamental-data,Fundamental Data
fnd8_erqf_matrix_ff_wkcap,Working Capital,"{'id': 'fundamental8', 'name': 'Fundamental8'}","{'id': 'fundamental', 'name': 'Fundamental'}","{'id': 'fundamental-fundamental-data', 'name': 'Fundamental Data'}",EUR,1,TOPCS1600,MATRIX,1.0,0.4036,0,0,1.1,[],fundamental8,Fundamental8,fundamental,Fundamental,fundamental-fundamental-data,Fundamental Data
fnd8_erqf_matrix_ff_wkcap_pct,Working Capital % Total Capital,"{'id': 'fundamental8', 'name': 'Fundamental8'}","{'id': 'fundamental', 'name': 'Fundamental'}","{'id': 'fundamental-fundamental-data', 'name': 'Fundamental Data'}",EUR,1,TOPCS1600,MATRIX,1.0,0.4005,0,0,1.1,[],fundamental8,Fundamental8,fundamental,Fundamental,fundamental-fundamental-data,Fundamental Data
fnd8_erqf_matrix_ff_zscore,ALTMAN'S Z SCORE,"{'id': 'fundamental8', 'name': 'Fundamental8'}","{'id': 'fundamental', 'name': 'Fundamental'}","{'id': 'fundamental-fundamental-data', 'name': 'Fundamental Data'}",EUR,1,TOPCS1600,MATRIX,1.0,0.2665,0,0,1.1,[],fundamental8,Fundamental8,fundamental,Fundamental,fundamental-fundamental-data,Fundamental Data
fnd8_erqf_matrix_hto_ags_ff,"Other Selling, General & Administrative Expense","{'id': 'fundamental8', 'name': 'Fundamental8'}","{'id': 'fundamental', 'name': 'Fundamental'}","{'id': 'fundamental-fundamental-data', 'name': 'Fundamental Data'}",EUR,1,TOPCS1600,MATRIX,1.0,0.2688,0,0,1.1,[],fundamental8,Fundamental8,fundamental,Fundamental,fundamental-fundamental-data,Fundamental Data
fnd8_erqf_matrix_hto_pxe_tni_ff,Other Interest Expense -Banks,"{'id': 'fundamental8', 'name': 'Fundamental8'}","{'id': 'fundamental', 'name': 'Fundamental'}","{'id': 'fundamental-fundamental-data', 'name': 'Fundamental Data'}",EUR,1,TOPCS1600,MATRIX,1.0,0.4308,0,0,1.1,[],fundamental8,Fundamental8,fundamental,Fundamental,fundamental-fundamental-data,Fundamental Data
fnd8_erqf_matrix_lid_ep_ff,Price To Earnings -Diluted,"{'id': 'fundamental8', 'name': 'Fundamental8'}","{'id': 'fundamental', 'name': 'Fundamental'}","{'id': 'fundamental-fundamental-data', 'name': 'Fundamental Data'}",EUR,1,TOPCS1600,MATRIX,1.0,0.3487,0,0,1.1,[],fundamental8,Fundamental8,fundamental,Fundamental,fundamental-fundamental-data,Fundamental Data
fnd8_erqf_matrix_qe_moc_dtl_ff,Long Term Debt % Common Equity,"{'id': 'fundamental8', 'name': 'Fundamental8'}","{'id': 'fundamental', 'name': 'Fundamental'}","{'id': 'fundamental-fundamental-data', 'name': 'Fundamental Data'}",EUR,1,TOPCS1600,MATRIX,1.0,0.4652,0,0,1.1,[],fundamental8,Fundamental8,fundamental,Fundamental,fundamental-fundamental-data,Fundamental Data
fnd8_erqf_matrix_rg_lid_spe_ff,EPS -Diluted -Before Extras -% Change,"{'id': 'fundamental8', 'name': 'Fundamental8'}","{'id': 'fundamental', 'name': 'Fundamental'}","{'id': 'fundamental-fundamental-data', 'name': 'Fundamental Data'}",EUR,1,TOPCS1600,MATRIX,1.0,0.3828,0,0,1.1,[],fundamental8,Fundamental8,fundamental,Fundamental,fundamental-fundamental-data,Fundamental Data
fnd8_erqf_matrix_rg_qe_moc_ff,Equity -1 Yr Annual Growth,"{'id': 'fundamental8', 'name': 'Fundamental8'}","{'id': 'fundamental', 'name': 'Fundamental'}","{'id': 'fundamental-fundamental-data', 'name': 'Fundamental Data'}",EUR,1,TOPCS1600,MATRIX,1.0,0.4595,0,0,1.1,[],fundamental8,Fundamental8,fundamental,Fundamental,fundamental-fundamental-data,Fundamental Data
fnd8_erqf_matrix_rg_sp_fc_ff,Cash Flow Per Share -1 Year Growth,"{'id': 'fundamental8', 'name': 'Fundamental8'}","{'id': 'fundamental', 'name': 'Fundamental'}","{'id': 'fundamental-fundamental-data', 'name': 'Fundamental Data'}",EUR,1,TOPCS1600,MATRIX,1.0,0.3548,0,0,1.1,[],fundamental8,Fundamental8,fundamental,Fundamental,fundamental-fundamental-data,Fundamental Data
fnd8_erqf_matrix_rg_spb_ff,Book Value Per Share -1 Yr Annual Growth,"{'id': 'fundamental8', 'name': 'Fundamental8'}","{'id': 'fundamental', 'name': 'Fundamental'}","{'id': 'fundamental-fundamental-data', 'name': 'Fundamental Data'}",EUR,1,TOPCS1600,MATRIX,1.0,0.4459,0,0,1.1,[],fundamental8,Fundamental8,fundamental,Fundamental,fundamental-fundamental-data,Fundamental Data
fnd8_erqf_matrix_xtp_aor_ff,Return On Average Assets -Pretax,"{'id': 'fundamental8', 'name': 'Fundamental8'}","{'id': 'fundamental', 'name': 'Fundamental'}","{'id': 'fundamental-fundamental-data', 'name': 'Fundamental Data'}",EUR,1,TOPCS1600,MATRIX,1.0,0.4367,0,0,1.1,[],fundamental8,Fundamental8,fundamental,Fundamental,fundamental-fundamental-data,Fundamental Data
fnd8_qf_matrix_ags_ff,No field description,"{'id': 'fundamental8', 'name': 'Fundamental8'}","{'id': 'fundamental', 'name': 'Fundamental'}","{'id': 'fundamental-fundamental-data', 'name': 'Fundamental Data'}",EUR,1,TOPCS1600,MATRIX,1.0,0.2849,0,0,1.1,[],fundamental8,Fundamental8,fundamental,Fundamental,fundamental-fundamental-data,Fundamental Data
fnd8_qf_matrix_aor_ff,No field description,"{'id': 'fundamental8', 'name': 'Fundamental8'}","{'id': 'fundamental', 'name': 'Fundamental'}","{'id': 'fundamental-fundamental-data', 'name': 'Fundamental Data'}",EUR,1,TOPCS1600,MATRIX,1.0,0.4374,0,0,1.1,[],fundamental8,Fundamental8,fundamental,Fundamental,fundamental-fundamental-data,Fundamental Data
fnd8_qf_matrix_cni_xtp_ff,No field description,"{'id': 'fundamental8', 'name': 'Fundamental8'}","{'id': 'fundamental', 'name': 'Fundamental'}","{'id': 'fundamental-fundamental-data', 'name': 'Fundamental Data'}",EUR,1,TOPCS1600,MATRIX,1.0,0.4931,0,0,1.1,[],fundamental8,Fundamental8,fundamental,Fundamental,fundamental-fundamental-data,Fundamental Data
fnd8_qf_matrix_drox_spe_ff,Earnings Per Share incl. Extraordinary Items -Fiscal,"{'id': 'fundamental8', 'name': 'Fundamental8'}","{'id': 'fundamental', 'name': 'Fundamental'}","{'id': 'fundamental-fundamental-data', 'name': 'Fundamental Data'}",EUR,1,TOPCS1600,MATRIX,1.0,0.5381,0,0,1.1,[],fundamental8,Fundamental8,fundamental,Fundamental,fundamental-fundamental-data,Fundamental Data
fnd8_qf_matrix_ep_ff,No field description,"{'id': 'fundamental8', 'name': 'Fundamental8'}","{'id': 'fundamental', 'name': 'Fundamental'}","{'id': 'fundamental-fundamental-data', 'name': 'Fundamental Data'}",EUR,1,TOPCS1600,MATRIX,1.0,0.4197,0,0,1.1,[],fundamental8,Fundamental8,fundamental,Fundamental,fundamental-fundamental-data,Fundamental Data
fnd8_qf_matrix_fc_pxe_ped_ff,No field description,"{'id': 'fundamental8', 'name': 'Fundamental8'}","{'id': 'fundamental', 'name': 'Fundamental'}","{'id': 'fundamental-fundamental-data', 'name': 'Fundamental Data'}",EUR,1,TOPCS1600,MATRIX,1.0,0.2709,0,0,1.1,[],fundamental8,Fundamental8,fundamental,Fundamental,fundamental-fundamental-data,Fundamental Data
fnd8_qf_matrix_fcp_ff,No field description,"{'id': 'fundamental8', 'name': 'Fundamental8'}","{'id': 'fundamental', 'name': 'Fundamental'}","{'id': 'fundamental-fundamental-data', 'name': 'Fundamental Data'}",EUR,1,TOPCS1600,MATRIX,1.0,0.3526,0,0,1.1,[],fundamental8,Fundamental8,fundamental,Fundamental,fundamental-fundamental-data,Fundamental Data
fnd8_qf_matrix_ff_asset_turn,No field description,"{'id': 'fundamental8', 'name': 'Fundamental8'}","{'id': 'fundamental', 'name': 'Fundamental'}","{'id': 'fundamental-fundamental-data', 'name': 'Fundamental Data'}",EUR,1,TOPCS1600,MATRIX,1.0,0.4384,0,0,1.1,[],fundamental8,Fundamental8,fundamental,Fundamental,fundamental-fundamental-data,Fundamental Data
fnd8_qf_matrix_ff_assets,No field description,"{'id': 'fundamental8', 'name': 'Fundamental8'}","{'id': 'fundamental', 'name': 'Fundamental'}","{'id': 'fundamental-fundamental-data', 'name': 'Fundamental Data'}",EUR,1,TOPCS1600,MATRIX,1.0,0.497,0,0,1.1,[],fundamental8,Fundamental8,fundamental,Fundamental,fundamental-fundamental-data,Fundamental Data
fnd8_qf_matrix_ff_assets_curr,No field description,"{'id': 'fundamental8', 'name': 'Fundamental8'}","{'id': 'fundamental', 'name': 'Fundamental'}","{'id': 'fundamental-fundamental-data', 'name': 'Fundamental Data'}",EUR,1,TOPCS1600,MATRIX,1.0,0.4064,0,0,1.1,[],fundamental8,Fundamental8,fundamental,Fundamental,fundamental-fundamental-data,Fundamental Data
fnd8_qf_matrix_ff_assets_curr_misc,Miscellaneous Current Assets,"{'id': 'fundamental8', 'name': 'Fundamental8'}","{'id': 'fundamental', 'name': 'Fundamental'}","{'id': 'fundamental-fundamental-data', 'name': 'Fundamental Data'}",EUR,1,TOPCS1600,MATRIX,1.0,0.4096,0,0,1.1,[],fundamental8,Fundamental8,fundamental,Fundamental,fundamental-fundamental-data,Fundamental Data
fnd8_qf_matrix_ff_assets_curr_oth,No field description,"{'id': 'fundamental8', 'name': 'Fundamental8'}","{'id': 'fundamental', 'name': 'Fundamental'}","{'id': 'fundamental-fundamental-data', 'name': 'Fundamental Data'}",EUR,1,TOPCS1600,MATRIX,1.0,0.3119,0,0,1.1,[],fundamental8,Fundamental8,fundamental,Fundamental,fundamental-fundamental-data,Fundamental Data
fnd8_qf_matrix_ff_assets_oth,No field description,"{'id': 'fundamental8', 'name': 'Fundamental8'}","{'id': 'fundamental', 'name': 'Fundamental'}","{'id': 'fundamental-fundamental-data', 'name': 'Fundamental Data'}",EUR,1,TOPCS1600,MATRIX,1.0,0.416,0,0,1.1,[],fundamental8,Fundamental8,fundamental,Fundamental,fundamental-fundamental-data,Fundamental Data
fnd8_qf_matrix_ff_assets_oth_intang,No field description,"{'id': 'fundamental8', 'name': 'Fundamental8'}","{'id': 'fundamental', 'name': 'Fundamental'}","{'id': 'fundamental-fundamental-data', 'name': 'Fundamental Data'}",EUR,1,TOPCS1600,MATRIX,1.0,0.4859,0,0,1.1,[],fundamental8,Fundamental8,fundamental,Fundamental,fundamental-fundamental-data,Fundamental Data
fnd8_qf_matrix_ff_bps_secs,Books Value Per Share-Security Level,"{'id': 'fundamental8', 'name': 'Fundamental8'}","{'id': 'fundamental', 'name': 'Fundamental'}","{'id': 'fundamental-fundamental-data', 'name': 'Fundamental Data'}",EUR,1,TOPCS1600,MATRIX,1.0,0.4994,0,0,1.1,[],fundamental8,Fundamental8,fundamental,Fundamental,fundamental-fundamental-data,Fundamental Data
fnd8_qf_matrix_ff_bps_tang,No field description,"{'id': 'fundamental8', 'name': 'Fundamental8'}","{'id': 'fundamental', 'name': 'Fundamental'}","{'id': 'fundamental-fundamental-data', 'name': 'Fundamental Data'}",EUR,1,TOPCS1600,MATRIX,1.0,0.4867,0,0,1.1,[],fundamental8,Fundamental8,fundamental,Fundamental,fundamental-fundamental-data,Fundamental Data
fnd8_qf_matrix_ff_cap_lease,Capitalized Lease Obligations,"{'id': 'fundamental8', 'name': 'Fundamental8'}","{'id': 'fundamental', 'name': 'Fundamental'}","{'id': 'fundamental-fundamental-data', 'name': 'Fundamental Data'}",EUR,1,TOPCS1600,MATRIX,1.0,0.4314,0,0,1.1,[],fundamental8,Fundamental8,fundamental,Fundamental,fundamental-fundamental-data,Fundamental Data
fnd8_qf_matrix_ff_capex,No field description,"{'id': 'fundamental8', 'name': 'Fundamental8'}","{'id': 'fundamental', 'name': 'Fundamental'}","{'id': 'fundamental-fundamental-data', 'name': 'Fundamental Data'}",EUR,1,TOPCS1600,MATRIX,1.0,0.3655,0,0,1.1,[],fundamental8,Fundamental8,fundamental,Fundamental,fundamental-fundamental-data,Fundamental Data
fnd8_qf_matrix_ff_capex_fix,Capital Expenditures (Fixed Assets),"{'id': 'fundamental8', 'name': 'Fundamental8'}","{'id': 'fundamental', 'name': 'Fundamental'}","{'id': 'fundamental-fundamental-data', 'name': 'Fundamental Data'}",EUR,1,TOPCS1600,MATRIX,1.0,0.3943,0,0,1.1,[],fundamental8,Fundamental8,fundamental,Fundamental,fundamental-fundamental-data,Fundamental Data
fnd8_qf_matrix_ff_capex_sales,No field description,"{'id': 'fundamental8', 'name': 'Fundamental8'}","{'id': 'fundamental', 'name': 'Fundamental'}","{'id': 'fundamental-fundamental-data', 'name': 'Fundamental Data'}",EUR,1,TOPCS1600,MATRIX,1.0,0.3637,0,0,1.1,[],fundamental8,Fundamental8,fundamental,Fundamental,fundamental-fundamental-data,Fundamental Data
fnd8_qf_matrix_ff_cash_generic,Cash & Equivalents -Generic,"{'id': 'fundamental8', 'name': 'Fundamental8'}","{'id': 'fundamental', 'name': 'Fundamental'}","{'id': 'fundamental-fundamental-data', 'name': 'Fundamental Data'}",EUR,1,TOPCS1600,MATRIX,1.0,0.5183,0,0,1.1,[],fundamental8,Fundamental8,fundamental,Fundamental,fundamental-fundamental-data,Fundamental Data
fnd8_qf_matrix_ff_cash_only,No field description,"{'id': 'fundamental8', 'name': 'Fundamental8'}","{'id': 'fundamental', 'name': 'Fundamental'}","{'id': 'fundamental-fundamental-data', 'name': 'Fundamental Data'}",EUR,1,TOPCS1600,MATRIX,1.0,0.3354,0,0,1.1,[],fundamental8,Fundamental8,fundamental,Fundamental,fundamental-fundamental-data,Fundamental Data
fnd8_qf_matrix_ff_cash_st,No field description,"{'id': 'fundamental8', 'name': 'Fundamental8'}","{'id': 'fundamental', 'name': 'Fundamental'}","{'id': 'fundamental-fundamental-data', 'name': 'Fundamental Data'}",EUR,1,TOPCS1600,MATRIX,1.0,0.4301,0,0,1.1,[],fundamental8,Fundamental8,fundamental,Fundamental,fundamental-fundamental-data,Fundamental Data
fnd8_qf_matrix_ff_chg_cash_cf,No field description,"{'id': 'fundamental8', 'name': 'Fundamental8'}","{'id': 'fundamental', 'name': 'Fundamental'}","{'id': 'fundamental-fundamental-data', 'name': 'Fundamental Data'}",EUR,1,TOPCS1600,MATRIX,1.0,0.4058,0,0,1.1,[],fundamental8,Fundamental8,fundamental,Fundamental,fundamental-fundamental-data,Fundamental Data
fnd8_qf_matrix_ff_cogs,No field description,"{'id': 'fundamental8', 'name': 'Fundamental8'}","{'id': 'fundamental', 'name': 'Fundamental'}","{'id': 'fundamental-fundamental-data', 'name': 'Fundamental Data'}",EUR,1,TOPCS1600,MATRIX,1.0,0.375,0,0,1.1,[],fundamental8,Fundamental8,fundamental,Fundamental,fundamental-fundamental-data,Fundamental Data
fnd8_qf_matrix_ff_cogs_xdep,COGS excluding D&A,"{'id': 'fundamental8', 'name': 'Fundamental8'}","{'id': 'fundamental', 'name': 'Fundamental'}","{'id': 'fundamental-fundamental-data', 'name': 'Fundamental Data'}",EUR,1,TOPCS1600,MATRIX,1.0,0.3977,0,0,1.1,[],fundamental8,Fundamental8,fundamental,Fundamental,fundamental-fundamental-data,Fundamental Data
fnd8_qf_matrix_ff_com_eq_apic,Additional Paid-In Capital / Capital Surplus (incl. Deferred Compensation),"{'id': 'fundamental8', 'name': 'Fundamental8'}","{'id': 'fundamental', 'name': 'Fundamental'}","{'id': 'fundamental-fundamental-data', 'name': 'Fundamental Data'}",EUR,1,TOPCS1600,MATRIX,1.0,0.3173,0,0,1.1,[],fundamental8,Fundamental8,fundamental,Fundamental,fundamental-fundamental-data,Fundamental Data
fnd8_qf_matrix_ff_com_eq_assets,No field description,"{'id': 'fundamental8', 'name': 'Fundamental8'}","{'id': 'fundamental', 'name': 'Fundamental'}","{'id': 'fundamental-fundamental-data', 'name': 'Fundamental Data'}",EUR,1,TOPCS1600,MATRIX,1.0,0.4954,0,0,1.1,[],fundamental8,Fundamental8,fundamental,Fundamental,fundamental-fundamental-data,Fundamental Data
fnd8_qf_matrix_ff_com_eq_for_exch,Cumulative Translation Adjustment,"{'id': 'fundamental8', 'name': 'Fundamental8'}","{'id': 'fundamental', 'name': 'Fundamental'}","{'id': 'fundamental-fundamental-data', 'name': 'Fundamental Data'}",EUR,1,TOPCS1600,MATRIX,1.0,0.2853,0,0,1.1,[],fundamental8,Fundamental8,fundamental,Fundamental,fundamental-fundamental-data,Fundamental Data
fnd8_qf_matrix_ff_com_eq_par,Common Stock Par/Carry Value,"{'id': 'fundamental8', 'name': 'Fundamental8'}","{'id': 'fundamental', 'name': 'Fundamental'}","{'id': 'fundamental-fundamental-data', 'name': 'Fundamental Data'}",EUR,1,TOPCS1600,MATRIX,1.0,0.3971,0,0,1.1,[],fundamental8,Fundamental8,fundamental,Fundamental,fundamental-fundamental-data,Fundamental Data
fnd8_qf_matrix_ff_com_shs_out,No field description,"{'id': 'fundamental8', 'name': 'Fundamental8'}","{'id': 'fundamental', 'name': 'Fundamental'}","{'id': 'fundamental-fundamental-data', 'name': 'Fundamental Data'}",EUR,1,TOPCS1600,MATRIX,1.0,0.496,0,0,1.1,[],fundamental8,Fundamental8,fundamental,Fundamental,fundamental-fundamental-data,Fundamental Data
fnd8_qf_matrix_ff_com_shs_out_eps,No field description,"{'id': 'fundamental8', 'name': 'Fundamental8'}","{'id': 'fundamental', 'name': 'Fundamental'}","{'id': 'fundamental-fundamental-data', 'name': 'Fundamental Data'}",EUR,1,TOPCS1600,MATRIX,1.0,0.4794,0,0,1.1,[],fundamental8,Fundamental8,fundamental,Fundamental,fundamental-fundamental-data,Fundamental Data
fnd8_qf_matrix_ff_com_shs_out_eps_basic,No field description,"{'id': 'fundamental8', 'name': 'Fundamental8'}","{'id': 'fundamental', 'name': 'Fundamental'}","{'id': 'fundamental-fundamental-data', 'name': 'Fundamental Data'}",EUR,1,TOPCS1600,MATRIX,1.0,0.4797,0,0,1.1,[],fundamental8,Fundamental8,fundamental,Fundamental,fundamental-fundamental-data,Fundamental Data
fnd8_qf_matrix_ff_com_shs_out_eps_dil,No field description,"{'id': 'fundamental8', 'name': 'Fundamental8'}","{'id': 'fundamental', 'name': 'Fundamental'}","{'id': 'fundamental-fundamental-data', 'name': 'Fundamental Data'}",EUR,1,TOPCS1600,MATRIX,1.0,0.4103,0,0,1.1,[],fundamental8,Fundamental8,fundamental,Fundamental,fundamental-fundamental-data,Fundamental Data
fnd8_qf_matrix_ff_com_shs_out_secs,Common Shares Outstanding -Security,"{'id': 'fundamental8', 'name': 'Fundamental8'}","{'id': 'fundamental', 'name': 'Fundamental'}","{'id': 'fundamental-fundamental-data', 'name': 'Fundamental Data'}",EUR,1,TOPCS1600,MATRIX,1.0,0.5112,0,0,1.1,[],fundamental8,Fundamental8,fundamental,Fundamental,fundamental-fundamental-data,Fundamental Data
fnd8_qf_matrix_ff_consol_net_inc,No field description,"{'id': 'fundamental8', 'name': 'Fundamental8'}","{'id': 'fundamental', 'name': 'Fundamental'}","{'id': 'fundamental-fundamental-data', 'name': 'Fundamental Data'}",EUR,1,TOPCS1600,MATRIX,1.0,0.4978,0,0,1.1,[],fundamental8,Fundamental8,fundamental,Fundamental,fundamental-fundamental-data,Fundamental Data
fnd8_qf_matrix_ff_curr_ratio,No field description,"{'id': 'fundamental8', 'name': 'Fundamental8'}","{'id': 'fundamental', 'name': 'Fundamental'}","{'id': 'fundamental-fundamental-data', 'name': 'Fundamental Data'}",EUR,1,TOPCS1600,MATRIX,1.0,0.4024,0,0,1.1,[],fundamental8,Fundamental8,fundamental,Fundamental,fundamental-fundamental-data,Fundamental Data
fnd8_qf_matrix_ff_debt,No field description,"{'id': 'fundamental8', 'name': 'Fundamental8'}","{'id': 'fundamental', 'name': 'Fundamental'}","{'id': 'fundamental-fundamental-data', 'name': 'Fundamental Data'}",EUR,1,TOPCS1600,MATRIX,1.0,0.4813,0,0,1.1,[],fundamental8,Fundamental8,fundamental,Fundamental,fundamental-fundamental-data,Fundamental Data
fnd8_qf_matrix_ff_debt_assets,No field description,"{'id': 'fundamental8', 'name': 'Fundamental8'}","{'id': 'fundamental', 'name': 'Fundamental'}","{'id': 'fundamental-fundamental-data', 'name': 'Fundamental Data'}",EUR,1,TOPCS1600,MATRIX,1.0,0.4795,0,0,1.1,[],fundamental8,Fundamental8,fundamental,Fundamental,fundamental-fundamental-data,Fundamental Data
fnd8_qf_matrix_ff_debt_cf,No field description,"{'id': 'fundamental8', 'name': 'Fundamental8'}","{'id': 'fundamental', 'name': 'Fundamental'}","{'id': 'fundamental-fundamental-data', 'name': 'Fundamental Data'}",EUR,1,TOPCS1600,MATRIX,1.0,0.2937,0,0,1.1,[],fundamental8,Fundamental8,fundamental,Fundamental,fundamental-fundamental-data,Fundamental Data
fnd8_qf_matrix_ff_debt_ebitda_oper,No field description,"{'id': 'fundamental8', 'name': 'Fundamental8'}","{'id': 'fundamental', 'name': 'Fundamental'}","{'id': 'fundamental-fundamental-data', 'name': 'Fundamental Data'}",EUR,1,TOPCS1600,MATRIX,1.0,0.3295,0,0,1.1,[],fundamental8,Fundamental8,fundamental,Fundamental,fundamental-fundamental-data,Fundamental Data
fnd8_qf_matrix_ff_debt_lt,No field description,"{'id': 'fundamental8', 'name': 'Fundamental8'}","{'id': 'fundamental', 'name': 'Fundamental'}","{'id': 'fundamental-fundamental-data', 'name': 'Fundamental Data'}",EUR,1,TOPCS1600,MATRIX,1.0,0.4691,0,0,1.1,[],fundamental8,Fundamental8,fundamental,Fundamental,fundamental-fundamental-data,Fundamental Data
fnd8_qf_matrix_ff_debt_lt_curr,Current Portion Of Long Term Debt,"{'id': 'fundamental8', 'name': 'Fundamental8'}","{'id': 'fundamental', 'name': 'Fundamental'}","{'id': 'fundamental-fundamental-data', 'name': 'Fundamental Data'}",EUR,1,TOPCS1600,MATRIX,1.0,0.2918,0,0,1.1,[],fundamental8,Fundamental8,fundamental,Fundamental,fundamental-fundamental-data,Fundamental Data
fnd8_qf_matrix_ff_debt_lt_iss_cf,Issuance of LT Debt,"{'id': 'fundamental8', 'name': 'Fundamental8'}","{'id': 'fundamental', 'name': 'Fundamental'}","{'id': 'fundamental-fundamental-data', 'name': 'Fundamental Data'}",EUR,1,TOPCS1600,MATRIX,1.0,0.2965,0,0,1.1,[],fundamental8,Fundamental8,fundamental,Fundamental,fundamental-fundamental-data,Fundamental Data
fnd8_qf_matrix_ff_debt_lt_reduct_cf,Reduction of LT Debt,"{'id': 'fundamental8', 'name': 'Fundamental8'}","{'id': 'fundamental', 'name': 'Fundamental'}","{'id': 'fundamental-fundamental-data', 'name': 'Fundamental Data'}",EUR,1,TOPCS1600,MATRIX,1.0,0.299,0,0,1.1,[],fundamental8,Fundamental8,fundamental,Fundamental,fundamental-fundamental-data,Fundamental Data
fnd8_qf_matrix_ff_debt_lt_xcap,Long Term Debt Excluding Capitalized Leases,"{'id': 'fundamental8', 'name': 'Fundamental8'}","{'id': 'fundamental', 'name': 'Fundamental'}","{'id': 'fundamental-fundamental-data', 'name': 'Fundamental Data'}",EUR,1,TOPCS1600,MATRIX,1.0,0.5233,0,0,1.1,[],fundamental8,Fundamental8,fundamental,Fundamental,fundamental-fundamental-data,Fundamental Data
fnd8_qf_matrix_ff_debt_oth_lt_curr,Current Portion of LTD,"{'id': 'fundamental8', 'name': 'Fundamental8'}","{'id': 'fundamental', 'name': 'Fundamental'}","{'id': 'fundamental-fundamental-data', 'name': 'Fundamental Data'}",EUR,1,TOPCS1600,MATRIX,1.0,0.4263,0,0,1.1,[],fundamental8,Fundamental8,fundamental,Fundamental,fundamental-fundamental-data,Fundamental Data
fnd8_qf_matrix_ff_debt_st,No field description,"{'id': 'fundamental8', 'name': 'Fundamental8'}","{'id': 'fundamental', 'name': 'Fundamental'}","{'id': 'fundamental-fundamental-data', 'name': 'Fundamental Data'}",EUR,1,TOPCS1600,MATRIX,1.0,0.4446,0,0,1.1,[],fundamental8,Fundamental8,fundamental,Fundamental,fundamental-fundamental-data,Fundamental Data
fnd8_qf_matrix_ff_dep_amort_exp,Depreciation & Amortization,"{'id': 'fundamental8', 'name': 'Fundamental8'}","{'id': 'fundamental', 'name': 'Fundamental'}","{'id': 'fundamental-fundamental-data', 'name': 'Fundamental Data'}",EUR,1,TOPCS1600,MATRIX,1.0,0.4601,0,0,1.1,[],fundamental8,Fundamental8,fundamental,Fundamental,fundamental-fundamental-data,Fundamental Data
fnd8_qf_matrix_ff_dep_exp_xamort_cf,Depreciation/Depletion (excl. Amortization),"{'id': 'fundamental8', 'name': 'Fundamental8'}","{'id': 'fundamental', 'name': 'Fundamental'}","{'id': 'fundamental-fundamental-data', 'name': 'Fundamental Data'}",EUR,1,TOPCS1600,MATRIX,1.0,0.2651,0,0,1.1,[],fundamental8,Fundamental8,fundamental,Fundamental,fundamental-fundamental-data,Fundamental Data
fnd8_qf_matrix_ff_dfd_tax,No field description,"{'id': 'fundamental8', 'name': 'Fundamental8'}","{'id': 'fundamental', 'name': 'Fundamental'}","{'id': 'fundamental-fundamental-data', 'name': 'Fundamental Data'}",EUR,1,TOPCS1600,MATRIX,1.0,0.4419,0,0,1.1,[],fundamental8,Fundamental8,fundamental,Fundamental,fundamental-fundamental-data,Fundamental Data
fnd8_qf_matrix_ff_dfd_tax_cr,No field description,"{'id': 'fundamental8', 'name': 'Fundamental8'}","{'id': 'fundamental', 'name': 'Fundamental'}","{'id': 'fundamental-fundamental-data', 'name': 'Fundamental Data'}",EUR,1,TOPCS1600,MATRIX,1.0,0.4098,0,0,1.1,[],fundamental8,Fundamental8,fundamental,Fundamental,fundamental-fundamental-data,Fundamental Data
fnd8_qf_matrix_ff_dfd_tax_db,No field description,"{'id': 'fundamental8', 'name': 'Fundamental8'}","{'id': 'fundamental', 'name': 'Fundamental'}","{'id': 'fundamental-fundamental-data', 'name': 'Fundamental Data'}",EUR,1,TOPCS1600,MATRIX,1.0,0.3974,0,0,1.1,[],fundamental8,Fundamental8,fundamental,Fundamental,fundamental-fundamental-data,Fundamental Data
fnd8_qf_matrix_ff_dfd_tax_itc,No field description,"{'id': 'fundamental8', 'name': 'Fundamental8'}","{'id': 'fundamental', 'name': 'Fundamental'}","{'id': 'fundamental-fundamental-data', 'name': 'Fundamental Data'}",EUR,1,TOPCS1600,MATRIX,1.0,0.4419,0,0,1.1,[],fundamental8,Fundamental8,fundamental,Fundamental,fundamental-fundamental-data,Fundamental Data
fnd8_qf_matrix_ff_disc_oper,Discontinued Operations,"{'id': 'fundamental8', 'name': 'Fundamental8'}","{'id': 'fundamental', 'name': 'Fundamental'}","{'id': 'fundamental-fundamental-data', 'name': 'Fundamental Data'}",EUR,1,TOPCS1600,MATRIX,1.0,0.4733,0,0,1.1,[],fundamental8,Fundamental8,fundamental,Fundamental,fundamental-fundamental-data,Fundamental Data
fnd8_qf_matrix_ff_disc_oper_ps,Discontinued Operations Per Share -Total,"{'id': 'fundamental8', 'name': 'Fundamental8'}","{'id': 'fundamental', 'name': 'Fundamental'}","{'id': 'fundamental-fundamental-data', 'name': 'Fundamental Data'}",EUR,1,TOPCS1600,MATRIX,1.0,0.422,0,0,1.1,[],fundamental8,Fundamental8,fundamental,Fundamental,fundamental-fundamental-data,Fundamental Data
fnd8_qf_matrix_ff_div_com_cf,Common Dividends,"{'id': 'fundamental8', 'name': 'Fundamental8'}","{'id': 'fundamental', 'name': 'Fundamental'}","{'id': 'fundamental-fundamental-data', 'name': 'Fundamental Data'}",EUR,1,TOPCS1600,MATRIX,1.0,0.2778,0,0,1.1,[],fundamental8,Fundamental8,fundamental,Fundamental,fundamental-fundamental-data,Fundamental Data
fnd8_qf_matrix_ff_dps_secs,Dividends Per Share -Security,"{'id': 'fundamental8', 'name': 'Fundamental8'}","{'id': 'fundamental', 'name': 'Fundamental'}","{'id': 'fundamental-fundamental-data', 'name': 'Fundamental Data'}",EUR,1,TOPCS1600,MATRIX,1.0,0.4849,0,0,1.1,[],fundamental8,Fundamental8,fundamental,Fundamental,fundamental-fundamental-data,Fundamental Data
fnd8_qf_matrix_ff_ebit_oper,No field description,"{'id': 'fundamental8', 'name': 'Fundamental8'}","{'id': 'fundamental', 'name': 'Fundamental'}","{'id': 'fundamental-fundamental-data', 'name': 'Fundamental Data'}",EUR,1,TOPCS1600,MATRIX,1.0,0.4336,0,0,1.1,[],fundamental8,Fundamental8,fundamental,Fundamental,fundamental-fundamental-data,Fundamental Data
fnd8_qf_matrix_ff_ebit_oper_fix_chrg_covg,Fixed Charge Coverage Ratio,"{'id': 'fundamental8', 'name': 'Fundamental8'}","{'id': 'fundamental', 'name': 'Fundamental'}","{'id': 'fundamental-fundamental-data', 'name': 'Fundamental Data'}",EUR,1,TOPCS1600,MATRIX,1.0,0.3948,0,0,1.1,[],fundamental8,Fundamental8,fundamental,Fundamental,fundamental-fundamental-data,Fundamental Data
fnd8_qf_matrix_ff_ebit_oper_ps,No field description,"{'id': 'fundamental8', 'name': 'Fundamental8'}","{'id': 'fundamental', 'name': 'Fundamental'}","{'id': 'fundamental-fundamental-data', 'name': 'Fundamental Data'}",EUR,1,TOPCS1600,MATRIX,1.0,0.4099,0,0,1.1,[],fundamental8,Fundamental8,fundamental,Fundamental,fundamental-fundamental-data,Fundamental Data
fnd8_qf_matrix_ff_ebitda_oper,No field description,"{'id': 'fundamental8', 'name': 'Fundamental8'}","{'id': 'fundamental', 'name': 'Fundamental'}","{'id': 'fundamental-fundamental-data', 'name': 'Fundamental Data'}",EUR,1,TOPCS1600,MATRIX,1.0,0.3941,0,0,1.1,[],fundamental8,Fundamental8,fundamental,Fundamental,fundamental-fundamental-data,Fundamental Data
fnd8_qf_matrix_ff_entrpr_val,No field description,"{'id': 'fundamental8', 'name': 'Fundamental8'}","{'id': 'fundamental', 'name': 'Fundamental'}","{'id': 'fundamental-fundamental-data', 'name': 'Fundamental Data'}",EUR,1,TOPCS1600,MATRIX,1.0,0.4771,0,0,1.1,[],fundamental8,Fundamental8,fundamental,Fundamental,fundamental-fundamental-data,Fundamental Data
fnd8_qf_matrix_ff_eps_basic,No field description,"{'id': 'fundamental8', 'name': 'Fundamental8'}","{'id': 'fundamental', 'name': 'Fundamental'}","{'id': 'fundamental-fundamental-data', 'name': 'Fundamental Data'}",EUR,1,TOPCS1600,MATRIX,1.0,0.494,0,0,1.1,[],fundamental8,Fundamental8,fundamental,Fundamental,fundamental-fundamental-data,Fundamental Data
fnd8_qf_matrix_ff_eps_contin_oper,Earnings Per Share from Continuing Operations -Fiscal,"{'id': 'fundamental8', 'name': 'Fundamental8'}","{'id': 'fundamental', 'name': 'Fundamental'}","{'id': 'fundamental-fundamental-data', 'name': 'Fundamental Data'}",EUR,1,TOPCS1600,MATRIX,1.0,0.4533,0,0,1.1,[],fundamental8,Fundamental8,fundamental,Fundamental,fundamental-fundamental-data,Fundamental Data
fnd8_qf_matrix_ff_eps_dil_bef_unusual,No field description,"{'id': 'fundamental8', 'name': 'Fundamental8'}","{'id': 'fundamental', 'name': 'Fundamental'}","{'id': 'fundamental-fundamental-data', 'name': 'Fundamental Data'}",EUR,1,TOPCS1600,MATRIX,1.0,0.3879,0,0,1.1,[],fundamental8,Fundamental8,fundamental,Fundamental,fundamental-fundamental-data,Fundamental Data
fnd8_qf_matrix_ff_eps_reported,No field description,"{'id': 'fundamental8', 'name': 'Fundamental8'}","{'id': 'fundamental', 'name': 'Fundamental'}","{'id': 'fundamental-fundamental-data', 'name': 'Fundamental Data'}",EUR,1,TOPCS1600,MATRIX,1.0,0.3946,0,0,1.1,[],fundamental8,Fundamental8,fundamental,Fundamental,fundamental-fundamental-data,Fundamental Data
fnd8_qf_matrix_ff_eps_secs,Earnings Per Share -Security,"{'id': 'fundamental8', 'name': 'Fundamental8'}","{'id': 'fundamental', 'name': 'Fundamental'}","{'id': 'fundamental-fundamental-data', 'name': 'Fundamental Data'}",EUR,1,TOPCS1600,MATRIX,1.0,0.5265,0,0,1.1,[],fundamental8,Fundamental8,fundamental,Fundamental,fundamental-fundamental-data,Fundamental Data
fnd8_qf_matrix_ff_eq_tot,No field description,"{'id': 'fundamental8', 'name': 'Fundamental8'}","{'id': 'fundamental', 'name': 'Fundamental'}","{'id': 'fundamental-fundamental-data', 'name': 'Fundamental Data'}",EUR,1,TOPCS1600,MATRIX,1.0,0.4971,0,0,1.1,[],fundamental8,Fundamental8,fundamental,Fundamental,fundamental-fundamental-data,Fundamental Data
fnd8_qf_matrix_ff_exp_tot,No field description,"{'id': 'fundamental8', 'name': 'Fundamental8'}","{'id': 'fundamental', 'name': 'Fundamental'}","{'id': 'fundamental-fundamental-data', 'name': 'Fundamental Data'}",EUR,1,TOPCS1600,MATRIX,1.0,0.4911,0,0,1.1,[],fundamental8,Fundamental8,fundamental,Fundamental,fundamental-fundamental-data,Fundamental Data
fnd8_qf_matrix_ff_fin_cf,No field description,"{'id': 'fundamental8', 'name': 'Fundamental8'}","{'id': 'fundamental', 'name': 'Fundamental'}","{'id': 'fundamental-fundamental-data', 'name': 'Fundamental Data'}",EUR,1,TOPCS1600,MATRIX,1.0,0.4052,0,0,1.1,[],fundamental8,Fundamental8,fundamental,Fundamental,fundamental-fundamental-data,Fundamental Data
fnd8_qf_matrix_ff_fin_sources_cf,Other Financing Activities (Sources),"{'id': 'fundamental8', 'name': 'Fundamental8'}","{'id': 'fundamental', 'name': 'Fundamental'}","{'id': 'fundamental-fundamental-data', 'name': 'Fundamental Data'}",EUR,1,TOPCS1600,MATRIX,1.0,0.3199,0,0,1.1,[],fundamental8,Fundamental8,fundamental,Fundamental,fundamental-fundamental-data,Fundamental Data
fnd8_qf_matrix_ff_fin_uses_cf,Other Financing Activities (Uses),"{'id': 'fundamental8', 'name': 'Fundamental8'}","{'id': 'fundamental', 'name': 'Fundamental'}","{'id': 'fundamental-fundamental-data', 'name': 'Fundamental Data'}",EUR,1,TOPCS1600,MATRIX,1.0,0.329,0,0,1.1,[],fundamental8,Fundamental8,fundamental,Fundamental,fundamental-fundamental-data,Fundamental Data
fnd8_qf_matrix_ff_fix_assets_com_eq,Fixed Assets % Common Equity,"{'id': 'fundamental8', 'name': 'Fundamental8'}","{'id': 'fundamental', 'name': 'Fundamental'}","{'id': 'fundamental-fundamental-data', 'name': 'Fundamental Data'}",EUR,1,TOPCS1600,MATRIX,1.0,0.4825,0,0,1.1,[],fundamental8,Fundamental8,fundamental,Fundamental,fundamental-fundamental-data,Fundamental Data
fnd8_qf_matrix_ff_for_exch_cf,No field description,"{'id': 'fundamental8', 'name': 'Fundamental8'}","{'id': 'fundamental', 'name': 'Fundamental'}","{'id': 'fundamental-fundamental-data', 'name': 'Fundamental Data'}",EUR,1,TOPCS1600,MATRIX,1.0,0.2944,0,0,1.1,[],fundamental8,Fundamental8,fundamental,Fundamental,fundamental-fundamental-data,Fundamental Data
fnd8_qf_matrix_ff_free_cf_minus_div,No field description,"{'id': 'fundamental8', 'name': 'Fundamental8'}","{'id': 'fundamental', 'name': 'Fundamental'}","{'id': 'fundamental-fundamental-data', 'name': 'Fundamental Data'}",EUR,1,TOPCS1600,MATRIX,1.0,0.365,0,0,1.1,[],fundamental8,Fundamental8,fundamental,Fundamental,fundamental-fundamental-data,Fundamental Data
fnd8_qf_matrix_ff_funds_oper_gross,No field description,"{'id': 'fundamental8', 'name': 'Fundamental8'}","{'id': 'fundamental', 'name': 'Fundamental'}","{'id': 'fundamental-fundamental-data', 'name': 'Fundamental Data'}",EUR,1,TOPCS1600,MATRIX,1.0,0.3871,0,0,1.1,[],fundamental8,Fundamental8,fundamental,Fundamental,fundamental-fundamental-data,Fundamental Data
fnd8_qf_matrix_ff_fy_length_days,No field description,"{'id': 'fundamental8', 'name': 'Fundamental8'}","{'id': 'fundamental', 'name': 'Fundamental'}","{'id': 'fundamental-fundamental-data', 'name': 'Fundamental Data'}",EUR,1,TOPCS1600,MATRIX,1.0,0.5907,0,0,1.1,[],fundamental8,Fundamental8,fundamental,Fundamental,fundamental-fundamental-data,Fundamental Data
fnd8_qf_matrix_ff_gross_inc,No field description,"{'id': 'fundamental8', 'name': 'Fundamental8'}","{'id': 'fundamental', 'name': 'Fundamental'}","{'id': 'fundamental-fundamental-data', 'name': 'Fundamental Data'}",EUR,1,TOPCS1600,MATRIX,1.0,0.375,0,0,1.1,[],fundamental8,Fundamental8,fundamental,Fundamental,fundamental-fundamental-data,Fundamental Data
fnd8_qf_matrix_ff_gross_mgn,No field description,"{'id': 'fundamental8', 'name': 'Fundamental8'}","{'id': 'fundamental', 'name': 'Fundamental'}","{'id': 'fundamental-fundamental-data', 'name': 'Fundamental Data'}",EUR,1,TOPCS1600,MATRIX,1.0,0.3739,0,0,1.1,[],fundamental8,Fundamental8,fundamental,Fundamental,fundamental-fundamental-data,Fundamental Data
fnd8_qf_matrix_ff_inc_tax,No field description,"{'id': 'fundamental8', 'name': 'Fundamental8'}","{'id': 'fundamental', 'name': 'Fundamental'}","{'id': 'fundamental-fundamental-data', 'name': 'Fundamental Data'}",EUR,1,TOPCS1600,MATRIX,1.0,0.4736,0,0,1.1,[],fundamental8,Fundamental8,fundamental,Fundamental,fundamental-fundamental-data,Fundamental Data
fnd8_qf_matrix_ff_int_exp_debt,Gross Interest Expense,"{'id': 'fundamental8', 'name': 'Fundamental8'}","{'id': 'fundamental', 'name': 'Fundamental'}","{'id': 'fundamental-fundamental-data', 'name': 'Fundamental Data'}",EUR,1,TOPCS1600,MATRIX,1.0,0.4717,0,0,1.1,[],fundamental8,Fundamental8,fundamental,Fundamental,fundamental-fundamental-data,Fundamental Data
fnd8_qf_matrix_ff_int_exp_net,No field description,"{'id': 'fundamental8', 'name': 'Fundamental8'}","{'id': 'fundamental', 'name': 'Fundamental'}","{'id': 'fundamental-fundamental-data', 'name': 'Fundamental Data'}",EUR,1,TOPCS1600,MATRIX,1.0,0.4289,0,0,1.1,[],fundamental8,Fundamental8,fundamental,Fundamental,fundamental-fundamental-data,Fundamental Data
fnd8_qf_matrix_ff_intang,No field description,"{'id': 'fundamental8', 'name': 'Fundamental8'}","{'id': 'fundamental', 'name': 'Fundamental'}","{'id': 'fundamental-fundamental-data', 'name': 'Fundamental Data'}",EUR,1,TOPCS1600,MATRIX,1.0,0.4668,0,0,1.1,[],fundamental8,Fundamental8,fundamental,Fundamental,fundamental-fundamental-data,Fundamental Data
fnd8_qf_matrix_ff_invest_adv,No field description,"{'id': 'fundamental8', 'name': 'Fundamental8'}","{'id': 'fundamental', 'name': 'Fundamental'}","{'id': 'fundamental-fundamental-data', 'name': 'Fundamental Data'}",EUR,1,TOPCS1600,MATRIX,1.0,0.3508,0,0,1.1,[],fundamental8,Fundamental8,fundamental,Fundamental,fundamental-fundamental-data,Fundamental Data
fnd8_qf_matrix_ff_invest_aff,No field description,"{'id': 'fundamental8', 'name': 'Fundamental8'}","{'id': 'fundamental', 'name': 'Fundamental'}","{'id': 'fundamental-fundamental-data', 'name': 'Fundamental Data'}",EUR,1,TOPCS1600,MATRIX,1.0,0.2912,0,0,1.1,[],fundamental8,Fundamental8,fundamental,Fundamental,fundamental-fundamental-data,Fundamental Data
fnd8_qf_matrix_ff_invest_cf,No field description,"{'id': 'fundamental8', 'name': 'Fundamental8'}","{'id': 'fundamental', 'name': 'Fundamental'}","{'id': 'fundamental-fundamental-data', 'name': 'Fundamental Data'}",EUR,1,TOPCS1600,MATRIX,1.0,0.4108,0,0,1.1,[],fundamental8,Fundamental8,fundamental,Fundamental,fundamental-fundamental-data,Fundamental Data
fnd8_qf_matrix_ff_invest_lt_oth,Other Investments,"{'id': 'fundamental8', 'name': 'Fundamental8'}","{'id': 'fundamental', 'name': 'Fundamental'}","{'id': 'fundamental-fundamental-data', 'name': 'Fundamental Data'}",EUR,1,TOPCS1600,MATRIX,1.0,0.3089,0,0,1.1,[],fundamental8,Fundamental8,fundamental,Fundamental,fundamental-fundamental-data,Fundamental Data
fnd8_qf_matrix_ff_invest_oth,Other Investments,"{'id': 'fundamental8', 'name': 'Fundamental8'}","{'id': 'fundamental', 'name': 'Fundamental'}","{'id': 'fundamental-fundamental-data', 'name': 'Fundamental Data'}",EUR,1,TOPCS1600,MATRIX,1.0,0.3089,0,0,1.1,[],fundamental8,Fundamental8,fundamental,Fundamental,fundamental-fundamental-data,Fundamental Data
fnd8_qf_matrix_ff_invest_purch_cf,Purchase of Investments,"{'id': 'fundamental8', 'name': 'Fundamental8'}","{'id': 'fundamental', 'name': 'Fundamental'}","{'id': 'fundamental-fundamental-data', 'name': 'Fundamental Data'}",EUR,1,TOPCS1600,MATRIX,1.0,0.3151,0,0,1.1,[],fundamental8,Fundamental8,fundamental,Fundamental,fundamental-fundamental-data,Fundamental Data
fnd8_qf_matrix_ff_invest_sale_cf,Sale/Maturity of Investments,"{'id': 'fundamental8', 'name': 'Fundamental8'}","{'id': 'fundamental', 'name': 'Fundamental'}","{'id': 'fundamental-fundamental-data', 'name': 'Fundamental Data'}",EUR,1,TOPCS1600,MATRIX,1.0,0.3089,0,0,1.1,[],fundamental8,Fundamental8,fundamental,Fundamental,fundamental-fundamental-data,Fundamental Data
fnd8_qf_matrix_ff_invest_sub,Investment In Unconsolidated Subsidiaries,"{'id': 'fundamental8', 'name': 'Fundamental8'}","{'id': 'fundamental', 'name': 'Fundamental'}","{'id': 'fundamental-fundamental-data', 'name': 'Fundamental Data'}",EUR,1,TOPCS1600,MATRIX,1.0,0.3974,0,0,1.1,[],fundamental8,Fundamental8,fundamental,Fundamental,fundamental-fundamental-data,Fundamental Data
fnd8_qf_matrix_ff_liabs_curr,No field description,"{'id': 'fundamental8', 'name': 'Fundamental8'}","{'id': 'fundamental', 'name': 'Fundamental'}","{'id': 'fundamental-fundamental-data', 'name': 'Fundamental Data'}",EUR,1,TOPCS1600,MATRIX,1.0,0.4036,0,0,1.1,[],fundamental8,Fundamental8,fundamental,Fundamental,fundamental-fundamental-data,Fundamental Data
fnd8_qf_matrix_ff_liabs_curr_misc,Miscellaneous Current Liabilities,"{'id': 'fundamental8', 'name': 'Fundamental8'}","{'id': 'fundamental', 'name': 'Fundamental'}","{'id': 'fundamental-fundamental-data', 'name': 'Fundamental Data'}",EUR,1,TOPCS1600,MATRIX,1.0,0.4264,0,0,1.1,[],fundamental8,Fundamental8,fundamental,Fundamental,fundamental-fundamental-data,Fundamental Data
fnd8_qf_matrix_ff_liabs_curr_oth,No field description,"{'id': 'fundamental8', 'name': 'Fundamental8'}","{'id': 'fundamental', 'name': 'Fundamental'}","{'id': 'fundamental-fundamental-data', 'name': 'Fundamental Data'}",EUR,1,TOPCS1600,MATRIX,1.0,0.401,0,0,1.1,[],fundamental8,Fundamental8,fundamental,Fundamental,fundamental-fundamental-data,Fundamental Data
fnd8_qf_matrix_ff_liabs_oth_xdfd_rev,Other Liabilities (excluding Deferred Revenue),"{'id': 'fundamental8', 'name': 'Fundamental8'}","{'id': 'fundamental', 'name': 'Fundamental'}","{'id': 'fundamental-fundamental-data', 'name': 'Fundamental Data'}",EUR,1,TOPCS1600,MATRIX,1.0,0.5289,0,0,1.1,[],fundamental8,Fundamental8,fundamental,Fundamental,fundamental-fundamental-data,Fundamental Data
fnd8_qf_matrix_ff_liabs_xmin_int_accum,No field description,"{'id': 'fundamental8', 'name': 'Fundamental8'}","{'id': 'fundamental', 'name': 'Fundamental'}","{'id': 'fundamental-fundamental-data', 'name': 'Fundamental Data'}",EUR,1,TOPCS1600,MATRIX,1.0,0.4881,0,0,1.1,[],fundamental8,Fundamental8,fundamental,Fundamental,fundamental-fundamental-data,Fundamental Data
fnd8_qf_matrix_ff_min_int_accum,No field description,"{'id': 'fundamental8', 'name': 'Fundamental8'}","{'id': 'fundamental', 'name': 'Fundamental'}","{'id': 'fundamental-fundamental-data', 'name': 'Fundamental Data'}",EUR,1,TOPCS1600,MATRIX,1.0,0.3734,0,0,1.1,[],fundamental8,Fundamental8,fundamental,Fundamental,fundamental-fundamental-data,Fundamental Data
fnd8_qf_matrix_ff_min_int_exp,No field description,"{'id': 'fundamental8', 'name': 'Fundamental8'}","{'id': 'fundamental', 'name': 'Fundamental'}","{'id': 'fundamental-fundamental-data', 'name': 'Fundamental Data'}",EUR,1,TOPCS1600,MATRIX,1.0,0.3351,0,0,1.1,[],fundamental8,Fundamental8,fundamental,Fundamental,fundamental-fundamental-data,Fundamental Data
fnd8_qf_matrix_ff_misc_exp_non_oper,Other Income (Expense),"{'id': 'fundamental8', 'name': 'Fundamental8'}","{'id': 'fundamental', 'name': 'Fundamental'}","{'id': 'fundamental-fundamental-data', 'name': 'Fundamental Data'}",EUR,1,TOPCS1600,MATRIX,1.0,0.5574,0,0,1.1,[],fundamental8,Fundamental8,fundamental,Fundamental,fundamental-fundamental-data,Fundamental Data
fnd8_qf_matrix_ff_mkt_val,No field description,"{'id': 'fundamental8', 'name': 'Fundamental8'}","{'id': 'fundamental', 'name': 'Fundamental'}","{'id': 'fundamental-fundamental-data', 'name': 'Fundamental Data'}",EUR,1,TOPCS1600,MATRIX,1.0,0.4851,0,0,1.1,[],fundamental8,Fundamental8,fundamental,Fundamental,fundamental-fundamental-data,Fundamental Data
fnd8_qf_matrix_ff_mkt_val_secs,Market Value-Security Level,"{'id': 'fundamental8', 'name': 'Fundamental8'}","{'id': 'fundamental', 'name': 'Fundamental'}","{'id': 'fundamental-fundamental-data', 'name': 'Fundamental Data'}",EUR,1,TOPCS1600,MATRIX,1.0,0.5003,0,0,1.1,[],fundamental8,Fundamental8,fundamental,Fundamental,fundamental-fundamental-data,Fundamental Data
fnd8_qf_matrix_ff_net_debt,No field description,"{'id': 'fundamental8', 'name': 'Fundamental8'}","{'id': 'fundamental', 'name': 'Fundamental'}","{'id': 'fundamental-fundamental-data', 'name': 'Fundamental Data'}",EUR,1,TOPCS1600,MATRIX,1.0,0.4807,0,0,1.1,[],fundamental8,Fundamental8,fundamental,Fundamental,fundamental-fundamental-data,Fundamental Data
fnd8_qf_matrix_ff_net_inc,No field description,"{'id': 'fundamental8', 'name': 'Fundamental8'}","{'id': 'fundamental', 'name': 'Fundamental'}","{'id': 'fundamental-fundamental-data', 'name': 'Fundamental Data'}",EUR,1,TOPCS1600,MATRIX,1.0,0.4974,0,0,1.1,[],fundamental8,Fundamental8,fundamental,Fundamental,fundamental-fundamental-data,Fundamental Data
fnd8_qf_matrix_ff_net_inc_aft_xord,No field description,"{'id': 'fundamental8', 'name': 'Fundamental8'}","{'id': 'fundamental', 'name': 'Fundamental'}","{'id': 'fundamental-fundamental-data', 'name': 'Fundamental Data'}",EUR,1,TOPCS1600,MATRIX,1.0,0.4974,0,0,1.1,[],fundamental8,Fundamental8,fundamental,Fundamental,fundamental-fundamental-data,Fundamental Data
fnd8_qf_matrix_ff_net_inc_basic,No field description,"{'id': 'fundamental8', 'name': 'Fundamental8'}","{'id': 'fundamental', 'name': 'Fundamental'}","{'id': 'fundamental-fundamental-data', 'name': 'Fundamental Data'}",EUR,1,TOPCS1600,MATRIX,1.0,0.4967,0,0,1.1,[],fundamental8,Fundamental8,fundamental,Fundamental,fundamental-fundamental-data,Fundamental Data
fnd8_qf_matrix_ff_net_inc_cf,No field description,"{'id': 'fundamental8', 'name': 'Fundamental8'}","{'id': 'fundamental', 'name': 'Fundamental'}","{'id': 'fundamental-fundamental-data', 'name': 'Fundamental Data'}",EUR,1,TOPCS1600,MATRIX,1.0,0.2886,0,0,1.1,[],fundamental8,Fundamental8,fundamental,Fundamental,fundamental-fundamental-data,Fundamental Data
fnd8_qf_matrix_ff_net_income,No field description,"{'id': 'fundamental8', 'name': 'Fundamental8'}","{'id': 'fundamental', 'name': 'Fundamental'}","{'id': 'fundamental-fundamental-data', 'name': 'Fundamental Data'}",EUR,1,TOPCS1600,MATRIX,1.0,0.4978,0,0,1.1,[],fundamental8,Fundamental8,fundamental,Fundamental,fundamental-fundamental-data,Fundamental Data
fnd8_qf_matrix_ff_net_mgn,No field description,"{'id': 'fundamental8', 'name': 'Fundamental8'}","{'id': 'fundamental', 'name': 'Fundamental'}","{'id': 'fundamental-fundamental-data', 'name': 'Fundamental Data'}",EUR,1,TOPCS1600,MATRIX,1.0,0.4909,0,0,1.1,[],fundamental8,Fundamental8,fundamental,Fundamental,fundamental-fundamental-data,Fundamental Data
fnd8_qf_matrix_ff_non_cash,No field description,"{'id': 'fundamental8', 'name': 'Fundamental8'}","{'id': 'fundamental', 'name': 'Fundamental'}","{'id': 'fundamental-fundamental-data', 'name': 'Fundamental Data'}",EUR,1,TOPCS1600,MATRIX,1.0,0.2925,0,0,1.1,[],fundamental8,Fundamental8,fundamental,Fundamental,fundamental-fundamental-data,Fundamental Data
fnd8_qf_matrix_ff_non_oper_inc,No field description,"{'id': 'fundamental8', 'name': 'Fundamental8'}","{'id': 'fundamental', 'name': 'Fundamental'}","{'id': 'fundamental-fundamental-data', 'name': 'Fundamental Data'}",EUR,1,TOPCS1600,MATRIX,1.0,0.4389,0,0,1.1,[],fundamental8,Fundamental8,fundamental,Fundamental,fundamental-fundamental-data,Fundamental Data
fnd8_qf_matrix_ff_oper_cf,No field description,"{'id': 'fundamental8', 'name': 'Fundamental8'}","{'id': 'fundamental', 'name': 'Fundamental'}","{'id': 'fundamental-fundamental-data', 'name': 'Fundamental Data'}",EUR,1,TOPCS1600,MATRIX,1.0,0.4073,0,0,1.1,[],fundamental8,Fundamental8,fundamental,Fundamental,fundamental-fundamental-data,Fundamental Data
fnd8_qf_matrix_ff_oper_cf_fix_chrg,Operating Cash Flow To Fixed Charges (Interest & Dividend),"{'id': 'fundamental8', 'name': 'Fundamental8'}","{'id': 'fundamental', 'name': 'Fundamental'}","{'id': 'fundamental-fundamental-data', 'name': 'Fundamental Data'}",EUR,1,TOPCS1600,MATRIX,1.0,0.3563,0,0,1.1,[],fundamental8,Fundamental8,fundamental,Fundamental,fundamental-fundamental-data,Fundamental Data
fnd8_qf_matrix_ff_oper_exp,Total Operating Expense (Financial Services),"{'id': 'fundamental8', 'name': 'Fundamental8'}","{'id': 'fundamental', 'name': 'Fundamental'}","{'id': 'fundamental-fundamental-data', 'name': 'Fundamental Data'}",EUR,1,TOPCS1600,MATRIX,1.0,0.5298,0,0,1.1,[],fundamental8,Fundamental8,fundamental,Fundamental,fundamental-fundamental-data,Fundamental Data
fnd8_qf_matrix_ff_oper_exp_oth,No field description,"{'id': 'fundamental8', 'name': 'Fundamental8'}","{'id': 'fundamental', 'name': 'Fundamental'}","{'id': 'fundamental-fundamental-data', 'name': 'Fundamental Data'}",EUR,1,TOPCS1600,MATRIX,1.0,0.3035,0,0,1.1,[],fundamental8,Fundamental8,fundamental,Fundamental,fundamental-fundamental-data,Fundamental Data
fnd8_qf_matrix_ff_oper_exp_tot,No field description,"{'id': 'fundamental8', 'name': 'Fundamental8'}","{'id': 'fundamental', 'name': 'Fundamental'}","{'id': 'fundamental-fundamental-data', 'name': 'Fundamental Data'}",EUR,1,TOPCS1600,MATRIX,1.0,0.4911,0,0,1.1,[],fundamental8,Fundamental8,fundamental,Fundamental,fundamental-fundamental-data,Fundamental Data
fnd8_qf_matrix_ff_oper_inc,No field description,"{'id': 'fundamental8', 'name': 'Fundamental8'}","{'id': 'fundamental', 'name': 'Fundamental'}","{'id': 'fundamental-fundamental-data', 'name': 'Fundamental Data'}",EUR,1,TOPCS1600,MATRIX,1.0,0.4907,0,0,1.1,[],fundamental8,Fundamental8,fundamental,Fundamental,fundamental-fundamental-data,Fundamental Data
fnd8_qf_matrix_ff_oper_inc_bef_dep,Operating Income Before Depreciation And Amortization,"{'id': 'fundamental8', 'name': 'Fundamental8'}","{'id': 'fundamental', 'name': 'Fundamental'}","{'id': 'fundamental-fundamental-data', 'name': 'Fundamental Data'}",EUR,1,TOPCS1600,MATRIX,1.0,0.4556,0,0,1.1,[],fundamental8,Fundamental8,fundamental,Fundamental,fundamental-fundamental-data,Fundamental Data
fnd8_qf_matrix_ff_oper_mgn,No field description,"{'id': 'fundamental8', 'name': 'Fundamental8'}","{'id': 'fundamental', 'name': 'Fundamental'}","{'id': 'fundamental-fundamental-data', 'name': 'Fundamental Data'}",EUR,1,TOPCS1600,MATRIX,1.0,0.488,0,0,1.1,[],fundamental8,Fundamental8,fundamental,Fundamental,fundamental-fundamental-data,Fundamental Data
fnd8_qf_matrix_ff_opt_wrnt_cf,Other Proceeds from Stock Options,"{'id': 'fundamental8', 'name': 'Fundamental8'}","{'id': 'fundamental', 'name': 'Fundamental'}","{'id': 'fundamental-fundamental-data', 'name': 'Fundamental Data'}",EUR,1,TOPCS1600,MATRIX,1.0,0.321,0,0,1.1,[],fundamental8,Fundamental8,fundamental,Fundamental,fundamental-fundamental-data,Fundamental Data
fnd8_qf_matrix_ff_oth_unusual_exp,Other Unusual Expense,"{'id': 'fundamental8', 'name': 'Fundamental8'}","{'id': 'fundamental', 'name': 'Fundamental'}","{'id': 'fundamental-fundamental-data', 'name': 'Fundamental Data'}",EUR,1,TOPCS1600,MATRIX,1.0,0.299,0,0,1.1,[],fundamental8,Fundamental8,fundamental,Fundamental,fundamental-fundamental-data,Fundamental Data
fnd8_qf_matrix_ff_par_ps,Par Value,"{'id': 'fundamental8', 'name': 'Fundamental8'}","{'id': 'fundamental', 'name': 'Fundamental'}","{'id': 'fundamental-fundamental-data', 'name': 'Fundamental Data'}",EUR,1,TOPCS1600,MATRIX,1.0,0.3626,0,0,1.1,[],fundamental8,Fundamental8,fundamental,Fundamental,fundamental-fundamental-data,Fundamental Data
fnd8_qf_matrix_ff_pay_acct,No field description,"{'id': 'fundamental8', 'name': 'Fundamental8'}","{'id': 'fundamental', 'name': 'Fundamental'}","{'id': 'fundamental-fundamental-data', 'name': 'Fundamental Data'}",EUR,1,TOPCS1600,MATRIX,1.0,0.3141,0,0,1.1,[],fundamental8,Fundamental8,fundamental,Fundamental,fundamental-fundamental-data,Fundamental Data
fnd8_qf_matrix_ff_pay_tax,No field description,"{'id': 'fundamental8', 'name': 'Fundamental8'}","{'id': 'fundamental', 'name': 'Fundamental'}","{'id': 'fundamental-fundamental-data', 'name': 'Fundamental Data'}",EUR,1,TOPCS1600,MATRIX,1.0,0.2792,0,0,1.1,[],fundamental8,Fundamental8,fundamental,Fundamental,fundamental-fundamental-data,Fundamental Data
fnd8_qf_matrix_ff_pay_tax_dfd_tax,Income Tax Payable Plus Short Term Deferred Tax,"{'id': 'fundamental8', 'name': 'Fundamental8'}","{'id': 'fundamental', 'name': 'Fundamental'}","{'id': 'fundamental-fundamental-data', 'name': 'Fundamental Data'}",EUR,1,TOPCS1600,MATRIX,1.0,0.2964,0,0,1.1,[],fundamental8,Fundamental8,fundamental,Fundamental,fundamental-fundamental-data,Fundamental Data
fnd8_qf_matrix_ff_pbk_secs,Price to Book-Security Level,"{'id': 'fundamental8', 'name': 'Fundamental8'}","{'id': 'fundamental', 'name': 'Fundamental'}","{'id': 'fundamental-fundamental-data', 'name': 'Fundamental Data'}",EUR,1,TOPCS1600,MATRIX,1.0,0.4861,0,0,1.1,[],fundamental8,Fundamental8,fundamental,Fundamental,fundamental-fundamental-data,Fundamental Data
fnd8_qf_matrix_ff_pe_secs,Price to Earnings-Security Level,"{'id': 'fundamental8', 'name': 'Fundamental8'}","{'id': 'fundamental', 'name': 'Fundamental'}","{'id': 'fundamental-fundamental-data', 'name': 'Fundamental Data'}",EUR,1,TOPCS1600,MATRIX,1.0,0.4381,0,0,1.1,[],fundamental8,Fundamental8,fundamental,Fundamental,fundamental-fundamental-data,Fundamental Data
fnd8_qf_matrix_ff_pfd_stk_nred,Non Redeemable Preferred Stock,"{'id': 'fundamental8', 'name': 'Fundamental8'}","{'id': 'fundamental', 'name': 'Fundamental'}","{'id': 'fundamental-fundamental-data', 'name': 'Fundamental Data'}",EUR,1,TOPCS1600,MATRIX,1.0,0.4416,0,0,1.1,[],fundamental8,Fundamental8,fundamental,Fundamental,fundamental-fundamental-data,Fundamental Data
fnd8_qf_matrix_ff_pfd_stk_red,Redeemable Preferred Stock,"{'id': 'fundamental8', 'name': 'Fundamental8'}","{'id': 'fundamental', 'name': 'Fundamental'}","{'id': 'fundamental-fundamental-data', 'name': 'Fundamental Data'}",EUR,1,TOPCS1600,MATRIX,1.0,0.4393,0,0,1.1,[],fundamental8,Fundamental8,fundamental,Fundamental,fundamental-fundamental-data,Fundamental Data
fnd8_qf_matrix_ff_ppe_net,No field description,"{'id': 'fundamental8', 'name': 'Fundamental8'}","{'id': 'fundamental', 'name': 'Fundamental'}","{'id': 'fundamental-fundamental-data', 'name': 'Fundamental Data'}",EUR,1,TOPCS1600,MATRIX,1.0,0.486,0,0,1.1,[],fundamental8,Fundamental8,fundamental,Fundamental,fundamental-fundamental-data,Fundamental Data
fnd8_qf_matrix_ff_price_close_fp,No field description,"{'id': 'fundamental8', 'name': 'Fundamental8'}","{'id': 'fundamental', 'name': 'Fundamental'}","{'id': 'fundamental-fundamental-data', 'name': 'Fundamental Data'}",EUR,1,TOPCS1600,MATRIX,1.0,0.6017,0,0,1.1,[],fundamental8,Fundamental8,fundamental,Fundamental,fundamental-fundamental-data,Fundamental Data
fnd8_qf_matrix_ff_prov_risk,No field description,"{'id': 'fundamental8', 'name': 'Fundamental8'}","{'id': 'fundamental', 'name': 'Fundamental'}","{'id': 'fundamental-fundamental-data', 'name': 'Fundamental Data'}",EUR,1,TOPCS1600,MATRIX,1.0,0.4155,0,0,1.1,[],fundamental8,Fundamental8,fundamental,Fundamental,fundamental-fundamental-data,Fundamental Data
fnd8_qf_matrix_ff_psales,No field description,"{'id': 'fundamental8', 'name': 'Fundamental8'}","{'id': 'fundamental', 'name': 'Fundamental'}","{'id': 'fundamental-fundamental-data', 'name': 'Fundamental Data'}",EUR,1,TOPCS1600,MATRIX,1.0,0.4518,0,0,1.1,[],fundamental8,Fundamental8,fundamental,Fundamental,fundamental-fundamental-data,Fundamental Data
fnd8_qf_matrix_ff_quick_ratio,No field description,"{'id': 'fundamental8', 'name': 'Fundamental8'}","{'id': 'fundamental', 'name': 'Fundamental'}","{'id': 'fundamental-fundamental-data', 'name': 'Fundamental Data'}",EUR,1,TOPCS1600,MATRIX,1.0,0.3786,0,0,1.1,[],fundamental8,Fundamental8,fundamental,Fundamental,fundamental-fundamental-data,Fundamental Data
fnd8_qf_matrix_ff_receiv_net,"Accounts Receivables, Net","{'id': 'fundamental8', 'name': 'Fundamental8'}","{'id': 'fundamental', 'name': 'Fundamental'}","{'id': 'fundamental-fundamental-data', 'name': 'Fundamental Data'}",EUR,1,TOPCS1600,MATRIX,1.0,0.2521,0,0,1.1,[],fundamental8,Fundamental8,fundamental,Fundamental,fundamental-fundamental-data,Fundamental Data
fnd8_qf_matrix_ff_receiv_tot,No field description,"{'id': 'fundamental8', 'name': 'Fundamental8'}","{'id': 'fundamental', 'name': 'Fundamental'}","{'id': 'fundamental-fundamental-data', 'name': 'Fundamental Data'}",EUR,1,TOPCS1600,MATRIX,1.0,0.404,0,0,1.1,[],fundamental8,Fundamental8,fundamental,Fundamental,fundamental-fundamental-data,Fundamental Data
fnd8_qf_matrix_ff_roe,No field description,"{'id': 'fundamental8', 'name': 'Fundamental8'}","{'id': 'fundamental', 'name': 'Fundamental'}","{'id': 'fundamental-fundamental-data', 'name': 'Fundamental Data'}",EUR,1,TOPCS1600,MATRIX,1.0,0.4353,0,0,1.1,[],fundamental8,Fundamental8,fundamental,Fundamental,fundamental-fundamental-data,Fundamental Data
fnd8_qf_matrix_ff_rotc,No field description,"{'id': 'fundamental8', 'name': 'Fundamental8'}","{'id': 'fundamental', 'name': 'Fundamental'}","{'id': 'fundamental-fundamental-data', 'name': 'Fundamental Data'}",EUR,1,TOPCS1600,MATRIX,1.0,0.4316,0,0,1.1,[],fundamental8,Fundamental8,fundamental,Fundamental,fundamental-fundamental-data,Fundamental Data
fnd8_qf_matrix_ff_sales,No field description,"{'id': 'fundamental8', 'name': 'Fundamental8'}","{'id': 'fundamental', 'name': 'Fundamental'}","{'id': 'fundamental-fundamental-data', 'name': 'Fundamental Data'}",EUR,1,TOPCS1600,MATRIX,1.0,0.5984,0,0,1.1,[],fundamental8,Fundamental8,fundamental,Fundamental,fundamental-fundamental-data,Fundamental Data
fnd8_qf_matrix_ff_sales_ps,No field description,"{'id': 'fundamental8', 'name': 'Fundamental8'}","{'id': 'fundamental', 'name': 'Fundamental'}","{'id': 'fundamental-fundamental-data', 'name': 'Fundamental Data'}",EUR,1,TOPCS1600,MATRIX,1.0,0.4821,0,0,1.1,[],fundamental8,Fundamental8,fundamental,Fundamental,fundamental-fundamental-data,Fundamental Data
fnd8_qf_matrix_ff_stk_purch_cf,Repurchase of Common & Pref Stock,"{'id': 'fundamental8', 'name': 'Fundamental8'}","{'id': 'fundamental', 'name': 'Fundamental'}","{'id': 'fundamental-fundamental-data', 'name': 'Fundamental Data'}",EUR,1,TOPCS1600,MATRIX,1.0,0.3195,0,0,1.1,[],fundamental8,Fundamental8,fundamental,Fundamental,fundamental-fundamental-data,Fundamental Data
fnd8_qf_matrix_ff_stk_sale_cf,Sale of Common & Pref Stock,"{'id': 'fundamental8', 'name': 'Fundamental8'}","{'id': 'fundamental', 'name': 'Fundamental'}","{'id': 'fundamental-fundamental-data', 'name': 'Fundamental Data'}",EUR,1,TOPCS1600,MATRIX,1.0,0.3237,0,0,1.1,[],fundamental8,Fundamental8,fundamental,Fundamental,fundamental-fundamental-data,Fundamental Data
fnd8_qf_matrix_ff_stk_sale_xopt_cf,Proceeds from Stock Options,"{'id': 'fundamental8', 'name': 'Fundamental8'}","{'id': 'fundamental', 'name': 'Fundamental'}","{'id': 'fundamental-fundamental-data', 'name': 'Fundamental Data'}",EUR,1,TOPCS1600,MATRIX,1.0,0.3288,0,0,1.1,[],fundamental8,Fundamental8,fundamental,Fundamental,fundamental-fundamental-data,Fundamental Data
fnd8_qf_matrix_ff_tax_cf,Cash Taxes Paid,"{'id': 'fundamental8', 'name': 'Fundamental8'}","{'id': 'fundamental', 'name': 'Fundamental'}","{'id': 'fundamental-fundamental-data', 'name': 'Fundamental Data'}",EUR,1,TOPCS1600,MATRIX,1.0,0.2599,0,0,1.1,[],fundamental8,Fundamental8,fundamental,Fundamental,fundamental-fundamental-data,Fundamental Data
fnd8_qf_matrix_ff_tcap,No field description,"{'id': 'fundamental8', 'name': 'Fundamental8'}","{'id': 'fundamental', 'name': 'Fundamental'}","{'id': 'fundamental-fundamental-data', 'name': 'Fundamental Data'}",EUR,1,TOPCS1600,MATRIX,1.0,0.4912,0,0,1.1,[],fundamental8,Fundamental8,fundamental,Fundamental,fundamental-fundamental-data,Fundamental Data
fnd8_qf_matrix_ff_tot_invest_ret,Total Investment Return,"{'id': 'fundamental8', 'name': 'Fundamental8'}","{'id': 'fundamental', 'name': 'Fundamental'}","{'id': 'fundamental-fundamental-data', 'name': 'Fundamental Data'}",EUR,1,TOPCS1600,MATRIX,1.0,0.5634,0,0,1.1,[],fundamental8,Fundamental8,fundamental,Fundamental,fundamental-fundamental-data,Fundamental Data
fnd8_qf_matrix_ff_treas_shs,Treasury Shares -Number of Common Reacquired,"{'id': 'fundamental8', 'name': 'Fundamental8'}","{'id': 'fundamental', 'name': 'Fundamental'}","{'id': 'fundamental-fundamental-data', 'name': 'Fundamental Data'}",EUR,1,TOPCS1600,MATRIX,1.0,0.4056,0,0,1.1,[],fundamental8,Fundamental8,fundamental,Fundamental,fundamental-fundamental-data,Fundamental Data
fnd8_qf_matrix_ff_treas_stk,Treasury Stock -Common (incl. ESOP),"{'id': 'fundamental8', 'name': 'Fundamental8'}","{'id': 'fundamental', 'name': 'Fundamental'}","{'id': 'fundamental-fundamental-data', 'name': 'Fundamental Data'}",EUR,1,TOPCS1600,MATRIX,1.0,0.35,0,0,1.1,[],fundamental8,Fundamental8,fundamental,Fundamental,fundamental-fundamental-data,Fundamental Data
fnd8_qf_matrix_ff_unusual_exp,No field description,"{'id': 'fundamental8', 'name': 'Fundamental8'}","{'id': 'fundamental', 'name': 'Fundamental'}","{'id': 'fundamental-fundamental-data', 'name': 'Fundamental Data'}",EUR,1,TOPCS1600,MATRIX,1.0,0.2509,0,0,1.1,[],fundamental8,Fundamental8,fundamental,Fundamental,fundamental-fundamental-data,Fundamental Data
fnd8_qf_matrix_ff_wkcap_chg,No field description,"{'id': 'fundamental8', 'name': 'Fundamental8'}","{'id': 'fundamental', 'name': 'Fundamental'}","{'id': 'fundamental-fundamental-data', 'name': 'Fundamental Data'}",EUR,1,TOPCS1600,MATRIX,1.0,0.3515,0,0,1.1,[],fundamental8,Fundamental8,fundamental,Fundamental,fundamental-fundamental-data,Fundamental Data
fnd8_qf_matrix_ff_xord_items,Extraordinary Gains/Losses from Sale of Asset,"{'id': 'fundamental8', 'name': 'Fundamental8'}","{'id': 'fundamental', 'name': 'Fundamental'}","{'id': 'fundamental-fundamental-data', 'name': 'Fundamental Data'}",EUR,1,TOPCS1600,MATRIX,1.0,0.5507,0,0,1.1,[],fundamental8,Fundamental8,fundamental,Fundamental,fundamental-fundamental-data,Fundamental Data
fnd8_qf_matrix_fiscalend,No field description,"{'id': 'fundamental8', 'name': 'Fundamental8'}","{'id': 'fundamental', 'name': 'Fundamental'}","{'id': 'fundamental-fundamental-data', 'name': 'Fundamental Data'}",EUR,1,TOPCS1600,MATRIX,1.0,0.6146,0,0,1.1,[],fundamental8,Fundamental8,fundamental,Fundamental,fundamental-fundamental-data,Fundamental Data
fnd8_qf_matrix_hto_sbail_ff,No field description,"{'id': 'fundamental8', 'name': 'Fundamental8'}","{'id': 'fundamental', 'name': 'Fundamental'}","{'id': 'fundamental-fundamental-data', 'name': 'Fundamental Data'}",EUR,1,TOPCS1600,MATRIX,1.0,0.4655,0,0,1.1,[],fundamental8,Fundamental8,fundamental,Fundamental,fundamental-fundamental-data,Fundamental Data
fnd8_qf_matrix_kbp_ff,No field description,"{'id': 'fundamental8', 'name': 'Fundamental8'}","{'id': 'fundamental', 'name': 'Fundamental'}","{'id': 'fundamental-fundamental-data', 'name': 'Fundamental Data'}",EUR,1,TOPCS1600,MATRIX,1.0,0.4738,0,0,1.1,[],fundamental8,Fundamental8,fundamental,Fundamental,fundamental-fundamental-data,Fundamental Data
fnd8_qf_matrix_lg_qe_moc_ff,Unrealized Gain/Loss Marketable Securities,"{'id': 'fundamental8', 'name': 'Fundamental8'}","{'id': 'fundamental', 'name': 'Fundamental'}","{'id': 'fundamental-fundamental-data', 'name': 'Fundamental Data'}",EUR,1,TOPCS1600,MATRIX,1.0,0.3546,0,0,1.1,[],fundamental8,Fundamental8,fundamental,Fundamental,fundamental-fundamental-data,Fundamental Data
fnd8_qf_matrix_lid_spe_ff,No field description,"{'id': 'fundamental8', 'name': 'Fundamental8'}","{'id': 'fundamental', 'name': 'Fundamental'}","{'id': 'fundamental-fundamental-data', 'name': 'Fundamental Data'}",EUR,1,TOPCS1600,MATRIX,1.0,0.4386,0,0,1.1,[],fundamental8,Fundamental8,fundamental,Fundamental,fundamental-fundamental-data,Fundamental Data
fnd8_qf_matrix_nevni_ff,No field description,"{'id': 'fundamental8', 'name': 'Fundamental8'}","{'id': 'fundamental', 'name': 'Fundamental'}","{'id': 'fundamental-fundamental-data', 'name': 'Fundamental Data'}",EUR,1,TOPCS1600,MATRIX,1.0,0.371,0,0,1.1,[],fundamental8,Fundamental8,fundamental,Fundamental,fundamental-fundamental-data,Fundamental Data
fnd8_qf_matrix_ngm_xtp_ff,No field description,"{'id': 'fundamental8', 'name': 'Fundamental8'}","{'id': 'fundamental', 'name': 'Fundamental'}","{'id': 'fundamental-fundamental-data', 'name': 'Fundamental Data'}",EUR,1,TOPCS1600,MATRIX,1.0,0.4886,0,0,1.1,[],fundamental8,Fundamental8,fundamental,Fundamental,fundamental-fundamental-data,Fundamental Data
fnd8_qf_matrix_pxe_hto_ags_ff,No field description,"{'id': 'fundamental8', 'name': 'Fundamental8'}","{'id': 'fundamental', 'name': 'Fundamental'}","{'id': 'fundamental-fundamental-data', 'name': 'Fundamental Data'}",EUR,1,TOPCS1600,MATRIX,1.0,0.4468,0,0,1.1,[],fundamental8,Fundamental8,fundamental,Fundamental,fundamental-fundamental-data,Fundamental Data
fnd8_qf_matrix_qe_moc_ff,No field description,"{'id': 'fundamental8', 'name': 'Fundamental8'}","{'id': 'fundamental', 'name': 'Fundamental'}","{'id': 'fundamental-fundamental-data', 'name': 'Fundamental Data'}",EUR,1,TOPCS1600,MATRIX,1.0,0.4971,0,0,1.1,[],fundamental8,Fundamental8,fundamental,Fundamental,fundamental-fundamental-data,Fundamental Data
fnd8_qf_matrix_qe_srdlhs_ff,No field description,"{'id': 'fundamental8', 'name': 'Fundamental8'}","{'id': 'fundamental', 'name': 'Fundamental'}","{'id': 'fundamental-fundamental-data', 'name': 'Fundamental Data'}",EUR,1,TOPCS1600,MATRIX,1.0,0.4971,0,0,1.1,[],fundamental8,Fundamental8,fundamental,Fundamental,fundamental-fundamental-data,Fundamental Data
fnd8_qf_matrix_qe_srdlhs_sbail_ff,No field description,"{'id': 'fundamental8', 'name': 'Fundamental8'}","{'id': 'fundamental', 'name': 'Fundamental'}","{'id': 'fundamental-fundamental-data', 'name': 'Fundamental Data'}",EUR,1,TOPCS1600,MATRIX,1.0,0.4941,0,0,1.1,[],fundamental8,Fundamental8,fundamental,Fundamental,fundamental-fundamental-data,Fundamental Data
fnd8_qf_matrix_ryf_ff,No field description,"{'id': 'fundamental8', 'name': 'Fundamental8'}","{'id': 'fundamental', 'name': 'Fundamental'}","{'id': 'fundamental-fundamental-data', 'name': 'Fundamental Data'}",EUR,1,TOPCS1600,MATRIX,1.0,0.6146,0,0,1.1,[],fundamental8,Fundamental8,fundamental,Fundamental,fundamental-fundamental-data,Fundamental Data
fnd8_qf_matrix_sbail_ff,No field description,"{'id': 'fundamental8', 'name': 'Fundamental8'}","{'id': 'fundamental', 'name': 'Fundamental'}","{'id': 'fundamental-fundamental-data', 'name': 'Fundamental Data'}",EUR,1,TOPCS1600,MATRIX,1.0,0.4957,0,0,1.1,[],fundamental8,Fundamental8,fundamental,Fundamental,fundamental-fundamental-data,Fundamental Data
fnd8_qf_matrix_spb_ff,No field description,"{'id': 'fundamental8', 'name': 'Fundamental8'}","{'id': 'fundamental', 'name': 'Fundamental'}","{'id': 'fundamental-fundamental-data', 'name': 'Fundamental Data'}",EUR,1,TOPCS1600,MATRIX,1.0,0.4873,0,0,1.1,[],fundamental8,Fundamental8,fundamental,Fundamental,fundamental-fundamental-data,Fundamental Data
fnd8_qf_matrix_spe_ff,Earnings Per Share -Fiscal Period,"{'id': 'fundamental8', 'name': 'Fundamental8'}","{'id': 'fundamental', 'name': 'Fundamental'}","{'id': 'fundamental-fundamental-data', 'name': 'Fundamental Data'}",EUR,1,TOPCS1600,MATRIX,1.0,0.5364,0,0,1.1,[],fundamental8,Fundamental8,fundamental,Fundamental,fundamental-fundamental-data,Fundamental Data
fnd8_qf_matrix_ts_viecer_ff,No field description,"{'id': 'fundamental8', 'name': 'Fundamental8'}","{'id': 'fundamental', 'name': 'Fundamental'}","{'id': 'fundamental-fundamental-data', 'name': 'Fundamental Data'}",EUR,1,TOPCS1600,MATRIX,1.0,0.4111,0,0,1.1,[],fundamental8,Fundamental8,fundamental,Fundamental,fundamental-fundamental-data,Fundamental Data
fnd8_qf_matrix_updtype,No field description,"{'id': 'fundamental8', 'name': 'Fundamental8'}","{'id': 'fundamental', 'name': 'Fundamental'}","{'id': 'fundamental-fundamental-data', 'name': 'Fundamental Data'}",EUR,1,TOPCS1600,MATRIX,1.0,0.5814,0,0,1.1,[],fundamental8,Fundamental8,fundamental,Fundamental,fundamental-fundamental-data,Fundamental Data
fnd8_qf_matrix_wg_ff,Net Goodwill,"{'id': 'fundamental8', 'name': 'Fundamental8'}","{'id': 'fundamental', 'name': 'Fundamental'}","{'id': 'fundamental-fundamental-data', 'name': 'Fundamental Data'}",EUR,1,TOPCS1600,MATRIX,1.0,0.3682,0,0,1.1,[],fundamental8,Fundamental8,fundamental,Fundamental,fundamental-fundamental-data,Fundamental Data
fnd8_qf_matrix_xtp_cni_ffa_qe_ff,Equity in Earnings of Affiliates,"{'id': 'fundamental8', 'name': 'Fundamental8'}","{'id': 'fundamental', 'name': 'Fundamental'}","{'id': 'fundamental-fundamental-data', 'name': 'Fundamental Data'}",EUR,1,TOPCS1600,MATRIX,1.0,0.2553,0,0,1.1,[],fundamental8,Fundamental8,fundamental,Fundamental,fundamental-fundamental-data,Fundamental Data
