id,description,dataset,category,subcategory,region,delay,universe,type,dateCoverage,coverage,userCount,alphaCount,pyramidMultiplier,themes,dataset_id,dataset_name,category_id,category_name,subcategory_id,subcategory_name
anl10_cpxff,Capital expenditures - field format,"{'id': 'analyst10', 'name': 'Performance-Weighted Analyst Estimates'}","{'id': 'analyst', 'name': 'Analyst'}","{'id': 'analyst-analyst-estimates', 'name': 'Analyst Estimates'}",EUR,1,TOP2500,MATRIX,1.0,1.0,139,220,1.4,[],analyst10,Performance-Weighted Analyst Estimates,analyst,Analyst,analyst-analyst-estimates,Analyst Estimates
anl10_cpxfy1_consensus,Consensus estimate value for capital expenditures FY1,"{'id': 'analyst10', 'name': 'Performance-Weighted Analyst Estimates'}","{'id': 'analyst', 'name': 'Analyst'}","{'id': 'analyst-analyst-estimates', 'name': 'Analyst Estimates'}",EUR,1,TOP2500,MATRIX,1.0,1.0,74,109,1.4,[],analyst10,Performance-Weighted Analyst Estimates,analyst,Analyst,analyst-analyst-estimates,Analyst Estimates
anl10_cpxfy1_pred_surps_v0,Predicted surprise version 0 for capital expenditures for FY1 (calculated as (smart_ests - consensus)/consensus),"{'id': 'analyst10', 'name': 'Performance-Weighted Analyst Estimates'}","{'id': 'analyst', 'name': 'Analyst'}","{'id': 'analyst-analyst-estimates', 'name': 'Analyst Estimates'}",EUR,1,TOP2500,MATRIX,1.0,1.0,57,65,1.4,[],analyst10,Performance-Weighted Analyst Estimates,analyst,Analyst,analyst-analyst-estimates,Analyst Estimates
anl10_cpxfy1_pred_surps_v1,Predicted surprise version 1 for capital expenditures for FY1 (calculated as (smart_ests - consensus)/consensus),"{'id': 'analyst10', 'name': 'Performance-Weighted Analyst Estimates'}","{'id': 'analyst', 'name': 'Analyst'}","{'id': 'analyst-analyst-estimates', 'name': 'Analyst Estimates'}",EUR,1,TOP2500,MATRIX,1.0,1.0,43,54,1.4,[],analyst10,Performance-Weighted Analyst Estimates,analyst,Analyst,analyst-analyst-estimates,Analyst Estimates
anl10_cpxfy1_pred_surps_v2,Predicted surprise version 2 for capital expenditures for FY1 (calculated as (smart_ests - consensus)/consensus),"{'id': 'analyst10', 'name': 'Performance-Weighted Analyst Estimates'}","{'id': 'analyst', 'name': 'Analyst'}","{'id': 'analyst-analyst-estimates', 'name': 'Analyst Estimates'}",EUR,1,TOP2500,MATRIX,1.0,1.0,52,121,1.4,[],analyst10,Performance-Weighted Analyst Estimates,analyst,Analyst,analyst-analyst-estimates,Analyst Estimates
anl10_cpxfy1_smart_ests_v0,Smart estimates version 0 value for capital expenditures for FY1,"{'id': 'analyst10', 'name': 'Performance-Weighted Analyst Estimates'}","{'id': 'analyst', 'name': 'Analyst'}","{'id': 'analyst-analyst-estimates', 'name': 'Analyst Estimates'}",EUR,1,TOP2500,MATRIX,1.0,1.0,33,41,1.4,[],analyst10,Performance-Weighted Analyst Estimates,analyst,Analyst,analyst-analyst-estimates,Analyst Estimates
anl10_cpxfy1_smart_ests_v1,Smart estimates version 1 value for capital expenditures for FY1,"{'id': 'analyst10', 'name': 'Performance-Weighted Analyst Estimates'}","{'id': 'analyst', 'name': 'Analyst'}","{'id': 'analyst-analyst-estimates', 'name': 'Analyst Estimates'}",EUR,1,TOP2500,MATRIX,1.0,1.0,36,47,1.4,[],analyst10,Performance-Weighted Analyst Estimates,analyst,Analyst,analyst-analyst-estimates,Analyst Estimates
anl10_cpxfy1_smart_ests_v2,Smart estimates version 2 value for capital expenditures for FY1,"{'id': 'analyst10', 'name': 'Performance-Weighted Analyst Estimates'}","{'id': 'analyst', 'name': 'Analyst'}","{'id': 'analyst-analyst-estimates', 'name': 'Analyst Estimates'}",EUR,1,TOP2500,MATRIX,1.0,1.0,33,43,1.4,[],analyst10,Performance-Weighted Analyst Estimates,analyst,Analyst,analyst-analyst-estimates,Analyst Estimates
anl10_cpxfy2_consensus,Consensus estimate value for capital expenditures FY2,"{'id': 'analyst10', 'name': 'Performance-Weighted Analyst Estimates'}","{'id': 'analyst', 'name': 'Analyst'}","{'id': 'analyst-analyst-estimates', 'name': 'Analyst Estimates'}",EUR,1,TOP2500,MATRIX,1.0,1.0,39,54,1.4,[],analyst10,Performance-Weighted Analyst Estimates,analyst,Analyst,analyst-analyst-estimates,Analyst Estimates
anl10_cpxfy2_pred_surps_v0,Predicted surprise version 0 for capital expenditures for FY2 (calculated as (smart_ests - consensus)/consensus),"{'id': 'analyst10', 'name': 'Performance-Weighted Analyst Estimates'}","{'id': 'analyst', 'name': 'Analyst'}","{'id': 'analyst-analyst-estimates', 'name': 'Analyst Estimates'}",EUR,1,TOP2500,MATRIX,1.0,1.0,39,50,1.4,[],analyst10,Performance-Weighted Analyst Estimates,analyst,Analyst,analyst-analyst-estimates,Analyst Estimates
anl10_cpxfy2_pred_surps_v1,Predicted surprise version 1 for capital expenditures for FY2 (calculated as (smart_ests - consensus)/consensus),"{'id': 'analyst10', 'name': 'Performance-Weighted Analyst Estimates'}","{'id': 'analyst', 'name': 'Analyst'}","{'id': 'analyst-analyst-estimates', 'name': 'Analyst Estimates'}",EUR,1,TOP2500,MATRIX,1.0,1.0,33,41,1.4,[],analyst10,Performance-Weighted Analyst Estimates,analyst,Analyst,analyst-analyst-estimates,Analyst Estimates
anl10_cpxfy2_pred_surps_v2,Predicted surprise version 2 for capital expenditures for FY2 (calculated as (smart_ests - consensus)/consensus),"{'id': 'analyst10', 'name': 'Performance-Weighted Analyst Estimates'}","{'id': 'analyst', 'name': 'Analyst'}","{'id': 'analyst-analyst-estimates', 'name': 'Analyst Estimates'}",EUR,1,TOP2500,MATRIX,1.0,1.0,33,37,1.4,[],analyst10,Performance-Weighted Analyst Estimates,analyst,Analyst,analyst-analyst-estimates,Analyst Estimates
anl10_cpxfy2_smart_ests_v0,Smart estimates version 0 value for capital expenditures for FY2,"{'id': 'analyst10', 'name': 'Performance-Weighted Analyst Estimates'}","{'id': 'analyst', 'name': 'Analyst'}","{'id': 'analyst-analyst-estimates', 'name': 'Analyst Estimates'}",EUR,1,TOP2500,MATRIX,1.0,1.0,29,38,1.4,[],analyst10,Performance-Weighted Analyst Estimates,analyst,Analyst,analyst-analyst-estimates,Analyst Estimates
anl10_cpxfy2_smart_ests_v1,Smart estimates version 1 value for capital expenditures for FY2,"{'id': 'analyst10', 'name': 'Performance-Weighted Analyst Estimates'}","{'id': 'analyst', 'name': 'Analyst'}","{'id': 'analyst-analyst-estimates', 'name': 'Analyst Estimates'}",EUR,1,TOP2500,MATRIX,1.0,1.0,34,81,1.4,[],analyst10,Performance-Weighted Analyst Estimates,analyst,Analyst,analyst-analyst-estimates,Analyst Estimates
anl10_cpxfy2_smart_ests_v2,Smart estimates version 2 value for capital expenditures for FY2,"{'id': 'analyst10', 'name': 'Performance-Weighted Analyst Estimates'}","{'id': 'analyst', 'name': 'Analyst'}","{'id': 'analyst-analyst-estimates', 'name': 'Analyst Estimates'}",EUR,1,TOP2500,MATRIX,1.0,1.0,36,47,1.4,[],analyst10,Performance-Weighted Analyst Estimates,analyst,Analyst,analyst-analyst-estimates,Analyst Estimates
anl10_cpxinnovate_decrease_fy1,Number of analysts with innovative negative revisions for capital expenditures FY1,"{'id': 'analyst10', 'name': 'Performance-Weighted Analyst Estimates'}","{'id': 'analyst', 'name': 'Analyst'}","{'id': 'analyst-analyst-estimates', 'name': 'Analyst Estimates'}",EUR,1,TOP2500,MATRIX,1.0,0.8458,33,39,1.4,[],analyst10,Performance-Weighted Analyst Estimates,analyst,Analyst,analyst-analyst-estimates,Analyst Estimates
anl10_cpxinnovate_decrease_fy2,Number of analysts with innovative negative revisions for capital expenditures FY2,"{'id': 'analyst10', 'name': 'Performance-Weighted Analyst Estimates'}","{'id': 'analyst', 'name': 'Analyst'}","{'id': 'analyst-analyst-estimates', 'name': 'Analyst Estimates'}",EUR,1,TOP2500,MATRIX,1.0,0.8375,26,34,1.4,[],analyst10,Performance-Weighted Analyst Estimates,analyst,Analyst,analyst-analyst-estimates,Analyst Estimates
anl10_cpxinnovate_increase_fy1,Number of analysts with innovative positive revisions for capital expenditures FY1,"{'id': 'analyst10', 'name': 'Performance-Weighted Analyst Estimates'}","{'id': 'analyst', 'name': 'Analyst'}","{'id': 'analyst-analyst-estimates', 'name': 'Analyst Estimates'}",EUR,1,TOP2500,MATRIX,1.0,0.8458,36,46,1.4,[],analyst10,Performance-Weighted Analyst Estimates,analyst,Analyst,analyst-analyst-estimates,Analyst Estimates
anl10_cpxinnovate_increase_fy2,Number of analysts with innovative positive revisions for capital expenditures FY2,"{'id': 'analyst10', 'name': 'Performance-Weighted Analyst Estimates'}","{'id': 'analyst', 'name': 'Analyst'}","{'id': 'analyst-analyst-estimates', 'name': 'Analyst Estimates'}",EUR,1,TOP2500,MATRIX,1.0,0.8375,27,28,1.4,[],analyst10,Performance-Weighted Analyst Estimates,analyst,Analyst,analyst-analyst-estimates,Analyst Estimates
anl10_cpxinnovation_score_fy1,Innovation score for capital expenditures FY1 (innovate_increase - innovate_decrease),"{'id': 'analyst10', 'name': 'Performance-Weighted Analyst Estimates'}","{'id': 'analyst', 'name': 'Analyst'}","{'id': 'analyst-analyst-estimates', 'name': 'Analyst Estimates'}",EUR,1,TOP2500,MATRIX,1.0,0.8458,28,29,1.4,[],analyst10,Performance-Weighted Analyst Estimates,analyst,Analyst,analyst-analyst-estimates,Analyst Estimates
anl10_cpxinnovation_score_fy2,Innovation score for capital expenditures FY2 (innovate_increase - innovate_decrease),"{'id': 'analyst10', 'name': 'Performance-Weighted Analyst Estimates'}","{'id': 'analyst', 'name': 'Analyst'}","{'id': 'analyst-analyst-estimates', 'name': 'Analyst Estimates'}",EUR,1,TOP2500,MATRIX,1.0,0.8375,24,31,1.4,[],analyst10,Performance-Weighted Analyst Estimates,analyst,Analyst,analyst-analyst-estimates,Analyst Estimates
anl10_cpxnormal_decrease_fy1,Number of analysts with normal negative revisions for capital expenditures FY1,"{'id': 'analyst10', 'name': 'Performance-Weighted Analyst Estimates'}","{'id': 'analyst', 'name': 'Analyst'}","{'id': 'analyst-analyst-estimates', 'name': 'Analyst Estimates'}",EUR,1,TOP2500,MATRIX,1.0,0.8458,23,28,1.4,[],analyst10,Performance-Weighted Analyst Estimates,analyst,Analyst,analyst-analyst-estimates,Analyst Estimates
anl10_cpxnormal_decrease_fy2,Number of analysts with normal negative revisions for capital expenditures FY2,"{'id': 'analyst10', 'name': 'Performance-Weighted Analyst Estimates'}","{'id': 'analyst', 'name': 'Analyst'}","{'id': 'analyst-analyst-estimates', 'name': 'Analyst Estimates'}",EUR,1,TOP2500,MATRIX,1.0,0.8375,21,25,1.4,[],analyst10,Performance-Weighted Analyst Estimates,analyst,Analyst,analyst-analyst-estimates,Analyst Estimates
anl10_cpxnormal_increase_fy1,Number of analysts with normal positive revisions for capital expenditures FY1,"{'id': 'analyst10', 'name': 'Performance-Weighted Analyst Estimates'}","{'id': 'analyst', 'name': 'Analyst'}","{'id': 'analyst-analyst-estimates', 'name': 'Analyst Estimates'}",EUR,1,TOP2500,MATRIX,1.0,0.8458,24,35,1.4,[],analyst10,Performance-Weighted Analyst Estimates,analyst,Analyst,analyst-analyst-estimates,Analyst Estimates
anl10_cpxnormal_increase_fy2,Number of analysts with normal positive revisions for capital expenditures FY2,"{'id': 'analyst10', 'name': 'Performance-Weighted Analyst Estimates'}","{'id': 'analyst', 'name': 'Analyst'}","{'id': 'analyst-analyst-estimates', 'name': 'Analyst Estimates'}",EUR,1,TOP2500,MATRIX,1.0,0.8375,23,36,1.4,[],analyst10,Performance-Weighted Analyst Estimates,analyst,Analyst,analyst-analyst-estimates,Analyst Estimates
anl10_cpxrevise_ratio_to_close_fy1,Ratio of delta consensus to adjusted close for capital expenditures FY1,"{'id': 'analyst10', 'name': 'Performance-Weighted Analyst Estimates'}","{'id': 'analyst', 'name': 'Analyst'}","{'id': 'analyst-analyst-estimates', 'name': 'Analyst Estimates'}",EUR,1,TOP2500,MATRIX,1.0,0.8442,21,30,1.4,[],analyst10,Performance-Weighted Analyst Estimates,analyst,Analyst,analyst-analyst-estimates,Analyst Estimates
anl10_cpxrevise_ratio_to_close_fy2,Ratio of delta consensus to adjusted close for capital expenditures FY2,"{'id': 'analyst10', 'name': 'Performance-Weighted Analyst Estimates'}","{'id': 'analyst', 'name': 'Analyst'}","{'id': 'analyst-analyst-estimates', 'name': 'Analyst Estimates'}",EUR,1,TOP2500,MATRIX,1.0,0.8358,24,26,1.4,[],analyst10,Performance-Weighted Analyst Estimates,analyst,Analyst,analyst-analyst-estimates,Analyst Estimates
anl10_cpxrevise_ratio_to_consensus_fy1,Consensus estimate value for capital expenditures FY1,"{'id': 'analyst10', 'name': 'Performance-Weighted Analyst Estimates'}","{'id': 'analyst', 'name': 'Analyst'}","{'id': 'analyst-analyst-estimates', 'name': 'Analyst Estimates'}",EUR,1,TOP2500,MATRIX,1.0,0.8442,23,27,1.4,[],analyst10,Performance-Weighted Analyst Estimates,analyst,Analyst,analyst-analyst-estimates,Analyst Estimates
anl10_cpxrevise_ratio_to_consensus_fy2,Consensus estimate value for capital expenditures FY2,"{'id': 'analyst10', 'name': 'Performance-Weighted Analyst Estimates'}","{'id': 'analyst', 'name': 'Analyst'}","{'id': 'analyst-analyst-estimates', 'name': 'Analyst Estimates'}",EUR,1,TOP2500,MATRIX,1.0,0.8358,20,20,1.4,[],analyst10,Performance-Weighted Analyst Estimates,analyst,Analyst,analyst-analyst-estimates,Analyst Estimates
anl10_cpxrevise_value_fy1,Delta consensus for capital expenditures FY1 (difference between old and current updated value),"{'id': 'analyst10', 'name': 'Performance-Weighted Analyst Estimates'}","{'id': 'analyst', 'name': 'Analyst'}","{'id': 'analyst-analyst-estimates', 'name': 'Analyst Estimates'}",EUR,1,TOP2500,MATRIX,1.0,0.8442,24,38,1.4,[],analyst10,Performance-Weighted Analyst Estimates,analyst,Analyst,analyst-analyst-estimates,Analyst Estimates
anl10_cpxrevise_value_fy2,Delta consensus for capital expenditures FY2 (difference between old and current updated value),"{'id': 'analyst10', 'name': 'Performance-Weighted Analyst Estimates'}","{'id': 'analyst', 'name': 'Analyst'}","{'id': 'analyst-analyst-estimates', 'name': 'Analyst Estimates'}",EUR,1,TOP2500,MATRIX,1.0,0.8358,27,31,1.4,[],analyst10,Performance-Weighted Analyst Estimates,analyst,Analyst,analyst-analyst-estimates,Analyst Estimates
anl10_cpxsmun_1qf,Sample/analyst number - indicating how many analysts contributed to that particular estimate or forecast for capital expenditures,"{'id': 'analyst10', 'name': 'Performance-Weighted Analyst Estimates'}","{'id': 'analyst', 'name': 'Analyst'}","{'id': 'analyst-analyst-estimates', 'name': 'Analyst Estimates'}",EUR,1,TOP2500,MATRIX,1.0,1.0,36,41,1.4,[],analyst10,Performance-Weighted Analyst Estimates,analyst,Analyst,analyst-analyst-estimates,Analyst Estimates
anl10_cpxsmun_1yf,Sample/analyst number - indicating how many analysts contributed to that particular estimate or forecast for capital expenditures,"{'id': 'analyst10', 'name': 'Performance-Weighted Analyst Estimates'}","{'id': 'analyst', 'name': 'Analyst'}","{'id': 'analyst-analyst-estimates', 'name': 'Analyst Estimates'}",EUR,1,TOP2500,MATRIX,1.0,1.0,24,34,1.4,[],analyst10,Performance-Weighted Analyst Estimates,analyst,Analyst,analyst-analyst-estimates,Analyst Estimates
anl10_cpxsmun_2qf,Sample/analyst number - indicating how many analysts contributed to that particular estimate or forecast for capital expenditures,"{'id': 'analyst10', 'name': 'Performance-Weighted Analyst Estimates'}","{'id': 'analyst', 'name': 'Analyst'}","{'id': 'analyst-analyst-estimates', 'name': 'Analyst Estimates'}",EUR,1,TOP2500,MATRIX,1.0,1.0,31,43,1.4,[],analyst10,Performance-Weighted Analyst Estimates,analyst,Analyst,analyst-analyst-estimates,Analyst Estimates
anl10_cpxsmun_2yf,Sample/analyst number - indicating how many analysts contributed to that particular estimate or forecast for capital expenditures,"{'id': 'analyst10', 'name': 'Performance-Weighted Analyst Estimates'}","{'id': 'analyst', 'name': 'Analyst'}","{'id': 'analyst-analyst-estimates', 'name': 'Analyst Estimates'}",EUR,1,TOP2500,MATRIX,1.0,1.0,32,37,1.4,[],analyst10,Performance-Weighted Analyst Estimates,analyst,Analyst,analyst-analyst-estimates,Analyst Estimates
anl10_cshff_760,Ff 760 for cash or cash equivalents,"{'id': 'analyst10', 'name': 'Performance-Weighted Analyst Estimates'}","{'id': 'analyst', 'name': 'Analyst'}","{'id': 'analyst-analyst-estimates', 'name': 'Analyst Estimates'}",EUR,1,TOP2500,MATRIX,1.0,1.0,45,57,1.4,[],analyst10,Performance-Weighted Analyst Estimates,analyst,Analyst,analyst-analyst-estimates,Analyst Estimates
anl10_cshfy1_consensus_787,Consensus estimate value for cash or cash equivalents FY1,"{'id': 'analyst10', 'name': 'Performance-Weighted Analyst Estimates'}","{'id': 'analyst', 'name': 'Analyst'}","{'id': 'analyst-analyst-estimates', 'name': 'Analyst Estimates'}",EUR,1,TOP2500,MATRIX,1.0,0.8933,23,34,1.4,[],analyst10,Performance-Weighted Analyst Estimates,analyst,Analyst,analyst-analyst-estimates,Analyst Estimates
anl10_cshfy1_pred_surps_v0_779,Predicted surprise version 0 for cash or cash equivalents for FY1 (calculated as (smart_ests - consensus)/consensus),"{'id': 'analyst10', 'name': 'Performance-Weighted Analyst Estimates'}","{'id': 'analyst', 'name': 'Analyst'}","{'id': 'analyst-analyst-estimates', 'name': 'Analyst Estimates'}",EUR,1,TOP2500,MATRIX,1.0,0.8933,25,27,1.4,[],analyst10,Performance-Weighted Analyst Estimates,analyst,Analyst,analyst-analyst-estimates,Analyst Estimates
anl10_cshfy1_pred_surps_v1_775,Predicted surprise version 1 for cash or cash equivalents for FY1 (calculated as (smart_ests - consensus)/consensus),"{'id': 'analyst10', 'name': 'Performance-Weighted Analyst Estimates'}","{'id': 'analyst', 'name': 'Analyst'}","{'id': 'analyst-analyst-estimates', 'name': 'Analyst Estimates'}",EUR,1,TOP2500,MATRIX,1.0,0.8933,22,25,1.4,[],analyst10,Performance-Weighted Analyst Estimates,analyst,Analyst,analyst-analyst-estimates,Analyst Estimates
anl10_cshfy1_pred_surps_v2_756,Predicted surprise version 2 for cash or cash equivalents for FY1 (calculated as (smart_ests - consensus)/consensus),"{'id': 'analyst10', 'name': 'Performance-Weighted Analyst Estimates'}","{'id': 'analyst', 'name': 'Analyst'}","{'id': 'analyst-analyst-estimates', 'name': 'Analyst Estimates'}",EUR,1,TOP2500,MATRIX,1.0,0.8933,22,44,1.4,[],analyst10,Performance-Weighted Analyst Estimates,analyst,Analyst,analyst-analyst-estimates,Analyst Estimates
anl10_cshfy1_smart_ests_v0_773,Smart estimates version 0 value for cash or cash equivalents for FY1,"{'id': 'analyst10', 'name': 'Performance-Weighted Analyst Estimates'}","{'id': 'analyst', 'name': 'Analyst'}","{'id': 'analyst-analyst-estimates', 'name': 'Analyst Estimates'}",EUR,1,TOP2500,MATRIX,1.0,0.8933,20,23,1.4,[],analyst10,Performance-Weighted Analyst Estimates,analyst,Analyst,analyst-analyst-estimates,Analyst Estimates
anl10_cshfy1_smart_ests_v1_764,Smart estimates version 1 value for cash or cash equivalents for FY1,"{'id': 'analyst10', 'name': 'Performance-Weighted Analyst Estimates'}","{'id': 'analyst', 'name': 'Analyst'}","{'id': 'analyst-analyst-estimates', 'name': 'Analyst Estimates'}",EUR,1,TOP2500,MATRIX,1.0,0.8933,21,32,1.4,[],analyst10,Performance-Weighted Analyst Estimates,analyst,Analyst,analyst-analyst-estimates,Analyst Estimates
anl10_cshfy1_smart_ests_v2_759,Smart estimates version 2 value for cash or cash equivalents for FY1,"{'id': 'analyst10', 'name': 'Performance-Weighted Analyst Estimates'}","{'id': 'analyst', 'name': 'Analyst'}","{'id': 'analyst-analyst-estimates', 'name': 'Analyst Estimates'}",EUR,1,TOP2500,MATRIX,1.0,0.8933,21,43,1.4,[],analyst10,Performance-Weighted Analyst Estimates,analyst,Analyst,analyst-analyst-estimates,Analyst Estimates
anl10_cshfy2_consensus_758,Consensus estimate value for cash or cash equivalents FY2,"{'id': 'analyst10', 'name': 'Performance-Weighted Analyst Estimates'}","{'id': 'analyst', 'name': 'Analyst'}","{'id': 'analyst-analyst-estimates', 'name': 'Analyst Estimates'}",EUR,1,TOP2500,MATRIX,1.0,0.8917,22,45,1.4,[],analyst10,Performance-Weighted Analyst Estimates,analyst,Analyst,analyst-analyst-estimates,Analyst Estimates
anl10_cshfy2_pred_surps_v0_766,Predicted surprise version 0 for cash or cash equivalents for FY2 (calculated as (smart_ests - consensus)/consensus),"{'id': 'analyst10', 'name': 'Performance-Weighted Analyst Estimates'}","{'id': 'analyst', 'name': 'Analyst'}","{'id': 'analyst-analyst-estimates', 'name': 'Analyst Estimates'}",EUR,1,TOP2500,MATRIX,1.0,0.8917,20,20,1.4,[],analyst10,Performance-Weighted Analyst Estimates,analyst,Analyst,analyst-analyst-estimates,Analyst Estimates
anl10_cshfy2_pred_surps_v1_763,Predicted surprise version 1 for cash or cash equivalents for FY2 (calculated as (smart_ests - consensus)/consensus),"{'id': 'analyst10', 'name': 'Performance-Weighted Analyst Estimates'}","{'id': 'analyst', 'name': 'Analyst'}","{'id': 'analyst-analyst-estimates', 'name': 'Analyst Estimates'}",EUR,1,TOP2500,MATRIX,1.0,0.8917,19,25,1.4,[],analyst10,Performance-Weighted Analyst Estimates,analyst,Analyst,analyst-analyst-estimates,Analyst Estimates
anl10_cshfy2_pred_surps_v2_785,Predicted surprise version 2 for cash or cash equivalents for FY2 (calculated as (smart_ests - consensus)/consensus),"{'id': 'analyst10', 'name': 'Performance-Weighted Analyst Estimates'}","{'id': 'analyst', 'name': 'Analyst'}","{'id': 'analyst-analyst-estimates', 'name': 'Analyst Estimates'}",EUR,1,TOP2500,MATRIX,1.0,0.8917,24,28,1.4,[],analyst10,Performance-Weighted Analyst Estimates,analyst,Analyst,analyst-analyst-estimates,Analyst Estimates
anl10_cshfy2_smart_ests_v0_777,Smart estimates version 0 value for cash or cash equivalents for FY2,"{'id': 'analyst10', 'name': 'Performance-Weighted Analyst Estimates'}","{'id': 'analyst', 'name': 'Analyst'}","{'id': 'analyst-analyst-estimates', 'name': 'Analyst Estimates'}",EUR,1,TOP2500,MATRIX,1.0,0.8917,24,36,1.4,[],analyst10,Performance-Weighted Analyst Estimates,analyst,Analyst,analyst-analyst-estimates,Analyst Estimates
anl10_cshfy2_smart_ests_v1_786,Smart estimates version 1 value for cash or cash equivalents for FY2,"{'id': 'analyst10', 'name': 'Performance-Weighted Analyst Estimates'}","{'id': 'analyst', 'name': 'Analyst'}","{'id': 'analyst-analyst-estimates', 'name': 'Analyst Estimates'}",EUR,1,TOP2500,MATRIX,1.0,0.8917,20,36,1.4,[],analyst10,Performance-Weighted Analyst Estimates,analyst,Analyst,analyst-analyst-estimates,Analyst Estimates
anl10_cshfy2_smart_ests_v2_792,Smart estimates version 2 value for cash or cash equivalents for FY2,"{'id': 'analyst10', 'name': 'Performance-Weighted Analyst Estimates'}","{'id': 'analyst', 'name': 'Analyst'}","{'id': 'analyst-analyst-estimates', 'name': 'Analyst Estimates'}",EUR,1,TOP2500,MATRIX,1.0,0.8917,18,54,1.4,[],analyst10,Performance-Weighted Analyst Estimates,analyst,Analyst,analyst-analyst-estimates,Analyst Estimates
anl10_cshinnovate_decrease_fy1,Number of analysts with innovative negative revisions for cash or cash equivalents FY1,"{'id': 'analyst10', 'name': 'Performance-Weighted Analyst Estimates'}","{'id': 'analyst', 'name': 'Analyst'}","{'id': 'analyst-analyst-estimates', 'name': 'Analyst Estimates'}",EUR,1,TOP2500,MATRIX,1.0,0.5892,19,23,1.4,[],analyst10,Performance-Weighted Analyst Estimates,analyst,Analyst,analyst-analyst-estimates,Analyst Estimates
anl10_cshinnovate_decrease_fy2,Number of analysts with innovative negative revisions for cash or cash equivalents FY2,"{'id': 'analyst10', 'name': 'Performance-Weighted Analyst Estimates'}","{'id': 'analyst', 'name': 'Analyst'}","{'id': 'analyst-analyst-estimates', 'name': 'Analyst Estimates'}",EUR,1,TOP2500,MATRIX,1.0,0.5858,19,20,1.4,[],analyst10,Performance-Weighted Analyst Estimates,analyst,Analyst,analyst-analyst-estimates,Analyst Estimates
anl10_cshinnovate_increase_fy1,Number of analysts with innovative positive revisions for cash or cash equivalents FY1,"{'id': 'analyst10', 'name': 'Performance-Weighted Analyst Estimates'}","{'id': 'analyst', 'name': 'Analyst'}","{'id': 'analyst-analyst-estimates', 'name': 'Analyst Estimates'}",EUR,1,TOP2500,MATRIX,1.0,0.5892,18,23,1.4,[],analyst10,Performance-Weighted Analyst Estimates,analyst,Analyst,analyst-analyst-estimates,Analyst Estimates
anl10_cshinnovate_increase_fy2,Number of analysts with innovative positive revisions for cash or cash equivalents FY2,"{'id': 'analyst10', 'name': 'Performance-Weighted Analyst Estimates'}","{'id': 'analyst', 'name': 'Analyst'}","{'id': 'analyst-analyst-estimates', 'name': 'Analyst Estimates'}",EUR,1,TOP2500,MATRIX,1.0,0.5858,22,34,1.4,[],analyst10,Performance-Weighted Analyst Estimates,analyst,Analyst,analyst-analyst-estimates,Analyst Estimates
anl10_cshinnovation_score_fy1,Innovation score for cash or cash equivalents FY1 (innovate_increase - innovate_decrease),"{'id': 'analyst10', 'name': 'Performance-Weighted Analyst Estimates'}","{'id': 'analyst', 'name': 'Analyst'}","{'id': 'analyst-analyst-estimates', 'name': 'Analyst Estimates'}",EUR,1,TOP2500,MATRIX,1.0,0.5892,20,29,1.4,[],analyst10,Performance-Weighted Analyst Estimates,analyst,Analyst,analyst-analyst-estimates,Analyst Estimates
anl10_cshinnovation_score_fy2,Innovation score for cash or cash equivalents FY2 (innovate_increase - innovate_decrease),"{'id': 'analyst10', 'name': 'Performance-Weighted Analyst Estimates'}","{'id': 'analyst', 'name': 'Analyst'}","{'id': 'analyst-analyst-estimates', 'name': 'Analyst Estimates'}",EUR,1,TOP2500,MATRIX,1.0,0.5858,19,27,1.4,[],analyst10,Performance-Weighted Analyst Estimates,analyst,Analyst,analyst-analyst-estimates,Analyst Estimates
anl10_cshnormal_decrease_fy1,Number of analysts with normal negative revisions for cash or cash equivalents FY1,"{'id': 'analyst10', 'name': 'Performance-Weighted Analyst Estimates'}","{'id': 'analyst', 'name': 'Analyst'}","{'id': 'analyst-analyst-estimates', 'name': 'Analyst Estimates'}",EUR,1,TOP2500,MATRIX,1.0,0.5892,20,24,1.4,[],analyst10,Performance-Weighted Analyst Estimates,analyst,Analyst,analyst-analyst-estimates,Analyst Estimates
anl10_cshnormal_decrease_fy2,Number of analysts with normal negative revisions for cash or cash equivalents FY2,"{'id': 'analyst10', 'name': 'Performance-Weighted Analyst Estimates'}","{'id': 'analyst', 'name': 'Analyst'}","{'id': 'analyst-analyst-estimates', 'name': 'Analyst Estimates'}",EUR,1,TOP2500,MATRIX,1.0,0.5858,21,24,1.4,[],analyst10,Performance-Weighted Analyst Estimates,analyst,Analyst,analyst-analyst-estimates,Analyst Estimates
anl10_cshnormal_increase_fy1,Number of analysts with normal positive revisions for cash or cash equivalents FY1,"{'id': 'analyst10', 'name': 'Performance-Weighted Analyst Estimates'}","{'id': 'analyst', 'name': 'Analyst'}","{'id': 'analyst-analyst-estimates', 'name': 'Analyst Estimates'}",EUR,1,TOP2500,MATRIX,1.0,0.5892,19,32,1.4,[],analyst10,Performance-Weighted Analyst Estimates,analyst,Analyst,analyst-analyst-estimates,Analyst Estimates
anl10_cshnormal_increase_fy2,Number of analysts with normal positive revisions for cash or cash equivalents FY2,"{'id': 'analyst10', 'name': 'Performance-Weighted Analyst Estimates'}","{'id': 'analyst', 'name': 'Analyst'}","{'id': 'analyst-analyst-estimates', 'name': 'Analyst Estimates'}",EUR,1,TOP2500,MATRIX,1.0,0.5858,20,32,1.4,[],analyst10,Performance-Weighted Analyst Estimates,analyst,Analyst,analyst-analyst-estimates,Analyst Estimates
anl10_cshrevise_ratio_to_close_fy1,Ratio of delta consensus to adjusted close for cash or cash equivalents FY1,"{'id': 'analyst10', 'name': 'Performance-Weighted Analyst Estimates'}","{'id': 'analyst', 'name': 'Analyst'}","{'id': 'analyst-analyst-estimates', 'name': 'Analyst Estimates'}",EUR,1,TOP2500,MATRIX,1.0,0.5883,21,27,1.4,[],analyst10,Performance-Weighted Analyst Estimates,analyst,Analyst,analyst-analyst-estimates,Analyst Estimates
anl10_cshrevise_ratio_to_close_fy2,Ratio of delta consensus to adjusted close for cash or cash equivalents FY2,"{'id': 'analyst10', 'name': 'Performance-Weighted Analyst Estimates'}","{'id': 'analyst', 'name': 'Analyst'}","{'id': 'analyst-analyst-estimates', 'name': 'Analyst Estimates'}",EUR,1,TOP2500,MATRIX,1.0,0.5858,23,23,1.4,[],analyst10,Performance-Weighted Analyst Estimates,analyst,Analyst,analyst-analyst-estimates,Analyst Estimates
anl10_cshrevise_ratio_to_consensus_fy1,Consensus estimate value for cash or cash equivalents FY1,"{'id': 'analyst10', 'name': 'Performance-Weighted Analyst Estimates'}","{'id': 'analyst', 'name': 'Analyst'}","{'id': 'analyst-analyst-estimates', 'name': 'Analyst Estimates'}",EUR,1,TOP2500,MATRIX,1.0,0.5883,20,25,1.4,[],analyst10,Performance-Weighted Analyst Estimates,analyst,Analyst,analyst-analyst-estimates,Analyst Estimates
anl10_cshrevise_ratio_to_consensus_fy2,Consensus estimate value for cash or cash equivalents FY2,"{'id': 'analyst10', 'name': 'Performance-Weighted Analyst Estimates'}","{'id': 'analyst', 'name': 'Analyst'}","{'id': 'analyst-analyst-estimates', 'name': 'Analyst Estimates'}",EUR,1,TOP2500,MATRIX,1.0,0.5858,19,27,1.4,[],analyst10,Performance-Weighted Analyst Estimates,analyst,Analyst,analyst-analyst-estimates,Analyst Estimates
anl10_cshrevise_value_fy1,Delta consensus for cash or cash equivalents FY1 (difference between old and current updated value),"{'id': 'analyst10', 'name': 'Performance-Weighted Analyst Estimates'}","{'id': 'analyst', 'name': 'Analyst'}","{'id': 'analyst-analyst-estimates', 'name': 'Analyst Estimates'}",EUR,1,TOP2500,MATRIX,1.0,0.5883,20,30,1.4,[],analyst10,Performance-Weighted Analyst Estimates,analyst,Analyst,analyst-analyst-estimates,Analyst Estimates
anl10_cshrevise_value_fy2,Delta consensus for cash or cash equivalents FY2 (difference between old and current updated value),"{'id': 'analyst10', 'name': 'Performance-Weighted Analyst Estimates'}","{'id': 'analyst', 'name': 'Analyst'}","{'id': 'analyst-analyst-estimates', 'name': 'Analyst Estimates'}",EUR,1,TOP2500,MATRIX,1.0,0.5858,20,36,1.4,[],analyst10,Performance-Weighted Analyst Estimates,analyst,Analyst,analyst-analyst-estimates,Analyst Estimates
anl10_cshsmun_1qf_765,Sample/analyst number - indicating how many analysts contributed to that particular estimate or forecast for cash or cash equivalents,"{'id': 'analyst10', 'name': 'Performance-Weighted Analyst Estimates'}","{'id': 'analyst', 'name': 'Analyst'}","{'id': 'analyst-analyst-estimates', 'name': 'Analyst Estimates'}",EUR,1,TOP2500,MATRIX,1.0,0.8992,27,29,1.4,[],analyst10,Performance-Weighted Analyst Estimates,analyst,Analyst,analyst-analyst-estimates,Analyst Estimates
anl10_cshsmun_1yf_795,Sample/analyst number - indicating how many analysts contributed to that particular estimate or forecast for cash or cash equivalents,"{'id': 'analyst10', 'name': 'Performance-Weighted Analyst Estimates'}","{'id': 'analyst', 'name': 'Analyst'}","{'id': 'analyst-analyst-estimates', 'name': 'Analyst Estimates'}",EUR,1,TOP2500,MATRIX,1.0,0.8992,21,23,1.4,[],analyst10,Performance-Weighted Analyst Estimates,analyst,Analyst,analyst-analyst-estimates,Analyst Estimates
anl10_cshsmun_2qf_783,Sample/analyst number - indicating how many analysts contributed to that particular estimate or forecast for cash or cash equivalents,"{'id': 'analyst10', 'name': 'Performance-Weighted Analyst Estimates'}","{'id': 'analyst', 'name': 'Analyst'}","{'id': 'analyst-analyst-estimates', 'name': 'Analyst Estimates'}",EUR,1,TOP2500,MATRIX,1.0,0.8992,24,49,1.4,[],analyst10,Performance-Weighted Analyst Estimates,analyst,Analyst,analyst-analyst-estimates,Analyst Estimates
anl10_cshsmun_2yf_788,Sample/analyst number - indicating how many analysts contributed to that particular estimate or forecast for cash or cash equivalents,"{'id': 'analyst10', 'name': 'Performance-Weighted Analyst Estimates'}","{'id': 'analyst', 'name': 'Analyst'}","{'id': 'analyst-analyst-estimates', 'name': 'Analyst Estimates'}",EUR,1,TOP2500,MATRIX,1.0,0.8992,21,21,1.4,[],analyst10,Performance-Weighted Analyst Estimates,analyst,Analyst,analyst-analyst-estimates,Analyst Estimates
anl10_dpsff,Dividends per share - field format,"{'id': 'analyst10', 'name': 'Performance-Weighted Analyst Estimates'}","{'id': 'analyst', 'name': 'Analyst'}","{'id': 'analyst-analyst-estimates', 'name': 'Analyst Estimates'}",EUR,1,TOP2500,MATRIX,1.0,1.0,24,41,1.4,[],analyst10,Performance-Weighted Analyst Estimates,analyst,Analyst,analyst-analyst-estimates,Analyst Estimates
anl10_dpsfy1_consensus,Consensus estimate value for dividends per share FY1,"{'id': 'analyst10', 'name': 'Performance-Weighted Analyst Estimates'}","{'id': 'analyst', 'name': 'Analyst'}","{'id': 'analyst-analyst-estimates', 'name': 'Analyst Estimates'}",EUR,1,TOP2500,MATRIX,1.0,1.0,37,50,1.4,[],analyst10,Performance-Weighted Analyst Estimates,analyst,Analyst,analyst-analyst-estimates,Analyst Estimates
anl10_dpsfy1_pred_surps_v0,Predicted surprise version 0 for dividends per share for FY1 (calculated as (smart_ests - consensus)/consensus),"{'id': 'analyst10', 'name': 'Performance-Weighted Analyst Estimates'}","{'id': 'analyst', 'name': 'Analyst'}","{'id': 'analyst-analyst-estimates', 'name': 'Analyst Estimates'}",EUR,1,TOP2500,MATRIX,1.0,1.0,35,44,1.4,[],analyst10,Performance-Weighted Analyst Estimates,analyst,Analyst,analyst-analyst-estimates,Analyst Estimates
anl10_dpsfy1_pred_surps_v1,Predicted surprise version 1 for dividends per share for FY1 (calculated as (smart_ests - consensus)/consensus),"{'id': 'analyst10', 'name': 'Performance-Weighted Analyst Estimates'}","{'id': 'analyst', 'name': 'Analyst'}","{'id': 'analyst-analyst-estimates', 'name': 'Analyst Estimates'}",EUR,1,TOP2500,MATRIX,1.0,1.0,58,69,1.4,[],analyst10,Performance-Weighted Analyst Estimates,analyst,Analyst,analyst-analyst-estimates,Analyst Estimates
anl10_dpsfy1_pred_surps_v2,Predicted surprise version 2 for dividends per share for FY1 (calculated as (smart_ests - consensus)/consensus),"{'id': 'analyst10', 'name': 'Performance-Weighted Analyst Estimates'}","{'id': 'analyst', 'name': 'Analyst'}","{'id': 'analyst-analyst-estimates', 'name': 'Analyst Estimates'}",EUR,1,TOP2500,MATRIX,1.0,1.0,21,66,1.4,[],analyst10,Performance-Weighted Analyst Estimates,analyst,Analyst,analyst-analyst-estimates,Analyst Estimates
anl10_dpsfy1_smart_ests_v0,Smart estimates version 0 value for dividends per share for FY1,"{'id': 'analyst10', 'name': 'Performance-Weighted Analyst Estimates'}","{'id': 'analyst', 'name': 'Analyst'}","{'id': 'analyst-analyst-estimates', 'name': 'Analyst Estimates'}",EUR,1,TOP2500,MATRIX,1.0,1.0,25,33,1.4,[],analyst10,Performance-Weighted Analyst Estimates,analyst,Analyst,analyst-analyst-estimates,Analyst Estimates
anl10_dpsfy1_smart_ests_v1,Smart estimates version 1 value for dividends per share for FY1,"{'id': 'analyst10', 'name': 'Performance-Weighted Analyst Estimates'}","{'id': 'analyst', 'name': 'Analyst'}","{'id': 'analyst-analyst-estimates', 'name': 'Analyst Estimates'}",EUR,1,TOP2500,MATRIX,1.0,1.0,27,42,1.4,[],analyst10,Performance-Weighted Analyst Estimates,analyst,Analyst,analyst-analyst-estimates,Analyst Estimates
anl10_dpsfy1_smart_ests_v2,Smart estimates version 2 value for dividends per share for FY1,"{'id': 'analyst10', 'name': 'Performance-Weighted Analyst Estimates'}","{'id': 'analyst', 'name': 'Analyst'}","{'id': 'analyst-analyst-estimates', 'name': 'Analyst Estimates'}",EUR,1,TOP2500,MATRIX,1.0,1.0,25,26,1.4,[],analyst10,Performance-Weighted Analyst Estimates,analyst,Analyst,analyst-analyst-estimates,Analyst Estimates
anl10_dpsfy2_consensus,Consensus estimate value for dividends per share FY2,"{'id': 'analyst10', 'name': 'Performance-Weighted Analyst Estimates'}","{'id': 'analyst', 'name': 'Analyst'}","{'id': 'analyst-analyst-estimates', 'name': 'Analyst Estimates'}",EUR,1,TOP2500,MATRIX,1.0,1.0,29,41,1.4,[],analyst10,Performance-Weighted Analyst Estimates,analyst,Analyst,analyst-analyst-estimates,Analyst Estimates
anl10_dpsfy2_pred_surps_v0,Predicted surprise version 0 for dividends per share for FY2 (calculated as (smart_ests - consensus)/consensus),"{'id': 'analyst10', 'name': 'Performance-Weighted Analyst Estimates'}","{'id': 'analyst', 'name': 'Analyst'}","{'id': 'analyst-analyst-estimates', 'name': 'Analyst Estimates'}",EUR,1,TOP2500,MATRIX,1.0,1.0,27,35,1.4,[],analyst10,Performance-Weighted Analyst Estimates,analyst,Analyst,analyst-analyst-estimates,Analyst Estimates
anl10_dpsfy2_pred_surps_v1,Predicted surprise version 1 for dividends per share for FY2 (calculated as (smart_ests - consensus)/consensus),"{'id': 'analyst10', 'name': 'Performance-Weighted Analyst Estimates'}","{'id': 'analyst', 'name': 'Analyst'}","{'id': 'analyst-analyst-estimates', 'name': 'Analyst Estimates'}",EUR,1,TOP2500,MATRIX,1.0,1.0,30,48,1.4,[],analyst10,Performance-Weighted Analyst Estimates,analyst,Analyst,analyst-analyst-estimates,Analyst Estimates
anl10_dpsfy2_pred_surps_v2,Predicted surprise version 2 for dividends per share for FY2 (calculated as (smart_ests - consensus)/consensus),"{'id': 'analyst10', 'name': 'Performance-Weighted Analyst Estimates'}","{'id': 'analyst', 'name': 'Analyst'}","{'id': 'analyst-analyst-estimates', 'name': 'Analyst Estimates'}",EUR,1,TOP2500,MATRIX,1.0,1.0,23,57,1.4,[],analyst10,Performance-Weighted Analyst Estimates,analyst,Analyst,analyst-analyst-estimates,Analyst Estimates
anl10_dpsfy2_smart_ests_v0,Smart estimates version 0 value for dividends per share for FY2,"{'id': 'analyst10', 'name': 'Performance-Weighted Analyst Estimates'}","{'id': 'analyst', 'name': 'Analyst'}","{'id': 'analyst-analyst-estimates', 'name': 'Analyst Estimates'}",EUR,1,TOP2500,MATRIX,1.0,1.0,22,38,1.4,[],analyst10,Performance-Weighted Analyst Estimates,analyst,Analyst,analyst-analyst-estimates,Analyst Estimates
anl10_dpsfy2_smart_ests_v1,Smart estimates version 1 value for dividends per share for FY2,"{'id': 'analyst10', 'name': 'Performance-Weighted Analyst Estimates'}","{'id': 'analyst', 'name': 'Analyst'}","{'id': 'analyst-analyst-estimates', 'name': 'Analyst Estimates'}",EUR,1,TOP2500,MATRIX,1.0,1.0,23,59,1.4,[],analyst10,Performance-Weighted Analyst Estimates,analyst,Analyst,analyst-analyst-estimates,Analyst Estimates
anl10_dpsfy2_smart_ests_v2,Smart estimates version 2 value for dividends per share for FY2,"{'id': 'analyst10', 'name': 'Performance-Weighted Analyst Estimates'}","{'id': 'analyst', 'name': 'Analyst'}","{'id': 'analyst-analyst-estimates', 'name': 'Analyst Estimates'}",EUR,1,TOP2500,MATRIX,1.0,1.0,20,64,1.4,[],analyst10,Performance-Weighted Analyst Estimates,analyst,Analyst,analyst-analyst-estimates,Analyst Estimates
anl10_dpsinnovate_decrease_fy1,Number of analysts with innovative negative revisions for dividends per share FY1,"{'id': 'analyst10', 'name': 'Performance-Weighted Analyst Estimates'}","{'id': 'analyst', 'name': 'Analyst'}","{'id': 'analyst-analyst-estimates', 'name': 'Analyst Estimates'}",EUR,1,TOP2500,MATRIX,1.0,0.9808,20,24,1.4,[],analyst10,Performance-Weighted Analyst Estimates,analyst,Analyst,analyst-analyst-estimates,Analyst Estimates
anl10_dpsinnovate_decrease_fy2,Number of analysts with innovative negative revisions for dividends per share FY2,"{'id': 'analyst10', 'name': 'Performance-Weighted Analyst Estimates'}","{'id': 'analyst', 'name': 'Analyst'}","{'id': 'analyst-analyst-estimates', 'name': 'Analyst Estimates'}",EUR,1,TOP2500,MATRIX,1.0,0.9825,40,59,1.4,[],analyst10,Performance-Weighted Analyst Estimates,analyst,Analyst,analyst-analyst-estimates,Analyst Estimates
anl10_dpsinnovate_increase_fy1,Number of analysts with innovative positive revisions for dividends per share FY1,"{'id': 'analyst10', 'name': 'Performance-Weighted Analyst Estimates'}","{'id': 'analyst', 'name': 'Analyst'}","{'id': 'analyst-analyst-estimates', 'name': 'Analyst Estimates'}",EUR,1,TOP2500,MATRIX,1.0,0.9808,21,49,1.4,[],analyst10,Performance-Weighted Analyst Estimates,analyst,Analyst,analyst-analyst-estimates,Analyst Estimates
anl10_dpsinnovate_increase_fy2,Number of analysts with innovative positive revisions for dividends per share FY2,"{'id': 'analyst10', 'name': 'Performance-Weighted Analyst Estimates'}","{'id': 'analyst', 'name': 'Analyst'}","{'id': 'analyst-analyst-estimates', 'name': 'Analyst Estimates'}",EUR,1,TOP2500,MATRIX,1.0,0.9825,19,34,1.4,[],analyst10,Performance-Weighted Analyst Estimates,analyst,Analyst,analyst-analyst-estimates,Analyst Estimates
anl10_dpsinnovation_score_fy1,Innovation score for dividends per share FY1 (innovate_increase - innovate_decrease),"{'id': 'analyst10', 'name': 'Performance-Weighted Analyst Estimates'}","{'id': 'analyst', 'name': 'Analyst'}","{'id': 'analyst-analyst-estimates', 'name': 'Analyst Estimates'}",EUR,1,TOP2500,MATRIX,1.0,0.9808,22,37,1.4,[],analyst10,Performance-Weighted Analyst Estimates,analyst,Analyst,analyst-analyst-estimates,Analyst Estimates
anl10_dpsinnovation_score_fy2,Innovation score for dividends per share FY2 (innovate_increase - innovate_decrease),"{'id': 'analyst10', 'name': 'Performance-Weighted Analyst Estimates'}","{'id': 'analyst', 'name': 'Analyst'}","{'id': 'analyst-analyst-estimates', 'name': 'Analyst Estimates'}",EUR,1,TOP2500,MATRIX,1.0,0.9825,25,26,1.4,[],analyst10,Performance-Weighted Analyst Estimates,analyst,Analyst,analyst-analyst-estimates,Analyst Estimates
anl10_dpsnormal_decrease_fy2,Number of analysts with normal negative revisions for dividends per share FY2,"{'id': 'analyst10', 'name': 'Performance-Weighted Analyst Estimates'}","{'id': 'analyst', 'name': 'Analyst'}","{'id': 'analyst-analyst-estimates', 'name': 'Analyst Estimates'}",EUR,1,TOP2500,MATRIX,1.0,0.9825,19,38,1.4,[],analyst10,Performance-Weighted Analyst Estimates,analyst,Analyst,analyst-analyst-estimates,Analyst Estimates
anl10_dpsrevise_ratio_to_close_fy1,Ratio of delta consensus to adjusted close for dividends per share FY1,"{'id': 'analyst10', 'name': 'Performance-Weighted Analyst Estimates'}","{'id': 'analyst', 'name': 'Analyst'}","{'id': 'analyst-analyst-estimates', 'name': 'Analyst Estimates'}",EUR,1,TOP2500,MATRIX,1.0,0.895,19,29,1.4,[],analyst10,Performance-Weighted Analyst Estimates,analyst,Analyst,analyst-analyst-estimates,Analyst Estimates
anl10_dpsrevise_ratio_to_close_fy2,Ratio of delta consensus to adjusted close for dividends per share FY2,"{'id': 'analyst10', 'name': 'Performance-Weighted Analyst Estimates'}","{'id': 'analyst', 'name': 'Analyst'}","{'id': 'analyst-analyst-estimates', 'name': 'Analyst Estimates'}",EUR,1,TOP2500,MATRIX,1.0,0.905,19,29,1.4,[],analyst10,Performance-Weighted Analyst Estimates,analyst,Analyst,analyst-analyst-estimates,Analyst Estimates
anl10_dpsrevise_ratio_to_consensus_fy1,Consensus estimate value for dividends per share FY1,"{'id': 'analyst10', 'name': 'Performance-Weighted Analyst Estimates'}","{'id': 'analyst', 'name': 'Analyst'}","{'id': 'analyst-analyst-estimates', 'name': 'Analyst Estimates'}",EUR,1,TOP2500,MATRIX,1.0,0.895,20,36,1.4,[],analyst10,Performance-Weighted Analyst Estimates,analyst,Analyst,analyst-analyst-estimates,Analyst Estimates
anl10_dpsrevise_ratio_to_consensus_fy2,Consensus estimate value for dividends per share FY2,"{'id': 'analyst10', 'name': 'Performance-Weighted Analyst Estimates'}","{'id': 'analyst', 'name': 'Analyst'}","{'id': 'analyst-analyst-estimates', 'name': 'Analyst Estimates'}",EUR,1,TOP2500,MATRIX,1.0,0.905,19,38,1.4,[],analyst10,Performance-Weighted Analyst Estimates,analyst,Analyst,analyst-analyst-estimates,Analyst Estimates
anl10_dpsrevise_value_fy1,Delta consensus for dividends per share FY1 (difference between old and current updated value),"{'id': 'analyst10', 'name': 'Performance-Weighted Analyst Estimates'}","{'id': 'analyst', 'name': 'Analyst'}","{'id': 'analyst-analyst-estimates', 'name': 'Analyst Estimates'}",EUR,1,TOP2500,MATRIX,1.0,0.895,19,22,1.4,[],analyst10,Performance-Weighted Analyst Estimates,analyst,Analyst,analyst-analyst-estimates,Analyst Estimates
anl10_dpsrevise_value_fy2,Delta consensus for dividends per share FY2 (difference between old and current updated value),"{'id': 'analyst10', 'name': 'Performance-Weighted Analyst Estimates'}","{'id': 'analyst', 'name': 'Analyst'}","{'id': 'analyst-analyst-estimates', 'name': 'Analyst Estimates'}",EUR,1,TOP2500,MATRIX,1.0,0.905,19,28,1.4,[],analyst10,Performance-Weighted Analyst Estimates,analyst,Analyst,analyst-analyst-estimates,Analyst Estimates
anl10_dpssmun_1qf,Sample/analyst number - indicating how many analysts contributed to that particular estimate or forecast for dividends per share,"{'id': 'analyst10', 'name': 'Performance-Weighted Analyst Estimates'}","{'id': 'analyst', 'name': 'Analyst'}","{'id': 'analyst-analyst-estimates', 'name': 'Analyst Estimates'}",EUR,1,TOP2500,MATRIX,1.0,1.0,21,36,1.4,[],analyst10,Performance-Weighted Analyst Estimates,analyst,Analyst,analyst-analyst-estimates,Analyst Estimates
anl10_dpssmun_1yf,Sample/analyst number - indicating how many analysts contributed to that particular estimate or forecast for dividends per share,"{'id': 'analyst10', 'name': 'Performance-Weighted Analyst Estimates'}","{'id': 'analyst', 'name': 'Analyst'}","{'id': 'analyst-analyst-estimates', 'name': 'Analyst Estimates'}",EUR,1,TOP2500,MATRIX,1.0,1.0,24,30,1.4,[],analyst10,Performance-Weighted Analyst Estimates,analyst,Analyst,analyst-analyst-estimates,Analyst Estimates
anl10_dpssmun_2qf,Sample/analyst number - indicating how many analysts contributed to that particular estimate or forecast for dividends per share,"{'id': 'analyst10', 'name': 'Performance-Weighted Analyst Estimates'}","{'id': 'analyst', 'name': 'Analyst'}","{'id': 'analyst-analyst-estimates', 'name': 'Analyst Estimates'}",EUR,1,TOP2500,MATRIX,1.0,1.0,17,17,1.4,[],analyst10,Performance-Weighted Analyst Estimates,analyst,Analyst,analyst-analyst-estimates,Analyst Estimates
anl10_dpssmun_2yf,Sample/analyst number - indicating how many analysts contributed to that particular estimate or forecast for dividends per share,"{'id': 'analyst10', 'name': 'Performance-Weighted Analyst Estimates'}","{'id': 'analyst', 'name': 'Analyst'}","{'id': 'analyst-analyst-estimates', 'name': 'Analyst Estimates'}",EUR,1,TOP2500,MATRIX,1.0,1.0,17,22,1.4,[],analyst10,Performance-Weighted Analyst Estimates,analyst,Analyst,analyst-analyst-estimates,Analyst Estimates
anl10_ebiff_7,Ff 7 for earnings before interest,"{'id': 'analyst10', 'name': 'Performance-Weighted Analyst Estimates'}","{'id': 'analyst', 'name': 'Analyst'}","{'id': 'analyst-analyst-estimates', 'name': 'Analyst Estimates'}",EUR,1,TOP2500,MATRIX,1.0,1.0,20,42,1.4,[],analyst10,Performance-Weighted Analyst Estimates,analyst,Analyst,analyst-analyst-estimates,Analyst Estimates
anl10_ebifq1_consensus_32,Consensus estimate value for earnings before interest Q1,"{'id': 'analyst10', 'name': 'Performance-Weighted Analyst Estimates'}","{'id': 'analyst', 'name': 'Analyst'}","{'id': 'analyst-analyst-estimates', 'name': 'Analyst Estimates'}",EUR,1,TOP2500,MATRIX,1.0,0.5408,30,41,1.4,[],analyst10,Performance-Weighted Analyst Estimates,analyst,Analyst,analyst-analyst-estimates,Analyst Estimates
anl10_ebifq1_pred_surps_v0_40,Predicted surprise version 0 for earnings before interest for Q1 (calculated as (smart_ests - consensus)/consensus),"{'id': 'analyst10', 'name': 'Performance-Weighted Analyst Estimates'}","{'id': 'analyst', 'name': 'Analyst'}","{'id': 'analyst-analyst-estimates', 'name': 'Analyst Estimates'}",EUR,1,TOP2500,MATRIX,1.0,0.5408,24,32,1.4,[],analyst10,Performance-Weighted Analyst Estimates,analyst,Analyst,analyst-analyst-estimates,Analyst Estimates
anl10_ebifq1_pred_surps_v1_29,Predicted surprise version 1 for earnings before interest for Q1 (calculated as (smart_ests - consensus)/consensus),"{'id': 'analyst10', 'name': 'Performance-Weighted Analyst Estimates'}","{'id': 'analyst', 'name': 'Analyst'}","{'id': 'analyst-analyst-estimates', 'name': 'Analyst Estimates'}",EUR,1,TOP2500,MATRIX,1.0,0.5408,20,42,1.4,[],analyst10,Performance-Weighted Analyst Estimates,analyst,Analyst,analyst-analyst-estimates,Analyst Estimates
anl10_ebifq1_pred_surps_v2_9,Predicted surprise version 2 for earnings before interest for Q1 (calculated as (smart_ests - consensus)/consensus),"{'id': 'analyst10', 'name': 'Performance-Weighted Analyst Estimates'}","{'id': 'analyst', 'name': 'Analyst'}","{'id': 'analyst-analyst-estimates', 'name': 'Analyst Estimates'}",EUR,1,TOP2500,MATRIX,1.0,0.5408,16,23,1.4,[],analyst10,Performance-Weighted Analyst Estimates,analyst,Analyst,analyst-analyst-estimates,Analyst Estimates
anl10_ebifq1_smart_ests_v0_21,Smart estimates version 0 value for earnings before interest for Q1,"{'id': 'analyst10', 'name': 'Performance-Weighted Analyst Estimates'}","{'id': 'analyst', 'name': 'Analyst'}","{'id': 'analyst-analyst-estimates', 'name': 'Analyst Estimates'}",EUR,1,TOP2500,MATRIX,1.0,0.5408,35,41,1.4,[],analyst10,Performance-Weighted Analyst Estimates,analyst,Analyst,analyst-analyst-estimates,Analyst Estimates
anl10_ebifq1_smart_ests_v1_16,Smart estimates version 1 value for earnings before interest for Q1,"{'id': 'analyst10', 'name': 'Performance-Weighted Analyst Estimates'}","{'id': 'analyst', 'name': 'Analyst'}","{'id': 'analyst-analyst-estimates', 'name': 'Analyst Estimates'}",EUR,1,TOP2500,MATRIX,1.0,0.5408,32,38,1.4,[],analyst10,Performance-Weighted Analyst Estimates,analyst,Analyst,analyst-analyst-estimates,Analyst Estimates
anl10_ebifq1_smart_ests_v2_19,Smart estimates version 2 value for earnings before interest for Q1,"{'id': 'analyst10', 'name': 'Performance-Weighted Analyst Estimates'}","{'id': 'analyst', 'name': 'Analyst'}","{'id': 'analyst-analyst-estimates', 'name': 'Analyst Estimates'}",EUR,1,TOP2500,MATRIX,1.0,0.5408,25,35,1.4,[],analyst10,Performance-Weighted Analyst Estimates,analyst,Analyst,analyst-analyst-estimates,Analyst Estimates
anl10_ebifq2_consensus_10,Consensus estimate value for earnings before interest Q2,"{'id': 'analyst10', 'name': 'Performance-Weighted Analyst Estimates'}","{'id': 'analyst', 'name': 'Analyst'}","{'id': 'analyst-analyst-estimates', 'name': 'Analyst Estimates'}",EUR,1,TOP2500,MATRIX,1.0,0.4292,17,44,1.4,[],analyst10,Performance-Weighted Analyst Estimates,analyst,Analyst,analyst-analyst-estimates,Analyst Estimates
anl10_ebifq2_pred_surps_v0_37,Predicted surprise version 0 for earnings before interest for Q2 (calculated as (smart_ests - consensus)/consensus),"{'id': 'analyst10', 'name': 'Performance-Weighted Analyst Estimates'}","{'id': 'analyst', 'name': 'Analyst'}","{'id': 'analyst-analyst-estimates', 'name': 'Analyst Estimates'}",EUR,1,TOP2500,MATRIX,1.0,0.4292,18,32,1.4,[],analyst10,Performance-Weighted Analyst Estimates,analyst,Analyst,analyst-analyst-estimates,Analyst Estimates
anl10_ebifq2_pred_surps_v1_34,Predicted surprise version 1 for earnings before interest for Q2 (calculated as (smart_ests - consensus)/consensus),"{'id': 'analyst10', 'name': 'Performance-Weighted Analyst Estimates'}","{'id': 'analyst', 'name': 'Analyst'}","{'id': 'analyst-analyst-estimates', 'name': 'Analyst Estimates'}",EUR,1,TOP2500,MATRIX,1.0,0.4292,17,18,1.4,[],analyst10,Performance-Weighted Analyst Estimates,analyst,Analyst,analyst-analyst-estimates,Analyst Estimates
anl10_ebifq2_pred_surps_v2_26,Predicted surprise version 2 for earnings before interest for Q2 (calculated as (smart_ests - consensus)/consensus),"{'id': 'analyst10', 'name': 'Performance-Weighted Analyst Estimates'}","{'id': 'analyst', 'name': 'Analyst'}","{'id': 'analyst-analyst-estimates', 'name': 'Analyst Estimates'}",EUR,1,TOP2500,MATRIX,1.0,0.4292,17,30,1.4,[],analyst10,Performance-Weighted Analyst Estimates,analyst,Analyst,analyst-analyst-estimates,Analyst Estimates
anl10_ebifq2_smart_ests_v0_38,Smart estimates version 0 value for earnings before interest for Q2,"{'id': 'analyst10', 'name': 'Performance-Weighted Analyst Estimates'}","{'id': 'analyst', 'name': 'Analyst'}","{'id': 'analyst-analyst-estimates', 'name': 'Analyst Estimates'}",EUR,1,TOP2500,MATRIX,1.0,0.4292,17,40,1.4,[],analyst10,Performance-Weighted Analyst Estimates,analyst,Analyst,analyst-analyst-estimates,Analyst Estimates
anl10_ebifq2_smart_ests_v1_3,Smart estimates version 1 value for earnings before interest for Q2,"{'id': 'analyst10', 'name': 'Performance-Weighted Analyst Estimates'}","{'id': 'analyst', 'name': 'Analyst'}","{'id': 'analyst-analyst-estimates', 'name': 'Analyst Estimates'}",EUR,1,TOP2500,MATRIX,1.0,0.4292,16,30,1.4,[],analyst10,Performance-Weighted Analyst Estimates,analyst,Analyst,analyst-analyst-estimates,Analyst Estimates
anl10_ebifq2_smart_ests_v2_27,Smart estimates version 2 value for earnings before interest for Q2,"{'id': 'analyst10', 'name': 'Performance-Weighted Analyst Estimates'}","{'id': 'analyst', 'name': 'Analyst'}","{'id': 'analyst-analyst-estimates', 'name': 'Analyst Estimates'}",EUR,1,TOP2500,MATRIX,1.0,0.4292,18,35,1.4,[],analyst10,Performance-Weighted Analyst Estimates,analyst,Analyst,analyst-analyst-estimates,Analyst Estimates
anl10_ebify1_consensus_17,Consensus estimate value for earnings before interest FY1,"{'id': 'analyst10', 'name': 'Performance-Weighted Analyst Estimates'}","{'id': 'analyst', 'name': 'Analyst'}","{'id': 'analyst-analyst-estimates', 'name': 'Analyst Estimates'}",EUR,1,TOP2500,MATRIX,1.0,1.0,36,42,1.4,[],analyst10,Performance-Weighted Analyst Estimates,analyst,Analyst,analyst-analyst-estimates,Analyst Estimates
anl10_ebify1_pred_surps_v0_12,Predicted surprise version 0 for earnings before interest for FY1 (calculated as (smart_ests - consensus)/consensus),"{'id': 'analyst10', 'name': 'Performance-Weighted Analyst Estimates'}","{'id': 'analyst', 'name': 'Analyst'}","{'id': 'analyst-analyst-estimates', 'name': 'Analyst Estimates'}",EUR,1,TOP2500,MATRIX,1.0,1.0,33,48,1.4,[],analyst10,Performance-Weighted Analyst Estimates,analyst,Analyst,analyst-analyst-estimates,Analyst Estimates
anl10_ebify1_pred_surps_v1_18,Predicted surprise version 1 for earnings before interest for FY1 (calculated as (smart_ests - consensus)/consensus),"{'id': 'analyst10', 'name': 'Performance-Weighted Analyst Estimates'}","{'id': 'analyst', 'name': 'Analyst'}","{'id': 'analyst-analyst-estimates', 'name': 'Analyst Estimates'}",EUR,1,TOP2500,MATRIX,1.0,1.0,26,38,1.4,[],analyst10,Performance-Weighted Analyst Estimates,analyst,Analyst,analyst-analyst-estimates,Analyst Estimates
anl10_ebify1_pred_surps_v2_36,Predicted surprise version 2 for earnings before interest for FY1 (calculated as (smart_ests - consensus)/consensus),"{'id': 'analyst10', 'name': 'Performance-Weighted Analyst Estimates'}","{'id': 'analyst', 'name': 'Analyst'}","{'id': 'analyst-analyst-estimates', 'name': 'Analyst Estimates'}",EUR,1,TOP2500,MATRIX,1.0,1.0,26,38,1.4,[],analyst10,Performance-Weighted Analyst Estimates,analyst,Analyst,analyst-analyst-estimates,Analyst Estimates
anl10_ebify1_smart_ests_v0_15,Smart estimates version 0 value for earnings before interest for FY1,"{'id': 'analyst10', 'name': 'Performance-Weighted Analyst Estimates'}","{'id': 'analyst', 'name': 'Analyst'}","{'id': 'analyst-analyst-estimates', 'name': 'Analyst Estimates'}",EUR,1,TOP2500,MATRIX,1.0,1.0,24,33,1.4,[],analyst10,Performance-Weighted Analyst Estimates,analyst,Analyst,analyst-analyst-estimates,Analyst Estimates
anl10_ebify1_smart_ests_v1_1,Smart estimates version 1 value for earnings before interest for FY1,"{'id': 'analyst10', 'name': 'Performance-Weighted Analyst Estimates'}","{'id': 'analyst', 'name': 'Analyst'}","{'id': 'analyst-analyst-estimates', 'name': 'Analyst Estimates'}",EUR,1,TOP2500,MATRIX,1.0,1.0,24,43,1.4,[],analyst10,Performance-Weighted Analyst Estimates,analyst,Analyst,analyst-analyst-estimates,Analyst Estimates
anl10_ebify1_smart_ests_v2_25,Smart estimates version 2 value for earnings before interest for FY1,"{'id': 'analyst10', 'name': 'Performance-Weighted Analyst Estimates'}","{'id': 'analyst', 'name': 'Analyst'}","{'id': 'analyst-analyst-estimates', 'name': 'Analyst Estimates'}",EUR,1,TOP2500,MATRIX,1.0,1.0,25,33,1.4,[],analyst10,Performance-Weighted Analyst Estimates,analyst,Analyst,analyst-analyst-estimates,Analyst Estimates
anl10_ebify2_consensus_39,Consensus estimate value for earnings before interest FY2,"{'id': 'analyst10', 'name': 'Performance-Weighted Analyst Estimates'}","{'id': 'analyst', 'name': 'Analyst'}","{'id': 'analyst-analyst-estimates', 'name': 'Analyst Estimates'}",EUR,1,TOP2500,MATRIX,1.0,1.0,24,30,1.4,[],analyst10,Performance-Weighted Analyst Estimates,analyst,Analyst,analyst-analyst-estimates,Analyst Estimates
anl10_ebify2_pred_surps_v0_5,Predicted surprise version 0 for earnings before interest for FY2 (calculated as (smart_ests - consensus)/consensus),"{'id': 'analyst10', 'name': 'Performance-Weighted Analyst Estimates'}","{'id': 'analyst', 'name': 'Analyst'}","{'id': 'analyst-analyst-estimates', 'name': 'Analyst Estimates'}",EUR,1,TOP2500,MATRIX,1.0,1.0,23,33,1.4,[],analyst10,Performance-Weighted Analyst Estimates,analyst,Analyst,analyst-analyst-estimates,Analyst Estimates
anl10_ebify2_pred_surps_v1_2,Predicted surprise version 1 for earnings before interest for FY2 (calculated as (smart_ests - consensus)/consensus),"{'id': 'analyst10', 'name': 'Performance-Weighted Analyst Estimates'}","{'id': 'analyst', 'name': 'Analyst'}","{'id': 'analyst-analyst-estimates', 'name': 'Analyst Estimates'}",EUR,1,TOP2500,MATRIX,1.0,1.0,31,45,1.4,[],analyst10,Performance-Weighted Analyst Estimates,analyst,Analyst,analyst-analyst-estimates,Analyst Estimates
anl10_ebify2_pred_surps_v2_23,Predicted surprise version 2 for earnings before interest for FY2 (calculated as (smart_ests - consensus)/consensus),"{'id': 'analyst10', 'name': 'Performance-Weighted Analyst Estimates'}","{'id': 'analyst', 'name': 'Analyst'}","{'id': 'analyst-analyst-estimates', 'name': 'Analyst Estimates'}",EUR,1,TOP2500,MATRIX,1.0,1.0,23,40,1.4,[],analyst10,Performance-Weighted Analyst Estimates,analyst,Analyst,analyst-analyst-estimates,Analyst Estimates
anl10_ebify2_smart_ests_v0_6,Smart estimates version 0 value for earnings before interest for FY2,"{'id': 'analyst10', 'name': 'Performance-Weighted Analyst Estimates'}","{'id': 'analyst', 'name': 'Analyst'}","{'id': 'analyst-analyst-estimates', 'name': 'Analyst Estimates'}",EUR,1,TOP2500,MATRIX,1.0,1.0,17,39,1.4,[],analyst10,Performance-Weighted Analyst Estimates,analyst,Analyst,analyst-analyst-estimates,Analyst Estimates
anl10_ebify2_smart_ests_v1_11,Smart estimates version 1 value for earnings before interest for FY2,"{'id': 'analyst10', 'name': 'Performance-Weighted Analyst Estimates'}","{'id': 'analyst', 'name': 'Analyst'}","{'id': 'analyst-analyst-estimates', 'name': 'Analyst Estimates'}",EUR,1,TOP2500,MATRIX,1.0,1.0,18,36,1.4,[],analyst10,Performance-Weighted Analyst Estimates,analyst,Analyst,analyst-analyst-estimates,Analyst Estimates
anl10_ebify2_smart_ests_v2_14,Smart estimates version 2 value for earnings before interest for FY2,"{'id': 'analyst10', 'name': 'Performance-Weighted Analyst Estimates'}","{'id': 'analyst', 'name': 'Analyst'}","{'id': 'analyst-analyst-estimates', 'name': 'Analyst Estimates'}",EUR,1,TOP2500,MATRIX,1.0,1.0,16,62,1.4,[],analyst10,Performance-Weighted Analyst Estimates,analyst,Analyst,analyst-analyst-estimates,Analyst Estimates
anl10_ebiinnovate_decrease_fq1,Number of analysts with innovative negative revisions for earnings before interest Q1,"{'id': 'analyst10', 'name': 'Performance-Weighted Analyst Estimates'}","{'id': 'analyst', 'name': 'Analyst'}","{'id': 'analyst-analyst-estimates', 'name': 'Analyst Estimates'}",EUR,1,TOP2500,MATRIX,1.0,0.4358,13,26,1.4,[],analyst10,Performance-Weighted Analyst Estimates,analyst,Analyst,analyst-analyst-estimates,Analyst Estimates
anl10_ebiinnovate_decrease_fq2,Number of analysts with innovative negative revisions for earnings before interest Q2,"{'id': 'analyst10', 'name': 'Performance-Weighted Analyst Estimates'}","{'id': 'analyst', 'name': 'Analyst'}","{'id': 'analyst-analyst-estimates', 'name': 'Analyst Estimates'}",EUR,1,TOP2500,MATRIX,1.0,0.3358,13,17,1.4,[],analyst10,Performance-Weighted Analyst Estimates,analyst,Analyst,analyst-analyst-estimates,Analyst Estimates
anl10_ebiinnovate_decrease_fy1,Number of analysts with innovative negative revisions for earnings before interest FY1,"{'id': 'analyst10', 'name': 'Performance-Weighted Analyst Estimates'}","{'id': 'analyst', 'name': 'Analyst'}","{'id': 'analyst-analyst-estimates', 'name': 'Analyst Estimates'}",EUR,1,TOP2500,MATRIX,1.0,0.995,14,22,1.4,[],analyst10,Performance-Weighted Analyst Estimates,analyst,Analyst,analyst-analyst-estimates,Analyst Estimates
anl10_ebiinnovate_decrease_fy2,Number of analysts with innovative negative revisions for earnings before interest FY2,"{'id': 'analyst10', 'name': 'Performance-Weighted Analyst Estimates'}","{'id': 'analyst', 'name': 'Analyst'}","{'id': 'analyst-analyst-estimates', 'name': 'Analyst Estimates'}",EUR,1,TOP2500,MATRIX,1.0,0.9942,18,32,1.4,[],analyst10,Performance-Weighted Analyst Estimates,analyst,Analyst,analyst-analyst-estimates,Analyst Estimates
anl10_ebiinnovate_increase_fq1,Number of analysts with innovative positive revisions for earnings before interest Q1,"{'id': 'analyst10', 'name': 'Performance-Weighted Analyst Estimates'}","{'id': 'analyst', 'name': 'Analyst'}","{'id': 'analyst-analyst-estimates', 'name': 'Analyst Estimates'}",EUR,1,TOP2500,MATRIX,1.0,0.4358,11,24,1.4,[],analyst10,Performance-Weighted Analyst Estimates,analyst,Analyst,analyst-analyst-estimates,Analyst Estimates
anl10_ebiinnovate_increase_fq2,Number of analysts with innovative positive revisions for earnings before interest Q2,"{'id': 'analyst10', 'name': 'Performance-Weighted Analyst Estimates'}","{'id': 'analyst', 'name': 'Analyst'}","{'id': 'analyst-analyst-estimates', 'name': 'Analyst Estimates'}",EUR,1,TOP2500,MATRIX,1.0,0.3358,11,18,1.4,[],analyst10,Performance-Weighted Analyst Estimates,analyst,Analyst,analyst-analyst-estimates,Analyst Estimates
anl10_ebiinnovate_increase_fy1,Number of analysts with innovative positive revisions for earnings before interest FY1,"{'id': 'analyst10', 'name': 'Performance-Weighted Analyst Estimates'}","{'id': 'analyst', 'name': 'Analyst'}","{'id': 'analyst-analyst-estimates', 'name': 'Analyst Estimates'}",EUR,1,TOP2500,MATRIX,1.0,0.995,12,38,1.4,[],analyst10,Performance-Weighted Analyst Estimates,analyst,Analyst,analyst-analyst-estimates,Analyst Estimates
anl10_ebiinnovate_increase_fy2,Number of analysts with innovative positive revisions for earnings before interest FY2,"{'id': 'analyst10', 'name': 'Performance-Weighted Analyst Estimates'}","{'id': 'analyst', 'name': 'Analyst'}","{'id': 'analyst-analyst-estimates', 'name': 'Analyst Estimates'}",EUR,1,TOP2500,MATRIX,1.0,0.9942,12,49,1.4,[],analyst10,Performance-Weighted Analyst Estimates,analyst,Analyst,analyst-analyst-estimates,Analyst Estimates
anl10_ebiinnovation_score_fq1,Innovation score for earnings before interest Q1 (innovate_increase - innovate_decrease),"{'id': 'analyst10', 'name': 'Performance-Weighted Analyst Estimates'}","{'id': 'analyst', 'name': 'Analyst'}","{'id': 'analyst-analyst-estimates', 'name': 'Analyst Estimates'}",EUR,1,TOP2500,MATRIX,1.0,0.4358,19,23,1.4,[],analyst10,Performance-Weighted Analyst Estimates,analyst,Analyst,analyst-analyst-estimates,Analyst Estimates
anl10_ebiinnovation_score_fq2,Innovation score for earnings before interest Q2 (innovate_increase - innovate_decrease),"{'id': 'analyst10', 'name': 'Performance-Weighted Analyst Estimates'}","{'id': 'analyst', 'name': 'Analyst'}","{'id': 'analyst-analyst-estimates', 'name': 'Analyst Estimates'}",EUR,1,TOP2500,MATRIX,1.0,0.3358,14,16,1.4,[],analyst10,Performance-Weighted Analyst Estimates,analyst,Analyst,analyst-analyst-estimates,Analyst Estimates
anl10_ebiinnovation_score_fy1,Innovation score for earnings before interest FY1 (innovate_increase - innovate_decrease),"{'id': 'analyst10', 'name': 'Performance-Weighted Analyst Estimates'}","{'id': 'analyst', 'name': 'Analyst'}","{'id': 'analyst-analyst-estimates', 'name': 'Analyst Estimates'}",EUR,1,TOP2500,MATRIX,1.0,0.995,14,36,1.4,[],analyst10,Performance-Weighted Analyst Estimates,analyst,Analyst,analyst-analyst-estimates,Analyst Estimates
anl10_ebiinnovation_score_fy2,Innovation score for earnings before interest FY2 (innovate_increase - innovate_decrease),"{'id': 'analyst10', 'name': 'Performance-Weighted Analyst Estimates'}","{'id': 'analyst', 'name': 'Analyst'}","{'id': 'analyst-analyst-estimates', 'name': 'Analyst Estimates'}",EUR,1,TOP2500,MATRIX,1.0,0.9942,14,30,1.4,[],analyst10,Performance-Weighted Analyst Estimates,analyst,Analyst,analyst-analyst-estimates,Analyst Estimates
anl10_ebinormal_decrease_fq1,Number of analysts with normal negative revisions for earnings before interest Q1,"{'id': 'analyst10', 'name': 'Performance-Weighted Analyst Estimates'}","{'id': 'analyst', 'name': 'Analyst'}","{'id': 'analyst-analyst-estimates', 'name': 'Analyst Estimates'}",EUR,1,TOP2500,MATRIX,1.0,0.4358,11,21,1.4,[],analyst10,Performance-Weighted Analyst Estimates,analyst,Analyst,analyst-analyst-estimates,Analyst Estimates
anl10_ebinormal_decrease_fq2,Number of analysts with normal negative revisions for earnings before interest Q2,"{'id': 'analyst10', 'name': 'Performance-Weighted Analyst Estimates'}","{'id': 'analyst', 'name': 'Analyst'}","{'id': 'analyst-analyst-estimates', 'name': 'Analyst Estimates'}",EUR,1,TOP2500,MATRIX,1.0,0.3358,11,16,1.4,[],analyst10,Performance-Weighted Analyst Estimates,analyst,Analyst,analyst-analyst-estimates,Analyst Estimates
anl10_ebinormal_decrease_fy1,Number of analysts with normal negative revisions for earnings before interest FY1,"{'id': 'analyst10', 'name': 'Performance-Weighted Analyst Estimates'}","{'id': 'analyst', 'name': 'Analyst'}","{'id': 'analyst-analyst-estimates', 'name': 'Analyst Estimates'}",EUR,1,TOP2500,MATRIX,1.0,0.995,12,26,1.4,[],analyst10,Performance-Weighted Analyst Estimates,analyst,Analyst,analyst-analyst-estimates,Analyst Estimates
anl10_ebinormal_decrease_fy2,Number of analysts with normal negative revisions for earnings before interest FY2,"{'id': 'analyst10', 'name': 'Performance-Weighted Analyst Estimates'}","{'id': 'analyst', 'name': 'Analyst'}","{'id': 'analyst-analyst-estimates', 'name': 'Analyst Estimates'}",EUR,1,TOP2500,MATRIX,1.0,0.9942,11,34,1.4,[],analyst10,Performance-Weighted Analyst Estimates,analyst,Analyst,analyst-analyst-estimates,Analyst Estimates
anl10_ebinormal_increase_fq1,Number of analysts with normal positive revisions for earnings before interest Q1,"{'id': 'analyst10', 'name': 'Performance-Weighted Analyst Estimates'}","{'id': 'analyst', 'name': 'Analyst'}","{'id': 'analyst-analyst-estimates', 'name': 'Analyst Estimates'}",EUR,1,TOP2500,MATRIX,1.0,0.4358,11,19,1.4,[],analyst10,Performance-Weighted Analyst Estimates,analyst,Analyst,analyst-analyst-estimates,Analyst Estimates
anl10_ebinormal_increase_fq2,Number of analysts with normal positive revisions for earnings before interest Q2,"{'id': 'analyst10', 'name': 'Performance-Weighted Analyst Estimates'}","{'id': 'analyst', 'name': 'Analyst'}","{'id': 'analyst-analyst-estimates', 'name': 'Analyst Estimates'}",EUR,1,TOP2500,MATRIX,1.0,0.3358,11,21,1.4,[],analyst10,Performance-Weighted Analyst Estimates,analyst,Analyst,analyst-analyst-estimates,Analyst Estimates
anl10_ebinormal_increase_fy1,Number of analysts with normal positive revisions for earnings before interest FY1,"{'id': 'analyst10', 'name': 'Performance-Weighted Analyst Estimates'}","{'id': 'analyst', 'name': 'Analyst'}","{'id': 'analyst-analyst-estimates', 'name': 'Analyst Estimates'}",EUR,1,TOP2500,MATRIX,1.0,0.995,14,18,1.4,[],analyst10,Performance-Weighted Analyst Estimates,analyst,Analyst,analyst-analyst-estimates,Analyst Estimates
anl10_ebinormal_increase_fy2,Number of analysts with normal positive revisions for earnings before interest FY2,"{'id': 'analyst10', 'name': 'Performance-Weighted Analyst Estimates'}","{'id': 'analyst', 'name': 'Analyst'}","{'id': 'analyst-analyst-estimates', 'name': 'Analyst Estimates'}",EUR,1,TOP2500,MATRIX,1.0,0.9942,6,6,1.4,[],analyst10,Performance-Weighted Analyst Estimates,analyst,Analyst,analyst-analyst-estimates,Analyst Estimates
anl10_ebirevise_ratio_to_close_fq1,Ratio of delta consensus to adjusted close for earnings before interest Q1,"{'id': 'analyst10', 'name': 'Performance-Weighted Analyst Estimates'}","{'id': 'analyst', 'name': 'Analyst'}","{'id': 'analyst-analyst-estimates', 'name': 'Analyst Estimates'}",EUR,1,TOP2500,MATRIX,1.0,0.435,6,6,1.4,[],analyst10,Performance-Weighted Analyst Estimates,analyst,Analyst,analyst-analyst-estimates,Analyst Estimates
anl10_ebirevise_ratio_to_close_fq2,Ratio of delta consensus to adjusted close for earnings before interest Q2,"{'id': 'analyst10', 'name': 'Performance-Weighted Analyst Estimates'}","{'id': 'analyst', 'name': 'Analyst'}","{'id': 'analyst-analyst-estimates', 'name': 'Analyst Estimates'}",EUR,1,TOP2500,MATRIX,1.0,0.3358,7,7,1.4,[],analyst10,Performance-Weighted Analyst Estimates,analyst,Analyst,analyst-analyst-estimates,Analyst Estimates
anl10_ebirevise_ratio_to_close_fy1,Ratio of delta consensus to adjusted close for earnings before interest FY1,"{'id': 'analyst10', 'name': 'Performance-Weighted Analyst Estimates'}","{'id': 'analyst', 'name': 'Analyst'}","{'id': 'analyst-analyst-estimates', 'name': 'Analyst Estimates'}",EUR,1,TOP2500,MATRIX,1.0,0.9942,6,6,1.4,[],analyst10,Performance-Weighted Analyst Estimates,analyst,Analyst,analyst-analyst-estimates,Analyst Estimates
anl10_ebirevise_ratio_to_close_fy2,Ratio of delta consensus to adjusted close for earnings before interest FY2,"{'id': 'analyst10', 'name': 'Performance-Weighted Analyst Estimates'}","{'id': 'analyst', 'name': 'Analyst'}","{'id': 'analyst-analyst-estimates', 'name': 'Analyst Estimates'}",EUR,1,TOP2500,MATRIX,1.0,0.9933,7,8,1.4,[],analyst10,Performance-Weighted Analyst Estimates,analyst,Analyst,analyst-analyst-estimates,Analyst Estimates
anl10_ebirevise_ratio_to_consensus_fq1,Consensus estimate value for earnings before interest Q1,"{'id': 'analyst10', 'name': 'Performance-Weighted Analyst Estimates'}","{'id': 'analyst', 'name': 'Analyst'}","{'id': 'analyst-analyst-estimates', 'name': 'Analyst Estimates'}",EUR,1,TOP2500,MATRIX,1.0,0.435,8,8,1.4,[],analyst10,Performance-Weighted Analyst Estimates,analyst,Analyst,analyst-analyst-estimates,Analyst Estimates
anl10_ebirevise_ratio_to_consensus_fq2,Consensus estimate value for earnings before interest Q2,"{'id': 'analyst10', 'name': 'Performance-Weighted Analyst Estimates'}","{'id': 'analyst', 'name': 'Analyst'}","{'id': 'analyst-analyst-estimates', 'name': 'Analyst Estimates'}",EUR,1,TOP2500,MATRIX,1.0,0.3358,5,5,1.4,[],analyst10,Performance-Weighted Analyst Estimates,analyst,Analyst,analyst-analyst-estimates,Analyst Estimates
anl10_ebirevise_ratio_to_consensus_fy1,Consensus estimate value for earnings before interest FY1,"{'id': 'analyst10', 'name': 'Performance-Weighted Analyst Estimates'}","{'id': 'analyst', 'name': 'Analyst'}","{'id': 'analyst-analyst-estimates', 'name': 'Analyst Estimates'}",EUR,1,TOP2500,MATRIX,1.0,0.9942,7,9,1.4,[],analyst10,Performance-Weighted Analyst Estimates,analyst,Analyst,analyst-analyst-estimates,Analyst Estimates
anl10_ebirevise_ratio_to_consensus_fy2,Consensus estimate value for earnings before interest FY2,"{'id': 'analyst10', 'name': 'Performance-Weighted Analyst Estimates'}","{'id': 'analyst', 'name': 'Analyst'}","{'id': 'analyst-analyst-estimates', 'name': 'Analyst Estimates'}",EUR,1,TOP2500,MATRIX,1.0,0.9933,12,15,1.4,[],analyst10,Performance-Weighted Analyst Estimates,analyst,Analyst,analyst-analyst-estimates,Analyst Estimates
anl10_ebirevise_value_fq1,Delta consensus for earnings before interest Q1 (difference between old and current updated value),"{'id': 'analyst10', 'name': 'Performance-Weighted Analyst Estimates'}","{'id': 'analyst', 'name': 'Analyst'}","{'id': 'analyst-analyst-estimates', 'name': 'Analyst Estimates'}",EUR,1,TOP2500,MATRIX,1.0,0.435,6,6,1.4,[],analyst10,Performance-Weighted Analyst Estimates,analyst,Analyst,analyst-analyst-estimates,Analyst Estimates
anl10_ebirevise_value_fq2,Delta consensus for earnings before interest Q2 (difference between old and current updated value),"{'id': 'analyst10', 'name': 'Performance-Weighted Analyst Estimates'}","{'id': 'analyst', 'name': 'Analyst'}","{'id': 'analyst-analyst-estimates', 'name': 'Analyst Estimates'}",EUR,1,TOP2500,MATRIX,1.0,0.3358,6,6,1.4,[],analyst10,Performance-Weighted Analyst Estimates,analyst,Analyst,analyst-analyst-estimates,Analyst Estimates
anl10_ebirevise_value_fy1,Delta consensus for earnings before interest FY1 (difference between old and current updated value),"{'id': 'analyst10', 'name': 'Performance-Weighted Analyst Estimates'}","{'id': 'analyst', 'name': 'Analyst'}","{'id': 'analyst-analyst-estimates', 'name': 'Analyst Estimates'}",EUR,1,TOP2500,MATRIX,1.0,0.9942,9,9,1.4,[],analyst10,Performance-Weighted Analyst Estimates,analyst,Analyst,analyst-analyst-estimates,Analyst Estimates
anl10_ebirevise_value_fy2,Delta consensus for earnings before interest FY2 (difference between old and current updated value),"{'id': 'analyst10', 'name': 'Performance-Weighted Analyst Estimates'}","{'id': 'analyst', 'name': 'Analyst'}","{'id': 'analyst-analyst-estimates', 'name': 'Analyst Estimates'}",EUR,1,TOP2500,MATRIX,1.0,0.9933,8,8,1.4,[],analyst10,Performance-Weighted Analyst Estimates,analyst,Analyst,analyst-analyst-estimates,Analyst Estimates
anl10_ebismun_1qf_20,Sample/analyst number - indicating how many analysts contributed to that particular estimate or forecast for earnings before interest,"{'id': 'analyst10', 'name': 'Performance-Weighted Analyst Estimates'}","{'id': 'analyst', 'name': 'Analyst'}","{'id': 'analyst-analyst-estimates', 'name': 'Analyst Estimates'}",EUR,1,TOP2500,MATRIX,1.0,1.0,8,8,1.4,[],analyst10,Performance-Weighted Analyst Estimates,analyst,Analyst,analyst-analyst-estimates,Analyst Estimates
anl10_ebismun_1yf_4,Sample/analyst number - indicating how many analysts contributed to that particular estimate or forecast for earnings before interest,"{'id': 'analyst10', 'name': 'Performance-Weighted Analyst Estimates'}","{'id': 'analyst', 'name': 'Analyst'}","{'id': 'analyst-analyst-estimates', 'name': 'Analyst Estimates'}",EUR,1,TOP2500,MATRIX,1.0,1.0,12,19,1.4,[],analyst10,Performance-Weighted Analyst Estimates,analyst,Analyst,analyst-analyst-estimates,Analyst Estimates
anl10_ebismun_2qf_30,Sample/analyst number - indicating how many analysts contributed to that particular estimate or forecast for earnings before interest,"{'id': 'analyst10', 'name': 'Performance-Weighted Analyst Estimates'}","{'id': 'analyst', 'name': 'Analyst'}","{'id': 'analyst-analyst-estimates', 'name': 'Analyst Estimates'}",EUR,1,TOP2500,MATRIX,1.0,1.0,7,7,1.4,[],analyst10,Performance-Weighted Analyst Estimates,analyst,Analyst,analyst-analyst-estimates,Analyst Estimates
anl10_ebismun_2yf_13,Sample/analyst number - indicating how many analysts contributed to that particular estimate or forecast for earnings before interest,"{'id': 'analyst10', 'name': 'Performance-Weighted Analyst Estimates'}","{'id': 'analyst', 'name': 'Analyst'}","{'id': 'analyst-analyst-estimates', 'name': 'Analyst Estimates'}",EUR,1,TOP2500,MATRIX,1.0,1.0,8,8,1.4,[],analyst10,Performance-Weighted Analyst Estimates,analyst,Analyst,analyst-analyst-estimates,Analyst Estimates
anl10_ebtff,Earnings before tax - field format,"{'id': 'analyst10', 'name': 'Performance-Weighted Analyst Estimates'}","{'id': 'analyst', 'name': 'Analyst'}","{'id': 'analyst-analyst-estimates', 'name': 'Analyst Estimates'}",EUR,1,TOP2500,MATRIX,1.0,1.0,10,10,1.4,[],analyst10,Performance-Weighted Analyst Estimates,analyst,Analyst,analyst-analyst-estimates,Analyst Estimates
anl10_ebtfq1_consensus,Consensus estimate value for earnings before tax Q1,"{'id': 'analyst10', 'name': 'Performance-Weighted Analyst Estimates'}","{'id': 'analyst', 'name': 'Analyst'}","{'id': 'analyst-analyst-estimates', 'name': 'Analyst Estimates'}",EUR,1,TOP2500,MATRIX,1.0,0.475,8,8,1.4,[],analyst10,Performance-Weighted Analyst Estimates,analyst,Analyst,analyst-analyst-estimates,Analyst Estimates
anl10_ebtfq1_pred_surps_v0,Predicted surprise version 0 for earnings before tax for Q1 (calculated as (smart_ests - consensus)/consensus),"{'id': 'analyst10', 'name': 'Performance-Weighted Analyst Estimates'}","{'id': 'analyst', 'name': 'Analyst'}","{'id': 'analyst-analyst-estimates', 'name': 'Analyst Estimates'}",EUR,1,TOP2500,MATRIX,1.0,0.475,8,8,1.4,[],analyst10,Performance-Weighted Analyst Estimates,analyst,Analyst,analyst-analyst-estimates,Analyst Estimates
anl10_ebtfq1_pred_surps_v1,Predicted surprise version 1 for earnings before tax for Q1 (calculated as (smart_ests - consensus)/consensus),"{'id': 'analyst10', 'name': 'Performance-Weighted Analyst Estimates'}","{'id': 'analyst', 'name': 'Analyst'}","{'id': 'analyst-analyst-estimates', 'name': 'Analyst Estimates'}",EUR,1,TOP2500,MATRIX,1.0,0.475,7,7,1.4,[],analyst10,Performance-Weighted Analyst Estimates,analyst,Analyst,analyst-analyst-estimates,Analyst Estimates
anl10_ebtfq1_pred_surps_v2,Predicted surprise version 2 for earnings before tax for Q1 (calculated as (smart_ests - consensus)/consensus),"{'id': 'analyst10', 'name': 'Performance-Weighted Analyst Estimates'}","{'id': 'analyst', 'name': 'Analyst'}","{'id': 'analyst-analyst-estimates', 'name': 'Analyst Estimates'}",EUR,1,TOP2500,MATRIX,1.0,0.475,6,6,1.4,[],analyst10,Performance-Weighted Analyst Estimates,analyst,Analyst,analyst-analyst-estimates,Analyst Estimates
anl10_ebtfq1_smart_ests_v0,Smart estimates version 0 value for earnings before tax for Q1,"{'id': 'analyst10', 'name': 'Performance-Weighted Analyst Estimates'}","{'id': 'analyst', 'name': 'Analyst'}","{'id': 'analyst-analyst-estimates', 'name': 'Analyst Estimates'}",EUR,1,TOP2500,MATRIX,1.0,0.475,6,6,1.4,[],analyst10,Performance-Weighted Analyst Estimates,analyst,Analyst,analyst-analyst-estimates,Analyst Estimates
anl10_ebtfq1_smart_ests_v1,Smart estimates version 1 value for earnings before tax for Q1,"{'id': 'analyst10', 'name': 'Performance-Weighted Analyst Estimates'}","{'id': 'analyst', 'name': 'Analyst'}","{'id': 'analyst-analyst-estimates', 'name': 'Analyst Estimates'}",EUR,1,TOP2500,MATRIX,1.0,0.475,7,7,1.4,[],analyst10,Performance-Weighted Analyst Estimates,analyst,Analyst,analyst-analyst-estimates,Analyst Estimates
anl10_ebtfq1_smart_ests_v2,Smart estimates version 2 value for earnings before tax for Q1,"{'id': 'analyst10', 'name': 'Performance-Weighted Analyst Estimates'}","{'id': 'analyst', 'name': 'Analyst'}","{'id': 'analyst-analyst-estimates', 'name': 'Analyst Estimates'}",EUR,1,TOP2500,MATRIX,1.0,0.475,9,9,1.4,[],analyst10,Performance-Weighted Analyst Estimates,analyst,Analyst,analyst-analyst-estimates,Analyst Estimates
anl10_ebtfq2_consensus,Consensus estimate value for earnings before tax Q2,"{'id': 'analyst10', 'name': 'Performance-Weighted Analyst Estimates'}","{'id': 'analyst', 'name': 'Analyst'}","{'id': 'analyst-analyst-estimates', 'name': 'Analyst Estimates'}",EUR,1,TOP2500,MATRIX,1.0,0.375,6,6,1.4,[],analyst10,Performance-Weighted Analyst Estimates,analyst,Analyst,analyst-analyst-estimates,Analyst Estimates
anl10_ebtfq2_pred_surps_v0,Predicted surprise version 0 for earnings before tax for Q2 (calculated as (smart_ests - consensus)/consensus),"{'id': 'analyst10', 'name': 'Performance-Weighted Analyst Estimates'}","{'id': 'analyst', 'name': 'Analyst'}","{'id': 'analyst-analyst-estimates', 'name': 'Analyst Estimates'}",EUR,1,TOP2500,MATRIX,1.0,0.375,5,5,1.4,[],analyst10,Performance-Weighted Analyst Estimates,analyst,Analyst,analyst-analyst-estimates,Analyst Estimates
anl10_ebtfq2_pred_surps_v1,Predicted surprise version 1 for earnings before tax for Q2 (calculated as (smart_ests - consensus)/consensus),"{'id': 'analyst10', 'name': 'Performance-Weighted Analyst Estimates'}","{'id': 'analyst', 'name': 'Analyst'}","{'id': 'analyst-analyst-estimates', 'name': 'Analyst Estimates'}",EUR,1,TOP2500,MATRIX,1.0,0.375,5,5,1.4,[],analyst10,Performance-Weighted Analyst Estimates,analyst,Analyst,analyst-analyst-estimates,Analyst Estimates
anl10_ebtfq2_pred_surps_v2,Predicted surprise version 2 for earnings before tax for Q2 (calculated as (smart_ests - consensus)/consensus),"{'id': 'analyst10', 'name': 'Performance-Weighted Analyst Estimates'}","{'id': 'analyst', 'name': 'Analyst'}","{'id': 'analyst-analyst-estimates', 'name': 'Analyst Estimates'}",EUR,1,TOP2500,MATRIX,1.0,0.375,5,5,1.4,[],analyst10,Performance-Weighted Analyst Estimates,analyst,Analyst,analyst-analyst-estimates,Analyst Estimates
anl10_ebtfq2_smart_ests_v0,Smart estimates version 0 value for earnings before tax for Q2,"{'id': 'analyst10', 'name': 'Performance-Weighted Analyst Estimates'}","{'id': 'analyst', 'name': 'Analyst'}","{'id': 'analyst-analyst-estimates', 'name': 'Analyst Estimates'}",EUR,1,TOP2500,MATRIX,1.0,0.375,7,7,1.4,[],analyst10,Performance-Weighted Analyst Estimates,analyst,Analyst,analyst-analyst-estimates,Analyst Estimates
anl10_ebtfq2_smart_ests_v1,Smart estimates version 1 value for earnings before tax for Q2,"{'id': 'analyst10', 'name': 'Performance-Weighted Analyst Estimates'}","{'id': 'analyst', 'name': 'Analyst'}","{'id': 'analyst-analyst-estimates', 'name': 'Analyst Estimates'}",EUR,1,TOP2500,MATRIX,1.0,0.375,4,4,1.4,[],analyst10,Performance-Weighted Analyst Estimates,analyst,Analyst,analyst-analyst-estimates,Analyst Estimates
anl10_ebtfq2_smart_ests_v2,Smart estimates version 2 value for earnings before tax for Q2,"{'id': 'analyst10', 'name': 'Performance-Weighted Analyst Estimates'}","{'id': 'analyst', 'name': 'Analyst'}","{'id': 'analyst-analyst-estimates', 'name': 'Analyst Estimates'}",EUR,1,TOP2500,MATRIX,1.0,0.375,4,4,1.4,[],analyst10,Performance-Weighted Analyst Estimates,analyst,Analyst,analyst-analyst-estimates,Analyst Estimates
anl10_ebtfy1_consensus,Consensus estimate value for earnings before tax FY1,"{'id': 'analyst10', 'name': 'Performance-Weighted Analyst Estimates'}","{'id': 'analyst', 'name': 'Analyst'}","{'id': 'analyst-analyst-estimates', 'name': 'Analyst Estimates'}",EUR,1,TOP2500,MATRIX,1.0,1.0,18,27,1.4,[],analyst10,Performance-Weighted Analyst Estimates,analyst,Analyst,analyst-analyst-estimates,Analyst Estimates
anl10_ebtfy1_pred_surps_v0,Predicted surprise version 0 for earnings before tax for FY1 (calculated as (smart_ests - consensus)/consensus),"{'id': 'analyst10', 'name': 'Performance-Weighted Analyst Estimates'}","{'id': 'analyst', 'name': 'Analyst'}","{'id': 'analyst-analyst-estimates', 'name': 'Analyst Estimates'}",EUR,1,TOP2500,MATRIX,1.0,1.0,32,42,1.4,[],analyst10,Performance-Weighted Analyst Estimates,analyst,Analyst,analyst-analyst-estimates,Analyst Estimates
anl10_ebtfy1_pred_surps_v1,Predicted surprise version 1 for earnings before tax for FY1 (calculated as (smart_ests - consensus)/consensus),"{'id': 'analyst10', 'name': 'Performance-Weighted Analyst Estimates'}","{'id': 'analyst', 'name': 'Analyst'}","{'id': 'analyst-analyst-estimates', 'name': 'Analyst Estimates'}",EUR,1,TOP2500,MATRIX,1.0,1.0,53,63,1.4,[],analyst10,Performance-Weighted Analyst Estimates,analyst,Analyst,analyst-analyst-estimates,Analyst Estimates
anl10_ebtfy1_pred_surps_v2,Predicted surprise version 2 for earnings before tax for FY1 (calculated as (smart_ests - consensus)/consensus),"{'id': 'analyst10', 'name': 'Performance-Weighted Analyst Estimates'}","{'id': 'analyst', 'name': 'Analyst'}","{'id': 'analyst-analyst-estimates', 'name': 'Analyst Estimates'}",EUR,1,TOP2500,MATRIX,1.0,1.0,9,9,1.4,[],analyst10,Performance-Weighted Analyst Estimates,analyst,Analyst,analyst-analyst-estimates,Analyst Estimates
anl10_ebtfy1_smart_ests_v0,Smart estimates version 0 value for earnings before tax for FY1,"{'id': 'analyst10', 'name': 'Performance-Weighted Analyst Estimates'}","{'id': 'analyst', 'name': 'Analyst'}","{'id': 'analyst-analyst-estimates', 'name': 'Analyst Estimates'}",EUR,1,TOP2500,MATRIX,1.0,1.0,33,39,1.4,[],analyst10,Performance-Weighted Analyst Estimates,analyst,Analyst,analyst-analyst-estimates,Analyst Estimates
anl10_ebtfy1_smart_ests_v1,Smart estimates version 1 value for earnings before tax for FY1,"{'id': 'analyst10', 'name': 'Performance-Weighted Analyst Estimates'}","{'id': 'analyst', 'name': 'Analyst'}","{'id': 'analyst-analyst-estimates', 'name': 'Analyst Estimates'}",EUR,1,TOP2500,MATRIX,1.0,1.0,28,41,1.4,[],analyst10,Performance-Weighted Analyst Estimates,analyst,Analyst,analyst-analyst-estimates,Analyst Estimates
anl10_ebtfy1_smart_ests_v2,Smart estimates version 2 value for earnings before tax for FY1,"{'id': 'analyst10', 'name': 'Performance-Weighted Analyst Estimates'}","{'id': 'analyst', 'name': 'Analyst'}","{'id': 'analyst-analyst-estimates', 'name': 'Analyst Estimates'}",EUR,1,TOP2500,MATRIX,1.0,1.0,22,30,1.4,[],analyst10,Performance-Weighted Analyst Estimates,analyst,Analyst,analyst-analyst-estimates,Analyst Estimates
anl10_ebtfy2_consensus,Consensus estimate value for earnings before tax FY2,"{'id': 'analyst10', 'name': 'Performance-Weighted Analyst Estimates'}","{'id': 'analyst', 'name': 'Analyst'}","{'id': 'analyst-analyst-estimates', 'name': 'Analyst Estimates'}",EUR,1,TOP2500,MATRIX,1.0,1.0,10,14,1.4,[],analyst10,Performance-Weighted Analyst Estimates,analyst,Analyst,analyst-analyst-estimates,Analyst Estimates
anl10_ebtfy2_pred_surps_v0,Predicted surprise version 0 for earnings before tax for FY2 (calculated as (smart_ests - consensus)/consensus),"{'id': 'analyst10', 'name': 'Performance-Weighted Analyst Estimates'}","{'id': 'analyst', 'name': 'Analyst'}","{'id': 'analyst-analyst-estimates', 'name': 'Analyst Estimates'}",EUR,1,TOP2500,MATRIX,1.0,1.0,17,26,1.4,[],analyst10,Performance-Weighted Analyst Estimates,analyst,Analyst,analyst-analyst-estimates,Analyst Estimates
anl10_ebtfy2_pred_surps_v1,Predicted surprise version 1 for earnings before tax for FY2 (calculated as (smart_ests - consensus)/consensus),"{'id': 'analyst10', 'name': 'Performance-Weighted Analyst Estimates'}","{'id': 'analyst', 'name': 'Analyst'}","{'id': 'analyst-analyst-estimates', 'name': 'Analyst Estimates'}",EUR,1,TOP2500,MATRIX,1.0,1.0,31,66,1.4,[],analyst10,Performance-Weighted Analyst Estimates,analyst,Analyst,analyst-analyst-estimates,Analyst Estimates
anl10_ebtfy2_pred_surps_v2,Predicted surprise version 2 for earnings before tax for FY2 (calculated as (smart_ests - consensus)/consensus),"{'id': 'analyst10', 'name': 'Performance-Weighted Analyst Estimates'}","{'id': 'analyst', 'name': 'Analyst'}","{'id': 'analyst-analyst-estimates', 'name': 'Analyst Estimates'}",EUR,1,TOP2500,MATRIX,1.0,1.0,8,8,1.4,[],analyst10,Performance-Weighted Analyst Estimates,analyst,Analyst,analyst-analyst-estimates,Analyst Estimates
anl10_ebtfy2_smart_ests_v0,Smart estimates version 0 value for earnings before tax for FY2,"{'id': 'analyst10', 'name': 'Performance-Weighted Analyst Estimates'}","{'id': 'analyst', 'name': 'Analyst'}","{'id': 'analyst-analyst-estimates', 'name': 'Analyst Estimates'}",EUR,1,TOP2500,MATRIX,1.0,1.0,16,34,1.4,[],analyst10,Performance-Weighted Analyst Estimates,analyst,Analyst,analyst-analyst-estimates,Analyst Estimates
anl10_ebtfy2_smart_ests_v1,Smart estimates version 1 value for earnings before tax for FY2,"{'id': 'analyst10', 'name': 'Performance-Weighted Analyst Estimates'}","{'id': 'analyst', 'name': 'Analyst'}","{'id': 'analyst-analyst-estimates', 'name': 'Analyst Estimates'}",EUR,1,TOP2500,MATRIX,1.0,1.0,11,36,1.4,[],analyst10,Performance-Weighted Analyst Estimates,analyst,Analyst,analyst-analyst-estimates,Analyst Estimates
anl10_ebtfy2_smart_ests_v2,Smart estimates version 2 value for earnings before tax for FY2,"{'id': 'analyst10', 'name': 'Performance-Weighted Analyst Estimates'}","{'id': 'analyst', 'name': 'Analyst'}","{'id': 'analyst-analyst-estimates', 'name': 'Analyst Estimates'}",EUR,1,TOP2500,MATRIX,1.0,1.0,10,10,1.4,[],analyst10,Performance-Weighted Analyst Estimates,analyst,Analyst,analyst-analyst-estimates,Analyst Estimates
anl10_ebtinnovate_decrease_fq1,Number of analysts with innovative negative revisions for earnings before tax Q1,"{'id': 'analyst10', 'name': 'Performance-Weighted Analyst Estimates'}","{'id': 'analyst', 'name': 'Analyst'}","{'id': 'analyst-analyst-estimates', 'name': 'Analyst Estimates'}",EUR,1,TOP2500,MATRIX,1.0,0.3733,5,5,1.4,[],analyst10,Performance-Weighted Analyst Estimates,analyst,Analyst,analyst-analyst-estimates,Analyst Estimates
anl10_ebtinnovate_decrease_fq2,Number of analysts with innovative negative revisions for earnings before tax Q2,"{'id': 'analyst10', 'name': 'Performance-Weighted Analyst Estimates'}","{'id': 'analyst', 'name': 'Analyst'}","{'id': 'analyst-analyst-estimates', 'name': 'Analyst Estimates'}",EUR,1,TOP2500,MATRIX,1.0,0.2867,4,4,1.4,[],analyst10,Performance-Weighted Analyst Estimates,analyst,Analyst,analyst-analyst-estimates,Analyst Estimates
anl10_ebtinnovate_decrease_fy1,Number of analysts with innovative negative revisions for earnings before tax FY1,"{'id': 'analyst10', 'name': 'Performance-Weighted Analyst Estimates'}","{'id': 'analyst', 'name': 'Analyst'}","{'id': 'analyst-analyst-estimates', 'name': 'Analyst Estimates'}",EUR,1,TOP2500,MATRIX,1.0,0.92,11,18,1.4,[],analyst10,Performance-Weighted Analyst Estimates,analyst,Analyst,analyst-analyst-estimates,Analyst Estimates
anl10_ebtinnovate_decrease_fy2,Number of analysts with innovative negative revisions for earnings before tax FY2,"{'id': 'analyst10', 'name': 'Performance-Weighted Analyst Estimates'}","{'id': 'analyst', 'name': 'Analyst'}","{'id': 'analyst-analyst-estimates', 'name': 'Analyst Estimates'}",EUR,1,TOP2500,MATRIX,1.0,0.92,4,4,1.4,[],analyst10,Performance-Weighted Analyst Estimates,analyst,Analyst,analyst-analyst-estimates,Analyst Estimates
anl10_ebtinnovate_increase_fq1,Number of analysts with innovative positive revisions for earnings before tax Q1,"{'id': 'analyst10', 'name': 'Performance-Weighted Analyst Estimates'}","{'id': 'analyst', 'name': 'Analyst'}","{'id': 'analyst-analyst-estimates', 'name': 'Analyst Estimates'}",EUR,1,TOP2500,MATRIX,1.0,0.3733,2,2,1.4,[],analyst10,Performance-Weighted Analyst Estimates,analyst,Analyst,analyst-analyst-estimates,Analyst Estimates
anl10_ebtinnovate_increase_fq2,Number of analysts with innovative positive revisions for earnings before tax Q2,"{'id': 'analyst10', 'name': 'Performance-Weighted Analyst Estimates'}","{'id': 'analyst', 'name': 'Analyst'}","{'id': 'analyst-analyst-estimates', 'name': 'Analyst Estimates'}",EUR,1,TOP2500,MATRIX,1.0,0.2867,3,3,1.4,[],analyst10,Performance-Weighted Analyst Estimates,analyst,Analyst,analyst-analyst-estimates,Analyst Estimates
anl10_ebtinnovate_increase_fy1,Number of analysts with innovative positive revisions for earnings before tax FY1,"{'id': 'analyst10', 'name': 'Performance-Weighted Analyst Estimates'}","{'id': 'analyst', 'name': 'Analyst'}","{'id': 'analyst-analyst-estimates', 'name': 'Analyst Estimates'}",EUR,1,TOP2500,MATRIX,1.0,0.92,5,5,1.4,[],analyst10,Performance-Weighted Analyst Estimates,analyst,Analyst,analyst-analyst-estimates,Analyst Estimates
anl10_ebtinnovate_increase_fy2,Number of analysts with innovative positive revisions for earnings before tax FY2,"{'id': 'analyst10', 'name': 'Performance-Weighted Analyst Estimates'}","{'id': 'analyst', 'name': 'Analyst'}","{'id': 'analyst-analyst-estimates', 'name': 'Analyst Estimates'}",EUR,1,TOP2500,MATRIX,1.0,0.92,4,5,1.4,[],analyst10,Performance-Weighted Analyst Estimates,analyst,Analyst,analyst-analyst-estimates,Analyst Estimates
anl10_ebtinnovation_score_fq1,Innovation score for earnings before tax Q1 (innovate_increase - innovate_decrease),"{'id': 'analyst10', 'name': 'Performance-Weighted Analyst Estimates'}","{'id': 'analyst', 'name': 'Analyst'}","{'id': 'analyst-analyst-estimates', 'name': 'Analyst Estimates'}",EUR,1,TOP2500,MATRIX,1.0,0.3733,5,6,1.4,[],analyst10,Performance-Weighted Analyst Estimates,analyst,Analyst,analyst-analyst-estimates,Analyst Estimates
anl10_ebtinnovation_score_fq2,Innovation score for earnings before tax Q2 (innovate_increase - innovate_decrease),"{'id': 'analyst10', 'name': 'Performance-Weighted Analyst Estimates'}","{'id': 'analyst', 'name': 'Analyst'}","{'id': 'analyst-analyst-estimates', 'name': 'Analyst Estimates'}",EUR,1,TOP2500,MATRIX,1.0,0.2867,2,2,1.4,[],analyst10,Performance-Weighted Analyst Estimates,analyst,Analyst,analyst-analyst-estimates,Analyst Estimates
anl10_ebtinnovation_score_fy1,Innovation score for earnings before tax FY1 (innovate_increase - innovate_decrease),"{'id': 'analyst10', 'name': 'Performance-Weighted Analyst Estimates'}","{'id': 'analyst', 'name': 'Analyst'}","{'id': 'analyst-analyst-estimates', 'name': 'Analyst Estimates'}",EUR,1,TOP2500,MATRIX,1.0,0.92,2,2,1.4,[],analyst10,Performance-Weighted Analyst Estimates,analyst,Analyst,analyst-analyst-estimates,Analyst Estimates
anl10_ebtinnovation_score_fy2,Innovation score for earnings before tax FY2 (innovate_increase - innovate_decrease),"{'id': 'analyst10', 'name': 'Performance-Weighted Analyst Estimates'}","{'id': 'analyst', 'name': 'Analyst'}","{'id': 'analyst-analyst-estimates', 'name': 'Analyst Estimates'}",EUR,1,TOP2500,MATRIX,1.0,0.92,1,1,1.4,[],analyst10,Performance-Weighted Analyst Estimates,analyst,Analyst,analyst-analyst-estimates,Analyst Estimates
anl10_ebtnormal_decrease_fq1,Number of analysts with normal negative revisions for earnings before tax Q1,"{'id': 'analyst10', 'name': 'Performance-Weighted Analyst Estimates'}","{'id': 'analyst', 'name': 'Analyst'}","{'id': 'analyst-analyst-estimates', 'name': 'Analyst Estimates'}",EUR,1,TOP2500,MATRIX,1.0,0.3733,1,1,1.4,[],analyst10,Performance-Weighted Analyst Estimates,analyst,Analyst,analyst-analyst-estimates,Analyst Estimates
anl10_ebtnormal_decrease_fq2,Number of analysts with normal negative revisions for earnings before tax Q2,"{'id': 'analyst10', 'name': 'Performance-Weighted Analyst Estimates'}","{'id': 'analyst', 'name': 'Analyst'}","{'id': 'analyst-analyst-estimates', 'name': 'Analyst Estimates'}",EUR,1,TOP2500,MATRIX,1.0,0.2867,2,2,1.4,[],analyst10,Performance-Weighted Analyst Estimates,analyst,Analyst,analyst-analyst-estimates,Analyst Estimates
anl10_ebtnormal_decrease_fy1,Number of analysts with normal negative revisions for earnings before tax FY1,"{'id': 'analyst10', 'name': 'Performance-Weighted Analyst Estimates'}","{'id': 'analyst', 'name': 'Analyst'}","{'id': 'analyst-analyst-estimates', 'name': 'Analyst Estimates'}",EUR,1,TOP2500,MATRIX,1.0,0.92,4,4,1.4,[],analyst10,Performance-Weighted Analyst Estimates,analyst,Analyst,analyst-analyst-estimates,Analyst Estimates
anl10_ebtnormal_decrease_fy2,Number of analysts with normal negative revisions for earnings before tax FY2,"{'id': 'analyst10', 'name': 'Performance-Weighted Analyst Estimates'}","{'id': 'analyst', 'name': 'Analyst'}","{'id': 'analyst-analyst-estimates', 'name': 'Analyst Estimates'}",EUR,1,TOP2500,MATRIX,1.0,0.92,1,1,1.4,[],analyst10,Performance-Weighted Analyst Estimates,analyst,Analyst,analyst-analyst-estimates,Analyst Estimates
anl10_ebtnormal_increase_fq1,Number of analysts with normal positive revisions for earnings before tax Q1,"{'id': 'analyst10', 'name': 'Performance-Weighted Analyst Estimates'}","{'id': 'analyst', 'name': 'Analyst'}","{'id': 'analyst-analyst-estimates', 'name': 'Analyst Estimates'}",EUR,1,TOP2500,MATRIX,1.0,0.3733,3,3,1.4,[],analyst10,Performance-Weighted Analyst Estimates,analyst,Analyst,analyst-analyst-estimates,Analyst Estimates
anl10_ebtnormal_increase_fq2,Number of analysts with normal positive revisions for earnings before tax Q2,"{'id': 'analyst10', 'name': 'Performance-Weighted Analyst Estimates'}","{'id': 'analyst', 'name': 'Analyst'}","{'id': 'analyst-analyst-estimates', 'name': 'Analyst Estimates'}",EUR,1,TOP2500,MATRIX,1.0,0.2867,1,1,1.4,[],analyst10,Performance-Weighted Analyst Estimates,analyst,Analyst,analyst-analyst-estimates,Analyst Estimates
anl10_ebtnormal_increase_fy1,Number of analysts with normal positive revisions for earnings before tax FY1,"{'id': 'analyst10', 'name': 'Performance-Weighted Analyst Estimates'}","{'id': 'analyst', 'name': 'Analyst'}","{'id': 'analyst-analyst-estimates', 'name': 'Analyst Estimates'}",EUR,1,TOP2500,MATRIX,1.0,0.92,1,1,1.4,[],analyst10,Performance-Weighted Analyst Estimates,analyst,Analyst,analyst-analyst-estimates,Analyst Estimates
anl10_ebtnormal_increase_fy2,Number of analysts with normal positive revisions for earnings before tax FY2,"{'id': 'analyst10', 'name': 'Performance-Weighted Analyst Estimates'}","{'id': 'analyst', 'name': 'Analyst'}","{'id': 'analyst-analyst-estimates', 'name': 'Analyst Estimates'}",EUR,1,TOP2500,MATRIX,1.0,0.92,2,2,1.4,[],analyst10,Performance-Weighted Analyst Estimates,analyst,Analyst,analyst-analyst-estimates,Analyst Estimates
anl10_ebtrevise_ratio_to_close_fq1,Ratio of delta consensus to adjusted close for earnings before tax Q1,"{'id': 'analyst10', 'name': 'Performance-Weighted Analyst Estimates'}","{'id': 'analyst', 'name': 'Analyst'}","{'id': 'analyst-analyst-estimates', 'name': 'Analyst Estimates'}",EUR,1,TOP2500,MATRIX,1.0,0.3733,4,4,1.4,[],analyst10,Performance-Weighted Analyst Estimates,analyst,Analyst,analyst-analyst-estimates,Analyst Estimates
anl10_ebtrevise_ratio_to_close_fq2,Ratio of delta consensus to adjusted close for earnings before tax Q2,"{'id': 'analyst10', 'name': 'Performance-Weighted Analyst Estimates'}","{'id': 'analyst', 'name': 'Analyst'}","{'id': 'analyst-analyst-estimates', 'name': 'Analyst Estimates'}",EUR,1,TOP2500,MATRIX,1.0,0.2867,4,4,1.4,[],analyst10,Performance-Weighted Analyst Estimates,analyst,Analyst,analyst-analyst-estimates,Analyst Estimates
anl10_ebtrevise_ratio_to_close_fy1,Ratio of delta consensus to adjusted close for earnings before tax FY1,"{'id': 'analyst10', 'name': 'Performance-Weighted Analyst Estimates'}","{'id': 'analyst', 'name': 'Analyst'}","{'id': 'analyst-analyst-estimates', 'name': 'Analyst Estimates'}",EUR,1,TOP2500,MATRIX,1.0,0.92,6,6,1.4,[],analyst10,Performance-Weighted Analyst Estimates,analyst,Analyst,analyst-analyst-estimates,Analyst Estimates
anl10_ebtrevise_ratio_to_close_fy2,Ratio of delta consensus to adjusted close for earnings before tax FY2,"{'id': 'analyst10', 'name': 'Performance-Weighted Analyst Estimates'}","{'id': 'analyst', 'name': 'Analyst'}","{'id': 'analyst-analyst-estimates', 'name': 'Analyst Estimates'}",EUR,1,TOP2500,MATRIX,1.0,0.92,2,2,1.4,[],analyst10,Performance-Weighted Analyst Estimates,analyst,Analyst,analyst-analyst-estimates,Analyst Estimates
anl10_ebtrevise_ratio_to_consensus_fq1,Consensus estimate value for earnings before tax Q1,"{'id': 'analyst10', 'name': 'Performance-Weighted Analyst Estimates'}","{'id': 'analyst', 'name': 'Analyst'}","{'id': 'analyst-analyst-estimates', 'name': 'Analyst Estimates'}",EUR,1,TOP2500,MATRIX,1.0,0.3733,1,1,1.4,[],analyst10,Performance-Weighted Analyst Estimates,analyst,Analyst,analyst-analyst-estimates,Analyst Estimates
anl10_ebtrevise_ratio_to_consensus_fq2,Consensus estimate value for earnings before tax Q2,"{'id': 'analyst10', 'name': 'Performance-Weighted Analyst Estimates'}","{'id': 'analyst', 'name': 'Analyst'}","{'id': 'analyst-analyst-estimates', 'name': 'Analyst Estimates'}",EUR,1,TOP2500,MATRIX,1.0,0.2867,1,1,1.4,[],analyst10,Performance-Weighted Analyst Estimates,analyst,Analyst,analyst-analyst-estimates,Analyst Estimates
anl10_ebtrevise_ratio_to_consensus_fy1,Consensus estimate value for earnings before tax FY1,"{'id': 'analyst10', 'name': 'Performance-Weighted Analyst Estimates'}","{'id': 'analyst', 'name': 'Analyst'}","{'id': 'analyst-analyst-estimates', 'name': 'Analyst Estimates'}",EUR,1,TOP2500,MATRIX,1.0,0.92,13,18,1.4,[],analyst10,Performance-Weighted Analyst Estimates,analyst,Analyst,analyst-analyst-estimates,Analyst Estimates
anl10_ebtrevise_ratio_to_consensus_fy2,Consensus estimate value for earnings before tax FY2,"{'id': 'analyst10', 'name': 'Performance-Weighted Analyst Estimates'}","{'id': 'analyst', 'name': 'Analyst'}","{'id': 'analyst-analyst-estimates', 'name': 'Analyst Estimates'}",EUR,1,TOP2500,MATRIX,1.0,0.92,7,11,1.4,[],analyst10,Performance-Weighted Analyst Estimates,analyst,Analyst,analyst-analyst-estimates,Analyst Estimates
anl10_ebtrevise_value_fq1,Delta consensus for earnings before tax Q1 (difference between old and current updated value),"{'id': 'analyst10', 'name': 'Performance-Weighted Analyst Estimates'}","{'id': 'analyst', 'name': 'Analyst'}","{'id': 'analyst-analyst-estimates', 'name': 'Analyst Estimates'}",EUR,1,TOP2500,MATRIX,1.0,0.3733,1,1,1.4,[],analyst10,Performance-Weighted Analyst Estimates,analyst,Analyst,analyst-analyst-estimates,Analyst Estimates
anl10_ebtrevise_value_fq2,Delta consensus for earnings before tax Q2 (difference between old and current updated value),"{'id': 'analyst10', 'name': 'Performance-Weighted Analyst Estimates'}","{'id': 'analyst', 'name': 'Analyst'}","{'id': 'analyst-analyst-estimates', 'name': 'Analyst Estimates'}",EUR,1,TOP2500,MATRIX,1.0,0.2867,1,1,1.4,[],analyst10,Performance-Weighted Analyst Estimates,analyst,Analyst,analyst-analyst-estimates,Analyst Estimates
anl10_ebtrevise_value_fy1,Delta consensus for earnings before tax FY1 (difference between old and current updated value),"{'id': 'analyst10', 'name': 'Performance-Weighted Analyst Estimates'}","{'id': 'analyst', 'name': 'Analyst'}","{'id': 'analyst-analyst-estimates', 'name': 'Analyst Estimates'}",EUR,1,TOP2500,MATRIX,1.0,0.92,5,5,1.4,[],analyst10,Performance-Weighted Analyst Estimates,analyst,Analyst,analyst-analyst-estimates,Analyst Estimates
anl10_ebtrevise_value_fy2,Delta consensus for earnings before tax FY2 (difference between old and current updated value),"{'id': 'analyst10', 'name': 'Performance-Weighted Analyst Estimates'}","{'id': 'analyst', 'name': 'Analyst'}","{'id': 'analyst-analyst-estimates', 'name': 'Analyst Estimates'}",EUR,1,TOP2500,MATRIX,1.0,0.92,8,13,1.4,[],analyst10,Performance-Weighted Analyst Estimates,analyst,Analyst,analyst-analyst-estimates,Analyst Estimates
anl10_ebtsmun_1qf,Sample/analyst number - indicating how many analysts contributed to that particular estimate or forecast for earnings before tax,"{'id': 'analyst10', 'name': 'Performance-Weighted Analyst Estimates'}","{'id': 'analyst', 'name': 'Analyst'}","{'id': 'analyst-analyst-estimates', 'name': 'Analyst Estimates'}",EUR,1,TOP2500,MATRIX,1.0,1.0,2,2,1.4,[],analyst10,Performance-Weighted Analyst Estimates,analyst,Analyst,analyst-analyst-estimates,Analyst Estimates
anl10_ebtsmun_1yf,Sample/analyst number - indicating how many analysts contributed to that particular estimate or forecast for earnings before tax,"{'id': 'analyst10', 'name': 'Performance-Weighted Analyst Estimates'}","{'id': 'analyst', 'name': 'Analyst'}","{'id': 'analyst-analyst-estimates', 'name': 'Analyst Estimates'}",EUR,1,TOP2500,MATRIX,1.0,1.0,4,4,1.4,[],analyst10,Performance-Weighted Analyst Estimates,analyst,Analyst,analyst-analyst-estimates,Analyst Estimates
anl10_ebtsmun_2qf,Sample/analyst number - indicating how many analysts contributed to that particular estimate or forecast for earnings before tax,"{'id': 'analyst10', 'name': 'Performance-Weighted Analyst Estimates'}","{'id': 'analyst', 'name': 'Analyst'}","{'id': 'analyst-analyst-estimates', 'name': 'Analyst Estimates'}",EUR,1,TOP2500,MATRIX,1.0,1.0,2,2,1.4,[],analyst10,Performance-Weighted Analyst Estimates,analyst,Analyst,analyst-analyst-estimates,Analyst Estimates
anl10_ebtsmun_2yf,Sample/analyst number - indicating how many analysts contributed to that particular estimate or forecast for earnings before tax,"{'id': 'analyst10', 'name': 'Performance-Weighted Analyst Estimates'}","{'id': 'analyst', 'name': 'Analyst'}","{'id': 'analyst-analyst-estimates', 'name': 'Analyst Estimates'}",EUR,1,TOP2500,MATRIX,1.0,1.0,4,4,1.4,[],analyst10,Performance-Weighted Analyst Estimates,analyst,Analyst,analyst-analyst-estimates,Analyst Estimates
anl10_gpsff_444,Ff 444 for gross profit per share,"{'id': 'analyst10', 'name': 'Performance-Weighted Analyst Estimates'}","{'id': 'analyst', 'name': 'Analyst'}","{'id': 'analyst-analyst-estimates', 'name': 'Analyst Estimates'}",EUR,1,TOP2500,MATRIX,1.0,1.0,2,2,1.4,[],analyst10,Performance-Weighted Analyst Estimates,analyst,Analyst,analyst-analyst-estimates,Analyst Estimates
anl10_gpsfq1_consensus_446,Consensus estimate value for gross profit per share Q1,"{'id': 'analyst10', 'name': 'Performance-Weighted Analyst Estimates'}","{'id': 'analyst', 'name': 'Analyst'}","{'id': 'analyst-analyst-estimates', 'name': 'Analyst Estimates'}",EUR,1,TOP2500,MATRIX,1.0,0.4567,2,2,1.4,[],analyst10,Performance-Weighted Analyst Estimates,analyst,Analyst,analyst-analyst-estimates,Analyst Estimates
anl10_gpsfq1_pred_surps_v0_422,Predicted surprise version 0 for gross profit per share for Q1 (calculated as (smart_ests - consensus)/consensus),"{'id': 'analyst10', 'name': 'Performance-Weighted Analyst Estimates'}","{'id': 'analyst', 'name': 'Analyst'}","{'id': 'analyst-analyst-estimates', 'name': 'Analyst Estimates'}",EUR,1,TOP2500,MATRIX,1.0,0.4567,1,1,1.4,[],analyst10,Performance-Weighted Analyst Estimates,analyst,Analyst,analyst-analyst-estimates,Analyst Estimates
anl10_gpsfq1_pred_surps_v1_440,Predicted surprise version 1 for gross profit per share for Q1 (calculated as (smart_ests - consensus)/consensus),"{'id': 'analyst10', 'name': 'Performance-Weighted Analyst Estimates'}","{'id': 'analyst', 'name': 'Analyst'}","{'id': 'analyst-analyst-estimates', 'name': 'Analyst Estimates'}",EUR,1,TOP2500,MATRIX,1.0,0.4567,2,2,1.4,[],analyst10,Performance-Weighted Analyst Estimates,analyst,Analyst,analyst-analyst-estimates,Analyst Estimates
anl10_gpsfq1_pred_surps_v2_427,Predicted surprise version 2 for gross profit per share for Q1 (calculated as (smart_ests - consensus)/consensus),"{'id': 'analyst10', 'name': 'Performance-Weighted Analyst Estimates'}","{'id': 'analyst', 'name': 'Analyst'}","{'id': 'analyst-analyst-estimates', 'name': 'Analyst Estimates'}",EUR,1,TOP2500,MATRIX,1.0,0.4567,2,2,1.4,[],analyst10,Performance-Weighted Analyst Estimates,analyst,Analyst,analyst-analyst-estimates,Analyst Estimates
anl10_gpsfq1_smart_ests_v0_425,Smart estimates version 0 value for gross profit per share for Q1,"{'id': 'analyst10', 'name': 'Performance-Weighted Analyst Estimates'}","{'id': 'analyst', 'name': 'Analyst'}","{'id': 'analyst-analyst-estimates', 'name': 'Analyst Estimates'}",EUR,1,TOP2500,MATRIX,1.0,0.4567,5,5,1.4,[],analyst10,Performance-Weighted Analyst Estimates,analyst,Analyst,analyst-analyst-estimates,Analyst Estimates
anl10_gpsfq1_smart_ests_v1_409,Smart estimates version 1 value for gross profit per share for Q1,"{'id': 'analyst10', 'name': 'Performance-Weighted Analyst Estimates'}","{'id': 'analyst', 'name': 'Analyst'}","{'id': 'analyst-analyst-estimates', 'name': 'Analyst Estimates'}",EUR,1,TOP2500,MATRIX,1.0,0.4567,3,3,1.4,[],analyst10,Performance-Weighted Analyst Estimates,analyst,Analyst,analyst-analyst-estimates,Analyst Estimates
anl10_gpsfq1_smart_ests_v2_436,Smart estimates version 2 value for gross profit per share for Q1,"{'id': 'analyst10', 'name': 'Performance-Weighted Analyst Estimates'}","{'id': 'analyst', 'name': 'Analyst'}","{'id': 'analyst-analyst-estimates', 'name': 'Analyst Estimates'}",EUR,1,TOP2500,MATRIX,1.0,0.4567,3,3,1.4,[],analyst10,Performance-Weighted Analyst Estimates,analyst,Analyst,analyst-analyst-estimates,Analyst Estimates
anl10_gpsfq2_consensus_416,Consensus estimate value for gross profit per share Q2,"{'id': 'analyst10', 'name': 'Performance-Weighted Analyst Estimates'}","{'id': 'analyst', 'name': 'Analyst'}","{'id': 'analyst-analyst-estimates', 'name': 'Analyst Estimates'}",EUR,1,TOP2500,MATRIX,1.0,0.4092,2,2,1.4,[],analyst10,Performance-Weighted Analyst Estimates,analyst,Analyst,analyst-analyst-estimates,Analyst Estimates
anl10_gpsfq2_pred_surps_v0_434,Predicted surprise version 0 for gross profit per share for Q2 (calculated as (smart_ests - consensus)/consensus),"{'id': 'analyst10', 'name': 'Performance-Weighted Analyst Estimates'}","{'id': 'analyst', 'name': 'Analyst'}","{'id': 'analyst-analyst-estimates', 'name': 'Analyst Estimates'}",EUR,1,TOP2500,MATRIX,1.0,0.4092,1,1,1.4,[],analyst10,Performance-Weighted Analyst Estimates,analyst,Analyst,analyst-analyst-estimates,Analyst Estimates
anl10_gpsfq2_pred_surps_v1_439,Predicted surprise version 1 for gross profit per share for Q2 (calculated as (smart_ests - consensus)/consensus),"{'id': 'analyst10', 'name': 'Performance-Weighted Analyst Estimates'}","{'id': 'analyst', 'name': 'Analyst'}","{'id': 'analyst-analyst-estimates', 'name': 'Analyst Estimates'}",EUR,1,TOP2500,MATRIX,1.0,0.4092,2,2,1.4,[],analyst10,Performance-Weighted Analyst Estimates,analyst,Analyst,analyst-analyst-estimates,Analyst Estimates
anl10_gpsfq2_pred_surps_v2_435,Predicted surprise version 2 for gross profit per share for Q2 (calculated as (smart_ests - consensus)/consensus),"{'id': 'analyst10', 'name': 'Performance-Weighted Analyst Estimates'}","{'id': 'analyst', 'name': 'Analyst'}","{'id': 'analyst-analyst-estimates', 'name': 'Analyst Estimates'}",EUR,1,TOP2500,MATRIX,1.0,0.4092,1,1,1.4,[],analyst10,Performance-Weighted Analyst Estimates,analyst,Analyst,analyst-analyst-estimates,Analyst Estimates
anl10_gpsfq2_smart_ests_v0_431,Smart estimates version 0 value for gross profit per share for Q2,"{'id': 'analyst10', 'name': 'Performance-Weighted Analyst Estimates'}","{'id': 'analyst', 'name': 'Analyst'}","{'id': 'analyst-analyst-estimates', 'name': 'Analyst Estimates'}",EUR,1,TOP2500,MATRIX,1.0,0.4092,1,1,1.4,[],analyst10,Performance-Weighted Analyst Estimates,analyst,Analyst,analyst-analyst-estimates,Analyst Estimates
anl10_gpsfq2_smart_ests_v1_428,Smart estimates version 1 value for gross profit per share for Q2,"{'id': 'analyst10', 'name': 'Performance-Weighted Analyst Estimates'}","{'id': 'analyst', 'name': 'Analyst'}","{'id': 'analyst-analyst-estimates', 'name': 'Analyst Estimates'}",EUR,1,TOP2500,MATRIX,1.0,0.4092,2,2,1.4,[],analyst10,Performance-Weighted Analyst Estimates,analyst,Analyst,analyst-analyst-estimates,Analyst Estimates
anl10_gpsfq2_smart_ests_v2_412,Smart estimates version 2 value for gross profit per share for Q2,"{'id': 'analyst10', 'name': 'Performance-Weighted Analyst Estimates'}","{'id': 'analyst', 'name': 'Analyst'}","{'id': 'analyst-analyst-estimates', 'name': 'Analyst Estimates'}",EUR,1,TOP2500,MATRIX,1.0,0.4092,1,1,1.4,[],analyst10,Performance-Weighted Analyst Estimates,analyst,Analyst,analyst-analyst-estimates,Analyst Estimates
anl10_gpsfy1_consensus_449,Consensus estimate value for gross profit per share FY1,"{'id': 'analyst10', 'name': 'Performance-Weighted Analyst Estimates'}","{'id': 'analyst', 'name': 'Analyst'}","{'id': 'analyst-analyst-estimates', 'name': 'Analyst Estimates'}",EUR,1,TOP2500,MATRIX,1.0,1.0,8,22,1.4,[],analyst10,Performance-Weighted Analyst Estimates,analyst,Analyst,analyst-analyst-estimates,Analyst Estimates
anl10_gpsfy1_pred_surps_v0_417,Predicted surprise version 0 for gross profit per share for FY1 (calculated as (smart_ests - consensus)/consensus),"{'id': 'analyst10', 'name': 'Performance-Weighted Analyst Estimates'}","{'id': 'analyst', 'name': 'Analyst'}","{'id': 'analyst-analyst-estimates', 'name': 'Analyst Estimates'}",EUR,1,TOP2500,MATRIX,1.0,1.0,13,17,1.4,[],analyst10,Performance-Weighted Analyst Estimates,analyst,Analyst,analyst-analyst-estimates,Analyst Estimates
anl10_gpsfy1_pred_surps_v1_423,Predicted surprise version 1 for gross profit per share for FY1 (calculated as (smart_ests - consensus)/consensus),"{'id': 'analyst10', 'name': 'Performance-Weighted Analyst Estimates'}","{'id': 'analyst', 'name': 'Analyst'}","{'id': 'analyst-analyst-estimates', 'name': 'Analyst Estimates'}",EUR,1,TOP2500,MATRIX,1.0,1.0,5,6,1.4,[],analyst10,Performance-Weighted Analyst Estimates,analyst,Analyst,analyst-analyst-estimates,Analyst Estimates
anl10_gpsfy1_pred_surps_v2_418,Predicted surprise version 2 for gross profit per share for FY1 (calculated as (smart_ests - consensus)/consensus),"{'id': 'analyst10', 'name': 'Performance-Weighted Analyst Estimates'}","{'id': 'analyst', 'name': 'Analyst'}","{'id': 'analyst-analyst-estimates', 'name': 'Analyst Estimates'}",EUR,1,TOP2500,MATRIX,1.0,1.0,2,2,1.4,[],analyst10,Performance-Weighted Analyst Estimates,analyst,Analyst,analyst-analyst-estimates,Analyst Estimates
anl10_gpsfy1_smart_ests_v0_437,Smart estimates version 0 value for gross profit per share for FY1,"{'id': 'analyst10', 'name': 'Performance-Weighted Analyst Estimates'}","{'id': 'analyst', 'name': 'Analyst'}","{'id': 'analyst-analyst-estimates', 'name': 'Analyst Estimates'}",EUR,1,TOP2500,MATRIX,1.0,1.0,6,6,1.4,[],analyst10,Performance-Weighted Analyst Estimates,analyst,Analyst,analyst-analyst-estimates,Analyst Estimates
anl10_gpsfy1_smart_ests_v1_414,Smart estimates version 1 value for gross profit per share for FY1,"{'id': 'analyst10', 'name': 'Performance-Weighted Analyst Estimates'}","{'id': 'analyst', 'name': 'Analyst'}","{'id': 'analyst-analyst-estimates', 'name': 'Analyst Estimates'}",EUR,1,TOP2500,MATRIX,1.0,1.0,11,18,1.4,[],analyst10,Performance-Weighted Analyst Estimates,analyst,Analyst,analyst-analyst-estimates,Analyst Estimates
anl10_gpsfy1_smart_ests_v2_430,Smart estimates version 2 value for gross profit per share for FY1,"{'id': 'analyst10', 'name': 'Performance-Weighted Analyst Estimates'}","{'id': 'analyst', 'name': 'Analyst'}","{'id': 'analyst-analyst-estimates', 'name': 'Analyst Estimates'}",EUR,1,TOP2500,MATRIX,1.0,1.0,11,25,1.4,[],analyst10,Performance-Weighted Analyst Estimates,analyst,Analyst,analyst-analyst-estimates,Analyst Estimates
anl10_gpsfy2_consensus_421,Consensus estimate value for gross profit per share FY2,"{'id': 'analyst10', 'name': 'Performance-Weighted Analyst Estimates'}","{'id': 'analyst', 'name': 'Analyst'}","{'id': 'analyst-analyst-estimates', 'name': 'Analyst Estimates'}",EUR,1,TOP2500,MATRIX,1.0,1.0,8,15,1.4,[],analyst10,Performance-Weighted Analyst Estimates,analyst,Analyst,analyst-analyst-estimates,Analyst Estimates
anl10_gpsfy2_pred_surps_v0_424,Predicted surprise version 0 for gross profit per share for FY2 (calculated as (smart_ests - consensus)/consensus),"{'id': 'analyst10', 'name': 'Performance-Weighted Analyst Estimates'}","{'id': 'analyst', 'name': 'Analyst'}","{'id': 'analyst-analyst-estimates', 'name': 'Analyst Estimates'}",EUR,1,TOP2500,MATRIX,1.0,1.0,9,29,1.4,[],analyst10,Performance-Weighted Analyst Estimates,analyst,Analyst,analyst-analyst-estimates,Analyst Estimates
anl10_gpsfy2_pred_surps_v1_426,Predicted surprise version 1 for gross profit per share for FY2 (calculated as (smart_ests - consensus)/consensus),"{'id': 'analyst10', 'name': 'Performance-Weighted Analyst Estimates'}","{'id': 'analyst', 'name': 'Analyst'}","{'id': 'analyst-analyst-estimates', 'name': 'Analyst Estimates'}",EUR,1,TOP2500,MATRIX,1.0,1.0,13,32,1.4,[],analyst10,Performance-Weighted Analyst Estimates,analyst,Analyst,analyst-analyst-estimates,Analyst Estimates
anl10_gpsfy2_pred_surps_v2_448,Predicted surprise version 2 for gross profit per share for FY2 (calculated as (smart_ests - consensus)/consensus),"{'id': 'analyst10', 'name': 'Performance-Weighted Analyst Estimates'}","{'id': 'analyst', 'name': 'Analyst'}","{'id': 'analyst-analyst-estimates', 'name': 'Analyst Estimates'}",EUR,1,TOP2500,MATRIX,1.0,1.0,3,3,1.4,[],analyst10,Performance-Weighted Analyst Estimates,analyst,Analyst,analyst-analyst-estimates,Analyst Estimates
anl10_gpsfy2_smart_ests_v0_447,Smart estimates version 0 value for gross profit per share for FY2,"{'id': 'analyst10', 'name': 'Performance-Weighted Analyst Estimates'}","{'id': 'analyst', 'name': 'Analyst'}","{'id': 'analyst-analyst-estimates', 'name': 'Analyst Estimates'}",EUR,1,TOP2500,MATRIX,1.0,1.0,14,23,1.4,[],analyst10,Performance-Weighted Analyst Estimates,analyst,Analyst,analyst-analyst-estimates,Analyst Estimates
anl10_gpsfy2_smart_ests_v1_441,Smart estimates version 1 value for gross profit per share for FY2,"{'id': 'analyst10', 'name': 'Performance-Weighted Analyst Estimates'}","{'id': 'analyst', 'name': 'Analyst'}","{'id': 'analyst-analyst-estimates', 'name': 'Analyst Estimates'}",EUR,1,TOP2500,MATRIX,1.0,1.0,16,24,1.4,[],analyst10,Performance-Weighted Analyst Estimates,analyst,Analyst,analyst-analyst-estimates,Analyst Estimates
anl10_gpsfy2_smart_ests_v2_415,Smart estimates version 2 value for gross profit per share for FY2,"{'id': 'analyst10', 'name': 'Performance-Weighted Analyst Estimates'}","{'id': 'analyst', 'name': 'Analyst'}","{'id': 'analyst-analyst-estimates', 'name': 'Analyst Estimates'}",EUR,1,TOP2500,MATRIX,1.0,1.0,7,7,1.4,[],analyst10,Performance-Weighted Analyst Estimates,analyst,Analyst,analyst-analyst-estimates,Analyst Estimates
anl10_gpsinnovate_decrease_fq1,Number of analysts with innovative negative revisions for gross profit per share Q1,"{'id': 'analyst10', 'name': 'Performance-Weighted Analyst Estimates'}","{'id': 'analyst', 'name': 'Analyst'}","{'id': 'analyst-analyst-estimates', 'name': 'Analyst Estimates'}",EUR,1,TOP2500,MATRIX,1.0,0.3842,2,2,1.4,[],analyst10,Performance-Weighted Analyst Estimates,analyst,Analyst,analyst-analyst-estimates,Analyst Estimates
anl10_gpsinnovate_decrease_fq2,Number of analysts with innovative negative revisions for gross profit per share Q2,"{'id': 'analyst10', 'name': 'Performance-Weighted Analyst Estimates'}","{'id': 'analyst', 'name': 'Analyst'}","{'id': 'analyst-analyst-estimates', 'name': 'Analyst Estimates'}",EUR,1,TOP2500,MATRIX,1.0,0.3233,1,1,1.4,[],analyst10,Performance-Weighted Analyst Estimates,analyst,Analyst,analyst-analyst-estimates,Analyst Estimates
anl10_gpsinnovate_decrease_fy1,Number of analysts with innovative negative revisions for gross profit per share FY1,"{'id': 'analyst10', 'name': 'Performance-Weighted Analyst Estimates'}","{'id': 'analyst', 'name': 'Analyst'}","{'id': 'analyst-analyst-estimates', 'name': 'Analyst Estimates'}",EUR,1,TOP2500,MATRIX,1.0,0.9825,6,13,1.4,[],analyst10,Performance-Weighted Analyst Estimates,analyst,Analyst,analyst-analyst-estimates,Analyst Estimates
anl10_gpsinnovate_decrease_fy2,Number of analysts with innovative negative revisions for gross profit per share FY2,"{'id': 'analyst10', 'name': 'Performance-Weighted Analyst Estimates'}","{'id': 'analyst', 'name': 'Analyst'}","{'id': 'analyst-analyst-estimates', 'name': 'Analyst Estimates'}",EUR,1,TOP2500,MATRIX,1.0,0.9817,5,5,1.4,[],analyst10,Performance-Weighted Analyst Estimates,analyst,Analyst,analyst-analyst-estimates,Analyst Estimates
anl10_gpsinnovate_increase_fq1,Number of analysts with innovative positive revisions for gross profit per share Q1,"{'id': 'analyst10', 'name': 'Performance-Weighted Analyst Estimates'}","{'id': 'analyst', 'name': 'Analyst'}","{'id': 'analyst-analyst-estimates', 'name': 'Analyst Estimates'}",EUR,1,TOP2500,MATRIX,1.0,0.3842,1,1,1.4,[],analyst10,Performance-Weighted Analyst Estimates,analyst,Analyst,analyst-analyst-estimates,Analyst Estimates
anl10_gpsinnovate_increase_fq2,Number of analysts with innovative positive revisions for gross profit per share Q2,"{'id': 'analyst10', 'name': 'Performance-Weighted Analyst Estimates'}","{'id': 'analyst', 'name': 'Analyst'}","{'id': 'analyst-analyst-estimates', 'name': 'Analyst Estimates'}",EUR,1,TOP2500,MATRIX,1.0,0.3233,1,1,1.4,[],analyst10,Performance-Weighted Analyst Estimates,analyst,Analyst,analyst-analyst-estimates,Analyst Estimates
anl10_gpsinnovate_increase_fy1,Number of analysts with innovative positive revisions for gross profit per share FY1,"{'id': 'analyst10', 'name': 'Performance-Weighted Analyst Estimates'}","{'id': 'analyst', 'name': 'Analyst'}","{'id': 'analyst-analyst-estimates', 'name': 'Analyst Estimates'}",EUR,1,TOP2500,MATRIX,1.0,0.9825,4,5,1.4,[],analyst10,Performance-Weighted Analyst Estimates,analyst,Analyst,analyst-analyst-estimates,Analyst Estimates
anl10_gpsinnovate_increase_fy2,Number of analysts with innovative positive revisions for gross profit per share FY2,"{'id': 'analyst10', 'name': 'Performance-Weighted Analyst Estimates'}","{'id': 'analyst', 'name': 'Analyst'}","{'id': 'analyst-analyst-estimates', 'name': 'Analyst Estimates'}",EUR,1,TOP2500,MATRIX,1.0,0.9817,3,4,1.4,[],analyst10,Performance-Weighted Analyst Estimates,analyst,Analyst,analyst-analyst-estimates,Analyst Estimates
anl10_gpsinnovation_score_fq1,Innovation score for gross profit per share Q1 (innovate_increase - innovate_decrease),"{'id': 'analyst10', 'name': 'Performance-Weighted Analyst Estimates'}","{'id': 'analyst', 'name': 'Analyst'}","{'id': 'analyst-analyst-estimates', 'name': 'Analyst Estimates'}",EUR,1,TOP2500,MATRIX,1.0,0.3842,2,3,1.4,[],analyst10,Performance-Weighted Analyst Estimates,analyst,Analyst,analyst-analyst-estimates,Analyst Estimates
anl10_gpsinnovation_score_fq2,Innovation score for gross profit per share Q2 (innovate_increase - innovate_decrease),"{'id': 'analyst10', 'name': 'Performance-Weighted Analyst Estimates'}","{'id': 'analyst', 'name': 'Analyst'}","{'id': 'analyst-analyst-estimates', 'name': 'Analyst Estimates'}",EUR,1,TOP2500,MATRIX,1.0,0.3233,1,1,1.4,[],analyst10,Performance-Weighted Analyst Estimates,analyst,Analyst,analyst-analyst-estimates,Analyst Estimates
anl10_gpsinnovation_score_fy1,Innovation score for gross profit per share FY1 (innovate_increase - innovate_decrease),"{'id': 'analyst10', 'name': 'Performance-Weighted Analyst Estimates'}","{'id': 'analyst', 'name': 'Analyst'}","{'id': 'analyst-analyst-estimates', 'name': 'Analyst Estimates'}",EUR,1,TOP2500,MATRIX,1.0,0.9825,11,17,1.4,[],analyst10,Performance-Weighted Analyst Estimates,analyst,Analyst,analyst-analyst-estimates,Analyst Estimates
anl10_gpsinnovation_score_fy2,Innovation score for gross profit per share FY2 (innovate_increase - innovate_decrease),"{'id': 'analyst10', 'name': 'Performance-Weighted Analyst Estimates'}","{'id': 'analyst', 'name': 'Analyst'}","{'id': 'analyst-analyst-estimates', 'name': 'Analyst Estimates'}",EUR,1,TOP2500,MATRIX,1.0,0.9817,9,15,1.4,[],analyst10,Performance-Weighted Analyst Estimates,analyst,Analyst,analyst-analyst-estimates,Analyst Estimates
anl10_gpsnormal_decrease_fq1,Number of analysts with normal negative revisions for gross profit per share Q1,"{'id': 'analyst10', 'name': 'Performance-Weighted Analyst Estimates'}","{'id': 'analyst', 'name': 'Analyst'}","{'id': 'analyst-analyst-estimates', 'name': 'Analyst Estimates'}",EUR,1,TOP2500,MATRIX,1.0,0.3842,1,1,1.4,[],analyst10,Performance-Weighted Analyst Estimates,analyst,Analyst,analyst-analyst-estimates,Analyst Estimates
anl10_gpsnormal_decrease_fq2,Number of analysts with normal negative revisions for gross profit per share Q2,"{'id': 'analyst10', 'name': 'Performance-Weighted Analyst Estimates'}","{'id': 'analyst', 'name': 'Analyst'}","{'id': 'analyst-analyst-estimates', 'name': 'Analyst Estimates'}",EUR,1,TOP2500,MATRIX,1.0,0.3233,1,1,1.4,[],analyst10,Performance-Weighted Analyst Estimates,analyst,Analyst,analyst-analyst-estimates,Analyst Estimates
anl10_gpsnormal_decrease_fy1,Number of analysts with normal negative revisions for gross profit per share FY1,"{'id': 'analyst10', 'name': 'Performance-Weighted Analyst Estimates'}","{'id': 'analyst', 'name': 'Analyst'}","{'id': 'analyst-analyst-estimates', 'name': 'Analyst Estimates'}",EUR,1,TOP2500,MATRIX,1.0,0.9825,1,1,1.4,[],analyst10,Performance-Weighted Analyst Estimates,analyst,Analyst,analyst-analyst-estimates,Analyst Estimates
anl10_gpsnormal_decrease_fy2,Number of analysts with normal negative revisions for gross profit per share FY2,"{'id': 'analyst10', 'name': 'Performance-Weighted Analyst Estimates'}","{'id': 'analyst', 'name': 'Analyst'}","{'id': 'analyst-analyst-estimates', 'name': 'Analyst Estimates'}",EUR,1,TOP2500,MATRIX,1.0,0.9817,4,4,1.4,[],analyst10,Performance-Weighted Analyst Estimates,analyst,Analyst,analyst-analyst-estimates,Analyst Estimates
anl10_gpsnormal_increase_fq1,Number of analysts with normal positive revisions for gross profit per share Q1,"{'id': 'analyst10', 'name': 'Performance-Weighted Analyst Estimates'}","{'id': 'analyst', 'name': 'Analyst'}","{'id': 'analyst-analyst-estimates', 'name': 'Analyst Estimates'}",EUR,1,TOP2500,MATRIX,1.0,0.3842,1,1,1.4,[],analyst10,Performance-Weighted Analyst Estimates,analyst,Analyst,analyst-analyst-estimates,Analyst Estimates
anl10_gpsnormal_increase_fq2,Number of analysts with normal positive revisions for gross profit per share Q2,"{'id': 'analyst10', 'name': 'Performance-Weighted Analyst Estimates'}","{'id': 'analyst', 'name': 'Analyst'}","{'id': 'analyst-analyst-estimates', 'name': 'Analyst Estimates'}",EUR,1,TOP2500,MATRIX,1.0,0.3233,1,1,1.4,[],analyst10,Performance-Weighted Analyst Estimates,analyst,Analyst,analyst-analyst-estimates,Analyst Estimates
anl10_gpsnormal_increase_fy1,Number of analysts with normal positive revisions for gross profit per share FY1,"{'id': 'analyst10', 'name': 'Performance-Weighted Analyst Estimates'}","{'id': 'analyst', 'name': 'Analyst'}","{'id': 'analyst-analyst-estimates', 'name': 'Analyst Estimates'}",EUR,1,TOP2500,MATRIX,1.0,0.9825,3,3,1.4,[],analyst10,Performance-Weighted Analyst Estimates,analyst,Analyst,analyst-analyst-estimates,Analyst Estimates
anl10_gpsnormal_increase_fy2,Number of analysts with normal positive revisions for gross profit per share FY2,"{'id': 'analyst10', 'name': 'Performance-Weighted Analyst Estimates'}","{'id': 'analyst', 'name': 'Analyst'}","{'id': 'analyst-analyst-estimates', 'name': 'Analyst Estimates'}",EUR,1,TOP2500,MATRIX,1.0,0.9817,2,2,1.4,[],analyst10,Performance-Weighted Analyst Estimates,analyst,Analyst,analyst-analyst-estimates,Analyst Estimates
anl10_gpsrevise_ratio_to_close_fq1,Ratio of delta consensus to adjusted close for gross profit per share Q1,"{'id': 'analyst10', 'name': 'Performance-Weighted Analyst Estimates'}","{'id': 'analyst', 'name': 'Analyst'}","{'id': 'analyst-analyst-estimates', 'name': 'Analyst Estimates'}",EUR,1,TOP2500,MATRIX,1.0,0.3842,11,15,1.4,[],analyst10,Performance-Weighted Analyst Estimates,analyst,Analyst,analyst-analyst-estimates,Analyst Estimates
anl10_gpsrevise_ratio_to_close_fq2,Ratio of delta consensus to adjusted close for gross profit per share Q2,"{'id': 'analyst10', 'name': 'Performance-Weighted Analyst Estimates'}","{'id': 'analyst', 'name': 'Analyst'}","{'id': 'analyst-analyst-estimates', 'name': 'Analyst Estimates'}",EUR,1,TOP2500,MATRIX,1.0,0.3233,2,2,1.4,[],analyst10,Performance-Weighted Analyst Estimates,analyst,Analyst,analyst-analyst-estimates,Analyst Estimates
anl10_gpsrevise_ratio_to_close_fy1,Ratio of delta consensus to adjusted close for gross profit per share FY1,"{'id': 'analyst10', 'name': 'Performance-Weighted Analyst Estimates'}","{'id': 'analyst', 'name': 'Analyst'}","{'id': 'analyst-analyst-estimates', 'name': 'Analyst Estimates'}",EUR,1,TOP2500,MATRIX,1.0,0.9825,5,5,1.4,[],analyst10,Performance-Weighted Analyst Estimates,analyst,Analyst,analyst-analyst-estimates,Analyst Estimates
anl10_gpsrevise_ratio_to_close_fy2,Ratio of delta consensus to adjusted close for gross profit per share FY2,"{'id': 'analyst10', 'name': 'Performance-Weighted Analyst Estimates'}","{'id': 'analyst', 'name': 'Analyst'}","{'id': 'analyst-analyst-estimates', 'name': 'Analyst Estimates'}",EUR,1,TOP2500,MATRIX,1.0,0.9817,5,5,1.4,[],analyst10,Performance-Weighted Analyst Estimates,analyst,Analyst,analyst-analyst-estimates,Analyst Estimates
anl10_gpsrevise_ratio_to_consensus_fq1,Consensus estimate value for gross profit per share Q1,"{'id': 'analyst10', 'name': 'Performance-Weighted Analyst Estimates'}","{'id': 'analyst', 'name': 'Analyst'}","{'id': 'analyst-analyst-estimates', 'name': 'Analyst Estimates'}",EUR,1,TOP2500,MATRIX,1.0,0.3842,3,3,1.4,[],analyst10,Performance-Weighted Analyst Estimates,analyst,Analyst,analyst-analyst-estimates,Analyst Estimates
anl10_gpsrevise_ratio_to_consensus_fq2,Consensus estimate value for gross profit per share Q2,"{'id': 'analyst10', 'name': 'Performance-Weighted Analyst Estimates'}","{'id': 'analyst', 'name': 'Analyst'}","{'id': 'analyst-analyst-estimates', 'name': 'Analyst Estimates'}",EUR,1,TOP2500,MATRIX,1.0,0.3233,2,2,1.4,[],analyst10,Performance-Weighted Analyst Estimates,analyst,Analyst,analyst-analyst-estimates,Analyst Estimates
anl10_gpsrevise_ratio_to_consensus_fy1,Consensus estimate value for gross profit per share FY1,"{'id': 'analyst10', 'name': 'Performance-Weighted Analyst Estimates'}","{'id': 'analyst', 'name': 'Analyst'}","{'id': 'analyst-analyst-estimates', 'name': 'Analyst Estimates'}",EUR,1,TOP2500,MATRIX,1.0,0.9825,3,3,1.4,[],analyst10,Performance-Weighted Analyst Estimates,analyst,Analyst,analyst-analyst-estimates,Analyst Estimates
anl10_gpsrevise_ratio_to_consensus_fy2,Consensus estimate value for gross profit per share FY2,"{'id': 'analyst10', 'name': 'Performance-Weighted Analyst Estimates'}","{'id': 'analyst', 'name': 'Analyst'}","{'id': 'analyst-analyst-estimates', 'name': 'Analyst Estimates'}",EUR,1,TOP2500,MATRIX,1.0,0.9817,2,2,1.4,[],analyst10,Performance-Weighted Analyst Estimates,analyst,Analyst,analyst-analyst-estimates,Analyst Estimates
anl10_gpsrevise_value_fq1,Delta consensus for gross profit per share Q1 (difference between old and current updated value),"{'id': 'analyst10', 'name': 'Performance-Weighted Analyst Estimates'}","{'id': 'analyst', 'name': 'Analyst'}","{'id': 'analyst-analyst-estimates', 'name': 'Analyst Estimates'}",EUR,1,TOP2500,MATRIX,1.0,0.3842,2,2,1.4,[],analyst10,Performance-Weighted Analyst Estimates,analyst,Analyst,analyst-analyst-estimates,Analyst Estimates
anl10_gpsrevise_value_fq2,Delta consensus for gross profit per share Q2 (difference between old and current updated value),"{'id': 'analyst10', 'name': 'Performance-Weighted Analyst Estimates'}","{'id': 'analyst', 'name': 'Analyst'}","{'id': 'analyst-analyst-estimates', 'name': 'Analyst Estimates'}",EUR,1,TOP2500,MATRIX,1.0,0.3233,2,2,1.4,[],analyst10,Performance-Weighted Analyst Estimates,analyst,Analyst,analyst-analyst-estimates,Analyst Estimates
anl10_gpsrevise_value_fy1,Delta consensus for gross profit per share FY1 (difference between old and current updated value),"{'id': 'analyst10', 'name': 'Performance-Weighted Analyst Estimates'}","{'id': 'analyst', 'name': 'Analyst'}","{'id': 'analyst-analyst-estimates', 'name': 'Analyst Estimates'}",EUR,1,TOP2500,MATRIX,1.0,0.9825,2,2,1.4,[],analyst10,Performance-Weighted Analyst Estimates,analyst,Analyst,analyst-analyst-estimates,Analyst Estimates
anl10_gpsrevise_value_fy2,Delta consensus for gross profit per share FY2 (difference between old and current updated value),"{'id': 'analyst10', 'name': 'Performance-Weighted Analyst Estimates'}","{'id': 'analyst', 'name': 'Analyst'}","{'id': 'analyst-analyst-estimates', 'name': 'Analyst Estimates'}",EUR,1,TOP2500,MATRIX,1.0,0.9817,2,2,1.4,[],analyst10,Performance-Weighted Analyst Estimates,analyst,Analyst,analyst-analyst-estimates,Analyst Estimates
anl10_gpssmun_1qf_429,Sample/analyst number - indicating how many analysts contributed to that particular estimate or forecast for gross profit per share,"{'id': 'analyst10', 'name': 'Performance-Weighted Analyst Estimates'}","{'id': 'analyst', 'name': 'Analyst'}","{'id': 'analyst-analyst-estimates', 'name': 'Analyst Estimates'}",EUR,1,TOP2500,MATRIX,1.0,1.0,1,1,1.4,[],analyst10,Performance-Weighted Analyst Estimates,analyst,Analyst,analyst-analyst-estimates,Analyst Estimates
anl10_gpssmun_1yf_438,Sample/analyst number - indicating how many analysts contributed to that particular estimate or forecast for gross profit per share,"{'id': 'analyst10', 'name': 'Performance-Weighted Analyst Estimates'}","{'id': 'analyst', 'name': 'Analyst'}","{'id': 'analyst-analyst-estimates', 'name': 'Analyst Estimates'}",EUR,1,TOP2500,MATRIX,1.0,1.0,1,1,1.4,[],analyst10,Performance-Weighted Analyst Estimates,analyst,Analyst,analyst-analyst-estimates,Analyst Estimates
anl10_gpssmun_2qf_413,Sample/analyst number - indicating how many analysts contributed to that particular estimate or forecast for gross profit per share,"{'id': 'analyst10', 'name': 'Performance-Weighted Analyst Estimates'}","{'id': 'analyst', 'name': 'Analyst'}","{'id': 'analyst-analyst-estimates', 'name': 'Analyst Estimates'}",EUR,1,TOP2500,MATRIX,1.0,1.0,5,6,1.4,[],analyst10,Performance-Weighted Analyst Estimates,analyst,Analyst,analyst-analyst-estimates,Analyst Estimates
anl10_gpssmun_2yf_420,Sample/analyst number - indicating how many analysts contributed to that particular estimate or forecast for gross profit per share,"{'id': 'analyst10', 'name': 'Performance-Weighted Analyst Estimates'}","{'id': 'analyst', 'name': 'Analyst'}","{'id': 'analyst-analyst-estimates', 'name': 'Analyst Estimates'}",EUR,1,TOP2500,MATRIX,1.0,1.0,1,1,1.4,[],analyst10,Performance-Weighted Analyst Estimates,analyst,Analyst,analyst-analyst-estimates,Analyst Estimates
anl10_grmff_606,Ff 606 for gross margin,"{'id': 'analyst10', 'name': 'Performance-Weighted Analyst Estimates'}","{'id': 'analyst', 'name': 'Analyst'}","{'id': 'analyst-analyst-estimates', 'name': 'Analyst Estimates'}",EUR,1,TOP2500,MATRIX,1.0,1.0,16,20,1.4,[],analyst10,Performance-Weighted Analyst Estimates,analyst,Analyst,analyst-analyst-estimates,Analyst Estimates
anl10_grmfy1_consensus_609,Consensus estimate value for gross margin FY1,"{'id': 'analyst10', 'name': 'Performance-Weighted Analyst Estimates'}","{'id': 'analyst', 'name': 'Analyst'}","{'id': 'analyst-analyst-estimates', 'name': 'Analyst Estimates'}",EUR,1,TOP2500,MATRIX,1.0,0.9367,7,7,1.4,[],analyst10,Performance-Weighted Analyst Estimates,analyst,Analyst,analyst-analyst-estimates,Analyst Estimates
anl10_grmfy1_pred_surps_v0_588,Predicted surprise version 0 for gross margin for FY1 (calculated as (smart_ests - consensus)/consensus),"{'id': 'analyst10', 'name': 'Performance-Weighted Analyst Estimates'}","{'id': 'analyst', 'name': 'Analyst'}","{'id': 'analyst-analyst-estimates', 'name': 'Analyst Estimates'}",EUR,1,TOP2500,MATRIX,1.0,0.9367,1,1,1.4,[],analyst10,Performance-Weighted Analyst Estimates,analyst,Analyst,analyst-analyst-estimates,Analyst Estimates
anl10_grmfy1_pred_surps_v1_601,Predicted surprise version 1 for gross margin for FY1 (calculated as (smart_ests - consensus)/consensus),"{'id': 'analyst10', 'name': 'Performance-Weighted Analyst Estimates'}","{'id': 'analyst', 'name': 'Analyst'}","{'id': 'analyst-analyst-estimates', 'name': 'Analyst Estimates'}",EUR,1,TOP2500,MATRIX,1.0,0.9367,3,3,1.4,[],analyst10,Performance-Weighted Analyst Estimates,analyst,Analyst,analyst-analyst-estimates,Analyst Estimates
anl10_grmfy1_pred_surps_v2_603,Predicted surprise version 2 for gross margin for FY1 (calculated as (smart_ests - consensus)/consensus),"{'id': 'analyst10', 'name': 'Performance-Weighted Analyst Estimates'}","{'id': 'analyst', 'name': 'Analyst'}","{'id': 'analyst-analyst-estimates', 'name': 'Analyst Estimates'}",EUR,1,TOP2500,MATRIX,1.0,0.9367,1,1,1.4,[],analyst10,Performance-Weighted Analyst Estimates,analyst,Analyst,analyst-analyst-estimates,Analyst Estimates
anl10_grmfy1_smart_ests_v0_611,Smart estimates version 0 value for gross margin for FY1,"{'id': 'analyst10', 'name': 'Performance-Weighted Analyst Estimates'}","{'id': 'analyst', 'name': 'Analyst'}","{'id': 'analyst-analyst-estimates', 'name': 'Analyst Estimates'}",EUR,1,TOP2500,MATRIX,1.0,0.9367,2,2,1.4,[],analyst10,Performance-Weighted Analyst Estimates,analyst,Analyst,analyst-analyst-estimates,Analyst Estimates
anl10_grmfy1_smart_ests_v1_581,Smart estimates version 1 value for gross margin for FY1,"{'id': 'analyst10', 'name': 'Performance-Weighted Analyst Estimates'}","{'id': 'analyst', 'name': 'Analyst'}","{'id': 'analyst-analyst-estimates', 'name': 'Analyst Estimates'}",EUR,1,TOP2500,MATRIX,1.0,0.9367,3,3,1.4,[],analyst10,Performance-Weighted Analyst Estimates,analyst,Analyst,analyst-analyst-estimates,Analyst Estimates
anl10_grmfy1_smart_ests_v2_584,Smart estimates version 2 value for gross margin for FY1,"{'id': 'analyst10', 'name': 'Performance-Weighted Analyst Estimates'}","{'id': 'analyst', 'name': 'Analyst'}","{'id': 'analyst-analyst-estimates', 'name': 'Analyst Estimates'}",EUR,1,TOP2500,MATRIX,1.0,0.9367,5,5,1.4,[],analyst10,Performance-Weighted Analyst Estimates,analyst,Analyst,analyst-analyst-estimates,Analyst Estimates
anl10_grmfy2_consensus_587,Consensus estimate value for gross margin FY2,"{'id': 'analyst10', 'name': 'Performance-Weighted Analyst Estimates'}","{'id': 'analyst', 'name': 'Analyst'}","{'id': 'analyst-analyst-estimates', 'name': 'Analyst Estimates'}",EUR,1,TOP2500,MATRIX,1.0,0.9308,2,2,1.4,[],analyst10,Performance-Weighted Analyst Estimates,analyst,Analyst,analyst-analyst-estimates,Analyst Estimates
anl10_grmfy2_pred_surps_v0_590,Predicted surprise version 0 for gross margin for FY2 (calculated as (smart_ests - consensus)/consensus),"{'id': 'analyst10', 'name': 'Performance-Weighted Analyst Estimates'}","{'id': 'analyst', 'name': 'Analyst'}","{'id': 'analyst-analyst-estimates', 'name': 'Analyst Estimates'}",EUR,1,TOP2500,MATRIX,1.0,0.9308,1,1,1.4,[],analyst10,Performance-Weighted Analyst Estimates,analyst,Analyst,analyst-analyst-estimates,Analyst Estimates
anl10_grmfy2_pred_surps_v1_602,Predicted surprise version 1 for gross margin for FY2 (calculated as (smart_ests - consensus)/consensus),"{'id': 'analyst10', 'name': 'Performance-Weighted Analyst Estimates'}","{'id': 'analyst', 'name': 'Analyst'}","{'id': 'analyst-analyst-estimates', 'name': 'Analyst Estimates'}",EUR,1,TOP2500,MATRIX,1.0,0.9308,2,2,1.4,[],analyst10,Performance-Weighted Analyst Estimates,analyst,Analyst,analyst-analyst-estimates,Analyst Estimates
anl10_grmfy2_pred_surps_v2_577,Predicted surprise version 2 for gross margin for FY2 (calculated as (smart_ests - consensus)/consensus),"{'id': 'analyst10', 'name': 'Performance-Weighted Analyst Estimates'}","{'id': 'analyst', 'name': 'Analyst'}","{'id': 'analyst-analyst-estimates', 'name': 'Analyst Estimates'}",EUR,1,TOP2500,MATRIX,1.0,0.9308,6,6,1.4,[],analyst10,Performance-Weighted Analyst Estimates,analyst,Analyst,analyst-analyst-estimates,Analyst Estimates
anl10_grmfy2_smart_ests_v0_578,Smart estimates version 0 value for gross margin for FY2,"{'id': 'analyst10', 'name': 'Performance-Weighted Analyst Estimates'}","{'id': 'analyst', 'name': 'Analyst'}","{'id': 'analyst-analyst-estimates', 'name': 'Analyst Estimates'}",EUR,1,TOP2500,MATRIX,1.0,0.9308,1,1,1.4,[],analyst10,Performance-Weighted Analyst Estimates,analyst,Analyst,analyst-analyst-estimates,Analyst Estimates
anl10_grmfy2_smart_ests_v1_604,Smart estimates version 1 value for gross margin for FY2,"{'id': 'analyst10', 'name': 'Performance-Weighted Analyst Estimates'}","{'id': 'analyst', 'name': 'Analyst'}","{'id': 'analyst-analyst-estimates', 'name': 'Analyst Estimates'}",EUR,1,TOP2500,MATRIX,1.0,0.9308,2,2,1.4,[],analyst10,Performance-Weighted Analyst Estimates,analyst,Analyst,analyst-analyst-estimates,Analyst Estimates
anl10_grmfy2_smart_ests_v2_605,Smart estimates version 2 value for gross margin for FY2,"{'id': 'analyst10', 'name': 'Performance-Weighted Analyst Estimates'}","{'id': 'analyst', 'name': 'Analyst'}","{'id': 'analyst-analyst-estimates', 'name': 'Analyst Estimates'}",EUR,1,TOP2500,MATRIX,1.0,0.9308,2,2,1.4,[],analyst10,Performance-Weighted Analyst Estimates,analyst,Analyst,analyst-analyst-estimates,Analyst Estimates
anl10_grminnovate_decrease_fy1,Number of analysts with innovative negative revisions for gross margin FY1,"{'id': 'analyst10', 'name': 'Performance-Weighted Analyst Estimates'}","{'id': 'analyst', 'name': 'Analyst'}","{'id': 'analyst-analyst-estimates', 'name': 'Analyst Estimates'}",EUR,1,TOP2500,MATRIX,1.0,0.66,2,2,1.4,[],analyst10,Performance-Weighted Analyst Estimates,analyst,Analyst,analyst-analyst-estimates,Analyst Estimates
anl10_grminnovate_decrease_fy2,Number of analysts with innovative negative revisions for gross margin FY2,"{'id': 'analyst10', 'name': 'Performance-Weighted Analyst Estimates'}","{'id': 'analyst', 'name': 'Analyst'}","{'id': 'analyst-analyst-estimates', 'name': 'Analyst Estimates'}",EUR,1,TOP2500,MATRIX,1.0,0.6558,2,2,1.4,[],analyst10,Performance-Weighted Analyst Estimates,analyst,Analyst,analyst-analyst-estimates,Analyst Estimates
anl10_grminnovate_increase_fy1,Number of analysts with innovative positive revisions for gross margin FY1,"{'id': 'analyst10', 'name': 'Performance-Weighted Analyst Estimates'}","{'id': 'analyst', 'name': 'Analyst'}","{'id': 'analyst-analyst-estimates', 'name': 'Analyst Estimates'}",EUR,1,TOP2500,MATRIX,1.0,0.66,1,1,1.4,[],analyst10,Performance-Weighted Analyst Estimates,analyst,Analyst,analyst-analyst-estimates,Analyst Estimates
anl10_grminnovate_increase_fy2,Number of analysts with innovative positive revisions for gross margin FY2,"{'id': 'analyst10', 'name': 'Performance-Weighted Analyst Estimates'}","{'id': 'analyst', 'name': 'Analyst'}","{'id': 'analyst-analyst-estimates', 'name': 'Analyst Estimates'}",EUR,1,TOP2500,MATRIX,1.0,0.6558,4,5,1.4,[],analyst10,Performance-Weighted Analyst Estimates,analyst,Analyst,analyst-analyst-estimates,Analyst Estimates
anl10_grminnovation_score_fy1,Innovation score for gross margin FY1 (innovate_increase - innovate_decrease),"{'id': 'analyst10', 'name': 'Performance-Weighted Analyst Estimates'}","{'id': 'analyst', 'name': 'Analyst'}","{'id': 'analyst-analyst-estimates', 'name': 'Analyst Estimates'}",EUR,1,TOP2500,MATRIX,1.0,0.66,1,1,1.4,[],analyst10,Performance-Weighted Analyst Estimates,analyst,Analyst,analyst-analyst-estimates,Analyst Estimates
anl10_grminnovation_score_fy2,Innovation score for gross margin FY2 (innovate_increase - innovate_decrease),"{'id': 'analyst10', 'name': 'Performance-Weighted Analyst Estimates'}","{'id': 'analyst', 'name': 'Analyst'}","{'id': 'analyst-analyst-estimates', 'name': 'Analyst Estimates'}",EUR,1,TOP2500,MATRIX,1.0,0.6558,1,1,1.4,[],analyst10,Performance-Weighted Analyst Estimates,analyst,Analyst,analyst-analyst-estimates,Analyst Estimates
anl10_grmnormal_decrease_fy1,Number of analysts with normal negative revisions for gross margin FY1,"{'id': 'analyst10', 'name': 'Performance-Weighted Analyst Estimates'}","{'id': 'analyst', 'name': 'Analyst'}","{'id': 'analyst-analyst-estimates', 'name': 'Analyst Estimates'}",EUR,1,TOP2500,MATRIX,1.0,0.66,2,2,1.4,[],analyst10,Performance-Weighted Analyst Estimates,analyst,Analyst,analyst-analyst-estimates,Analyst Estimates
anl10_grmnormal_decrease_fy2,Number of analysts with normal negative revisions for gross margin FY2,"{'id': 'analyst10', 'name': 'Performance-Weighted Analyst Estimates'}","{'id': 'analyst', 'name': 'Analyst'}","{'id': 'analyst-analyst-estimates', 'name': 'Analyst Estimates'}",EUR,1,TOP2500,MATRIX,1.0,0.6558,1,1,1.4,[],analyst10,Performance-Weighted Analyst Estimates,analyst,Analyst,analyst-analyst-estimates,Analyst Estimates
anl10_grmnormal_increase_fy1,Number of analysts with normal positive revisions for gross margin FY1,"{'id': 'analyst10', 'name': 'Performance-Weighted Analyst Estimates'}","{'id': 'analyst', 'name': 'Analyst'}","{'id': 'analyst-analyst-estimates', 'name': 'Analyst Estimates'}",EUR,1,TOP2500,MATRIX,1.0,0.66,1,1,1.4,[],analyst10,Performance-Weighted Analyst Estimates,analyst,Analyst,analyst-analyst-estimates,Analyst Estimates
anl10_grmnormal_increase_fy2,Number of analysts with normal positive revisions for gross margin FY2,"{'id': 'analyst10', 'name': 'Performance-Weighted Analyst Estimates'}","{'id': 'analyst', 'name': 'Analyst'}","{'id': 'analyst-analyst-estimates', 'name': 'Analyst Estimates'}",EUR,1,TOP2500,MATRIX,1.0,0.6558,1,1,1.4,[],analyst10,Performance-Weighted Analyst Estimates,analyst,Analyst,analyst-analyst-estimates,Analyst Estimates
anl10_grmrevise_ratio_to_close_fy1,Ratio of delta consensus to adjusted close for gross margin FY1,"{'id': 'analyst10', 'name': 'Performance-Weighted Analyst Estimates'}","{'id': 'analyst', 'name': 'Analyst'}","{'id': 'analyst-analyst-estimates', 'name': 'Analyst Estimates'}",EUR,1,TOP2500,MATRIX,1.0,0.6567,2,2,1.4,[],analyst10,Performance-Weighted Analyst Estimates,analyst,Analyst,analyst-analyst-estimates,Analyst Estimates
anl10_grmrevise_ratio_to_close_fy2,Ratio of delta consensus to adjusted close for gross margin FY2,"{'id': 'analyst10', 'name': 'Performance-Weighted Analyst Estimates'}","{'id': 'analyst', 'name': 'Analyst'}","{'id': 'analyst-analyst-estimates', 'name': 'Analyst Estimates'}",EUR,1,TOP2500,MATRIX,1.0,0.6525,1,1,1.4,[],analyst10,Performance-Weighted Analyst Estimates,analyst,Analyst,analyst-analyst-estimates,Analyst Estimates
anl10_grmrevise_ratio_to_consensus_fy1,Consensus estimate value for gross margin FY1,"{'id': 'analyst10', 'name': 'Performance-Weighted Analyst Estimates'}","{'id': 'analyst', 'name': 'Analyst'}","{'id': 'analyst-analyst-estimates', 'name': 'Analyst Estimates'}",EUR,1,TOP2500,MATRIX,1.0,0.6567,2,2,1.4,[],analyst10,Performance-Weighted Analyst Estimates,analyst,Analyst,analyst-analyst-estimates,Analyst Estimates
anl10_grmrevise_ratio_to_consensus_fy2,Consensus estimate value for gross margin FY2,"{'id': 'analyst10', 'name': 'Performance-Weighted Analyst Estimates'}","{'id': 'analyst', 'name': 'Analyst'}","{'id': 'analyst-analyst-estimates', 'name': 'Analyst Estimates'}",EUR,1,TOP2500,MATRIX,1.0,0.6525,1,1,1.4,[],analyst10,Performance-Weighted Analyst Estimates,analyst,Analyst,analyst-analyst-estimates,Analyst Estimates
anl10_grmrevise_value_fy1,Delta consensus for gross margin FY1 (difference between old and current updated value),"{'id': 'analyst10', 'name': 'Performance-Weighted Analyst Estimates'}","{'id': 'analyst', 'name': 'Analyst'}","{'id': 'analyst-analyst-estimates', 'name': 'Analyst Estimates'}",EUR,1,TOP2500,MATRIX,1.0,0.6567,2,2,1.4,[],analyst10,Performance-Weighted Analyst Estimates,analyst,Analyst,analyst-analyst-estimates,Analyst Estimates
anl10_grmrevise_value_fy2,Delta consensus for gross margin FY2 (difference between old and current updated value),"{'id': 'analyst10', 'name': 'Performance-Weighted Analyst Estimates'}","{'id': 'analyst', 'name': 'Analyst'}","{'id': 'analyst-analyst-estimates', 'name': 'Analyst Estimates'}",EUR,1,TOP2500,MATRIX,1.0,0.6525,2,2,1.4,[],analyst10,Performance-Weighted Analyst Estimates,analyst,Analyst,analyst-analyst-estimates,Analyst Estimates
anl10_grmsmun_1qf_610,Sample/analyst number - indicating how many analysts contributed to that particular estimate or forecast for gross margin,"{'id': 'analyst10', 'name': 'Performance-Weighted Analyst Estimates'}","{'id': 'analyst', 'name': 'Analyst'}","{'id': 'analyst-analyst-estimates', 'name': 'Analyst Estimates'}",EUR,1,TOP2500,MATRIX,1.0,0.9508,1,1,1.4,[],analyst10,Performance-Weighted Analyst Estimates,analyst,Analyst,analyst-analyst-estimates,Analyst Estimates
anl10_grmsmun_1yf_595,Sample/analyst number - indicating how many analysts contributed to that particular estimate or forecast for gross margin,"{'id': 'analyst10', 'name': 'Performance-Weighted Analyst Estimates'}","{'id': 'analyst', 'name': 'Analyst'}","{'id': 'analyst-analyst-estimates', 'name': 'Analyst Estimates'}",EUR,1,TOP2500,MATRIX,1.0,0.9508,3,3,1.4,[],analyst10,Performance-Weighted Analyst Estimates,analyst,Analyst,analyst-analyst-estimates,Analyst Estimates
anl10_grmsmun_2qf_585,Sample/analyst number - indicating how many analysts contributed to that particular estimate or forecast for gross margin,"{'id': 'analyst10', 'name': 'Performance-Weighted Analyst Estimates'}","{'id': 'analyst', 'name': 'Analyst'}","{'id': 'analyst-analyst-estimates', 'name': 'Analyst Estimates'}",EUR,1,TOP2500,MATRIX,1.0,0.9508,2,2,1.4,[],analyst10,Performance-Weighted Analyst Estimates,analyst,Analyst,analyst-analyst-estimates,Analyst Estimates
anl10_grmsmun_2yf_592,Sample/analyst number - indicating how many analysts contributed to that particular estimate or forecast for gross margin,"{'id': 'analyst10', 'name': 'Performance-Weighted Analyst Estimates'}","{'id': 'analyst', 'name': 'Analyst'}","{'id': 'analyst-analyst-estimates', 'name': 'Analyst Estimates'}",EUR,1,TOP2500,MATRIX,1.0,0.9508,2,2,1.4,[],analyst10,Performance-Weighted Analyst Estimates,analyst,Analyst,analyst-analyst-estimates,Analyst Estimates
anl10_navff,Net asset value - field format,"{'id': 'analyst10', 'name': 'Performance-Weighted Analyst Estimates'}","{'id': 'analyst', 'name': 'Analyst'}","{'id': 'analyst-analyst-estimates', 'name': 'Analyst Estimates'}",EUR,1,TOP2500,MATRIX,1.0,1.0,4,4,1.4,[],analyst10,Performance-Weighted Analyst Estimates,analyst,Analyst,analyst-analyst-estimates,Analyst Estimates
anl10_navfy1_consensus,Consensus estimate value for net asset value FY1,"{'id': 'analyst10', 'name': 'Performance-Weighted Analyst Estimates'}","{'id': 'analyst', 'name': 'Analyst'}","{'id': 'analyst-analyst-estimates', 'name': 'Analyst Estimates'}",EUR,1,TOP2500,MATRIX,1.0,1.0,7,10,1.4,[],analyst10,Performance-Weighted Analyst Estimates,analyst,Analyst,analyst-analyst-estimates,Analyst Estimates
anl10_navfy1_pred_surps_v0,Predicted surprise version 0 for net asset value for FY1 (calculated as (smart_ests - consensus)/consensus),"{'id': 'analyst10', 'name': 'Performance-Weighted Analyst Estimates'}","{'id': 'analyst', 'name': 'Analyst'}","{'id': 'analyst-analyst-estimates', 'name': 'Analyst Estimates'}",EUR,1,TOP2500,MATRIX,1.0,1.0,2,2,1.4,[],analyst10,Performance-Weighted Analyst Estimates,analyst,Analyst,analyst-analyst-estimates,Analyst Estimates
anl10_navfy1_pred_surps_v1,Predicted surprise version 1 for net asset value for FY1 (calculated as (smart_ests - consensus)/consensus),"{'id': 'analyst10', 'name': 'Performance-Weighted Analyst Estimates'}","{'id': 'analyst', 'name': 'Analyst'}","{'id': 'analyst-analyst-estimates', 'name': 'Analyst Estimates'}",EUR,1,TOP2500,MATRIX,1.0,1.0,3,3,1.4,[],analyst10,Performance-Weighted Analyst Estimates,analyst,Analyst,analyst-analyst-estimates,Analyst Estimates
anl10_navfy1_pred_surps_v2,Predicted surprise version 2 for net asset value for FY1 (calculated as (smart_ests - consensus)/consensus),"{'id': 'analyst10', 'name': 'Performance-Weighted Analyst Estimates'}","{'id': 'analyst', 'name': 'Analyst'}","{'id': 'analyst-analyst-estimates', 'name': 'Analyst Estimates'}",EUR,1,TOP2500,MATRIX,1.0,1.0,1,1,1.4,[],analyst10,Performance-Weighted Analyst Estimates,analyst,Analyst,analyst-analyst-estimates,Analyst Estimates
anl10_navfy1_smart_ests_v0,Smart estimates version 0 value for net asset value for FY1,"{'id': 'analyst10', 'name': 'Performance-Weighted Analyst Estimates'}","{'id': 'analyst', 'name': 'Analyst'}","{'id': 'analyst-analyst-estimates', 'name': 'Analyst Estimates'}",EUR,1,TOP2500,MATRIX,1.0,1.0,1,1,1.4,[],analyst10,Performance-Weighted Analyst Estimates,analyst,Analyst,analyst-analyst-estimates,Analyst Estimates
anl10_navfy1_smart_ests_v1,Smart estimates version 1 value for net asset value for FY1,"{'id': 'analyst10', 'name': 'Performance-Weighted Analyst Estimates'}","{'id': 'analyst', 'name': 'Analyst'}","{'id': 'analyst-analyst-estimates', 'name': 'Analyst Estimates'}",EUR,1,TOP2500,MATRIX,1.0,1.0,3,3,1.4,[],analyst10,Performance-Weighted Analyst Estimates,analyst,Analyst,analyst-analyst-estimates,Analyst Estimates
anl10_navfy1_smart_ests_v2,Smart estimates version 2 value for net asset value for FY1,"{'id': 'analyst10', 'name': 'Performance-Weighted Analyst Estimates'}","{'id': 'analyst', 'name': 'Analyst'}","{'id': 'analyst-analyst-estimates', 'name': 'Analyst Estimates'}",EUR,1,TOP2500,MATRIX,1.0,1.0,2,2,1.4,[],analyst10,Performance-Weighted Analyst Estimates,analyst,Analyst,analyst-analyst-estimates,Analyst Estimates
anl10_navfy2_consensus,Consensus estimate value for net asset value FY2,"{'id': 'analyst10', 'name': 'Performance-Weighted Analyst Estimates'}","{'id': 'analyst', 'name': 'Analyst'}","{'id': 'analyst-analyst-estimates', 'name': 'Analyst Estimates'}",EUR,1,TOP2500,MATRIX,1.0,1.0,4,4,1.4,[],analyst10,Performance-Weighted Analyst Estimates,analyst,Analyst,analyst-analyst-estimates,Analyst Estimates
anl10_navfy2_pred_surps_v0,Predicted surprise version 0 for net asset value for FY2 (calculated as (smart_ests - consensus)/consensus),"{'id': 'analyst10', 'name': 'Performance-Weighted Analyst Estimates'}","{'id': 'analyst', 'name': 'Analyst'}","{'id': 'analyst-analyst-estimates', 'name': 'Analyst Estimates'}",EUR,1,TOP2500,MATRIX,1.0,1.0,4,4,1.4,[],analyst10,Performance-Weighted Analyst Estimates,analyst,Analyst,analyst-analyst-estimates,Analyst Estimates
anl10_navfy2_pred_surps_v1,Predicted surprise version 1 for net asset value for FY2 (calculated as (smart_ests - consensus)/consensus),"{'id': 'analyst10', 'name': 'Performance-Weighted Analyst Estimates'}","{'id': 'analyst', 'name': 'Analyst'}","{'id': 'analyst-analyst-estimates', 'name': 'Analyst Estimates'}",EUR,1,TOP2500,MATRIX,1.0,1.0,2,2,1.4,[],analyst10,Performance-Weighted Analyst Estimates,analyst,Analyst,analyst-analyst-estimates,Analyst Estimates
anl10_navfy2_pred_surps_v2,Predicted surprise version 2 for net asset value for FY2 (calculated as (smart_ests - consensus)/consensus),"{'id': 'analyst10', 'name': 'Performance-Weighted Analyst Estimates'}","{'id': 'analyst', 'name': 'Analyst'}","{'id': 'analyst-analyst-estimates', 'name': 'Analyst Estimates'}",EUR,1,TOP2500,MATRIX,1.0,1.0,3,3,1.4,[],analyst10,Performance-Weighted Analyst Estimates,analyst,Analyst,analyst-analyst-estimates,Analyst Estimates
anl10_navfy2_smart_ests_v0,Smart estimates version 0 value for net asset value for FY2,"{'id': 'analyst10', 'name': 'Performance-Weighted Analyst Estimates'}","{'id': 'analyst', 'name': 'Analyst'}","{'id': 'analyst-analyst-estimates', 'name': 'Analyst Estimates'}",EUR,1,TOP2500,MATRIX,1.0,1.0,2,2,1.4,[],analyst10,Performance-Weighted Analyst Estimates,analyst,Analyst,analyst-analyst-estimates,Analyst Estimates
anl10_navfy2_smart_ests_v1,Smart estimates version 1 value for net asset value for FY2,"{'id': 'analyst10', 'name': 'Performance-Weighted Analyst Estimates'}","{'id': 'analyst', 'name': 'Analyst'}","{'id': 'analyst-analyst-estimates', 'name': 'Analyst Estimates'}",EUR,1,TOP2500,MATRIX,1.0,1.0,1,1,1.4,[],analyst10,Performance-Weighted Analyst Estimates,analyst,Analyst,analyst-analyst-estimates,Analyst Estimates
anl10_navfy2_smart_ests_v2,Smart estimates version 2 value for net asset value for FY2,"{'id': 'analyst10', 'name': 'Performance-Weighted Analyst Estimates'}","{'id': 'analyst', 'name': 'Analyst'}","{'id': 'analyst-analyst-estimates', 'name': 'Analyst Estimates'}",EUR,1,TOP2500,MATRIX,1.0,1.0,2,2,1.4,[],analyst10,Performance-Weighted Analyst Estimates,analyst,Analyst,analyst-analyst-estimates,Analyst Estimates
anl10_navinnovate_decrease_fy1,Number of analysts with innovative negative revisions for net asset value FY1,"{'id': 'analyst10', 'name': 'Performance-Weighted Analyst Estimates'}","{'id': 'analyst', 'name': 'Analyst'}","{'id': 'analyst-analyst-estimates', 'name': 'Analyst Estimates'}",EUR,1,TOP2500,MATRIX,1.0,0.9492,2,2,1.4,[],analyst10,Performance-Weighted Analyst Estimates,analyst,Analyst,analyst-analyst-estimates,Analyst Estimates
anl10_navinnovate_decrease_fy2,Number of analysts with innovative negative revisions for net asset value FY2,"{'id': 'analyst10', 'name': 'Performance-Weighted Analyst Estimates'}","{'id': 'analyst', 'name': 'Analyst'}","{'id': 'analyst-analyst-estimates', 'name': 'Analyst Estimates'}",EUR,1,TOP2500,MATRIX,1.0,0.9475,2,2,1.4,[],analyst10,Performance-Weighted Analyst Estimates,analyst,Analyst,analyst-analyst-estimates,Analyst Estimates
anl10_navinnovate_increase_fy1,Number of analysts with innovative positive revisions for net asset value FY1,"{'id': 'analyst10', 'name': 'Performance-Weighted Analyst Estimates'}","{'id': 'analyst', 'name': 'Analyst'}","{'id': 'analyst-analyst-estimates', 'name': 'Analyst Estimates'}",EUR,1,TOP2500,MATRIX,1.0,0.9492,3,3,1.4,[],analyst10,Performance-Weighted Analyst Estimates,analyst,Analyst,analyst-analyst-estimates,Analyst Estimates
anl10_navinnovate_increase_fy2,Number of analysts with innovative positive revisions for net asset value FY2,"{'id': 'analyst10', 'name': 'Performance-Weighted Analyst Estimates'}","{'id': 'analyst', 'name': 'Analyst'}","{'id': 'analyst-analyst-estimates', 'name': 'Analyst Estimates'}",EUR,1,TOP2500,MATRIX,1.0,0.9475,2,2,1.4,[],analyst10,Performance-Weighted Analyst Estimates,analyst,Analyst,analyst-analyst-estimates,Analyst Estimates
anl10_navinnovation_score_fy1,Innovation score for net asset value FY1 (innovate_increase - innovate_decrease),"{'id': 'analyst10', 'name': 'Performance-Weighted Analyst Estimates'}","{'id': 'analyst', 'name': 'Analyst'}","{'id': 'analyst-analyst-estimates', 'name': 'Analyst Estimates'}",EUR,1,TOP2500,MATRIX,1.0,0.9492,1,1,1.4,[],analyst10,Performance-Weighted Analyst Estimates,analyst,Analyst,analyst-analyst-estimates,Analyst Estimates
anl10_navinnovation_score_fy2,Innovation score for net asset value FY2 (innovate_increase - innovate_decrease),"{'id': 'analyst10', 'name': 'Performance-Weighted Analyst Estimates'}","{'id': 'analyst', 'name': 'Analyst'}","{'id': 'analyst-analyst-estimates', 'name': 'Analyst Estimates'}",EUR,1,TOP2500,MATRIX,1.0,0.9475,1,1,1.4,[],analyst10,Performance-Weighted Analyst Estimates,analyst,Analyst,analyst-analyst-estimates,Analyst Estimates
anl10_navnormal_decrease_fy1,Number of analysts with normal negative revisions for net asset value FY1,"{'id': 'analyst10', 'name': 'Performance-Weighted Analyst Estimates'}","{'id': 'analyst', 'name': 'Analyst'}","{'id': 'analyst-analyst-estimates', 'name': 'Analyst Estimates'}",EUR,1,TOP2500,MATRIX,1.0,0.9492,2,2,1.4,[],analyst10,Performance-Weighted Analyst Estimates,analyst,Analyst,analyst-analyst-estimates,Analyst Estimates
anl10_navnormal_decrease_fy2,Number of analysts with normal negative revisions for net asset value FY2,"{'id': 'analyst10', 'name': 'Performance-Weighted Analyst Estimates'}","{'id': 'analyst', 'name': 'Analyst'}","{'id': 'analyst-analyst-estimates', 'name': 'Analyst Estimates'}",EUR,1,TOP2500,MATRIX,1.0,0.9475,3,3,1.4,[],analyst10,Performance-Weighted Analyst Estimates,analyst,Analyst,analyst-analyst-estimates,Analyst Estimates
anl10_navnormal_increase_fy1,Number of analysts with normal positive revisions for net asset value FY1,"{'id': 'analyst10', 'name': 'Performance-Weighted Analyst Estimates'}","{'id': 'analyst', 'name': 'Analyst'}","{'id': 'analyst-analyst-estimates', 'name': 'Analyst Estimates'}",EUR,1,TOP2500,MATRIX,1.0,0.9492,2,2,1.4,[],analyst10,Performance-Weighted Analyst Estimates,analyst,Analyst,analyst-analyst-estimates,Analyst Estimates
anl10_navnormal_increase_fy2,Number of analysts with normal positive revisions for net asset value FY2,"{'id': 'analyst10', 'name': 'Performance-Weighted Analyst Estimates'}","{'id': 'analyst', 'name': 'Analyst'}","{'id': 'analyst-analyst-estimates', 'name': 'Analyst Estimates'}",EUR,1,TOP2500,MATRIX,1.0,0.9475,2,2,1.4,[],analyst10,Performance-Weighted Analyst Estimates,analyst,Analyst,analyst-analyst-estimates,Analyst Estimates
anl10_navrevise_ratio_to_close_fy1,Ratio of delta consensus to adjusted close for net asset value FY1,"{'id': 'analyst10', 'name': 'Performance-Weighted Analyst Estimates'}","{'id': 'analyst', 'name': 'Analyst'}","{'id': 'analyst-analyst-estimates', 'name': 'Analyst Estimates'}",EUR,1,TOP2500,MATRIX,1.0,0.9492,2,2,1.4,[],analyst10,Performance-Weighted Analyst Estimates,analyst,Analyst,analyst-analyst-estimates,Analyst Estimates
anl10_navrevise_ratio_to_close_fy2,Ratio of delta consensus to adjusted close for net asset value FY2,"{'id': 'analyst10', 'name': 'Performance-Weighted Analyst Estimates'}","{'id': 'analyst', 'name': 'Analyst'}","{'id': 'analyst-analyst-estimates', 'name': 'Analyst Estimates'}",EUR,1,TOP2500,MATRIX,1.0,0.9475,3,3,1.4,[],analyst10,Performance-Weighted Analyst Estimates,analyst,Analyst,analyst-analyst-estimates,Analyst Estimates
anl10_navrevise_ratio_to_consensus_fy1,Consensus estimate value for net asset value FY1,"{'id': 'analyst10', 'name': 'Performance-Weighted Analyst Estimates'}","{'id': 'analyst', 'name': 'Analyst'}","{'id': 'analyst-analyst-estimates', 'name': 'Analyst Estimates'}",EUR,1,TOP2500,MATRIX,1.0,0.9492,1,1,1.4,[],analyst10,Performance-Weighted Analyst Estimates,analyst,Analyst,analyst-analyst-estimates,Analyst Estimates
anl10_navrevise_ratio_to_consensus_fy2,Consensus estimate value for net asset value FY2,"{'id': 'analyst10', 'name': 'Performance-Weighted Analyst Estimates'}","{'id': 'analyst', 'name': 'Analyst'}","{'id': 'analyst-analyst-estimates', 'name': 'Analyst Estimates'}",EUR,1,TOP2500,MATRIX,1.0,0.9475,2,2,1.4,[],analyst10,Performance-Weighted Analyst Estimates,analyst,Analyst,analyst-analyst-estimates,Analyst Estimates
anl10_navrevise_value_fy1,Delta consensus for net asset value FY1 (difference between old and current updated value),"{'id': 'analyst10', 'name': 'Performance-Weighted Analyst Estimates'}","{'id': 'analyst', 'name': 'Analyst'}","{'id': 'analyst-analyst-estimates', 'name': 'Analyst Estimates'}",EUR,1,TOP2500,MATRIX,1.0,0.9492,1,1,1.4,[],analyst10,Performance-Weighted Analyst Estimates,analyst,Analyst,analyst-analyst-estimates,Analyst Estimates
anl10_navrevise_value_fy2,Delta consensus for net asset value FY2 (difference between old and current updated value),"{'id': 'analyst10', 'name': 'Performance-Weighted Analyst Estimates'}","{'id': 'analyst', 'name': 'Analyst'}","{'id': 'analyst-analyst-estimates', 'name': 'Analyst Estimates'}",EUR,1,TOP2500,MATRIX,1.0,0.9475,2,2,1.4,[],analyst10,Performance-Weighted Analyst Estimates,analyst,Analyst,analyst-analyst-estimates,Analyst Estimates
anl10_navsmun_1qf,Sample/analyst number - indicating how many analysts contributed to that particular estimate or forecast for net asset value,"{'id': 'analyst10', 'name': 'Performance-Weighted Analyst Estimates'}","{'id': 'analyst', 'name': 'Analyst'}","{'id': 'analyst-analyst-estimates', 'name': 'Analyst Estimates'}",EUR,1,TOP2500,MATRIX,1.0,1.0,1,1,1.4,[],analyst10,Performance-Weighted Analyst Estimates,analyst,Analyst,analyst-analyst-estimates,Analyst Estimates
anl10_navsmun_1yf,Sample/analyst number - indicating how many analysts contributed to that particular estimate or forecast for net asset value,"{'id': 'analyst10', 'name': 'Performance-Weighted Analyst Estimates'}","{'id': 'analyst', 'name': 'Analyst'}","{'id': 'analyst-analyst-estimates', 'name': 'Analyst Estimates'}",EUR,1,TOP2500,MATRIX,1.0,1.0,2,2,1.4,[],analyst10,Performance-Weighted Analyst Estimates,analyst,Analyst,analyst-analyst-estimates,Analyst Estimates
anl10_navsmun_2qf,Sample/analyst number - indicating how many analysts contributed to that particular estimate or forecast for net asset value,"{'id': 'analyst10', 'name': 'Performance-Weighted Analyst Estimates'}","{'id': 'analyst', 'name': 'Analyst'}","{'id': 'analyst-analyst-estimates', 'name': 'Analyst Estimates'}",EUR,1,TOP2500,MATRIX,1.0,1.0,4,4,1.4,[],analyst10,Performance-Weighted Analyst Estimates,analyst,Analyst,analyst-analyst-estimates,Analyst Estimates
anl10_navsmun_2yf,Sample/analyst number - indicating how many analysts contributed to that particular estimate or forecast for net asset value,"{'id': 'analyst10', 'name': 'Performance-Weighted Analyst Estimates'}","{'id': 'analyst', 'name': 'Analyst'}","{'id': 'analyst-analyst-estimates', 'name': 'Analyst Estimates'}",EUR,1,TOP2500,MATRIX,1.0,1.0,2,2,1.4,[],analyst10,Performance-Weighted Analyst Estimates,analyst,Analyst,analyst-analyst-estimates,Analyst Estimates
anl10_ndtff,Date - field format,"{'id': 'analyst10', 'name': 'Performance-Weighted Analyst Estimates'}","{'id': 'analyst', 'name': 'Analyst'}","{'id': 'analyst-analyst-estimates', 'name': 'Analyst Estimates'}",EUR,1,TOP2500,MATRIX,1.0,1.0,5,6,1.4,[],analyst10,Performance-Weighted Analyst Estimates,analyst,Analyst,analyst-analyst-estimates,Analyst Estimates
anl10_ndtfq1_consensus,Consensus estimate value for date Q1,"{'id': 'analyst10', 'name': 'Performance-Weighted Analyst Estimates'}","{'id': 'analyst', 'name': 'Analyst'}","{'id': 'analyst-analyst-estimates', 'name': 'Analyst Estimates'}",EUR,1,TOP2500,MATRIX,1.0,0.2517,1,1,1.4,[],analyst10,Performance-Weighted Analyst Estimates,analyst,Analyst,analyst-analyst-estimates,Analyst Estimates
anl10_ndtfq1_pred_surps_v0,Predicted surprise version 0 for date for Q1 (calculated as (smart_ests - consensus)/consensus),"{'id': 'analyst10', 'name': 'Performance-Weighted Analyst Estimates'}","{'id': 'analyst', 'name': 'Analyst'}","{'id': 'analyst-analyst-estimates', 'name': 'Analyst Estimates'}",EUR,1,TOP2500,MATRIX,1.0,0.2517,1,1,1.4,[],analyst10,Performance-Weighted Analyst Estimates,analyst,Analyst,analyst-analyst-estimates,Analyst Estimates
anl10_ndtfq1_pred_surps_v1,Predicted surprise version 1 for date for Q1 (calculated as (smart_ests - consensus)/consensus),"{'id': 'analyst10', 'name': 'Performance-Weighted Analyst Estimates'}","{'id': 'analyst', 'name': 'Analyst'}","{'id': 'analyst-analyst-estimates', 'name': 'Analyst Estimates'}",EUR,1,TOP2500,MATRIX,1.0,0.2517,1,1,1.4,[],analyst10,Performance-Weighted Analyst Estimates,analyst,Analyst,analyst-analyst-estimates,Analyst Estimates
anl10_ndtfq1_pred_surps_v2,Predicted surprise version 2 for date for Q1 (calculated as (smart_ests - consensus)/consensus),"{'id': 'analyst10', 'name': 'Performance-Weighted Analyst Estimates'}","{'id': 'analyst', 'name': 'Analyst'}","{'id': 'analyst-analyst-estimates', 'name': 'Analyst Estimates'}",EUR,1,TOP2500,MATRIX,1.0,0.2517,3,3,1.4,[],analyst10,Performance-Weighted Analyst Estimates,analyst,Analyst,analyst-analyst-estimates,Analyst Estimates
anl10_ndtfq1_smart_ests_v0,Smart estimates version 0 value for date for Q1,"{'id': 'analyst10', 'name': 'Performance-Weighted Analyst Estimates'}","{'id': 'analyst', 'name': 'Analyst'}","{'id': 'analyst-analyst-estimates', 'name': 'Analyst Estimates'}",EUR,1,TOP2500,MATRIX,1.0,0.2517,3,3,1.4,[],analyst10,Performance-Weighted Analyst Estimates,analyst,Analyst,analyst-analyst-estimates,Analyst Estimates
anl10_ndtfq1_smart_ests_v1,Smart estimates version 1 value for date for Q1,"{'id': 'analyst10', 'name': 'Performance-Weighted Analyst Estimates'}","{'id': 'analyst', 'name': 'Analyst'}","{'id': 'analyst-analyst-estimates', 'name': 'Analyst Estimates'}",EUR,1,TOP2500,MATRIX,1.0,0.2517,2,2,1.4,[],analyst10,Performance-Weighted Analyst Estimates,analyst,Analyst,analyst-analyst-estimates,Analyst Estimates
anl10_ndtfq1_smart_ests_v2,Smart estimates version 2 value for date for Q1,"{'id': 'analyst10', 'name': 'Performance-Weighted Analyst Estimates'}","{'id': 'analyst', 'name': 'Analyst'}","{'id': 'analyst-analyst-estimates', 'name': 'Analyst Estimates'}",EUR,1,TOP2500,MATRIX,1.0,0.2517,2,2,1.4,[],analyst10,Performance-Weighted Analyst Estimates,analyst,Analyst,analyst-analyst-estimates,Analyst Estimates
anl10_ndtfy1_consensus,Consensus estimate value for date FY1,"{'id': 'analyst10', 'name': 'Performance-Weighted Analyst Estimates'}","{'id': 'analyst', 'name': 'Analyst'}","{'id': 'analyst-analyst-estimates', 'name': 'Analyst Estimates'}",EUR,1,TOP2500,MATRIX,1.0,1.0,21,32,1.4,[],analyst10,Performance-Weighted Analyst Estimates,analyst,Analyst,analyst-analyst-estimates,Analyst Estimates
anl10_ndtfy1_pred_surps_v0,Predicted surprise version 0 for date for FY1 (calculated as (smart_ests - consensus)/consensus),"{'id': 'analyst10', 'name': 'Performance-Weighted Analyst Estimates'}","{'id': 'analyst', 'name': 'Analyst'}","{'id': 'analyst-analyst-estimates', 'name': 'Analyst Estimates'}",EUR,1,TOP2500,MATRIX,1.0,1.0,4,4,1.4,[],analyst10,Performance-Weighted Analyst Estimates,analyst,Analyst,analyst-analyst-estimates,Analyst Estimates
anl10_ndtfy1_pred_surps_v1,Predicted surprise version 1 for date for FY1 (calculated as (smart_ests - consensus)/consensus),"{'id': 'analyst10', 'name': 'Performance-Weighted Analyst Estimates'}","{'id': 'analyst', 'name': 'Analyst'}","{'id': 'analyst-analyst-estimates', 'name': 'Analyst Estimates'}",EUR,1,TOP2500,MATRIX,1.0,1.0,3,3,1.4,[],analyst10,Performance-Weighted Analyst Estimates,analyst,Analyst,analyst-analyst-estimates,Analyst Estimates
anl10_ndtfy1_pred_surps_v2,Predicted surprise version 2 for date for FY1 (calculated as (smart_ests - consensus)/consensus),"{'id': 'analyst10', 'name': 'Performance-Weighted Analyst Estimates'}","{'id': 'analyst', 'name': 'Analyst'}","{'id': 'analyst-analyst-estimates', 'name': 'Analyst Estimates'}",EUR,1,TOP2500,MATRIX,1.0,1.0,15,18,1.4,[],analyst10,Performance-Weighted Analyst Estimates,analyst,Analyst,analyst-analyst-estimates,Analyst Estimates
anl10_ndtfy1_smart_ests_v0,Smart estimates version 0 value for date for FY1,"{'id': 'analyst10', 'name': 'Performance-Weighted Analyst Estimates'}","{'id': 'analyst', 'name': 'Analyst'}","{'id': 'analyst-analyst-estimates', 'name': 'Analyst Estimates'}",EUR,1,TOP2500,MATRIX,1.0,1.0,17,25,1.4,[],analyst10,Performance-Weighted Analyst Estimates,analyst,Analyst,analyst-analyst-estimates,Analyst Estimates
anl10_ndtfy1_smart_ests_v1,Smart estimates version 1 value for date for FY1,"{'id': 'analyst10', 'name': 'Performance-Weighted Analyst Estimates'}","{'id': 'analyst', 'name': 'Analyst'}","{'id': 'analyst-analyst-estimates', 'name': 'Analyst Estimates'}",EUR,1,TOP2500,MATRIX,1.0,1.0,14,17,1.4,[],analyst10,Performance-Weighted Analyst Estimates,analyst,Analyst,analyst-analyst-estimates,Analyst Estimates
anl10_ndtfy1_smart_ests_v2,Smart estimates version 2 value for date for FY1,"{'id': 'analyst10', 'name': 'Performance-Weighted Analyst Estimates'}","{'id': 'analyst', 'name': 'Analyst'}","{'id': 'analyst-analyst-estimates', 'name': 'Analyst Estimates'}",EUR,1,TOP2500,MATRIX,1.0,1.0,12,16,1.4,[],analyst10,Performance-Weighted Analyst Estimates,analyst,Analyst,analyst-analyst-estimates,Analyst Estimates
anl10_ndtfy2_consensus,Consensus estimate value for date FY2,"{'id': 'analyst10', 'name': 'Performance-Weighted Analyst Estimates'}","{'id': 'analyst', 'name': 'Analyst'}","{'id': 'analyst-analyst-estimates', 'name': 'Analyst Estimates'}",EUR,1,TOP2500,MATRIX,1.0,1.0,53,83,1.4,[],analyst10,Performance-Weighted Analyst Estimates,analyst,Analyst,analyst-analyst-estimates,Analyst Estimates
anl10_ndtfy2_pred_surps_v0,Predicted surprise version 0 for date for FY2 (calculated as (smart_ests - consensus)/consensus),"{'id': 'analyst10', 'name': 'Performance-Weighted Analyst Estimates'}","{'id': 'analyst', 'name': 'Analyst'}","{'id': 'analyst-analyst-estimates', 'name': 'Analyst Estimates'}",EUR,1,TOP2500,MATRIX,1.0,1.0,2,2,1.4,[],analyst10,Performance-Weighted Analyst Estimates,analyst,Analyst,analyst-analyst-estimates,Analyst Estimates
anl10_ndtfy2_pred_surps_v1,Predicted surprise version 1 for date for FY2 (calculated as (smart_ests - consensus)/consensus),"{'id': 'analyst10', 'name': 'Performance-Weighted Analyst Estimates'}","{'id': 'analyst', 'name': 'Analyst'}","{'id': 'analyst-analyst-estimates', 'name': 'Analyst Estimates'}",EUR,1,TOP2500,MATRIX,1.0,1.0,3,3,1.4,[],analyst10,Performance-Weighted Analyst Estimates,analyst,Analyst,analyst-analyst-estimates,Analyst Estimates
anl10_ndtfy2_pred_surps_v2,Predicted surprise version 2 for date for FY2 (calculated as (smart_ests - consensus)/consensus),"{'id': 'analyst10', 'name': 'Performance-Weighted Analyst Estimates'}","{'id': 'analyst', 'name': 'Analyst'}","{'id': 'analyst-analyst-estimates', 'name': 'Analyst Estimates'}",EUR,1,TOP2500,MATRIX,1.0,1.0,3,3,1.4,[],analyst10,Performance-Weighted Analyst Estimates,analyst,Analyst,analyst-analyst-estimates,Analyst Estimates
anl10_ndtfy2_smart_ests_v0,Smart estimates version 0 value for date for FY2,"{'id': 'analyst10', 'name': 'Performance-Weighted Analyst Estimates'}","{'id': 'analyst', 'name': 'Analyst'}","{'id': 'analyst-analyst-estimates', 'name': 'Analyst Estimates'}",EUR,1,TOP2500,MATRIX,1.0,1.0,20,29,1.4,[],analyst10,Performance-Weighted Analyst Estimates,analyst,Analyst,analyst-analyst-estimates,Analyst Estimates
anl10_ndtfy2_smart_ests_v1,Smart estimates version 1 value for date for FY2,"{'id': 'analyst10', 'name': 'Performance-Weighted Analyst Estimates'}","{'id': 'analyst', 'name': 'Analyst'}","{'id': 'analyst-analyst-estimates', 'name': 'Analyst Estimates'}",EUR,1,TOP2500,MATRIX,1.0,1.0,33,48,1.4,[],analyst10,Performance-Weighted Analyst Estimates,analyst,Analyst,analyst-analyst-estimates,Analyst Estimates
anl10_ndtfy2_smart_ests_v2,Smart estimates version 2 value for date for FY2,"{'id': 'analyst10', 'name': 'Performance-Weighted Analyst Estimates'}","{'id': 'analyst', 'name': 'Analyst'}","{'id': 'analyst-analyst-estimates', 'name': 'Analyst Estimates'}",EUR,1,TOP2500,MATRIX,1.0,1.0,24,30,1.4,[],analyst10,Performance-Weighted Analyst Estimates,analyst,Analyst,analyst-analyst-estimates,Analyst Estimates
anl10_ndtinnovate_decrease_fy1,Number of analysts with innovative negative revisions for date FY1,"{'id': 'analyst10', 'name': 'Performance-Weighted Analyst Estimates'}","{'id': 'analyst', 'name': 'Analyst'}","{'id': 'analyst-analyst-estimates', 'name': 'Analyst Estimates'}",EUR,1,TOP2500,MATRIX,1.0,0.8758,3,3,1.4,[],analyst10,Performance-Weighted Analyst Estimates,analyst,Analyst,analyst-analyst-estimates,Analyst Estimates
anl10_ndtinnovate_decrease_fy2,Number of analysts with innovative negative revisions for date FY2,"{'id': 'analyst10', 'name': 'Performance-Weighted Analyst Estimates'}","{'id': 'analyst', 'name': 'Analyst'}","{'id': 'analyst-analyst-estimates', 'name': 'Analyst Estimates'}",EUR,1,TOP2500,MATRIX,1.0,0.8742,12,22,1.4,[],analyst10,Performance-Weighted Analyst Estimates,analyst,Analyst,analyst-analyst-estimates,Analyst Estimates
anl10_ndtinnovate_increase_fy1,Number of analysts with innovative positive revisions for date FY1,"{'id': 'analyst10', 'name': 'Performance-Weighted Analyst Estimates'}","{'id': 'analyst', 'name': 'Analyst'}","{'id': 'analyst-analyst-estimates', 'name': 'Analyst Estimates'}",EUR,1,TOP2500,MATRIX,1.0,0.8758,24,42,1.4,[],analyst10,Performance-Weighted Analyst Estimates,analyst,Analyst,analyst-analyst-estimates,Analyst Estimates
anl10_ndtinnovate_increase_fy2,Number of analysts with innovative positive revisions for date FY2,"{'id': 'analyst10', 'name': 'Performance-Weighted Analyst Estimates'}","{'id': 'analyst', 'name': 'Analyst'}","{'id': 'analyst-analyst-estimates', 'name': 'Analyst Estimates'}",EUR,1,TOP2500,MATRIX,1.0,0.8742,66,117,1.4,[],analyst10,Performance-Weighted Analyst Estimates,analyst,Analyst,analyst-analyst-estimates,Analyst Estimates
anl10_ndtinnovation_score_fy1,Innovation score for date FY1 (innovate_increase - innovate_decrease),"{'id': 'analyst10', 'name': 'Performance-Weighted Analyst Estimates'}","{'id': 'analyst', 'name': 'Analyst'}","{'id': 'analyst-analyst-estimates', 'name': 'Analyst Estimates'}",EUR,1,TOP2500,MATRIX,1.0,0.8758,15,16,1.4,[],analyst10,Performance-Weighted Analyst Estimates,analyst,Analyst,analyst-analyst-estimates,Analyst Estimates
anl10_ndtinnovation_score_fy2,Innovation score for date FY2 (innovate_increase - innovate_decrease),"{'id': 'analyst10', 'name': 'Performance-Weighted Analyst Estimates'}","{'id': 'analyst', 'name': 'Analyst'}","{'id': 'analyst-analyst-estimates', 'name': 'Analyst Estimates'}",EUR,1,TOP2500,MATRIX,1.0,0.8742,49,65,1.4,[],analyst10,Performance-Weighted Analyst Estimates,analyst,Analyst,analyst-analyst-estimates,Analyst Estimates
anl10_ndtnormal_decrease_fy1,Number of analysts with normal negative revisions for date FY1,"{'id': 'analyst10', 'name': 'Performance-Weighted Analyst Estimates'}","{'id': 'analyst', 'name': 'Analyst'}","{'id': 'analyst-analyst-estimates', 'name': 'Analyst Estimates'}",EUR,1,TOP2500,MATRIX,1.0,0.8758,3,3,1.4,[],analyst10,Performance-Weighted Analyst Estimates,analyst,Analyst,analyst-analyst-estimates,Analyst Estimates
anl10_ndtnormal_decrease_fy2,Number of analysts with normal negative revisions for date FY2,"{'id': 'analyst10', 'name': 'Performance-Weighted Analyst Estimates'}","{'id': 'analyst', 'name': 'Analyst'}","{'id': 'analyst-analyst-estimates', 'name': 'Analyst Estimates'}",EUR,1,TOP2500,MATRIX,1.0,0.8742,5,5,1.4,[],analyst10,Performance-Weighted Analyst Estimates,analyst,Analyst,analyst-analyst-estimates,Analyst Estimates
anl10_ndtnormal_increase_fy1,Number of analysts with normal positive revisions for date FY1,"{'id': 'analyst10', 'name': 'Performance-Weighted Analyst Estimates'}","{'id': 'analyst', 'name': 'Analyst'}","{'id': 'analyst-analyst-estimates', 'name': 'Analyst Estimates'}",EUR,1,TOP2500,MATRIX,1.0,0.8758,3,3,1.4,[],analyst10,Performance-Weighted Analyst Estimates,analyst,Analyst,analyst-analyst-estimates,Analyst Estimates
anl10_ndtnormal_increase_fy2,Number of analysts with normal positive revisions for date FY2,"{'id': 'analyst10', 'name': 'Performance-Weighted Analyst Estimates'}","{'id': 'analyst', 'name': 'Analyst'}","{'id': 'analyst-analyst-estimates', 'name': 'Analyst Estimates'}",EUR,1,TOP2500,MATRIX,1.0,0.8742,1,1,1.4,[],analyst10,Performance-Weighted Analyst Estimates,analyst,Analyst,analyst-analyst-estimates,Analyst Estimates
anl10_ndtrevise_ratio_to_close_fy1,Ratio of delta consensus to adjusted close for date FY1,"{'id': 'analyst10', 'name': 'Performance-Weighted Analyst Estimates'}","{'id': 'analyst', 'name': 'Analyst'}","{'id': 'analyst-analyst-estimates', 'name': 'Analyst Estimates'}",EUR,1,TOP2500,MATRIX,1.0,0.875,4,5,1.4,[],analyst10,Performance-Weighted Analyst Estimates,analyst,Analyst,analyst-analyst-estimates,Analyst Estimates
anl10_ndtrevise_ratio_to_close_fy2,Ratio of delta consensus to adjusted close for date FY2,"{'id': 'analyst10', 'name': 'Performance-Weighted Analyst Estimates'}","{'id': 'analyst', 'name': 'Analyst'}","{'id': 'analyst-analyst-estimates', 'name': 'Analyst Estimates'}",EUR,1,TOP2500,MATRIX,1.0,0.8742,7,9,1.4,[],analyst10,Performance-Weighted Analyst Estimates,analyst,Analyst,analyst-analyst-estimates,Analyst Estimates
anl10_ndtrevise_ratio_to_consensus_fy1,Consensus estimate value for date FY1,"{'id': 'analyst10', 'name': 'Performance-Weighted Analyst Estimates'}","{'id': 'analyst', 'name': 'Analyst'}","{'id': 'analyst-analyst-estimates', 'name': 'Analyst Estimates'}",EUR,1,TOP2500,MATRIX,1.0,0.875,1,1,1.4,[],analyst10,Performance-Weighted Analyst Estimates,analyst,Analyst,analyst-analyst-estimates,Analyst Estimates
anl10_ndtrevise_ratio_to_consensus_fy2,Consensus estimate value for date FY2,"{'id': 'analyst10', 'name': 'Performance-Weighted Analyst Estimates'}","{'id': 'analyst', 'name': 'Analyst'}","{'id': 'analyst-analyst-estimates', 'name': 'Analyst Estimates'}",EUR,1,TOP2500,MATRIX,1.0,0.8742,1,1,1.4,[],analyst10,Performance-Weighted Analyst Estimates,analyst,Analyst,analyst-analyst-estimates,Analyst Estimates
anl10_ndtrevise_value_fy1,Delta consensus for date FY1 (difference between old and current updated value),"{'id': 'analyst10', 'name': 'Performance-Weighted Analyst Estimates'}","{'id': 'analyst', 'name': 'Analyst'}","{'id': 'analyst-analyst-estimates', 'name': 'Analyst Estimates'}",EUR,1,TOP2500,MATRIX,1.0,0.875,2,2,1.4,[],analyst10,Performance-Weighted Analyst Estimates,analyst,Analyst,analyst-analyst-estimates,Analyst Estimates
anl10_ndtrevise_value_fy2,Delta consensus for date FY2 (difference between old and current updated value),"{'id': 'analyst10', 'name': 'Performance-Weighted Analyst Estimates'}","{'id': 'analyst', 'name': 'Analyst'}","{'id': 'analyst-analyst-estimates', 'name': 'Analyst Estimates'}",EUR,1,TOP2500,MATRIX,1.0,0.8742,3,3,1.4,[],analyst10,Performance-Weighted Analyst Estimates,analyst,Analyst,analyst-analyst-estimates,Analyst Estimates
anl10_ndtsmun_1qf,Sample/analyst number - indicating how many analysts contributed to that particular estimate or forecast for date,"{'id': 'analyst10', 'name': 'Performance-Weighted Analyst Estimates'}","{'id': 'analyst', 'name': 'Analyst'}","{'id': 'analyst-analyst-estimates', 'name': 'Analyst Estimates'}",EUR,1,TOP2500,MATRIX,1.0,1.0,6,6,1.4,[],analyst10,Performance-Weighted Analyst Estimates,analyst,Analyst,analyst-analyst-estimates,Analyst Estimates
anl10_ndtsmun_1yf,Sample/analyst number - indicating how many analysts contributed to that particular estimate or forecast for date,"{'id': 'analyst10', 'name': 'Performance-Weighted Analyst Estimates'}","{'id': 'analyst', 'name': 'Analyst'}","{'id': 'analyst-analyst-estimates', 'name': 'Analyst Estimates'}",EUR,1,TOP2500,MATRIX,1.0,1.0,9,10,1.4,[],analyst10,Performance-Weighted Analyst Estimates,analyst,Analyst,analyst-analyst-estimates,Analyst Estimates
anl10_ndtsmun_2qf,Sample/analyst number - indicating how many analysts contributed to that particular estimate or forecast for date,"{'id': 'analyst10', 'name': 'Performance-Weighted Analyst Estimates'}","{'id': 'analyst', 'name': 'Analyst'}","{'id': 'analyst-analyst-estimates', 'name': 'Analyst Estimates'}",EUR,1,TOP2500,MATRIX,1.0,1.0,11,18,1.4,[],analyst10,Performance-Weighted Analyst Estimates,analyst,Analyst,analyst-analyst-estimates,Analyst Estimates
anl10_ndtsmun_2yf,Sample/analyst number - indicating how many analysts contributed to that particular estimate or forecast for date,"{'id': 'analyst10', 'name': 'Performance-Weighted Analyst Estimates'}","{'id': 'analyst', 'name': 'Analyst'}","{'id': 'analyst-analyst-estimates', 'name': 'Analyst Estimates'}",EUR,1,TOP2500,MATRIX,1.0,1.0,4,4,1.4,[],analyst10,Performance-Weighted Analyst Estimates,analyst,Analyst,analyst-analyst-estimates,Analyst Estimates
anl10_nerff,Net earnings rate - field format,"{'id': 'analyst10', 'name': 'Performance-Weighted Analyst Estimates'}","{'id': 'analyst', 'name': 'Analyst'}","{'id': 'analyst-analyst-estimates', 'name': 'Analyst Estimates'}",EUR,1,TOP2500,MATRIX,1.0,1.0,4,4,1.4,[],analyst10,Performance-Weighted Analyst Estimates,analyst,Analyst,analyst-analyst-estimates,Analyst Estimates
anl10_nerfq1_consensus,Consensus estimate value for net earnings rate Q1,"{'id': 'analyst10', 'name': 'Performance-Weighted Analyst Estimates'}","{'id': 'analyst', 'name': 'Analyst'}","{'id': 'analyst-analyst-estimates', 'name': 'Analyst Estimates'}",EUR,1,TOP2500,MATRIX,1.0,0.4808,2,2,1.4,[],analyst10,Performance-Weighted Analyst Estimates,analyst,Analyst,analyst-analyst-estimates,Analyst Estimates
anl10_nerfq1_pred_surps_v0,Predicted surprise version 0 for net earnings rate for Q1 (calculated as (smart_ests - consensus)/consensus),"{'id': 'analyst10', 'name': 'Performance-Weighted Analyst Estimates'}","{'id': 'analyst', 'name': 'Analyst'}","{'id': 'analyst-analyst-estimates', 'name': 'Analyst Estimates'}",EUR,1,TOP2500,MATRIX,1.0,0.4808,2,2,1.4,[],analyst10,Performance-Weighted Analyst Estimates,analyst,Analyst,analyst-analyst-estimates,Analyst Estimates
anl10_nerfq1_pred_surps_v1,Predicted surprise version 1 for net earnings rate for Q1 (calculated as (smart_ests - consensus)/consensus),"{'id': 'analyst10', 'name': 'Performance-Weighted Analyst Estimates'}","{'id': 'analyst', 'name': 'Analyst'}","{'id': 'analyst-analyst-estimates', 'name': 'Analyst Estimates'}",EUR,1,TOP2500,MATRIX,1.0,0.4808,2,2,1.4,[],analyst10,Performance-Weighted Analyst Estimates,analyst,Analyst,analyst-analyst-estimates,Analyst Estimates
anl10_nerfq1_pred_surps_v2,Predicted surprise version 2 for net earnings rate for Q1 (calculated as (smart_ests - consensus)/consensus),"{'id': 'analyst10', 'name': 'Performance-Weighted Analyst Estimates'}","{'id': 'analyst', 'name': 'Analyst'}","{'id': 'analyst-analyst-estimates', 'name': 'Analyst Estimates'}",EUR,1,TOP2500,MATRIX,1.0,0.4808,1,1,1.4,[],analyst10,Performance-Weighted Analyst Estimates,analyst,Analyst,analyst-analyst-estimates,Analyst Estimates
anl10_nerfq1_smart_ests_v0,Smart estimates version 0 value for net earnings rate for Q1,"{'id': 'analyst10', 'name': 'Performance-Weighted Analyst Estimates'}","{'id': 'analyst', 'name': 'Analyst'}","{'id': 'analyst-analyst-estimates', 'name': 'Analyst Estimates'}",EUR,1,TOP2500,MATRIX,1.0,0.4808,2,2,1.4,[],analyst10,Performance-Weighted Analyst Estimates,analyst,Analyst,analyst-analyst-estimates,Analyst Estimates
anl10_nerfq1_smart_ests_v1,Smart estimates version 1 value for net earnings rate for Q1,"{'id': 'analyst10', 'name': 'Performance-Weighted Analyst Estimates'}","{'id': 'analyst', 'name': 'Analyst'}","{'id': 'analyst-analyst-estimates', 'name': 'Analyst Estimates'}",EUR,1,TOP2500,MATRIX,1.0,0.4808,1,1,1.4,[],analyst10,Performance-Weighted Analyst Estimates,analyst,Analyst,analyst-analyst-estimates,Analyst Estimates
anl10_nerfq1_smart_ests_v2,Smart estimates version 2 value for net earnings rate for Q1,"{'id': 'analyst10', 'name': 'Performance-Weighted Analyst Estimates'}","{'id': 'analyst', 'name': 'Analyst'}","{'id': 'analyst-analyst-estimates', 'name': 'Analyst Estimates'}",EUR,1,TOP2500,MATRIX,1.0,0.4808,4,5,1.4,[],analyst10,Performance-Weighted Analyst Estimates,analyst,Analyst,analyst-analyst-estimates,Analyst Estimates
anl10_nerfq2_consensus,Consensus estimate value for net earnings rate Q2,"{'id': 'analyst10', 'name': 'Performance-Weighted Analyst Estimates'}","{'id': 'analyst', 'name': 'Analyst'}","{'id': 'analyst-analyst-estimates', 'name': 'Analyst Estimates'}",EUR,1,TOP2500,MATRIX,1.0,0.3908,2,2,1.4,[],analyst10,Performance-Weighted Analyst Estimates,analyst,Analyst,analyst-analyst-estimates,Analyst Estimates
anl10_nerfq2_pred_surps_v0,Predicted surprise version 0 for net earnings rate for Q2 (calculated as (smart_ests - consensus)/consensus),"{'id': 'analyst10', 'name': 'Performance-Weighted Analyst Estimates'}","{'id': 'analyst', 'name': 'Analyst'}","{'id': 'analyst-analyst-estimates', 'name': 'Analyst Estimates'}",EUR,1,TOP2500,MATRIX,1.0,0.3908,1,1,1.4,[],analyst10,Performance-Weighted Analyst Estimates,analyst,Analyst,analyst-analyst-estimates,Analyst Estimates
anl10_nerfq2_pred_surps_v1,Predicted surprise version 1 for net earnings rate for Q2 (calculated as (smart_ests - consensus)/consensus),"{'id': 'analyst10', 'name': 'Performance-Weighted Analyst Estimates'}","{'id': 'analyst', 'name': 'Analyst'}","{'id': 'analyst-analyst-estimates', 'name': 'Analyst Estimates'}",EUR,1,TOP2500,MATRIX,1.0,0.3908,2,2,1.4,[],analyst10,Performance-Weighted Analyst Estimates,analyst,Analyst,analyst-analyst-estimates,Analyst Estimates
anl10_nerfq2_pred_surps_v2,Predicted surprise version 2 for net earnings rate for Q2 (calculated as (smart_ests - consensus)/consensus),"{'id': 'analyst10', 'name': 'Performance-Weighted Analyst Estimates'}","{'id': 'analyst', 'name': 'Analyst'}","{'id': 'analyst-analyst-estimates', 'name': 'Analyst Estimates'}",EUR,1,TOP2500,MATRIX,1.0,0.3908,1,1,1.4,[],analyst10,Performance-Weighted Analyst Estimates,analyst,Analyst,analyst-analyst-estimates,Analyst Estimates
anl10_nerfq2_smart_ests_v0,Smart estimates version 0 value for net earnings rate for Q2,"{'id': 'analyst10', 'name': 'Performance-Weighted Analyst Estimates'}","{'id': 'analyst', 'name': 'Analyst'}","{'id': 'analyst-analyst-estimates', 'name': 'Analyst Estimates'}",EUR,1,TOP2500,MATRIX,1.0,0.3908,1,1,1.4,[],analyst10,Performance-Weighted Analyst Estimates,analyst,Analyst,analyst-analyst-estimates,Analyst Estimates
anl10_nerfq2_smart_ests_v1,Smart estimates version 1 value for net earnings rate for Q2,"{'id': 'analyst10', 'name': 'Performance-Weighted Analyst Estimates'}","{'id': 'analyst', 'name': 'Analyst'}","{'id': 'analyst-analyst-estimates', 'name': 'Analyst Estimates'}",EUR,1,TOP2500,MATRIX,1.0,0.3908,1,1,1.4,[],analyst10,Performance-Weighted Analyst Estimates,analyst,Analyst,analyst-analyst-estimates,Analyst Estimates
anl10_nerfq2_smart_ests_v2,Smart estimates version 2 value for net earnings rate for Q2,"{'id': 'analyst10', 'name': 'Performance-Weighted Analyst Estimates'}","{'id': 'analyst', 'name': 'Analyst'}","{'id': 'analyst-analyst-estimates', 'name': 'Analyst Estimates'}",EUR,1,TOP2500,MATRIX,1.0,0.3908,2,2,1.4,[],analyst10,Performance-Weighted Analyst Estimates,analyst,Analyst,analyst-analyst-estimates,Analyst Estimates
anl10_nerfy1_consensus,Consensus estimate value for net earnings rate FY1,"{'id': 'analyst10', 'name': 'Performance-Weighted Analyst Estimates'}","{'id': 'analyst', 'name': 'Analyst'}","{'id': 'analyst-analyst-estimates', 'name': 'Analyst Estimates'}",EUR,1,TOP2500,MATRIX,1.0,1.0,13,24,1.4,[],analyst10,Performance-Weighted Analyst Estimates,analyst,Analyst,analyst-analyst-estimates,Analyst Estimates
anl10_nerfy1_pred_surps_v0,Predicted surprise version 0 for net earnings rate for FY1 (calculated as (smart_ests - consensus)/consensus),"{'id': 'analyst10', 'name': 'Performance-Weighted Analyst Estimates'}","{'id': 'analyst', 'name': 'Analyst'}","{'id': 'analyst-analyst-estimates', 'name': 'Analyst Estimates'}",EUR,1,TOP2500,MATRIX,1.0,1.0,3,3,1.4,[],analyst10,Performance-Weighted Analyst Estimates,analyst,Analyst,analyst-analyst-estimates,Analyst Estimates
anl10_nerfy1_pred_surps_v1,Predicted surprise version 1 for net earnings rate for FY1 (calculated as (smart_ests - consensus)/consensus),"{'id': 'analyst10', 'name': 'Performance-Weighted Analyst Estimates'}","{'id': 'analyst', 'name': 'Analyst'}","{'id': 'analyst-analyst-estimates', 'name': 'Analyst Estimates'}",EUR,1,TOP2500,MATRIX,1.0,1.0,4,4,1.4,[],analyst10,Performance-Weighted Analyst Estimates,analyst,Analyst,analyst-analyst-estimates,Analyst Estimates
anl10_nerfy1_pred_surps_v2,Predicted surprise version 2 for net earnings rate for FY1 (calculated as (smart_ests - consensus)/consensus),"{'id': 'analyst10', 'name': 'Performance-Weighted Analyst Estimates'}","{'id': 'analyst', 'name': 'Analyst'}","{'id': 'analyst-analyst-estimates', 'name': 'Analyst Estimates'}",EUR,1,TOP2500,MATRIX,1.0,1.0,2,2,1.4,[],analyst10,Performance-Weighted Analyst Estimates,analyst,Analyst,analyst-analyst-estimates,Analyst Estimates
anl10_nerfy1_smart_ests_v0,Smart estimates version 0 value for net earnings rate for FY1,"{'id': 'analyst10', 'name': 'Performance-Weighted Analyst Estimates'}","{'id': 'analyst', 'name': 'Analyst'}","{'id': 'analyst-analyst-estimates', 'name': 'Analyst Estimates'}",EUR,1,TOP2500,MATRIX,1.0,1.0,12,22,1.4,[],analyst10,Performance-Weighted Analyst Estimates,analyst,Analyst,analyst-analyst-estimates,Analyst Estimates
anl10_nerfy1_smart_ests_v1,Smart estimates version 1 value for net earnings rate for FY1,"{'id': 'analyst10', 'name': 'Performance-Weighted Analyst Estimates'}","{'id': 'analyst', 'name': 'Analyst'}","{'id': 'analyst-analyst-estimates', 'name': 'Analyst Estimates'}",EUR,1,TOP2500,MATRIX,1.0,1.0,7,7,1.4,[],analyst10,Performance-Weighted Analyst Estimates,analyst,Analyst,analyst-analyst-estimates,Analyst Estimates
anl10_nerfy1_smart_ests_v2,Smart estimates version 2 value for net earnings rate for FY1,"{'id': 'analyst10', 'name': 'Performance-Weighted Analyst Estimates'}","{'id': 'analyst', 'name': 'Analyst'}","{'id': 'analyst-analyst-estimates', 'name': 'Analyst Estimates'}",EUR,1,TOP2500,MATRIX,1.0,1.0,13,22,1.4,[],analyst10,Performance-Weighted Analyst Estimates,analyst,Analyst,analyst-analyst-estimates,Analyst Estimates
anl10_nerfy2_consensus,Consensus estimate value for net earnings rate FY2,"{'id': 'analyst10', 'name': 'Performance-Weighted Analyst Estimates'}","{'id': 'analyst', 'name': 'Analyst'}","{'id': 'analyst-analyst-estimates', 'name': 'Analyst Estimates'}",EUR,1,TOP2500,MATRIX,1.0,1.0,4,4,1.4,[],analyst10,Performance-Weighted Analyst Estimates,analyst,Analyst,analyst-analyst-estimates,Analyst Estimates
anl10_nerfy2_pred_surps_v0,Predicted surprise version 0 for net earnings rate for FY2 (calculated as (smart_ests - consensus)/consensus),"{'id': 'analyst10', 'name': 'Performance-Weighted Analyst Estimates'}","{'id': 'analyst', 'name': 'Analyst'}","{'id': 'analyst-analyst-estimates', 'name': 'Analyst Estimates'}",EUR,1,TOP2500,MATRIX,1.0,1.0,2,2,1.4,[],analyst10,Performance-Weighted Analyst Estimates,analyst,Analyst,analyst-analyst-estimates,Analyst Estimates
anl10_nerfy2_pred_surps_v1,Predicted surprise version 1 for net earnings rate for FY2 (calculated as (smart_ests - consensus)/consensus),"{'id': 'analyst10', 'name': 'Performance-Weighted Analyst Estimates'}","{'id': 'analyst', 'name': 'Analyst'}","{'id': 'analyst-analyst-estimates', 'name': 'Analyst Estimates'}",EUR,1,TOP2500,MATRIX,1.0,1.0,4,4,1.4,[],analyst10,Performance-Weighted Analyst Estimates,analyst,Analyst,analyst-analyst-estimates,Analyst Estimates
anl10_nerfy2_pred_surps_v2,Predicted surprise version 2 for net earnings rate for FY2 (calculated as (smart_ests - consensus)/consensus),"{'id': 'analyst10', 'name': 'Performance-Weighted Analyst Estimates'}","{'id': 'analyst', 'name': 'Analyst'}","{'id': 'analyst-analyst-estimates', 'name': 'Analyst Estimates'}",EUR,1,TOP2500,MATRIX,1.0,1.0,2,2,1.4,[],analyst10,Performance-Weighted Analyst Estimates,analyst,Analyst,analyst-analyst-estimates,Analyst Estimates
anl10_nerfy2_smart_ests_v0,Smart estimates version 0 value for net earnings rate for FY2,"{'id': 'analyst10', 'name': 'Performance-Weighted Analyst Estimates'}","{'id': 'analyst', 'name': 'Analyst'}","{'id': 'analyst-analyst-estimates', 'name': 'Analyst Estimates'}",EUR,1,TOP2500,MATRIX,1.0,1.0,10,17,1.4,[],analyst10,Performance-Weighted Analyst Estimates,analyst,Analyst,analyst-analyst-estimates,Analyst Estimates
anl10_nerfy2_smart_ests_v1,Smart estimates version 1 value for net earnings rate for FY2,"{'id': 'analyst10', 'name': 'Performance-Weighted Analyst Estimates'}","{'id': 'analyst', 'name': 'Analyst'}","{'id': 'analyst-analyst-estimates', 'name': 'Analyst Estimates'}",EUR,1,TOP2500,MATRIX,1.0,1.0,6,6,1.4,[],analyst10,Performance-Weighted Analyst Estimates,analyst,Analyst,analyst-analyst-estimates,Analyst Estimates
anl10_nerfy2_smart_ests_v2,Smart estimates version 2 value for net earnings rate for FY2,"{'id': 'analyst10', 'name': 'Performance-Weighted Analyst Estimates'}","{'id': 'analyst', 'name': 'Analyst'}","{'id': 'analyst-analyst-estimates', 'name': 'Analyst Estimates'}",EUR,1,TOP2500,MATRIX,1.0,1.0,7,8,1.4,[],analyst10,Performance-Weighted Analyst Estimates,analyst,Analyst,analyst-analyst-estimates,Analyst Estimates
anl10_nerinnovate_decrease_fq1,Number of analysts with innovative negative revisions for net earnings rate Q1,"{'id': 'analyst10', 'name': 'Performance-Weighted Analyst Estimates'}","{'id': 'analyst', 'name': 'Analyst'}","{'id': 'analyst-analyst-estimates', 'name': 'Analyst Estimates'}",EUR,1,TOP2500,MATRIX,1.0,0.3942,1,1,1.4,[],analyst10,Performance-Weighted Analyst Estimates,analyst,Analyst,analyst-analyst-estimates,Analyst Estimates
anl10_nerinnovate_decrease_fq2,Number of analysts with innovative negative revisions for net earnings rate Q2,"{'id': 'analyst10', 'name': 'Performance-Weighted Analyst Estimates'}","{'id': 'analyst', 'name': 'Analyst'}","{'id': 'analyst-analyst-estimates', 'name': 'Analyst Estimates'}",EUR,1,TOP2500,MATRIX,1.0,0.31,2,2,1.4,[],analyst10,Performance-Weighted Analyst Estimates,analyst,Analyst,analyst-analyst-estimates,Analyst Estimates
anl10_nerinnovate_decrease_fy1,Number of analysts with innovative negative revisions for net earnings rate FY1,"{'id': 'analyst10', 'name': 'Performance-Weighted Analyst Estimates'}","{'id': 'analyst', 'name': 'Analyst'}","{'id': 'analyst-analyst-estimates', 'name': 'Analyst Estimates'}",EUR,1,TOP2500,MATRIX,1.0,0.9675,2,2,1.4,[],analyst10,Performance-Weighted Analyst Estimates,analyst,Analyst,analyst-analyst-estimates,Analyst Estimates
anl10_nerinnovate_decrease_fy2,Number of analysts with innovative negative revisions for net earnings rate FY2,"{'id': 'analyst10', 'name': 'Performance-Weighted Analyst Estimates'}","{'id': 'analyst', 'name': 'Analyst'}","{'id': 'analyst-analyst-estimates', 'name': 'Analyst Estimates'}",EUR,1,TOP2500,MATRIX,1.0,0.965,4,4,1.4,[],analyst10,Performance-Weighted Analyst Estimates,analyst,Analyst,analyst-analyst-estimates,Analyst Estimates
anl10_nerinnovate_increase_fq1,Number of analysts with innovative positive revisions for net earnings rate Q1,"{'id': 'analyst10', 'name': 'Performance-Weighted Analyst Estimates'}","{'id': 'analyst', 'name': 'Analyst'}","{'id': 'analyst-analyst-estimates', 'name': 'Analyst Estimates'}",EUR,1,TOP2500,MATRIX,1.0,0.3942,3,3,1.4,[],analyst10,Performance-Weighted Analyst Estimates,analyst,Analyst,analyst-analyst-estimates,Analyst Estimates
anl10_nerinnovate_increase_fq2,Number of analysts with innovative positive revisions for net earnings rate Q2,"{'id': 'analyst10', 'name': 'Performance-Weighted Analyst Estimates'}","{'id': 'analyst', 'name': 'Analyst'}","{'id': 'analyst-analyst-estimates', 'name': 'Analyst Estimates'}",EUR,1,TOP2500,MATRIX,1.0,0.31,3,3,1.4,[],analyst10,Performance-Weighted Analyst Estimates,analyst,Analyst,analyst-analyst-estimates,Analyst Estimates
anl10_nerinnovate_increase_fy1,Number of analysts with innovative positive revisions for net earnings rate FY1,"{'id': 'analyst10', 'name': 'Performance-Weighted Analyst Estimates'}","{'id': 'analyst', 'name': 'Analyst'}","{'id': 'analyst-analyst-estimates', 'name': 'Analyst Estimates'}",EUR,1,TOP2500,MATRIX,1.0,0.9675,1,1,1.4,[],analyst10,Performance-Weighted Analyst Estimates,analyst,Analyst,analyst-analyst-estimates,Analyst Estimates
anl10_nerinnovate_increase_fy2,Number of analysts with innovative positive revisions for net earnings rate FY2,"{'id': 'analyst10', 'name': 'Performance-Weighted Analyst Estimates'}","{'id': 'analyst', 'name': 'Analyst'}","{'id': 'analyst-analyst-estimates', 'name': 'Analyst Estimates'}",EUR,1,TOP2500,MATRIX,1.0,0.965,4,4,1.4,[],analyst10,Performance-Weighted Analyst Estimates,analyst,Analyst,analyst-analyst-estimates,Analyst Estimates
anl10_nerinnovation_score_fq1,Innovation score for net earnings rate Q1 (innovate_increase - innovate_decrease),"{'id': 'analyst10', 'name': 'Performance-Weighted Analyst Estimates'}","{'id': 'analyst', 'name': 'Analyst'}","{'id': 'analyst-analyst-estimates', 'name': 'Analyst Estimates'}",EUR,1,TOP2500,MATRIX,1.0,0.3942,1,1,1.4,[],analyst10,Performance-Weighted Analyst Estimates,analyst,Analyst,analyst-analyst-estimates,Analyst Estimates
anl10_nerinnovation_score_fq2,Innovation score for net earnings rate Q2 (innovate_increase - innovate_decrease),"{'id': 'analyst10', 'name': 'Performance-Weighted Analyst Estimates'}","{'id': 'analyst', 'name': 'Analyst'}","{'id': 'analyst-analyst-estimates', 'name': 'Analyst Estimates'}",EUR,1,TOP2500,MATRIX,1.0,0.31,2,2,1.4,[],analyst10,Performance-Weighted Analyst Estimates,analyst,Analyst,analyst-analyst-estimates,Analyst Estimates
anl10_nerinnovation_score_fy1,Innovation score for net earnings rate FY1 (innovate_increase - innovate_decrease),"{'id': 'analyst10', 'name': 'Performance-Weighted Analyst Estimates'}","{'id': 'analyst', 'name': 'Analyst'}","{'id': 'analyst-analyst-estimates', 'name': 'Analyst Estimates'}",EUR,1,TOP2500,MATRIX,1.0,0.9675,1,1,1.4,[],analyst10,Performance-Weighted Analyst Estimates,analyst,Analyst,analyst-analyst-estimates,Analyst Estimates
anl10_nerinnovation_score_fy2,Innovation score for net earnings rate FY2 (innovate_increase - innovate_decrease),"{'id': 'analyst10', 'name': 'Performance-Weighted Analyst Estimates'}","{'id': 'analyst', 'name': 'Analyst'}","{'id': 'analyst-analyst-estimates', 'name': 'Analyst Estimates'}",EUR,1,TOP2500,MATRIX,1.0,0.965,3,3,1.4,[],analyst10,Performance-Weighted Analyst Estimates,analyst,Analyst,analyst-analyst-estimates,Analyst Estimates
anl10_nernormal_decrease_fq1,Number of analysts with normal negative revisions for net earnings rate Q1,"{'id': 'analyst10', 'name': 'Performance-Weighted Analyst Estimates'}","{'id': 'analyst', 'name': 'Analyst'}","{'id': 'analyst-analyst-estimates', 'name': 'Analyst Estimates'}",EUR,1,TOP2500,MATRIX,1.0,0.3942,1,1,1.4,[],analyst10,Performance-Weighted Analyst Estimates,analyst,Analyst,analyst-analyst-estimates,Analyst Estimates
anl10_nernormal_decrease_fq2,Number of analysts with normal negative revisions for net earnings rate Q2,"{'id': 'analyst10', 'name': 'Performance-Weighted Analyst Estimates'}","{'id': 'analyst', 'name': 'Analyst'}","{'id': 'analyst-analyst-estimates', 'name': 'Analyst Estimates'}",EUR,1,TOP2500,MATRIX,1.0,0.31,1,1,1.4,[],analyst10,Performance-Weighted Analyst Estimates,analyst,Analyst,analyst-analyst-estimates,Analyst Estimates
anl10_nernormal_decrease_fy1,Number of analysts with normal negative revisions for net earnings rate FY1,"{'id': 'analyst10', 'name': 'Performance-Weighted Analyst Estimates'}","{'id': 'analyst', 'name': 'Analyst'}","{'id': 'analyst-analyst-estimates', 'name': 'Analyst Estimates'}",EUR,1,TOP2500,MATRIX,1.0,0.9675,1,1,1.4,[],analyst10,Performance-Weighted Analyst Estimates,analyst,Analyst,analyst-analyst-estimates,Analyst Estimates
anl10_nernormal_decrease_fy2,Number of analysts with normal negative revisions for net earnings rate FY2,"{'id': 'analyst10', 'name': 'Performance-Weighted Analyst Estimates'}","{'id': 'analyst', 'name': 'Analyst'}","{'id': 'analyst-analyst-estimates', 'name': 'Analyst Estimates'}",EUR,1,TOP2500,MATRIX,1.0,0.965,2,2,1.4,[],analyst10,Performance-Weighted Analyst Estimates,analyst,Analyst,analyst-analyst-estimates,Analyst Estimates
anl10_nernormal_increase_fq1,Number of analysts with normal positive revisions for net earnings rate Q1,"{'id': 'analyst10', 'name': 'Performance-Weighted Analyst Estimates'}","{'id': 'analyst', 'name': 'Analyst'}","{'id': 'analyst-analyst-estimates', 'name': 'Analyst Estimates'}",EUR,1,TOP2500,MATRIX,1.0,0.3942,3,3,1.4,[],analyst10,Performance-Weighted Analyst Estimates,analyst,Analyst,analyst-analyst-estimates,Analyst Estimates
anl10_nernormal_increase_fq2,Number of analysts with normal positive revisions for net earnings rate Q2,"{'id': 'analyst10', 'name': 'Performance-Weighted Analyst Estimates'}","{'id': 'analyst', 'name': 'Analyst'}","{'id': 'analyst-analyst-estimates', 'name': 'Analyst Estimates'}",EUR,1,TOP2500,MATRIX,1.0,0.31,1,1,1.4,[],analyst10,Performance-Weighted Analyst Estimates,analyst,Analyst,analyst-analyst-estimates,Analyst Estimates
anl10_nernormal_increase_fy1,Number of analysts with normal positive revisions for net earnings rate FY1,"{'id': 'analyst10', 'name': 'Performance-Weighted Analyst Estimates'}","{'id': 'analyst', 'name': 'Analyst'}","{'id': 'analyst-analyst-estimates', 'name': 'Analyst Estimates'}",EUR,1,TOP2500,MATRIX,1.0,0.9675,1,1,1.4,[],analyst10,Performance-Weighted Analyst Estimates,analyst,Analyst,analyst-analyst-estimates,Analyst Estimates
anl10_nernormal_increase_fy2,Number of analysts with normal positive revisions for net earnings rate FY2,"{'id': 'analyst10', 'name': 'Performance-Weighted Analyst Estimates'}","{'id': 'analyst', 'name': 'Analyst'}","{'id': 'analyst-analyst-estimates', 'name': 'Analyst Estimates'}",EUR,1,TOP2500,MATRIX,1.0,0.965,2,2,1.4,[],analyst10,Performance-Weighted Analyst Estimates,analyst,Analyst,analyst-analyst-estimates,Analyst Estimates
anl10_nerrevise_ratio_to_close_fq1,Ratio of delta consensus to adjusted close for net earnings rate Q1,"{'id': 'analyst10', 'name': 'Performance-Weighted Analyst Estimates'}","{'id': 'analyst', 'name': 'Analyst'}","{'id': 'analyst-analyst-estimates', 'name': 'Analyst Estimates'}",EUR,1,TOP2500,MATRIX,1.0,0.3942,1,1,1.4,[],analyst10,Performance-Weighted Analyst Estimates,analyst,Analyst,analyst-analyst-estimates,Analyst Estimates
anl10_nerrevise_ratio_to_close_fq2,Ratio of delta consensus to adjusted close for net earnings rate Q2,"{'id': 'analyst10', 'name': 'Performance-Weighted Analyst Estimates'}","{'id': 'analyst', 'name': 'Analyst'}","{'id': 'analyst-analyst-estimates', 'name': 'Analyst Estimates'}",EUR,1,TOP2500,MATRIX,1.0,0.31,2,2,1.4,[],analyst10,Performance-Weighted Analyst Estimates,analyst,Analyst,analyst-analyst-estimates,Analyst Estimates
anl10_nerrevise_ratio_to_close_fy1,Ratio of delta consensus to adjusted close for net earnings rate FY1,"{'id': 'analyst10', 'name': 'Performance-Weighted Analyst Estimates'}","{'id': 'analyst', 'name': 'Analyst'}","{'id': 'analyst-analyst-estimates', 'name': 'Analyst Estimates'}",EUR,1,TOP2500,MATRIX,1.0,0.9675,2,2,1.4,[],analyst10,Performance-Weighted Analyst Estimates,analyst,Analyst,analyst-analyst-estimates,Analyst Estimates
anl10_nerrevise_ratio_to_close_fy2,Ratio of delta consensus to adjusted close for net earnings rate FY2,"{'id': 'analyst10', 'name': 'Performance-Weighted Analyst Estimates'}","{'id': 'analyst', 'name': 'Analyst'}","{'id': 'analyst-analyst-estimates', 'name': 'Analyst Estimates'}",EUR,1,TOP2500,MATRIX,1.0,0.965,3,3,1.4,[],analyst10,Performance-Weighted Analyst Estimates,analyst,Analyst,analyst-analyst-estimates,Analyst Estimates
anl10_nerrevise_ratio_to_consensus_fq1,Consensus estimate value for net earnings rate Q1,"{'id': 'analyst10', 'name': 'Performance-Weighted Analyst Estimates'}","{'id': 'analyst', 'name': 'Analyst'}","{'id': 'analyst-analyst-estimates', 'name': 'Analyst Estimates'}",EUR,1,TOP2500,MATRIX,1.0,0.3942,2,2,1.4,[],analyst10,Performance-Weighted Analyst Estimates,analyst,Analyst,analyst-analyst-estimates,Analyst Estimates
anl10_nerrevise_ratio_to_consensus_fq2,Consensus estimate value for net earnings rate Q2,"{'id': 'analyst10', 'name': 'Performance-Weighted Analyst Estimates'}","{'id': 'analyst', 'name': 'Analyst'}","{'id': 'analyst-analyst-estimates', 'name': 'Analyst Estimates'}",EUR,1,TOP2500,MATRIX,1.0,0.31,1,1,1.4,[],analyst10,Performance-Weighted Analyst Estimates,analyst,Analyst,analyst-analyst-estimates,Analyst Estimates
anl10_nerrevise_ratio_to_consensus_fy1,Consensus estimate value for net earnings rate FY1,"{'id': 'analyst10', 'name': 'Performance-Weighted Analyst Estimates'}","{'id': 'analyst', 'name': 'Analyst'}","{'id': 'analyst-analyst-estimates', 'name': 'Analyst Estimates'}",EUR,1,TOP2500,MATRIX,1.0,0.9675,4,5,1.4,[],analyst10,Performance-Weighted Analyst Estimates,analyst,Analyst,analyst-analyst-estimates,Analyst Estimates
anl10_nerrevise_ratio_to_consensus_fy2,Consensus estimate value for net earnings rate FY2,"{'id': 'analyst10', 'name': 'Performance-Weighted Analyst Estimates'}","{'id': 'analyst', 'name': 'Analyst'}","{'id': 'analyst-analyst-estimates', 'name': 'Analyst Estimates'}",EUR,1,TOP2500,MATRIX,1.0,0.965,1,1,1.4,[],analyst10,Performance-Weighted Analyst Estimates,analyst,Analyst,analyst-analyst-estimates,Analyst Estimates
anl10_nerrevise_value_fq1,Delta consensus for net earnings rate Q1 (difference between old and current updated value),"{'id': 'analyst10', 'name': 'Performance-Weighted Analyst Estimates'}","{'id': 'analyst', 'name': 'Analyst'}","{'id': 'analyst-analyst-estimates', 'name': 'Analyst Estimates'}",EUR,1,TOP2500,MATRIX,1.0,0.3942,2,2,1.4,[],analyst10,Performance-Weighted Analyst Estimates,analyst,Analyst,analyst-analyst-estimates,Analyst Estimates
anl10_nerrevise_value_fq2,Delta consensus for net earnings rate Q2 (difference between old and current updated value),"{'id': 'analyst10', 'name': 'Performance-Weighted Analyst Estimates'}","{'id': 'analyst', 'name': 'Analyst'}","{'id': 'analyst-analyst-estimates', 'name': 'Analyst Estimates'}",EUR,1,TOP2500,MATRIX,1.0,0.31,3,3,1.4,[],analyst10,Performance-Weighted Analyst Estimates,analyst,Analyst,analyst-analyst-estimates,Analyst Estimates
anl10_nerrevise_value_fy1,Delta consensus for net earnings rate FY1 (difference between old and current updated value),"{'id': 'analyst10', 'name': 'Performance-Weighted Analyst Estimates'}","{'id': 'analyst', 'name': 'Analyst'}","{'id': 'analyst-analyst-estimates', 'name': 'Analyst Estimates'}",EUR,1,TOP2500,MATRIX,1.0,0.9675,4,4,1.4,[],analyst10,Performance-Weighted Analyst Estimates,analyst,Analyst,analyst-analyst-estimates,Analyst Estimates
anl10_nerrevise_value_fy2,Delta consensus for net earnings rate FY2 (difference between old and current updated value),"{'id': 'analyst10', 'name': 'Performance-Weighted Analyst Estimates'}","{'id': 'analyst', 'name': 'Analyst'}","{'id': 'analyst-analyst-estimates', 'name': 'Analyst Estimates'}",EUR,1,TOP2500,MATRIX,1.0,0.965,6,6,1.4,[],analyst10,Performance-Weighted Analyst Estimates,analyst,Analyst,analyst-analyst-estimates,Analyst Estimates
anl10_nersmun_1qf,Sample/analyst number - indicating how many analysts contributed to that particular estimate or forecast for net earnings rate,"{'id': 'analyst10', 'name': 'Performance-Weighted Analyst Estimates'}","{'id': 'analyst', 'name': 'Analyst'}","{'id': 'analyst-analyst-estimates', 'name': 'Analyst Estimates'}",EUR,1,TOP2500,MATRIX,1.0,1.0,2,2,1.4,[],analyst10,Performance-Weighted Analyst Estimates,analyst,Analyst,analyst-analyst-estimates,Analyst Estimates
anl10_nersmun_1yf,Sample/analyst number - indicating how many analysts contributed to that particular estimate or forecast for net earnings rate,"{'id': 'analyst10', 'name': 'Performance-Weighted Analyst Estimates'}","{'id': 'analyst', 'name': 'Analyst'}","{'id': 'analyst-analyst-estimates', 'name': 'Analyst Estimates'}",EUR,1,TOP2500,MATRIX,1.0,1.0,2,2,1.4,[],analyst10,Performance-Weighted Analyst Estimates,analyst,Analyst,analyst-analyst-estimates,Analyst Estimates
anl10_nersmun_2qf,Sample/analyst number - indicating how many analysts contributed to that particular estimate or forecast for net earnings rate,"{'id': 'analyst10', 'name': 'Performance-Weighted Analyst Estimates'}","{'id': 'analyst', 'name': 'Analyst'}","{'id': 'analyst-analyst-estimates', 'name': 'Analyst Estimates'}",EUR,1,TOP2500,MATRIX,1.0,1.0,22,36,1.4,[],analyst10,Performance-Weighted Analyst Estimates,analyst,Analyst,analyst-analyst-estimates,Analyst Estimates
anl10_nersmun_2yf,Sample/analyst number - indicating how many analysts contributed to that particular estimate or forecast for net earnings rate,"{'id': 'analyst10', 'name': 'Performance-Weighted Analyst Estimates'}","{'id': 'analyst', 'name': 'Analyst'}","{'id': 'analyst-analyst-estimates', 'name': 'Analyst Estimates'}",EUR,1,TOP2500,MATRIX,1.0,1.0,1,1,1.4,[],analyst10,Performance-Weighted Analyst Estimates,analyst,Analyst,analyst-analyst-estimates,Analyst Estimates
anl10_netff_622,Ff 622 for net income,"{'id': 'analyst10', 'name': 'Performance-Weighted Analyst Estimates'}","{'id': 'analyst', 'name': 'Analyst'}","{'id': 'analyst-analyst-estimates', 'name': 'Analyst Estimates'}",EUR,1,TOP2500,MATRIX,1.0,1.0,8,15,1.4,[],analyst10,Performance-Weighted Analyst Estimates,analyst,Analyst,analyst-analyst-estimates,Analyst Estimates
anl10_netfq1_consensus_613,Consensus estimate value for net income Q1,"{'id': 'analyst10', 'name': 'Performance-Weighted Analyst Estimates'}","{'id': 'analyst', 'name': 'Analyst'}","{'id': 'analyst-analyst-estimates', 'name': 'Analyst Estimates'}",EUR,1,TOP2500,MATRIX,1.0,0.5292,10,14,1.4,[],analyst10,Performance-Weighted Analyst Estimates,analyst,Analyst,analyst-analyst-estimates,Analyst Estimates
anl10_netfq1_pred_surps_v0_619,Predicted surprise version 0 for net income for Q1 (calculated as (smart_ests - consensus)/consensus),"{'id': 'analyst10', 'name': 'Performance-Weighted Analyst Estimates'}","{'id': 'analyst', 'name': 'Analyst'}","{'id': 'analyst-analyst-estimates', 'name': 'Analyst Estimates'}",EUR,1,TOP2500,MATRIX,1.0,0.5292,2,2,1.4,[],analyst10,Performance-Weighted Analyst Estimates,analyst,Analyst,analyst-analyst-estimates,Analyst Estimates
anl10_netfq1_pred_surps_v1_640,Predicted surprise version 1 for net income for Q1 (calculated as (smart_ests - consensus)/consensus),"{'id': 'analyst10', 'name': 'Performance-Weighted Analyst Estimates'}","{'id': 'analyst', 'name': 'Analyst'}","{'id': 'analyst-analyst-estimates', 'name': 'Analyst Estimates'}",EUR,1,TOP2500,MATRIX,1.0,0.5292,1,1,1.4,[],analyst10,Performance-Weighted Analyst Estimates,analyst,Analyst,analyst-analyst-estimates,Analyst Estimates
anl10_netfq1_pred_surps_v2_614,Predicted surprise version 2 for net income for Q1 (calculated as (smart_ests - consensus)/consensus),"{'id': 'analyst10', 'name': 'Performance-Weighted Analyst Estimates'}","{'id': 'analyst', 'name': 'Analyst'}","{'id': 'analyst-analyst-estimates', 'name': 'Analyst Estimates'}",EUR,1,TOP2500,MATRIX,1.0,0.5292,2,2,1.4,[],analyst10,Performance-Weighted Analyst Estimates,analyst,Analyst,analyst-analyst-estimates,Analyst Estimates
anl10_netfq1_smart_ests_v0_618,Smart estimates version 0 value for net income for Q1,"{'id': 'analyst10', 'name': 'Performance-Weighted Analyst Estimates'}","{'id': 'analyst', 'name': 'Analyst'}","{'id': 'analyst-analyst-estimates', 'name': 'Analyst Estimates'}",EUR,1,TOP2500,MATRIX,1.0,0.5292,5,5,1.4,[],analyst10,Performance-Weighted Analyst Estimates,analyst,Analyst,analyst-analyst-estimates,Analyst Estimates
anl10_netfq1_smart_ests_v1_651,Smart estimates version 1 value for net income for Q1,"{'id': 'analyst10', 'name': 'Performance-Weighted Analyst Estimates'}","{'id': 'analyst', 'name': 'Analyst'}","{'id': 'analyst-analyst-estimates', 'name': 'Analyst Estimates'}",EUR,1,TOP2500,MATRIX,1.0,0.5292,3,3,1.4,[],analyst10,Performance-Weighted Analyst Estimates,analyst,Analyst,analyst-analyst-estimates,Analyst Estimates
anl10_netfq1_smart_ests_v2_628,Smart estimates version 2 value for net income for Q1,"{'id': 'analyst10', 'name': 'Performance-Weighted Analyst Estimates'}","{'id': 'analyst', 'name': 'Analyst'}","{'id': 'analyst-analyst-estimates', 'name': 'Analyst Estimates'}",EUR,1,TOP2500,MATRIX,1.0,0.5292,4,4,1.4,[],analyst10,Performance-Weighted Analyst Estimates,analyst,Analyst,analyst-analyst-estimates,Analyst Estimates
anl10_netfq2_consensus_625,Consensus estimate value for net income Q2,"{'id': 'analyst10', 'name': 'Performance-Weighted Analyst Estimates'}","{'id': 'analyst', 'name': 'Analyst'}","{'id': 'analyst-analyst-estimates', 'name': 'Analyst Estimates'}",EUR,1,TOP2500,MATRIX,1.0,0.4375,1,1,1.4,[],analyst10,Performance-Weighted Analyst Estimates,analyst,Analyst,analyst-analyst-estimates,Analyst Estimates
anl10_netfq2_pred_surps_v0_642,Predicted surprise version 0 for net income for Q2 (calculated as (smart_ests - consensus)/consensus),"{'id': 'analyst10', 'name': 'Performance-Weighted Analyst Estimates'}","{'id': 'analyst', 'name': 'Analyst'}","{'id': 'analyst-analyst-estimates', 'name': 'Analyst Estimates'}",EUR,1,TOP2500,MATRIX,1.0,0.4375,2,2,1.4,[],analyst10,Performance-Weighted Analyst Estimates,analyst,Analyst,analyst-analyst-estimates,Analyst Estimates
anl10_netfq2_pred_surps_v1_644,Predicted surprise version 1 for net income for Q2 (calculated as (smart_ests - consensus)/consensus),"{'id': 'analyst10', 'name': 'Performance-Weighted Analyst Estimates'}","{'id': 'analyst', 'name': 'Analyst'}","{'id': 'analyst-analyst-estimates', 'name': 'Analyst Estimates'}",EUR,1,TOP2500,MATRIX,1.0,0.4375,2,2,1.4,[],analyst10,Performance-Weighted Analyst Estimates,analyst,Analyst,analyst-analyst-estimates,Analyst Estimates
anl10_netfq2_pred_surps_v2_645,Predicted surprise version 2 for net income for Q2 (calculated as (smart_ests - consensus)/consensus),"{'id': 'analyst10', 'name': 'Performance-Weighted Analyst Estimates'}","{'id': 'analyst', 'name': 'Analyst'}","{'id': 'analyst-analyst-estimates', 'name': 'Analyst Estimates'}",EUR,1,TOP2500,MATRIX,1.0,0.4375,1,1,1.4,[],analyst10,Performance-Weighted Analyst Estimates,analyst,Analyst,analyst-analyst-estimates,Analyst Estimates
anl10_netfq2_smart_ests_v0_629,Smart estimates version 0 value for net income for Q2,"{'id': 'analyst10', 'name': 'Performance-Weighted Analyst Estimates'}","{'id': 'analyst', 'name': 'Analyst'}","{'id': 'analyst-analyst-estimates', 'name': 'Analyst Estimates'}",EUR,1,TOP2500,MATRIX,1.0,0.4375,1,1,1.4,[],analyst10,Performance-Weighted Analyst Estimates,analyst,Analyst,analyst-analyst-estimates,Analyst Estimates
anl10_netfq2_smart_ests_v1_615,Smart estimates version 1 value for net income for Q2,"{'id': 'analyst10', 'name': 'Performance-Weighted Analyst Estimates'}","{'id': 'analyst', 'name': 'Analyst'}","{'id': 'analyst-analyst-estimates', 'name': 'Analyst Estimates'}",EUR,1,TOP2500,MATRIX,1.0,0.4375,1,1,1.4,[],analyst10,Performance-Weighted Analyst Estimates,analyst,Analyst,analyst-analyst-estimates,Analyst Estimates
anl10_netfq2_smart_ests_v2_630,Smart estimates version 2 value for net income for Q2,"{'id': 'analyst10', 'name': 'Performance-Weighted Analyst Estimates'}","{'id': 'analyst', 'name': 'Analyst'}","{'id': 'analyst-analyst-estimates', 'name': 'Analyst Estimates'}",EUR,1,TOP2500,MATRIX,1.0,0.4375,2,2,1.4,[],analyst10,Performance-Weighted Analyst Estimates,analyst,Analyst,analyst-analyst-estimates,Analyst Estimates
anl10_netfy1_consensus_653,Consensus estimate value for net income FY1,"{'id': 'analyst10', 'name': 'Performance-Weighted Analyst Estimates'}","{'id': 'analyst', 'name': 'Analyst'}","{'id': 'analyst-analyst-estimates', 'name': 'Analyst Estimates'}",EUR,1,TOP2500,MATRIX,1.0,1.0,2,2,1.4,[],analyst10,Performance-Weighted Analyst Estimates,analyst,Analyst,analyst-analyst-estimates,Analyst Estimates
anl10_netfy1_pred_surps_v0_623,Predicted surprise version 0 for net income for FY1 (calculated as (smart_ests - consensus)/consensus),"{'id': 'analyst10', 'name': 'Performance-Weighted Analyst Estimates'}","{'id': 'analyst', 'name': 'Analyst'}","{'id': 'analyst-analyst-estimates', 'name': 'Analyst Estimates'}",EUR,1,TOP2500,MATRIX,1.0,1.0,21,27,1.4,[],analyst10,Performance-Weighted Analyst Estimates,analyst,Analyst,analyst-analyst-estimates,Analyst Estimates
anl10_netfy1_pred_surps_v1_620,Predicted surprise version 1 for net income for FY1 (calculated as (smart_ests - consensus)/consensus),"{'id': 'analyst10', 'name': 'Performance-Weighted Analyst Estimates'}","{'id': 'analyst', 'name': 'Analyst'}","{'id': 'analyst-analyst-estimates', 'name': 'Analyst Estimates'}",EUR,1,TOP2500,MATRIX,1.0,1.0,17,30,1.4,[],analyst10,Performance-Weighted Analyst Estimates,analyst,Analyst,analyst-analyst-estimates,Analyst Estimates
anl10_netfy1_pred_surps_v2_648,Predicted surprise version 2 for net income for FY1 (calculated as (smart_ests - consensus)/consensus),"{'id': 'analyst10', 'name': 'Performance-Weighted Analyst Estimates'}","{'id': 'analyst', 'name': 'Analyst'}","{'id': 'analyst-analyst-estimates', 'name': 'Analyst Estimates'}",EUR,1,TOP2500,MATRIX,1.0,1.0,7,7,1.4,[],analyst10,Performance-Weighted Analyst Estimates,analyst,Analyst,analyst-analyst-estimates,Analyst Estimates
anl10_netfy1_smart_ests_v0_647,Smart estimates version 0 value for net income for FY1,"{'id': 'analyst10', 'name': 'Performance-Weighted Analyst Estimates'}","{'id': 'analyst', 'name': 'Analyst'}","{'id': 'analyst-analyst-estimates', 'name': 'Analyst Estimates'}",EUR,1,TOP2500,MATRIX,1.0,1.0,5,5,1.4,[],analyst10,Performance-Weighted Analyst Estimates,analyst,Analyst,analyst-analyst-estimates,Analyst Estimates
anl10_netfy1_smart_ests_v1_638,Smart estimates version 1 value for net income for FY1,"{'id': 'analyst10', 'name': 'Performance-Weighted Analyst Estimates'}","{'id': 'analyst', 'name': 'Analyst'}","{'id': 'analyst-analyst-estimates', 'name': 'Analyst Estimates'}",EUR,1,TOP2500,MATRIX,1.0,1.0,4,5,1.4,[],analyst10,Performance-Weighted Analyst Estimates,analyst,Analyst,analyst-analyst-estimates,Analyst Estimates
anl10_netfy1_smart_ests_v2_621,Smart estimates version 2 value for net income for FY1,"{'id': 'analyst10', 'name': 'Performance-Weighted Analyst Estimates'}","{'id': 'analyst', 'name': 'Analyst'}","{'id': 'analyst-analyst-estimates', 'name': 'Analyst Estimates'}",EUR,1,TOP2500,MATRIX,1.0,1.0,11,19,1.4,[],analyst10,Performance-Weighted Analyst Estimates,analyst,Analyst,analyst-analyst-estimates,Analyst Estimates
anl10_netfy2_consensus_633,Consensus estimate value for net income FY2,"{'id': 'analyst10', 'name': 'Performance-Weighted Analyst Estimates'}","{'id': 'analyst', 'name': 'Analyst'}","{'id': 'analyst-analyst-estimates', 'name': 'Analyst Estimates'}",EUR,1,TOP2500,MATRIX,1.0,1.0,8,11,1.4,[],analyst10,Performance-Weighted Analyst Estimates,analyst,Analyst,analyst-analyst-estimates,Analyst Estimates
anl10_netfy2_pred_surps_v0_631,Predicted surprise version 0 for net income for FY2 (calculated as (smart_ests - consensus)/consensus),"{'id': 'analyst10', 'name': 'Performance-Weighted Analyst Estimates'}","{'id': 'analyst', 'name': 'Analyst'}","{'id': 'analyst-analyst-estimates', 'name': 'Analyst Estimates'}",EUR,1,TOP2500,MATRIX,1.0,1.0,1,1,1.4,[],analyst10,Performance-Weighted Analyst Estimates,analyst,Analyst,analyst-analyst-estimates,Analyst Estimates
anl10_netfy2_pred_surps_v1_635,Predicted surprise version 1 for net income for FY2 (calculated as (smart_ests - consensus)/consensus),"{'id': 'analyst10', 'name': 'Performance-Weighted Analyst Estimates'}","{'id': 'analyst', 'name': 'Analyst'}","{'id': 'analyst-analyst-estimates', 'name': 'Analyst Estimates'}",EUR,1,TOP2500,MATRIX,1.0,1.0,2,2,1.4,[],analyst10,Performance-Weighted Analyst Estimates,analyst,Analyst,analyst-analyst-estimates,Analyst Estimates
anl10_netfy2_pred_surps_v2_626,Predicted surprise version 2 for net income for FY2 (calculated as (smart_ests - consensus)/consensus),"{'id': 'analyst10', 'name': 'Performance-Weighted Analyst Estimates'}","{'id': 'analyst', 'name': 'Analyst'}","{'id': 'analyst-analyst-estimates', 'name': 'Analyst Estimates'}",EUR,1,TOP2500,MATRIX,1.0,1.0,4,4,1.4,[],analyst10,Performance-Weighted Analyst Estimates,analyst,Analyst,analyst-analyst-estimates,Analyst Estimates
anl10_netfy2_smart_ests_v0_634,Smart estimates version 0 value for net income for FY2,"{'id': 'analyst10', 'name': 'Performance-Weighted Analyst Estimates'}","{'id': 'analyst', 'name': 'Analyst'}","{'id': 'analyst-analyst-estimates', 'name': 'Analyst Estimates'}",EUR,1,TOP2500,MATRIX,1.0,1.0,5,5,1.4,[],analyst10,Performance-Weighted Analyst Estimates,analyst,Analyst,analyst-analyst-estimates,Analyst Estimates
anl10_netfy2_smart_ests_v1_636,Smart estimates version 1 value for net income for FY2,"{'id': 'analyst10', 'name': 'Performance-Weighted Analyst Estimates'}","{'id': 'analyst', 'name': 'Analyst'}","{'id': 'analyst-analyst-estimates', 'name': 'Analyst Estimates'}",EUR,1,TOP2500,MATRIX,1.0,1.0,2,2,1.4,[],analyst10,Performance-Weighted Analyst Estimates,analyst,Analyst,analyst-analyst-estimates,Analyst Estimates
anl10_netfy2_smart_ests_v2_641,Smart estimates version 2 value for net income for FY2,"{'id': 'analyst10', 'name': 'Performance-Weighted Analyst Estimates'}","{'id': 'analyst', 'name': 'Analyst'}","{'id': 'analyst-analyst-estimates', 'name': 'Analyst Estimates'}",EUR,1,TOP2500,MATRIX,1.0,1.0,4,4,1.4,[],analyst10,Performance-Weighted Analyst Estimates,analyst,Analyst,analyst-analyst-estimates,Analyst Estimates
anl10_netinnovate_decrease_fq1,Number of analysts with innovative negative revisions for net income Q1,"{'id': 'analyst10', 'name': 'Performance-Weighted Analyst Estimates'}","{'id': 'analyst', 'name': 'Analyst'}","{'id': 'analyst-analyst-estimates', 'name': 'Analyst Estimates'}",EUR,1,TOP2500,MATRIX,1.0,0.43,2,2,1.4,[],analyst10,Performance-Weighted Analyst Estimates,analyst,Analyst,analyst-analyst-estimates,Analyst Estimates
anl10_netinnovate_decrease_fq2,Number of analysts with innovative negative revisions for net income Q2,"{'id': 'analyst10', 'name': 'Performance-Weighted Analyst Estimates'}","{'id': 'analyst', 'name': 'Analyst'}","{'id': 'analyst-analyst-estimates', 'name': 'Analyst Estimates'}",EUR,1,TOP2500,MATRIX,1.0,0.3433,2,2,1.4,[],analyst10,Performance-Weighted Analyst Estimates,analyst,Analyst,analyst-analyst-estimates,Analyst Estimates
anl10_netinnovate_decrease_fy1,Number of analysts with innovative negative revisions for net income FY1,"{'id': 'analyst10', 'name': 'Performance-Weighted Analyst Estimates'}","{'id': 'analyst', 'name': 'Analyst'}","{'id': 'analyst-analyst-estimates', 'name': 'Analyst Estimates'}",EUR,1,TOP2500,MATRIX,1.0,0.9983,3,3,1.4,[],analyst10,Performance-Weighted Analyst Estimates,analyst,Analyst,analyst-analyst-estimates,Analyst Estimates
anl10_netinnovate_decrease_fy2,Number of analysts with innovative negative revisions for net income FY2,"{'id': 'analyst10', 'name': 'Performance-Weighted Analyst Estimates'}","{'id': 'analyst', 'name': 'Analyst'}","{'id': 'analyst-analyst-estimates', 'name': 'Analyst Estimates'}",EUR,1,TOP2500,MATRIX,1.0,0.9975,12,18,1.4,[],analyst10,Performance-Weighted Analyst Estimates,analyst,Analyst,analyst-analyst-estimates,Analyst Estimates
anl10_netinnovate_increase_fq1,Number of analysts with innovative positive revisions for net income Q1,"{'id': 'analyst10', 'name': 'Performance-Weighted Analyst Estimates'}","{'id': 'analyst', 'name': 'Analyst'}","{'id': 'analyst-analyst-estimates', 'name': 'Analyst Estimates'}",EUR,1,TOP2500,MATRIX,1.0,0.43,1,1,1.4,[],analyst10,Performance-Weighted Analyst Estimates,analyst,Analyst,analyst-analyst-estimates,Analyst Estimates
anl10_netinnovate_increase_fq2,Number of analysts with innovative positive revisions for net income Q2,"{'id': 'analyst10', 'name': 'Performance-Weighted Analyst Estimates'}","{'id': 'analyst', 'name': 'Analyst'}","{'id': 'analyst-analyst-estimates', 'name': 'Analyst Estimates'}",EUR,1,TOP2500,MATRIX,1.0,0.3433,1,1,1.4,[],analyst10,Performance-Weighted Analyst Estimates,analyst,Analyst,analyst-analyst-estimates,Analyst Estimates
anl10_netinnovate_increase_fy1,Number of analysts with innovative positive revisions for net income FY1,"{'id': 'analyst10', 'name': 'Performance-Weighted Analyst Estimates'}","{'id': 'analyst', 'name': 'Analyst'}","{'id': 'analyst-analyst-estimates', 'name': 'Analyst Estimates'}",EUR,1,TOP2500,MATRIX,1.0,0.9983,4,4,1.4,[],analyst10,Performance-Weighted Analyst Estimates,analyst,Analyst,analyst-analyst-estimates,Analyst Estimates
anl10_netinnovate_increase_fy2,Number of analysts with innovative positive revisions for net income FY2,"{'id': 'analyst10', 'name': 'Performance-Weighted Analyst Estimates'}","{'id': 'analyst', 'name': 'Analyst'}","{'id': 'analyst-analyst-estimates', 'name': 'Analyst Estimates'}",EUR,1,TOP2500,MATRIX,1.0,0.9975,1,1,1.4,[],analyst10,Performance-Weighted Analyst Estimates,analyst,Analyst,analyst-analyst-estimates,Analyst Estimates
anl10_netinnovation_score_fq1,Innovation score for net income Q1 (innovate_increase - innovate_decrease),"{'id': 'analyst10', 'name': 'Performance-Weighted Analyst Estimates'}","{'id': 'analyst', 'name': 'Analyst'}","{'id': 'analyst-analyst-estimates', 'name': 'Analyst Estimates'}",EUR,1,TOP2500,MATRIX,1.0,0.43,2,2,1.4,[],analyst10,Performance-Weighted Analyst Estimates,analyst,Analyst,analyst-analyst-estimates,Analyst Estimates
anl10_netinnovation_score_fq2,Innovation score for net income Q2 (innovate_increase - innovate_decrease),"{'id': 'analyst10', 'name': 'Performance-Weighted Analyst Estimates'}","{'id': 'analyst', 'name': 'Analyst'}","{'id': 'analyst-analyst-estimates', 'name': 'Analyst Estimates'}",EUR,1,TOP2500,MATRIX,1.0,0.3433,1,1,1.4,[],analyst10,Performance-Weighted Analyst Estimates,analyst,Analyst,analyst-analyst-estimates,Analyst Estimates
anl10_netinnovation_score_fy1,Innovation score for net income FY1 (innovate_increase - innovate_decrease),"{'id': 'analyst10', 'name': 'Performance-Weighted Analyst Estimates'}","{'id': 'analyst', 'name': 'Analyst'}","{'id': 'analyst-analyst-estimates', 'name': 'Analyst Estimates'}",EUR,1,TOP2500,MATRIX,1.0,0.9983,6,7,1.4,[],analyst10,Performance-Weighted Analyst Estimates,analyst,Analyst,analyst-analyst-estimates,Analyst Estimates
anl10_netinnovation_score_fy2,Innovation score for net income FY2 (innovate_increase - innovate_decrease),"{'id': 'analyst10', 'name': 'Performance-Weighted Analyst Estimates'}","{'id': 'analyst', 'name': 'Analyst'}","{'id': 'analyst-analyst-estimates', 'name': 'Analyst Estimates'}",EUR,1,TOP2500,MATRIX,1.0,0.9975,4,5,1.4,[],analyst10,Performance-Weighted Analyst Estimates,analyst,Analyst,analyst-analyst-estimates,Analyst Estimates
anl10_netnormal_decrease_fq1,Number of analysts with normal negative revisions for net income Q1,"{'id': 'analyst10', 'name': 'Performance-Weighted Analyst Estimates'}","{'id': 'analyst', 'name': 'Analyst'}","{'id': 'analyst-analyst-estimates', 'name': 'Analyst Estimates'}",EUR,1,TOP2500,MATRIX,1.0,0.43,2,2,1.4,[],analyst10,Performance-Weighted Analyst Estimates,analyst,Analyst,analyst-analyst-estimates,Analyst Estimates
anl10_netnormal_decrease_fq2,Number of analysts with normal negative revisions for net income Q2,"{'id': 'analyst10', 'name': 'Performance-Weighted Analyst Estimates'}","{'id': 'analyst', 'name': 'Analyst'}","{'id': 'analyst-analyst-estimates', 'name': 'Analyst Estimates'}",EUR,1,TOP2500,MATRIX,1.0,0.3433,2,2,1.4,[],analyst10,Performance-Weighted Analyst Estimates,analyst,Analyst,analyst-analyst-estimates,Analyst Estimates
anl10_netnormal_decrease_fy1,Number of analysts with normal negative revisions for net income FY1,"{'id': 'analyst10', 'name': 'Performance-Weighted Analyst Estimates'}","{'id': 'analyst', 'name': 'Analyst'}","{'id': 'analyst-analyst-estimates', 'name': 'Analyst Estimates'}",EUR,1,TOP2500,MATRIX,1.0,0.9983,4,4,1.4,[],analyst10,Performance-Weighted Analyst Estimates,analyst,Analyst,analyst-analyst-estimates,Analyst Estimates
anl10_netnormal_decrease_fy2,Number of analysts with normal negative revisions for net income FY2,"{'id': 'analyst10', 'name': 'Performance-Weighted Analyst Estimates'}","{'id': 'analyst', 'name': 'Analyst'}","{'id': 'analyst-analyst-estimates', 'name': 'Analyst Estimates'}",EUR,1,TOP2500,MATRIX,1.0,0.9975,0,0,1.4,[],analyst10,Performance-Weighted Analyst Estimates,analyst,Analyst,analyst-analyst-estimates,Analyst Estimates
anl10_netnormal_increase_fq1,Number of analysts with normal positive revisions for net income Q1,"{'id': 'analyst10', 'name': 'Performance-Weighted Analyst Estimates'}","{'id': 'analyst', 'name': 'Analyst'}","{'id': 'analyst-analyst-estimates', 'name': 'Analyst Estimates'}",EUR,1,TOP2500,MATRIX,1.0,0.43,1,1,1.4,[],analyst10,Performance-Weighted Analyst Estimates,analyst,Analyst,analyst-analyst-estimates,Analyst Estimates
anl10_netnormal_increase_fq2,Number of analysts with normal positive revisions for net income Q2,"{'id': 'analyst10', 'name': 'Performance-Weighted Analyst Estimates'}","{'id': 'analyst', 'name': 'Analyst'}","{'id': 'analyst-analyst-estimates', 'name': 'Analyst Estimates'}",EUR,1,TOP2500,MATRIX,1.0,0.3433,1,1,1.4,[],analyst10,Performance-Weighted Analyst Estimates,analyst,Analyst,analyst-analyst-estimates,Analyst Estimates
anl10_netnormal_increase_fy1,Number of analysts with normal positive revisions for net income FY1,"{'id': 'analyst10', 'name': 'Performance-Weighted Analyst Estimates'}","{'id': 'analyst', 'name': 'Analyst'}","{'id': 'analyst-analyst-estimates', 'name': 'Analyst Estimates'}",EUR,1,TOP2500,MATRIX,1.0,0.9983,0,0,1.4,[],analyst10,Performance-Weighted Analyst Estimates,analyst,Analyst,analyst-analyst-estimates,Analyst Estimates
anl10_netnormal_increase_fy2,Number of analysts with normal positive revisions for net income FY2,"{'id': 'analyst10', 'name': 'Performance-Weighted Analyst Estimates'}","{'id': 'analyst', 'name': 'Analyst'}","{'id': 'analyst-analyst-estimates', 'name': 'Analyst Estimates'}",EUR,1,TOP2500,MATRIX,1.0,0.9975,0,0,1.4,[],analyst10,Performance-Weighted Analyst Estimates,analyst,Analyst,analyst-analyst-estimates,Analyst Estimates
anl10_netrevise_ratio_to_close_fq1,Ratio of delta consensus to adjusted close for net income Q1,"{'id': 'analyst10', 'name': 'Performance-Weighted Analyst Estimates'}","{'id': 'analyst', 'name': 'Analyst'}","{'id': 'analyst-analyst-estimates', 'name': 'Analyst Estimates'}",EUR,1,TOP2500,MATRIX,1.0,0.4292,2,2,1.4,[],analyst10,Performance-Weighted Analyst Estimates,analyst,Analyst,analyst-analyst-estimates,Analyst Estimates
anl10_netrevise_ratio_to_close_fq2,Ratio of delta consensus to adjusted close for net income Q2,"{'id': 'analyst10', 'name': 'Performance-Weighted Analyst Estimates'}","{'id': 'analyst', 'name': 'Analyst'}","{'id': 'analyst-analyst-estimates', 'name': 'Analyst Estimates'}",EUR,1,TOP2500,MATRIX,1.0,0.3433,0,0,1.4,[],analyst10,Performance-Weighted Analyst Estimates,analyst,Analyst,analyst-analyst-estimates,Analyst Estimates
anl10_netrevise_ratio_to_close_fy1,Ratio of delta consensus to adjusted close for net income FY1,"{'id': 'analyst10', 'name': 'Performance-Weighted Analyst Estimates'}","{'id': 'analyst', 'name': 'Analyst'}","{'id': 'analyst-analyst-estimates', 'name': 'Analyst Estimates'}",EUR,1,TOP2500,MATRIX,1.0,0.9983,3,3,1.4,[],analyst10,Performance-Weighted Analyst Estimates,analyst,Analyst,analyst-analyst-estimates,Analyst Estimates
anl10_netrevise_ratio_to_close_fy2,Ratio of delta consensus to adjusted close for net income FY2,"{'id': 'analyst10', 'name': 'Performance-Weighted Analyst Estimates'}","{'id': 'analyst', 'name': 'Analyst'}","{'id': 'analyst-analyst-estimates', 'name': 'Analyst Estimates'}",EUR,1,TOP2500,MATRIX,1.0,0.9975,0,0,1.4,[],analyst10,Performance-Weighted Analyst Estimates,analyst,Analyst,analyst-analyst-estimates,Analyst Estimates
anl10_netrevise_ratio_to_consensus_fq1,Consensus estimate value for net income Q1,"{'id': 'analyst10', 'name': 'Performance-Weighted Analyst Estimates'}","{'id': 'analyst', 'name': 'Analyst'}","{'id': 'analyst-analyst-estimates', 'name': 'Analyst Estimates'}",EUR,1,TOP2500,MATRIX,1.0,0.4292,8,15,1.4,[],analyst10,Performance-Weighted Analyst Estimates,analyst,Analyst,analyst-analyst-estimates,Analyst Estimates
anl10_netrevise_ratio_to_consensus_fq2,Consensus estimate value for net income Q2,"{'id': 'analyst10', 'name': 'Performance-Weighted Analyst Estimates'}","{'id': 'analyst', 'name': 'Analyst'}","{'id': 'analyst-analyst-estimates', 'name': 'Analyst Estimates'}",EUR,1,TOP2500,MATRIX,1.0,0.3433,0,0,1.4,[],analyst10,Performance-Weighted Analyst Estimates,analyst,Analyst,analyst-analyst-estimates,Analyst Estimates
anl10_netrevise_ratio_to_consensus_fy1,Consensus estimate value for net income FY1,"{'id': 'analyst10', 'name': 'Performance-Weighted Analyst Estimates'}","{'id': 'analyst', 'name': 'Analyst'}","{'id': 'analyst-analyst-estimates', 'name': 'Analyst Estimates'}",EUR,1,TOP2500,MATRIX,1.0,0.9983,0,0,1.4,[],analyst10,Performance-Weighted Analyst Estimates,analyst,Analyst,analyst-analyst-estimates,Analyst Estimates
anl10_netrevise_ratio_to_consensus_fy2,Consensus estimate value for net income FY2,"{'id': 'analyst10', 'name': 'Performance-Weighted Analyst Estimates'}","{'id': 'analyst', 'name': 'Analyst'}","{'id': 'analyst-analyst-estimates', 'name': 'Analyst Estimates'}",EUR,1,TOP2500,MATRIX,1.0,0.9975,2,2,1.4,[],analyst10,Performance-Weighted Analyst Estimates,analyst,Analyst,analyst-analyst-estimates,Analyst Estimates
anl10_netrevise_value_fq1,Delta consensus for net income Q1 (difference between old and current updated value),"{'id': 'analyst10', 'name': 'Performance-Weighted Analyst Estimates'}","{'id': 'analyst', 'name': 'Analyst'}","{'id': 'analyst-analyst-estimates', 'name': 'Analyst Estimates'}",EUR,1,TOP2500,MATRIX,1.0,0.4292,0,0,1.4,[],analyst10,Performance-Weighted Analyst Estimates,analyst,Analyst,analyst-analyst-estimates,Analyst Estimates
anl10_netrevise_value_fq2,Delta consensus for net income Q2 (difference between old and current updated value),"{'id': 'analyst10', 'name': 'Performance-Weighted Analyst Estimates'}","{'id': 'analyst', 'name': 'Analyst'}","{'id': 'analyst-analyst-estimates', 'name': 'Analyst Estimates'}",EUR,1,TOP2500,MATRIX,1.0,0.3433,0,0,1.4,[],analyst10,Performance-Weighted Analyst Estimates,analyst,Analyst,analyst-analyst-estimates,Analyst Estimates
anl10_netrevise_value_fy1,Delta consensus for net income FY1 (difference between old and current updated value),"{'id': 'analyst10', 'name': 'Performance-Weighted Analyst Estimates'}","{'id': 'analyst', 'name': 'Analyst'}","{'id': 'analyst-analyst-estimates', 'name': 'Analyst Estimates'}",EUR,1,TOP2500,MATRIX,1.0,0.9983,4,6,1.4,[],analyst10,Performance-Weighted Analyst Estimates,analyst,Analyst,analyst-analyst-estimates,Analyst Estimates
anl10_netrevise_value_fy2,Delta consensus for net income FY2 (difference between old and current updated value),"{'id': 'analyst10', 'name': 'Performance-Weighted Analyst Estimates'}","{'id': 'analyst', 'name': 'Analyst'}","{'id': 'analyst-analyst-estimates', 'name': 'Analyst Estimates'}",EUR,1,TOP2500,MATRIX,1.0,0.9975,2,2,1.4,[],analyst10,Performance-Weighted Analyst Estimates,analyst,Analyst,analyst-analyst-estimates,Analyst Estimates
anl10_netsmun_1qf_637,Sample/analyst number - indicating how many analysts contributed to that particular estimate or forecast for net income,"{'id': 'analyst10', 'name': 'Performance-Weighted Analyst Estimates'}","{'id': 'analyst', 'name': 'Analyst'}","{'id': 'analyst-analyst-estimates', 'name': 'Analyst Estimates'}",EUR,1,TOP2500,MATRIX,1.0,1.0,0,0,1.4,[],analyst10,Performance-Weighted Analyst Estimates,analyst,Analyst,analyst-analyst-estimates,Analyst Estimates
anl10_netsmun_1yf_632,Sample/analyst number - indicating how many analysts contributed to that particular estimate or forecast for net income,"{'id': 'analyst10', 'name': 'Performance-Weighted Analyst Estimates'}","{'id': 'analyst', 'name': 'Analyst'}","{'id': 'analyst-analyst-estimates', 'name': 'Analyst Estimates'}",EUR,1,TOP2500,MATRIX,1.0,1.0,4,7,1.4,[],analyst10,Performance-Weighted Analyst Estimates,analyst,Analyst,analyst-analyst-estimates,Analyst Estimates
anl10_netsmun_2qf_646,Sample/analyst number - indicating how many analysts contributed to that particular estimate or forecast for net income,"{'id': 'analyst10', 'name': 'Performance-Weighted Analyst Estimates'}","{'id': 'analyst', 'name': 'Analyst'}","{'id': 'analyst-analyst-estimates', 'name': 'Analyst Estimates'}",EUR,1,TOP2500,MATRIX,1.0,1.0,3,3,1.4,[],analyst10,Performance-Weighted Analyst Estimates,analyst,Analyst,analyst-analyst-estimates,Analyst Estimates
anl10_netsmun_2yf_652,Sample/analyst number - indicating how many analysts contributed to that particular estimate or forecast for net income,"{'id': 'analyst10', 'name': 'Performance-Weighted Analyst Estimates'}","{'id': 'analyst', 'name': 'Analyst'}","{'id': 'analyst-analyst-estimates', 'name': 'Analyst Estimates'}",EUR,1,TOP2500,MATRIX,1.0,1.0,3,3,1.4,[],analyst10,Performance-Weighted Analyst Estimates,analyst,Analyst,analyst-analyst-estimates,Analyst Estimates
anl10_oprff_188,Ff 188 for operating profit,"{'id': 'analyst10', 'name': 'Performance-Weighted Analyst Estimates'}","{'id': 'analyst', 'name': 'Analyst'}","{'id': 'analyst-analyst-estimates', 'name': 'Analyst Estimates'}",EUR,1,TOP2500,MATRIX,1.0,1.0,2,2,1.4,[],analyst10,Performance-Weighted Analyst Estimates,analyst,Analyst,analyst-analyst-estimates,Analyst Estimates
anl10_oprfy1_consensus_212,Consensus estimate value for operating profit FY1,"{'id': 'analyst10', 'name': 'Performance-Weighted Analyst Estimates'}","{'id': 'analyst', 'name': 'Analyst'}","{'id': 'analyst-analyst-estimates', 'name': 'Analyst Estimates'}",EUR,1,TOP2500,MATRIX,1.0,0.9183,2,2,1.4,[],analyst10,Performance-Weighted Analyst Estimates,analyst,Analyst,analyst-analyst-estimates,Analyst Estimates
anl10_oprfy1_pred_surps_v0_177,Predicted surprise version 0 for operating profit for FY1 (calculated as (smart_ests - consensus)/consensus),"{'id': 'analyst10', 'name': 'Performance-Weighted Analyst Estimates'}","{'id': 'analyst', 'name': 'Analyst'}","{'id': 'analyst-analyst-estimates', 'name': 'Analyst Estimates'}",EUR,1,TOP2500,MATRIX,1.0,0.9183,1,1,1.4,[],analyst10,Performance-Weighted Analyst Estimates,analyst,Analyst,analyst-analyst-estimates,Analyst Estimates
anl10_oprfy1_pred_surps_v1_184,Predicted surprise version 1 for operating profit for FY1 (calculated as (smart_ests - consensus)/consensus),"{'id': 'analyst10', 'name': 'Performance-Weighted Analyst Estimates'}","{'id': 'analyst', 'name': 'Analyst'}","{'id': 'analyst-analyst-estimates', 'name': 'Analyst Estimates'}",EUR,1,TOP2500,MATRIX,1.0,0.9183,1,1,1.4,[],analyst10,Performance-Weighted Analyst Estimates,analyst,Analyst,analyst-analyst-estimates,Analyst Estimates
anl10_oprfy1_pred_surps_v2_191,Predicted surprise version 2 for operating profit for FY1 (calculated as (smart_ests - consensus)/consensus),"{'id': 'analyst10', 'name': 'Performance-Weighted Analyst Estimates'}","{'id': 'analyst', 'name': 'Analyst'}","{'id': 'analyst-analyst-estimates', 'name': 'Analyst Estimates'}",EUR,1,TOP2500,MATRIX,1.0,0.9183,2,2,1.4,[],analyst10,Performance-Weighted Analyst Estimates,analyst,Analyst,analyst-analyst-estimates,Analyst Estimates
anl10_oprfy1_smart_ests_v0_192,Smart estimates version 0 value for operating profit for FY1,"{'id': 'analyst10', 'name': 'Performance-Weighted Analyst Estimates'}","{'id': 'analyst', 'name': 'Analyst'}","{'id': 'analyst-analyst-estimates', 'name': 'Analyst Estimates'}",EUR,1,TOP2500,MATRIX,1.0,0.9183,1,1,1.4,[],analyst10,Performance-Weighted Analyst Estimates,analyst,Analyst,analyst-analyst-estimates,Analyst Estimates
anl10_oprfy1_smart_ests_v1_189,Smart estimates version 1 value for operating profit for FY1,"{'id': 'analyst10', 'name': 'Performance-Weighted Analyst Estimates'}","{'id': 'analyst', 'name': 'Analyst'}","{'id': 'analyst-analyst-estimates', 'name': 'Analyst Estimates'}",EUR,1,TOP2500,MATRIX,1.0,0.9183,1,1,1.4,[],analyst10,Performance-Weighted Analyst Estimates,analyst,Analyst,analyst-analyst-estimates,Analyst Estimates
anl10_oprfy1_smart_ests_v2_213,Smart estimates version 2 value for operating profit for FY1,"{'id': 'analyst10', 'name': 'Performance-Weighted Analyst Estimates'}","{'id': 'analyst', 'name': 'Analyst'}","{'id': 'analyst-analyst-estimates', 'name': 'Analyst Estimates'}",EUR,1,TOP2500,MATRIX,1.0,0.9183,0,0,1.4,[],analyst10,Performance-Weighted Analyst Estimates,analyst,Analyst,analyst-analyst-estimates,Analyst Estimates
anl10_oprfy2_consensus_185,Consensus estimate value for operating profit FY2,"{'id': 'analyst10', 'name': 'Performance-Weighted Analyst Estimates'}","{'id': 'analyst', 'name': 'Analyst'}","{'id': 'analyst-analyst-estimates', 'name': 'Analyst Estimates'}",EUR,1,TOP2500,MATRIX,1.0,0.8042,2,2,1.4,[],analyst10,Performance-Weighted Analyst Estimates,analyst,Analyst,analyst-analyst-estimates,Analyst Estimates
anl10_oprfy2_pred_surps_v0_209,Predicted surprise version 0 for operating profit for FY2 (calculated as (smart_ests - consensus)/consensus),"{'id': 'analyst10', 'name': 'Performance-Weighted Analyst Estimates'}","{'id': 'analyst', 'name': 'Analyst'}","{'id': 'analyst-analyst-estimates', 'name': 'Analyst Estimates'}",EUR,1,TOP2500,MATRIX,1.0,0.8042,1,1,1.4,[],analyst10,Performance-Weighted Analyst Estimates,analyst,Analyst,analyst-analyst-estimates,Analyst Estimates
anl10_oprfy2_pred_surps_v1_182,Predicted surprise version 1 for operating profit for FY2 (calculated as (smart_ests - consensus)/consensus),"{'id': 'analyst10', 'name': 'Performance-Weighted Analyst Estimates'}","{'id': 'analyst', 'name': 'Analyst'}","{'id': 'analyst-analyst-estimates', 'name': 'Analyst Estimates'}",EUR,1,TOP2500,MATRIX,1.0,0.8042,2,2,1.4,[],analyst10,Performance-Weighted Analyst Estimates,analyst,Analyst,analyst-analyst-estimates,Analyst Estimates
anl10_oprfy2_pred_surps_v2_187,Predicted surprise version 2 for operating profit for FY2 (calculated as (smart_ests - consensus)/consensus),"{'id': 'analyst10', 'name': 'Performance-Weighted Analyst Estimates'}","{'id': 'analyst', 'name': 'Analyst'}","{'id': 'analyst-analyst-estimates', 'name': 'Analyst Estimates'}",EUR,1,TOP2500,MATRIX,1.0,0.8042,2,2,1.4,[],analyst10,Performance-Weighted Analyst Estimates,analyst,Analyst,analyst-analyst-estimates,Analyst Estimates
anl10_oprfy2_smart_ests_v0_210,Smart estimates version 0 value for operating profit for FY2,"{'id': 'analyst10', 'name': 'Performance-Weighted Analyst Estimates'}","{'id': 'analyst', 'name': 'Analyst'}","{'id': 'analyst-analyst-estimates', 'name': 'Analyst Estimates'}",EUR,1,TOP2500,MATRIX,1.0,0.8042,2,2,1.4,[],analyst10,Performance-Weighted Analyst Estimates,analyst,Analyst,analyst-analyst-estimates,Analyst Estimates
anl10_oprfy2_smart_ests_v1_201,Smart estimates version 1 value for operating profit for FY2,"{'id': 'analyst10', 'name': 'Performance-Weighted Analyst Estimates'}","{'id': 'analyst', 'name': 'Analyst'}","{'id': 'analyst-analyst-estimates', 'name': 'Analyst Estimates'}",EUR,1,TOP2500,MATRIX,1.0,0.8042,1,1,1.4,[],analyst10,Performance-Weighted Analyst Estimates,analyst,Analyst,analyst-analyst-estimates,Analyst Estimates
anl10_oprfy2_smart_ests_v2_214,Smart estimates version 2 value for operating profit for FY2,"{'id': 'analyst10', 'name': 'Performance-Weighted Analyst Estimates'}","{'id': 'analyst', 'name': 'Analyst'}","{'id': 'analyst-analyst-estimates', 'name': 'Analyst Estimates'}",EUR,1,TOP2500,MATRIX,1.0,0.8042,2,2,1.4,[],analyst10,Performance-Weighted Analyst Estimates,analyst,Analyst,analyst-analyst-estimates,Analyst Estimates
anl10_oprinnovate_decrease_fy1,Number of analysts with innovative negative revisions for operating profit FY1,"{'id': 'analyst10', 'name': 'Performance-Weighted Analyst Estimates'}","{'id': 'analyst', 'name': 'Analyst'}","{'id': 'analyst-analyst-estimates', 'name': 'Analyst Estimates'}",EUR,1,TOP2500,MATRIX,1.0,0.3208,2,2,1.4,[],analyst10,Performance-Weighted Analyst Estimates,analyst,Analyst,analyst-analyst-estimates,Analyst Estimates
anl10_oprinnovate_decrease_fy2,Number of analysts with innovative negative revisions for operating profit FY2,"{'id': 'analyst10', 'name': 'Performance-Weighted Analyst Estimates'}","{'id': 'analyst', 'name': 'Analyst'}","{'id': 'analyst-analyst-estimates', 'name': 'Analyst Estimates'}",EUR,1,TOP2500,MATRIX,1.0,0.2783,1,1,1.4,[],analyst10,Performance-Weighted Analyst Estimates,analyst,Analyst,analyst-analyst-estimates,Analyst Estimates
anl10_oprinnovate_increase_fy1,Number of analysts with innovative positive revisions for operating profit FY1,"{'id': 'analyst10', 'name': 'Performance-Weighted Analyst Estimates'}","{'id': 'analyst', 'name': 'Analyst'}","{'id': 'analyst-analyst-estimates', 'name': 'Analyst Estimates'}",EUR,1,TOP2500,MATRIX,1.0,0.3208,2,2,1.4,[],analyst10,Performance-Weighted Analyst Estimates,analyst,Analyst,analyst-analyst-estimates,Analyst Estimates
anl10_oprinnovate_increase_fy2,Number of analysts with innovative positive revisions for operating profit FY2,"{'id': 'analyst10', 'name': 'Performance-Weighted Analyst Estimates'}","{'id': 'analyst', 'name': 'Analyst'}","{'id': 'analyst-analyst-estimates', 'name': 'Analyst Estimates'}",EUR,1,TOP2500,MATRIX,1.0,0.2783,4,4,1.4,[],analyst10,Performance-Weighted Analyst Estimates,analyst,Analyst,analyst-analyst-estimates,Analyst Estimates
anl10_oprinnovation_score_fy1,Innovation score for operating profit FY1 (innovate_increase - innovate_decrease),"{'id': 'analyst10', 'name': 'Performance-Weighted Analyst Estimates'}","{'id': 'analyst', 'name': 'Analyst'}","{'id': 'analyst-analyst-estimates', 'name': 'Analyst Estimates'}",EUR,1,TOP2500,MATRIX,1.0,0.3208,3,3,1.4,[],analyst10,Performance-Weighted Analyst Estimates,analyst,Analyst,analyst-analyst-estimates,Analyst Estimates
anl10_oprinnovation_score_fy2,Innovation score for operating profit FY2 (innovate_increase - innovate_decrease),"{'id': 'analyst10', 'name': 'Performance-Weighted Analyst Estimates'}","{'id': 'analyst', 'name': 'Analyst'}","{'id': 'analyst-analyst-estimates', 'name': 'Analyst Estimates'}",EUR,1,TOP2500,MATRIX,1.0,0.2783,2,2,1.4,[],analyst10,Performance-Weighted Analyst Estimates,analyst,Analyst,analyst-analyst-estimates,Analyst Estimates
anl10_oprnormal_decrease_fy1,Number of analysts with normal negative revisions for operating profit FY1,"{'id': 'analyst10', 'name': 'Performance-Weighted Analyst Estimates'}","{'id': 'analyst', 'name': 'Analyst'}","{'id': 'analyst-analyst-estimates', 'name': 'Analyst Estimates'}",EUR,1,TOP2500,MATRIX,1.0,0.3208,3,3,1.4,[],analyst10,Performance-Weighted Analyst Estimates,analyst,Analyst,analyst-analyst-estimates,Analyst Estimates
anl10_oprnormal_decrease_fy2,Number of analysts with normal negative revisions for operating profit FY2,"{'id': 'analyst10', 'name': 'Performance-Weighted Analyst Estimates'}","{'id': 'analyst', 'name': 'Analyst'}","{'id': 'analyst-analyst-estimates', 'name': 'Analyst Estimates'}",EUR,1,TOP2500,MATRIX,1.0,0.2783,11,20,1.4,[],analyst10,Performance-Weighted Analyst Estimates,analyst,Analyst,analyst-analyst-estimates,Analyst Estimates
anl10_oprnormal_increase_fy1,Number of analysts with normal positive revisions for operating profit FY1,"{'id': 'analyst10', 'name': 'Performance-Weighted Analyst Estimates'}","{'id': 'analyst', 'name': 'Analyst'}","{'id': 'analyst-analyst-estimates', 'name': 'Analyst Estimates'}",EUR,1,TOP2500,MATRIX,1.0,0.3208,6,7,1.4,[],analyst10,Performance-Weighted Analyst Estimates,analyst,Analyst,analyst-analyst-estimates,Analyst Estimates
anl10_oprnormal_increase_fy2,Number of analysts with normal positive revisions for operating profit FY2,"{'id': 'analyst10', 'name': 'Performance-Weighted Analyst Estimates'}","{'id': 'analyst', 'name': 'Analyst'}","{'id': 'analyst-analyst-estimates', 'name': 'Analyst Estimates'}",EUR,1,TOP2500,MATRIX,1.0,0.2783,3,4,1.4,[],analyst10,Performance-Weighted Analyst Estimates,analyst,Analyst,analyst-analyst-estimates,Analyst Estimates
anl10_oprrevise_ratio_to_close_fy1,Ratio of delta consensus to adjusted close for operating profit FY1,"{'id': 'analyst10', 'name': 'Performance-Weighted Analyst Estimates'}","{'id': 'analyst', 'name': 'Analyst'}","{'id': 'analyst-analyst-estimates', 'name': 'Analyst Estimates'}",EUR,1,TOP2500,MATRIX,1.0,0.32,2,2,1.4,[],analyst10,Performance-Weighted Analyst Estimates,analyst,Analyst,analyst-analyst-estimates,Analyst Estimates
anl10_oprrevise_ratio_to_close_fy2,Ratio of delta consensus to adjusted close for operating profit FY2,"{'id': 'analyst10', 'name': 'Performance-Weighted Analyst Estimates'}","{'id': 'analyst', 'name': 'Analyst'}","{'id': 'analyst-analyst-estimates', 'name': 'Analyst Estimates'}",EUR,1,TOP2500,MATRIX,1.0,0.2775,1,1,1.4,[],analyst10,Performance-Weighted Analyst Estimates,analyst,Analyst,analyst-analyst-estimates,Analyst Estimates
anl10_oprrevise_ratio_to_consensus_fy1,Consensus estimate value for operating profit FY1,"{'id': 'analyst10', 'name': 'Performance-Weighted Analyst Estimates'}","{'id': 'analyst', 'name': 'Analyst'}","{'id': 'analyst-analyst-estimates', 'name': 'Analyst Estimates'}",EUR,1,TOP2500,MATRIX,1.0,0.32,2,2,1.4,[],analyst10,Performance-Weighted Analyst Estimates,analyst,Analyst,analyst-analyst-estimates,Analyst Estimates
anl10_oprrevise_ratio_to_consensus_fy2,Consensus estimate value for operating profit FY2,"{'id': 'analyst10', 'name': 'Performance-Weighted Analyst Estimates'}","{'id': 'analyst', 'name': 'Analyst'}","{'id': 'analyst-analyst-estimates', 'name': 'Analyst Estimates'}",EUR,1,TOP2500,MATRIX,1.0,0.2775,2,3,1.4,[],analyst10,Performance-Weighted Analyst Estimates,analyst,Analyst,analyst-analyst-estimates,Analyst Estimates
anl10_oprrevise_value_fy1,Delta consensus for operating profit FY1 (difference between old and current updated value),"{'id': 'analyst10', 'name': 'Performance-Weighted Analyst Estimates'}","{'id': 'analyst', 'name': 'Analyst'}","{'id': 'analyst-analyst-estimates', 'name': 'Analyst Estimates'}",EUR,1,TOP2500,MATRIX,1.0,0.32,3,3,1.4,[],analyst10,Performance-Weighted Analyst Estimates,analyst,Analyst,analyst-analyst-estimates,Analyst Estimates
anl10_oprrevise_value_fy2,Delta consensus for operating profit FY2 (difference between old and current updated value),"{'id': 'analyst10', 'name': 'Performance-Weighted Analyst Estimates'}","{'id': 'analyst', 'name': 'Analyst'}","{'id': 'analyst-analyst-estimates', 'name': 'Analyst Estimates'}",EUR,1,TOP2500,MATRIX,1.0,0.2775,1,1,1.4,[],analyst10,Performance-Weighted Analyst Estimates,analyst,Analyst,analyst-analyst-estimates,Analyst Estimates
anl10_oprsmun_1qf_193,Sample/analyst number - indicating how many analysts contributed to that particular estimate or forecast for operating profit,"{'id': 'analyst10', 'name': 'Performance-Weighted Analyst Estimates'}","{'id': 'analyst', 'name': 'Analyst'}","{'id': 'analyst-analyst-estimates', 'name': 'Analyst Estimates'}",EUR,1,TOP2500,MATRIX,1.0,0.9825,3,3,1.4,[],analyst10,Performance-Weighted Analyst Estimates,analyst,Analyst,analyst-analyst-estimates,Analyst Estimates
anl10_oprsmun_1yf_215,Sample/analyst number - indicating how many analysts contributed to that particular estimate or forecast for operating profit,"{'id': 'analyst10', 'name': 'Performance-Weighted Analyst Estimates'}","{'id': 'analyst', 'name': 'Analyst'}","{'id': 'analyst-analyst-estimates', 'name': 'Analyst Estimates'}",EUR,1,TOP2500,MATRIX,1.0,0.9825,1,1,1.4,[],analyst10,Performance-Weighted Analyst Estimates,analyst,Analyst,analyst-analyst-estimates,Analyst Estimates
anl10_oprsmun_2qf_176,Sample/analyst number - indicating how many analysts contributed to that particular estimate or forecast for operating profit,"{'id': 'analyst10', 'name': 'Performance-Weighted Analyst Estimates'}","{'id': 'analyst', 'name': 'Analyst'}","{'id': 'analyst-analyst-estimates', 'name': 'Analyst Estimates'}",EUR,1,TOP2500,MATRIX,1.0,0.9825,1,1,1.4,[],analyst10,Performance-Weighted Analyst Estimates,analyst,Analyst,analyst-analyst-estimates,Analyst Estimates
anl10_oprsmun_2yf_203,Sample/analyst number - indicating how many analysts contributed to that particular estimate or forecast for operating profit,"{'id': 'analyst10', 'name': 'Performance-Weighted Analyst Estimates'}","{'id': 'analyst', 'name': 'Analyst'}","{'id': 'analyst-analyst-estimates', 'name': 'Analyst Estimates'}",EUR,1,TOP2500,MATRIX,1.0,0.9825,1,1,1.4,[],analyst10,Performance-Weighted Analyst Estimates,analyst,Analyst,analyst-analyst-estimates,Analyst Estimates
anl10_preff_466,Ff 466 for pre-tax or preliminary,"{'id': 'analyst10', 'name': 'Performance-Weighted Analyst Estimates'}","{'id': 'analyst', 'name': 'Analyst'}","{'id': 'analyst-analyst-estimates', 'name': 'Analyst Estimates'}",EUR,1,TOP2500,MATRIX,1.0,1.0,3,5,1.4,[],analyst10,Performance-Weighted Analyst Estimates,analyst,Analyst,analyst-analyst-estimates,Analyst Estimates
anl10_prefq1_consensus_490,Consensus estimate value for pre-tax or preliminary Q1,"{'id': 'analyst10', 'name': 'Performance-Weighted Analyst Estimates'}","{'id': 'analyst', 'name': 'Analyst'}","{'id': 'analyst-analyst-estimates', 'name': 'Analyst Estimates'}",EUR,1,TOP2500,MATRIX,1.0,0.48,7,7,1.4,[],analyst10,Performance-Weighted Analyst Estimates,analyst,Analyst,analyst-analyst-estimates,Analyst Estimates
anl10_prefq1_pred_surps_v0_477,Predicted surprise version 0 for pre-tax or preliminary for Q1 (calculated as (smart_ests - consensus)/consensus),"{'id': 'analyst10', 'name': 'Performance-Weighted Analyst Estimates'}","{'id': 'analyst', 'name': 'Analyst'}","{'id': 'analyst-analyst-estimates', 'name': 'Analyst Estimates'}",EUR,1,TOP2500,MATRIX,1.0,0.48,1,1,1.4,[],analyst10,Performance-Weighted Analyst Estimates,analyst,Analyst,analyst-analyst-estimates,Analyst Estimates
anl10_prefq1_pred_surps_v1_468,Predicted surprise version 1 for pre-tax or preliminary for Q1 (calculated as (smart_ests - consensus)/consensus),"{'id': 'analyst10', 'name': 'Performance-Weighted Analyst Estimates'}","{'id': 'analyst', 'name': 'Analyst'}","{'id': 'analyst-analyst-estimates', 'name': 'Analyst Estimates'}",EUR,1,TOP2500,MATRIX,1.0,0.48,2,2,1.4,[],analyst10,Performance-Weighted Analyst Estimates,analyst,Analyst,analyst-analyst-estimates,Analyst Estimates
anl10_prefq1_pred_surps_v2_467,Predicted surprise version 2 for pre-tax or preliminary for Q1 (calculated as (smart_ests - consensus)/consensus),"{'id': 'analyst10', 'name': 'Performance-Weighted Analyst Estimates'}","{'id': 'analyst', 'name': 'Analyst'}","{'id': 'analyst-analyst-estimates', 'name': 'Analyst Estimates'}",EUR,1,TOP2500,MATRIX,1.0,0.48,1,1,1.4,[],analyst10,Performance-Weighted Analyst Estimates,analyst,Analyst,analyst-analyst-estimates,Analyst Estimates
anl10_prefq1_smart_ests_v0_457,Smart estimates version 0 value for pre-tax or preliminary for Q1,"{'id': 'analyst10', 'name': 'Performance-Weighted Analyst Estimates'}","{'id': 'analyst', 'name': 'Analyst'}","{'id': 'analyst-analyst-estimates', 'name': 'Analyst Estimates'}",EUR,1,TOP2500,MATRIX,1.0,0.48,4,4,1.4,[],analyst10,Performance-Weighted Analyst Estimates,analyst,Analyst,analyst-analyst-estimates,Analyst Estimates
anl10_prefq1_smart_ests_v1_454,Smart estimates version 1 value for pre-tax or preliminary for Q1,"{'id': 'analyst10', 'name': 'Performance-Weighted Analyst Estimates'}","{'id': 'analyst', 'name': 'Analyst'}","{'id': 'analyst-analyst-estimates', 'name': 'Analyst Estimates'}",EUR,1,TOP2500,MATRIX,1.0,0.48,3,4,1.4,[],analyst10,Performance-Weighted Analyst Estimates,analyst,Analyst,analyst-analyst-estimates,Analyst Estimates
anl10_prefq1_smart_ests_v2_488,Smart estimates version 2 value for pre-tax or preliminary for Q1,"{'id': 'analyst10', 'name': 'Performance-Weighted Analyst Estimates'}","{'id': 'analyst', 'name': 'Analyst'}","{'id': 'analyst-analyst-estimates', 'name': 'Analyst Estimates'}",EUR,1,TOP2500,MATRIX,1.0,0.48,4,4,1.4,[],analyst10,Performance-Weighted Analyst Estimates,analyst,Analyst,analyst-analyst-estimates,Analyst Estimates
anl10_prefq2_consensus_461,Consensus estimate value for pre-tax or preliminary Q2,"{'id': 'analyst10', 'name': 'Performance-Weighted Analyst Estimates'}","{'id': 'analyst', 'name': 'Analyst'}","{'id': 'analyst-analyst-estimates', 'name': 'Analyst Estimates'}",EUR,1,TOP2500,MATRIX,1.0,0.3708,1,1,1.4,[],analyst10,Performance-Weighted Analyst Estimates,analyst,Analyst,analyst-analyst-estimates,Analyst Estimates
anl10_prefq2_pred_surps_v0_450,Predicted surprise version 0 for pre-tax or preliminary for Q2 (calculated as (smart_ests - consensus)/consensus),"{'id': 'analyst10', 'name': 'Performance-Weighted Analyst Estimates'}","{'id': 'analyst', 'name': 'Analyst'}","{'id': 'analyst-analyst-estimates', 'name': 'Analyst Estimates'}",EUR,1,TOP2500,MATRIX,1.0,0.3708,1,1,1.4,[],analyst10,Performance-Weighted Analyst Estimates,analyst,Analyst,analyst-analyst-estimates,Analyst Estimates
anl10_prefq2_pred_surps_v1_479,Predicted surprise version 1 for pre-tax or preliminary for Q2 (calculated as (smart_ests - consensus)/consensus),"{'id': 'analyst10', 'name': 'Performance-Weighted Analyst Estimates'}","{'id': 'analyst', 'name': 'Analyst'}","{'id': 'analyst-analyst-estimates', 'name': 'Analyst Estimates'}",EUR,1,TOP2500,MATRIX,1.0,0.3708,3,3,1.4,[],analyst10,Performance-Weighted Analyst Estimates,analyst,Analyst,analyst-analyst-estimates,Analyst Estimates
anl10_prefq2_pred_surps_v2_453,Predicted surprise version 2 for pre-tax or preliminary for Q2 (calculated as (smart_ests - consensus)/consensus),"{'id': 'analyst10', 'name': 'Performance-Weighted Analyst Estimates'}","{'id': 'analyst', 'name': 'Analyst'}","{'id': 'analyst-analyst-estimates', 'name': 'Analyst Estimates'}",EUR,1,TOP2500,MATRIX,1.0,0.3708,2,2,1.4,[],analyst10,Performance-Weighted Analyst Estimates,analyst,Analyst,analyst-analyst-estimates,Analyst Estimates
anl10_prefq2_smart_ests_v0_469,Smart estimates version 0 value for pre-tax or preliminary for Q2,"{'id': 'analyst10', 'name': 'Performance-Weighted Analyst Estimates'}","{'id': 'analyst', 'name': 'Analyst'}","{'id': 'analyst-analyst-estimates', 'name': 'Analyst Estimates'}",EUR,1,TOP2500,MATRIX,1.0,0.3708,1,1,1.4,[],analyst10,Performance-Weighted Analyst Estimates,analyst,Analyst,analyst-analyst-estimates,Analyst Estimates
anl10_prefq2_smart_ests_v1_483,Smart estimates version 1 value for pre-tax or preliminary for Q2,"{'id': 'analyst10', 'name': 'Performance-Weighted Analyst Estimates'}","{'id': 'analyst', 'name': 'Analyst'}","{'id': 'analyst-analyst-estimates', 'name': 'Analyst Estimates'}",EUR,1,TOP2500,MATRIX,1.0,0.3708,2,2,1.4,[],analyst10,Performance-Weighted Analyst Estimates,analyst,Analyst,analyst-analyst-estimates,Analyst Estimates
anl10_prefq2_smart_ests_v2_460,Smart estimates version 2 value for pre-tax or preliminary for Q2,"{'id': 'analyst10', 'name': 'Performance-Weighted Analyst Estimates'}","{'id': 'analyst', 'name': 'Analyst'}","{'id': 'analyst-analyst-estimates', 'name': 'Analyst Estimates'}",EUR,1,TOP2500,MATRIX,1.0,0.3708,1,1,1.4,[],analyst10,Performance-Weighted Analyst Estimates,analyst,Analyst,analyst-analyst-estimates,Analyst Estimates
anl10_prefy1_consensus_451,Consensus estimate value for pre-tax or preliminary FY1,"{'id': 'analyst10', 'name': 'Performance-Weighted Analyst Estimates'}","{'id': 'analyst', 'name': 'Analyst'}","{'id': 'analyst-analyst-estimates', 'name': 'Analyst Estimates'}",EUR,1,TOP2500,MATRIX,1.0,1.0,20,28,1.4,[],analyst10,Performance-Weighted Analyst Estimates,analyst,Analyst,analyst-analyst-estimates,Analyst Estimates
anl10_prefy1_pred_surps_v0_476,Predicted surprise version 0 for pre-tax or preliminary for FY1 (calculated as (smart_ests - consensus)/consensus),"{'id': 'analyst10', 'name': 'Performance-Weighted Analyst Estimates'}","{'id': 'analyst', 'name': 'Analyst'}","{'id': 'analyst-analyst-estimates', 'name': 'Analyst Estimates'}",EUR,1,TOP2500,MATRIX,1.0,1.0,8,18,1.4,[],analyst10,Performance-Weighted Analyst Estimates,analyst,Analyst,analyst-analyst-estimates,Analyst Estimates
anl10_prefy1_pred_surps_v1_474,Predicted surprise version 1 for pre-tax or preliminary for FY1 (calculated as (smart_ests - consensus)/consensus),"{'id': 'analyst10', 'name': 'Performance-Weighted Analyst Estimates'}","{'id': 'analyst', 'name': 'Analyst'}","{'id': 'analyst-analyst-estimates', 'name': 'Analyst Estimates'}",EUR,1,TOP2500,MATRIX,1.0,1.0,1,1,1.4,[],analyst10,Performance-Weighted Analyst Estimates,analyst,Analyst,analyst-analyst-estimates,Analyst Estimates
anl10_prefy1_pred_surps_v2_475,Predicted surprise version 2 for pre-tax or preliminary for FY1 (calculated as (smart_ests - consensus)/consensus),"{'id': 'analyst10', 'name': 'Performance-Weighted Analyst Estimates'}","{'id': 'analyst', 'name': 'Analyst'}","{'id': 'analyst-analyst-estimates', 'name': 'Analyst Estimates'}",EUR,1,TOP2500,MATRIX,1.0,1.0,4,4,1.4,[],analyst10,Performance-Weighted Analyst Estimates,analyst,Analyst,analyst-analyst-estimates,Analyst Estimates
anl10_prefy1_smart_ests_v0_462,Smart estimates version 0 value for pre-tax or preliminary for FY1,"{'id': 'analyst10', 'name': 'Performance-Weighted Analyst Estimates'}","{'id': 'analyst', 'name': 'Analyst'}","{'id': 'analyst-analyst-estimates', 'name': 'Analyst Estimates'}",EUR,1,TOP2500,MATRIX,1.0,1.0,14,23,1.4,[],analyst10,Performance-Weighted Analyst Estimates,analyst,Analyst,analyst-analyst-estimates,Analyst Estimates
anl10_prefy1_smart_ests_v1_471,Smart estimates version 1 value for pre-tax or preliminary for FY1,"{'id': 'analyst10', 'name': 'Performance-Weighted Analyst Estimates'}","{'id': 'analyst', 'name': 'Analyst'}","{'id': 'analyst-analyst-estimates', 'name': 'Analyst Estimates'}",EUR,1,TOP2500,MATRIX,1.0,1.0,21,30,1.4,[],analyst10,Performance-Weighted Analyst Estimates,analyst,Analyst,analyst-analyst-estimates,Analyst Estimates
anl10_prefy1_smart_ests_v2_463,Smart estimates version 2 value for pre-tax or preliminary for FY1,"{'id': 'analyst10', 'name': 'Performance-Weighted Analyst Estimates'}","{'id': 'analyst', 'name': 'Analyst'}","{'id': 'analyst-analyst-estimates', 'name': 'Analyst Estimates'}",EUR,1,TOP2500,MATRIX,1.0,1.0,27,42,1.4,[],analyst10,Performance-Weighted Analyst Estimates,analyst,Analyst,analyst-analyst-estimates,Analyst Estimates
anl10_prefy2_consensus_481,Consensus estimate value for pre-tax or preliminary FY2,"{'id': 'analyst10', 'name': 'Performance-Weighted Analyst Estimates'}","{'id': 'analyst', 'name': 'Analyst'}","{'id': 'analyst-analyst-estimates', 'name': 'Analyst Estimates'}",EUR,1,TOP2500,MATRIX,1.0,1.0,3,3,1.4,[],analyst10,Performance-Weighted Analyst Estimates,analyst,Analyst,analyst-analyst-estimates,Analyst Estimates
anl10_prefy2_pred_surps_v0_459,Predicted surprise version 0 for pre-tax or preliminary for FY2 (calculated as (smart_ests - consensus)/consensus),"{'id': 'analyst10', 'name': 'Performance-Weighted Analyst Estimates'}","{'id': 'analyst', 'name': 'Analyst'}","{'id': 'analyst-analyst-estimates', 'name': 'Analyst Estimates'}",EUR,1,TOP2500,MATRIX,1.0,1.0,27,39,1.4,[],analyst10,Performance-Weighted Analyst Estimates,analyst,Analyst,analyst-analyst-estimates,Analyst Estimates
anl10_prefy2_pred_surps_v1_485,Predicted surprise version 1 for pre-tax or preliminary for FY2 (calculated as (smart_ests - consensus)/consensus),"{'id': 'analyst10', 'name': 'Performance-Weighted Analyst Estimates'}","{'id': 'analyst', 'name': 'Analyst'}","{'id': 'analyst-analyst-estimates', 'name': 'Analyst Estimates'}",EUR,1,TOP2500,MATRIX,1.0,1.0,8,8,1.4,[],analyst10,Performance-Weighted Analyst Estimates,analyst,Analyst,analyst-analyst-estimates,Analyst Estimates
anl10_prefy2_pred_surps_v2_489,Predicted surprise version 2 for pre-tax or preliminary for FY2 (calculated as (smart_ests - consensus)/consensus),"{'id': 'analyst10', 'name': 'Performance-Weighted Analyst Estimates'}","{'id': 'analyst', 'name': 'Analyst'}","{'id': 'analyst-analyst-estimates', 'name': 'Analyst Estimates'}",EUR,1,TOP2500,MATRIX,1.0,1.0,4,4,1.4,[],analyst10,Performance-Weighted Analyst Estimates,analyst,Analyst,analyst-analyst-estimates,Analyst Estimates
anl10_prefy2_smart_ests_v0_482,Smart estimates version 0 value for pre-tax or preliminary for FY2,"{'id': 'analyst10', 'name': 'Performance-Weighted Analyst Estimates'}","{'id': 'analyst', 'name': 'Analyst'}","{'id': 'analyst-analyst-estimates', 'name': 'Analyst Estimates'}",EUR,1,TOP2500,MATRIX,1.0,1.0,1,1,1.4,[],analyst10,Performance-Weighted Analyst Estimates,analyst,Analyst,analyst-analyst-estimates,Analyst Estimates
anl10_prefy2_smart_ests_v1_456,Smart estimates version 1 value for pre-tax or preliminary for FY2,"{'id': 'analyst10', 'name': 'Performance-Weighted Analyst Estimates'}","{'id': 'analyst', 'name': 'Analyst'}","{'id': 'analyst-analyst-estimates', 'name': 'Analyst Estimates'}",EUR,1,TOP2500,MATRIX,1.0,1.0,8,15,1.4,[],analyst10,Performance-Weighted Analyst Estimates,analyst,Analyst,analyst-analyst-estimates,Analyst Estimates
anl10_prefy2_smart_ests_v2_484,Smart estimates version 2 value for pre-tax or preliminary for FY2,"{'id': 'analyst10', 'name': 'Performance-Weighted Analyst Estimates'}","{'id': 'analyst', 'name': 'Analyst'}","{'id': 'analyst-analyst-estimates', 'name': 'Analyst Estimates'}",EUR,1,TOP2500,MATRIX,1.0,1.0,8,31,1.4,[],analyst10,Performance-Weighted Analyst Estimates,analyst,Analyst,analyst-analyst-estimates,Analyst Estimates
anl10_preinnovate_decrease_fq1,Number of analysts with innovative negative revisions for pre-tax or preliminary Q1,"{'id': 'analyst10', 'name': 'Performance-Weighted Analyst Estimates'}","{'id': 'analyst', 'name': 'Analyst'}","{'id': 'analyst-analyst-estimates', 'name': 'Analyst Estimates'}",EUR,1,TOP2500,MATRIX,1.0,0.3767,1,1,1.4,[],analyst10,Performance-Weighted Analyst Estimates,analyst,Analyst,analyst-analyst-estimates,Analyst Estimates
anl10_preinnovate_decrease_fq2,Number of analysts with innovative negative revisions for pre-tax or preliminary Q2,"{'id': 'analyst10', 'name': 'Performance-Weighted Analyst Estimates'}","{'id': 'analyst', 'name': 'Analyst'}","{'id': 'analyst-analyst-estimates', 'name': 'Analyst Estimates'}",EUR,1,TOP2500,MATRIX,1.0,0.2858,2,2,1.4,[],analyst10,Performance-Weighted Analyst Estimates,analyst,Analyst,analyst-analyst-estimates,Analyst Estimates
anl10_preinnovate_decrease_fy1,Number of analysts with innovative negative revisions for pre-tax or preliminary FY1,"{'id': 'analyst10', 'name': 'Performance-Weighted Analyst Estimates'}","{'id': 'analyst', 'name': 'Analyst'}","{'id': 'analyst-analyst-estimates', 'name': 'Analyst Estimates'}",EUR,1,TOP2500,MATRIX,1.0,0.9942,3,3,1.4,[],analyst10,Performance-Weighted Analyst Estimates,analyst,Analyst,analyst-analyst-estimates,Analyst Estimates
anl10_preinnovate_decrease_fy2,Number of analysts with innovative negative revisions for pre-tax or preliminary FY2,"{'id': 'analyst10', 'name': 'Performance-Weighted Analyst Estimates'}","{'id': 'analyst', 'name': 'Analyst'}","{'id': 'analyst-analyst-estimates', 'name': 'Analyst Estimates'}",EUR,1,TOP2500,MATRIX,1.0,0.995,3,3,1.4,[],analyst10,Performance-Weighted Analyst Estimates,analyst,Analyst,analyst-analyst-estimates,Analyst Estimates
anl10_preinnovate_increase_fq1,Number of analysts with innovative positive revisions for pre-tax or preliminary Q1,"{'id': 'analyst10', 'name': 'Performance-Weighted Analyst Estimates'}","{'id': 'analyst', 'name': 'Analyst'}","{'id': 'analyst-analyst-estimates', 'name': 'Analyst Estimates'}",EUR,1,TOP2500,MATRIX,1.0,0.3767,4,4,1.4,[],analyst10,Performance-Weighted Analyst Estimates,analyst,Analyst,analyst-analyst-estimates,Analyst Estimates
anl10_preinnovate_increase_fq2,Number of analysts with innovative positive revisions for pre-tax or preliminary Q2,"{'id': 'analyst10', 'name': 'Performance-Weighted Analyst Estimates'}","{'id': 'analyst', 'name': 'Analyst'}","{'id': 'analyst-analyst-estimates', 'name': 'Analyst Estimates'}",EUR,1,TOP2500,MATRIX,1.0,0.2858,2,2,1.4,[],analyst10,Performance-Weighted Analyst Estimates,analyst,Analyst,analyst-analyst-estimates,Analyst Estimates
anl10_preinnovate_increase_fy1,Number of analysts with innovative positive revisions for pre-tax or preliminary FY1,"{'id': 'analyst10', 'name': 'Performance-Weighted Analyst Estimates'}","{'id': 'analyst', 'name': 'Analyst'}","{'id': 'analyst-analyst-estimates', 'name': 'Analyst Estimates'}",EUR,1,TOP2500,MATRIX,1.0,0.9942,5,5,1.4,[],analyst10,Performance-Weighted Analyst Estimates,analyst,Analyst,analyst-analyst-estimates,Analyst Estimates
anl10_preinnovate_increase_fy2,Number of analysts with innovative positive revisions for pre-tax or preliminary FY2,"{'id': 'analyst10', 'name': 'Performance-Weighted Analyst Estimates'}","{'id': 'analyst', 'name': 'Analyst'}","{'id': 'analyst-analyst-estimates', 'name': 'Analyst Estimates'}",EUR,1,TOP2500,MATRIX,1.0,0.995,4,4,1.4,[],analyst10,Performance-Weighted Analyst Estimates,analyst,Analyst,analyst-analyst-estimates,Analyst Estimates
anl10_preinnovation_score_fq1,Innovation score for pre-tax or preliminary Q1 (innovate_increase - innovate_decrease),"{'id': 'analyst10', 'name': 'Performance-Weighted Analyst Estimates'}","{'id': 'analyst', 'name': 'Analyst'}","{'id': 'analyst-analyst-estimates', 'name': 'Analyst Estimates'}",EUR,1,TOP2500,MATRIX,1.0,0.3767,4,4,1.4,[],analyst10,Performance-Weighted Analyst Estimates,analyst,Analyst,analyst-analyst-estimates,Analyst Estimates
anl10_preinnovation_score_fq2,Innovation score for pre-tax or preliminary Q2 (innovate_increase - innovate_decrease),"{'id': 'analyst10', 'name': 'Performance-Weighted Analyst Estimates'}","{'id': 'analyst', 'name': 'Analyst'}","{'id': 'analyst-analyst-estimates', 'name': 'Analyst Estimates'}",EUR,1,TOP2500,MATRIX,1.0,0.2858,1,1,1.4,[],analyst10,Performance-Weighted Analyst Estimates,analyst,Analyst,analyst-analyst-estimates,Analyst Estimates
anl10_preinnovation_score_fy1,Innovation score for pre-tax or preliminary FY1 (innovate_increase - innovate_decrease),"{'id': 'analyst10', 'name': 'Performance-Weighted Analyst Estimates'}","{'id': 'analyst', 'name': 'Analyst'}","{'id': 'analyst-analyst-estimates', 'name': 'Analyst Estimates'}",EUR,1,TOP2500,MATRIX,1.0,0.9942,2,2,1.4,[],analyst10,Performance-Weighted Analyst Estimates,analyst,Analyst,analyst-analyst-estimates,Analyst Estimates
anl10_preinnovation_score_fy2,Innovation score for pre-tax or preliminary FY2 (innovate_increase - innovate_decrease),"{'id': 'analyst10', 'name': 'Performance-Weighted Analyst Estimates'}","{'id': 'analyst', 'name': 'Analyst'}","{'id': 'analyst-analyst-estimates', 'name': 'Analyst Estimates'}",EUR,1,TOP2500,MATRIX,1.0,0.995,2,2,1.4,[],analyst10,Performance-Weighted Analyst Estimates,analyst,Analyst,analyst-analyst-estimates,Analyst Estimates
anl10_prenormal_decrease_fq1,Number of analysts with normal negative revisions for pre-tax or preliminary Q1,"{'id': 'analyst10', 'name': 'Performance-Weighted Analyst Estimates'}","{'id': 'analyst', 'name': 'Analyst'}","{'id': 'analyst-analyst-estimates', 'name': 'Analyst Estimates'}",EUR,1,TOP2500,MATRIX,1.0,0.3767,1,1,1.4,[],analyst10,Performance-Weighted Analyst Estimates,analyst,Analyst,analyst-analyst-estimates,Analyst Estimates
anl10_prenormal_decrease_fq2,Number of analysts with normal negative revisions for pre-tax or preliminary Q2,"{'id': 'analyst10', 'name': 'Performance-Weighted Analyst Estimates'}","{'id': 'analyst', 'name': 'Analyst'}","{'id': 'analyst-analyst-estimates', 'name': 'Analyst Estimates'}",EUR,1,TOP2500,MATRIX,1.0,0.2858,2,2,1.4,[],analyst10,Performance-Weighted Analyst Estimates,analyst,Analyst,analyst-analyst-estimates,Analyst Estimates
anl10_prenormal_decrease_fy1,Number of analysts with normal negative revisions for pre-tax or preliminary FY1,"{'id': 'analyst10', 'name': 'Performance-Weighted Analyst Estimates'}","{'id': 'analyst', 'name': 'Analyst'}","{'id': 'analyst-analyst-estimates', 'name': 'Analyst Estimates'}",EUR,1,TOP2500,MATRIX,1.0,0.9942,1,1,1.4,[],analyst10,Performance-Weighted Analyst Estimates,analyst,Analyst,analyst-analyst-estimates,Analyst Estimates
anl10_prenormal_decrease_fy2,Number of analysts with normal negative revisions for pre-tax or preliminary FY2,"{'id': 'analyst10', 'name': 'Performance-Weighted Analyst Estimates'}","{'id': 'analyst', 'name': 'Analyst'}","{'id': 'analyst-analyst-estimates', 'name': 'Analyst Estimates'}",EUR,1,TOP2500,MATRIX,1.0,0.995,1,1,1.4,[],analyst10,Performance-Weighted Analyst Estimates,analyst,Analyst,analyst-analyst-estimates,Analyst Estimates
anl10_prenormal_increase_fq1,Number of analysts with normal positive revisions for pre-tax or preliminary Q1,"{'id': 'analyst10', 'name': 'Performance-Weighted Analyst Estimates'}","{'id': 'analyst', 'name': 'Analyst'}","{'id': 'analyst-analyst-estimates', 'name': 'Analyst Estimates'}",EUR,1,TOP2500,MATRIX,1.0,0.3767,2,2,1.4,[],analyst10,Performance-Weighted Analyst Estimates,analyst,Analyst,analyst-analyst-estimates,Analyst Estimates
anl10_prenormal_increase_fq2,Number of analysts with normal positive revisions for pre-tax or preliminary Q2,"{'id': 'analyst10', 'name': 'Performance-Weighted Analyst Estimates'}","{'id': 'analyst', 'name': 'Analyst'}","{'id': 'analyst-analyst-estimates', 'name': 'Analyst Estimates'}",EUR,1,TOP2500,MATRIX,1.0,0.2858,1,1,1.4,[],analyst10,Performance-Weighted Analyst Estimates,analyst,Analyst,analyst-analyst-estimates,Analyst Estimates
anl10_prenormal_increase_fy1,Number of analysts with normal positive revisions for pre-tax or preliminary FY1,"{'id': 'analyst10', 'name': 'Performance-Weighted Analyst Estimates'}","{'id': 'analyst', 'name': 'Analyst'}","{'id': 'analyst-analyst-estimates', 'name': 'Analyst Estimates'}",EUR,1,TOP2500,MATRIX,1.0,0.9942,1,1,1.4,[],analyst10,Performance-Weighted Analyst Estimates,analyst,Analyst,analyst-analyst-estimates,Analyst Estimates
anl10_prenormal_increase_fy2,Number of analysts with normal positive revisions for pre-tax or preliminary FY2,"{'id': 'analyst10', 'name': 'Performance-Weighted Analyst Estimates'}","{'id': 'analyst', 'name': 'Analyst'}","{'id': 'analyst-analyst-estimates', 'name': 'Analyst Estimates'}",EUR,1,TOP2500,MATRIX,1.0,0.995,2,2,1.4,[],analyst10,Performance-Weighted Analyst Estimates,analyst,Analyst,analyst-analyst-estimates,Analyst Estimates
anl10_prerevise_ratio_to_close_fq1,Ratio of delta consensus to adjusted close for pre-tax or preliminary Q1,"{'id': 'analyst10', 'name': 'Performance-Weighted Analyst Estimates'}","{'id': 'analyst', 'name': 'Analyst'}","{'id': 'analyst-analyst-estimates', 'name': 'Analyst Estimates'}",EUR,1,TOP2500,MATRIX,1.0,0.3758,1,1,1.4,[],analyst10,Performance-Weighted Analyst Estimates,analyst,Analyst,analyst-analyst-estimates,Analyst Estimates
anl10_prerevise_ratio_to_close_fq2,Ratio of delta consensus to adjusted close for pre-tax or preliminary Q2,"{'id': 'analyst10', 'name': 'Performance-Weighted Analyst Estimates'}","{'id': 'analyst', 'name': 'Analyst'}","{'id': 'analyst-analyst-estimates', 'name': 'Analyst Estimates'}",EUR,1,TOP2500,MATRIX,1.0,0.2858,1,1,1.4,[],analyst10,Performance-Weighted Analyst Estimates,analyst,Analyst,analyst-analyst-estimates,Analyst Estimates
anl10_prerevise_ratio_to_close_fy1,Ratio of delta consensus to adjusted close for pre-tax or preliminary FY1,"{'id': 'analyst10', 'name': 'Performance-Weighted Analyst Estimates'}","{'id': 'analyst', 'name': 'Analyst'}","{'id': 'analyst-analyst-estimates', 'name': 'Analyst Estimates'}",EUR,1,TOP2500,MATRIX,1.0,0.9942,6,6,1.4,[],analyst10,Performance-Weighted Analyst Estimates,analyst,Analyst,analyst-analyst-estimates,Analyst Estimates
anl10_prerevise_ratio_to_close_fy2,Ratio of delta consensus to adjusted close for pre-tax or preliminary FY2,"{'id': 'analyst10', 'name': 'Performance-Weighted Analyst Estimates'}","{'id': 'analyst', 'name': 'Analyst'}","{'id': 'analyst-analyst-estimates', 'name': 'Analyst Estimates'}",EUR,1,TOP2500,MATRIX,1.0,0.9942,2,2,1.4,[],analyst10,Performance-Weighted Analyst Estimates,analyst,Analyst,analyst-analyst-estimates,Analyst Estimates
anl10_prerevise_ratio_to_consensus_fq1,Consensus estimate value for pre-tax or preliminary Q1,"{'id': 'analyst10', 'name': 'Performance-Weighted Analyst Estimates'}","{'id': 'analyst', 'name': 'Analyst'}","{'id': 'analyst-analyst-estimates', 'name': 'Analyst Estimates'}",EUR,1,TOP2500,MATRIX,1.0,0.3758,2,2,1.4,[],analyst10,Performance-Weighted Analyst Estimates,analyst,Analyst,analyst-analyst-estimates,Analyst Estimates
anl10_prerevise_ratio_to_consensus_fq2,Consensus estimate value for pre-tax or preliminary Q2,"{'id': 'analyst10', 'name': 'Performance-Weighted Analyst Estimates'}","{'id': 'analyst', 'name': 'Analyst'}","{'id': 'analyst-analyst-estimates', 'name': 'Analyst Estimates'}",EUR,1,TOP2500,MATRIX,1.0,0.2858,1,1,1.4,[],analyst10,Performance-Weighted Analyst Estimates,analyst,Analyst,analyst-analyst-estimates,Analyst Estimates
anl10_prerevise_ratio_to_consensus_fy1,Consensus estimate value for pre-tax or preliminary FY1,"{'id': 'analyst10', 'name': 'Performance-Weighted Analyst Estimates'}","{'id': 'analyst', 'name': 'Analyst'}","{'id': 'analyst-analyst-estimates', 'name': 'Analyst Estimates'}",EUR,1,TOP2500,MATRIX,1.0,0.9942,2,2,1.4,[],analyst10,Performance-Weighted Analyst Estimates,analyst,Analyst,analyst-analyst-estimates,Analyst Estimates
anl10_prerevise_ratio_to_consensus_fy2,Consensus estimate value for pre-tax or preliminary FY2,"{'id': 'analyst10', 'name': 'Performance-Weighted Analyst Estimates'}","{'id': 'analyst', 'name': 'Analyst'}","{'id': 'analyst-analyst-estimates', 'name': 'Analyst Estimates'}",EUR,1,TOP2500,MATRIX,1.0,0.9942,7,12,1.4,[],analyst10,Performance-Weighted Analyst Estimates,analyst,Analyst,analyst-analyst-estimates,Analyst Estimates
anl10_prerevise_value_fq1,Delta consensus for pre-tax or preliminary Q1 (difference between old and current updated value),"{'id': 'analyst10', 'name': 'Performance-Weighted Analyst Estimates'}","{'id': 'analyst', 'name': 'Analyst'}","{'id': 'analyst-analyst-estimates', 'name': 'Analyst Estimates'}",EUR,1,TOP2500,MATRIX,1.0,0.3758,2,2,1.4,[],analyst10,Performance-Weighted Analyst Estimates,analyst,Analyst,analyst-analyst-estimates,Analyst Estimates
anl10_prerevise_value_fq2,Delta consensus for pre-tax or preliminary Q2 (difference between old and current updated value),"{'id': 'analyst10', 'name': 'Performance-Weighted Analyst Estimates'}","{'id': 'analyst', 'name': 'Analyst'}","{'id': 'analyst-analyst-estimates', 'name': 'Analyst Estimates'}",EUR,1,TOP2500,MATRIX,1.0,0.2858,1,1,1.4,[],analyst10,Performance-Weighted Analyst Estimates,analyst,Analyst,analyst-analyst-estimates,Analyst Estimates
anl10_prerevise_value_fy1,Delta consensus for pre-tax or preliminary FY1 (difference between old and current updated value),"{'id': 'analyst10', 'name': 'Performance-Weighted Analyst Estimates'}","{'id': 'analyst', 'name': 'Analyst'}","{'id': 'analyst-analyst-estimates', 'name': 'Analyst Estimates'}",EUR,1,TOP2500,MATRIX,1.0,0.9942,4,4,1.4,[],analyst10,Performance-Weighted Analyst Estimates,analyst,Analyst,analyst-analyst-estimates,Analyst Estimates
anl10_prerevise_value_fy2,Delta consensus for pre-tax or preliminary FY2 (difference between old and current updated value),"{'id': 'analyst10', 'name': 'Performance-Weighted Analyst Estimates'}","{'id': 'analyst', 'name': 'Analyst'}","{'id': 'analyst-analyst-estimates', 'name': 'Analyst Estimates'}",EUR,1,TOP2500,MATRIX,1.0,0.9942,6,6,1.4,[],analyst10,Performance-Weighted Analyst Estimates,analyst,Analyst,analyst-analyst-estimates,Analyst Estimates
anl10_presmun_1qf_452,Sample/analyst number - indicating how many analysts contributed to that particular estimate or forecast for pre-tax or preliminary,"{'id': 'analyst10', 'name': 'Performance-Weighted Analyst Estimates'}","{'id': 'analyst', 'name': 'Analyst'}","{'id': 'analyst-analyst-estimates', 'name': 'Analyst Estimates'}",EUR,1,TOP2500,MATRIX,1.0,1.0,3,3,1.4,[],analyst10,Performance-Weighted Analyst Estimates,analyst,Analyst,analyst-analyst-estimates,Analyst Estimates
anl10_presmun_1yf_487,Sample/analyst number - indicating how many analysts contributed to that particular estimate or forecast for pre-tax or preliminary,"{'id': 'analyst10', 'name': 'Performance-Weighted Analyst Estimates'}","{'id': 'analyst', 'name': 'Analyst'}","{'id': 'analyst-analyst-estimates', 'name': 'Analyst Estimates'}",EUR,1,TOP2500,MATRIX,1.0,1.0,3,3,1.4,[],analyst10,Performance-Weighted Analyst Estimates,analyst,Analyst,analyst-analyst-estimates,Analyst Estimates
anl10_presmun_2qf_478,Sample/analyst number - indicating how many analysts contributed to that particular estimate or forecast for pre-tax or preliminary,"{'id': 'analyst10', 'name': 'Performance-Weighted Analyst Estimates'}","{'id': 'analyst', 'name': 'Analyst'}","{'id': 'analyst-analyst-estimates', 'name': 'Analyst Estimates'}",EUR,1,TOP2500,MATRIX,1.0,1.0,2,2,1.4,[],analyst10,Performance-Weighted Analyst Estimates,analyst,Analyst,analyst-analyst-estimates,Analyst Estimates
anl10_presmun_2yf_470,Sample/analyst number - indicating how many analysts contributed to that particular estimate or forecast for pre-tax or preliminary,"{'id': 'analyst10', 'name': 'Performance-Weighted Analyst Estimates'}","{'id': 'analyst', 'name': 'Analyst'}","{'id': 'analyst-analyst-estimates', 'name': 'Analyst Estimates'}",EUR,1,TOP2500,MATRIX,1.0,1.0,3,3,1.4,[],analyst10,Performance-Weighted Analyst Estimates,analyst,Analyst,analyst-analyst-estimates,Analyst Estimates
anl10_prrff,Price return ratio - field format,"{'id': 'analyst10', 'name': 'Performance-Weighted Analyst Estimates'}","{'id': 'analyst', 'name': 'Analyst'}","{'id': 'analyst-analyst-estimates', 'name': 'Analyst Estimates'}",EUR,1,TOP2500,MATRIX,1.0,1.0,2,2,1.4,[],analyst10,Performance-Weighted Analyst Estimates,analyst,Analyst,analyst-analyst-estimates,Analyst Estimates
anl10_prrfq1_consensus,Consensus estimate value for price return ratio Q1,"{'id': 'analyst10', 'name': 'Performance-Weighted Analyst Estimates'}","{'id': 'analyst', 'name': 'Analyst'}","{'id': 'analyst-analyst-estimates', 'name': 'Analyst Estimates'}",EUR,1,TOP2500,MATRIX,1.0,0.4158,1,1,1.4,[],analyst10,Performance-Weighted Analyst Estimates,analyst,Analyst,analyst-analyst-estimates,Analyst Estimates
anl10_prrfq1_pred_surps_v0,Predicted surprise version 0 for price return ratio for Q1 (calculated as (smart_ests - consensus)/consensus),"{'id': 'analyst10', 'name': 'Performance-Weighted Analyst Estimates'}","{'id': 'analyst', 'name': 'Analyst'}","{'id': 'analyst-analyst-estimates', 'name': 'Analyst Estimates'}",EUR,1,TOP2500,MATRIX,1.0,0.4158,1,1,1.4,[],analyst10,Performance-Weighted Analyst Estimates,analyst,Analyst,analyst-analyst-estimates,Analyst Estimates
anl10_prrfq1_pred_surps_v1,Predicted surprise version 1 for price return ratio for Q1 (calculated as (smart_ests - consensus)/consensus),"{'id': 'analyst10', 'name': 'Performance-Weighted Analyst Estimates'}","{'id': 'analyst', 'name': 'Analyst'}","{'id': 'analyst-analyst-estimates', 'name': 'Analyst Estimates'}",EUR,1,TOP2500,MATRIX,1.0,0.4158,1,1,1.4,[],analyst10,Performance-Weighted Analyst Estimates,analyst,Analyst,analyst-analyst-estimates,Analyst Estimates
anl10_prrfq1_pred_surps_v2,Predicted surprise version 2 for price return ratio for Q1 (calculated as (smart_ests - consensus)/consensus),"{'id': 'analyst10', 'name': 'Performance-Weighted Analyst Estimates'}","{'id': 'analyst', 'name': 'Analyst'}","{'id': 'analyst-analyst-estimates', 'name': 'Analyst Estimates'}",EUR,1,TOP2500,MATRIX,1.0,0.4158,4,4,1.4,[],analyst10,Performance-Weighted Analyst Estimates,analyst,Analyst,analyst-analyst-estimates,Analyst Estimates
anl10_prrfq1_smart_ests_v0,Smart estimates version 0 value for price return ratio for Q1,"{'id': 'analyst10', 'name': 'Performance-Weighted Analyst Estimates'}","{'id': 'analyst', 'name': 'Analyst'}","{'id': 'analyst-analyst-estimates', 'name': 'Analyst Estimates'}",EUR,1,TOP2500,MATRIX,1.0,0.4158,2,2,1.4,[],analyst10,Performance-Weighted Analyst Estimates,analyst,Analyst,analyst-analyst-estimates,Analyst Estimates
anl10_prrfq1_smart_ests_v1,Smart estimates version 1 value for price return ratio for Q1,"{'id': 'analyst10', 'name': 'Performance-Weighted Analyst Estimates'}","{'id': 'analyst', 'name': 'Analyst'}","{'id': 'analyst-analyst-estimates', 'name': 'Analyst Estimates'}",EUR,1,TOP2500,MATRIX,1.0,0.4158,3,3,1.4,[],analyst10,Performance-Weighted Analyst Estimates,analyst,Analyst,analyst-analyst-estimates,Analyst Estimates
anl10_prrfq1_smart_ests_v2,Smart estimates version 2 value for price return ratio for Q1,"{'id': 'analyst10', 'name': 'Performance-Weighted Analyst Estimates'}","{'id': 'analyst', 'name': 'Analyst'}","{'id': 'analyst-analyst-estimates', 'name': 'Analyst Estimates'}",EUR,1,TOP2500,MATRIX,1.0,0.4158,1,1,1.4,[],analyst10,Performance-Weighted Analyst Estimates,analyst,Analyst,analyst-analyst-estimates,Analyst Estimates
anl10_prrfq2_consensus,Consensus estimate value for price return ratio Q2,"{'id': 'analyst10', 'name': 'Performance-Weighted Analyst Estimates'}","{'id': 'analyst', 'name': 'Analyst'}","{'id': 'analyst-analyst-estimates', 'name': 'Analyst Estimates'}",EUR,1,TOP2500,MATRIX,1.0,0.3325,2,4,1.4,[],analyst10,Performance-Weighted Analyst Estimates,analyst,Analyst,analyst-analyst-estimates,Analyst Estimates
anl10_prrfq2_pred_surps_v0,Predicted surprise version 0 for price return ratio for Q2 (calculated as (smart_ests - consensus)/consensus),"{'id': 'analyst10', 'name': 'Performance-Weighted Analyst Estimates'}","{'id': 'analyst', 'name': 'Analyst'}","{'id': 'analyst-analyst-estimates', 'name': 'Analyst Estimates'}",EUR,1,TOP2500,MATRIX,1.0,0.3325,1,1,1.4,[],analyst10,Performance-Weighted Analyst Estimates,analyst,Analyst,analyst-analyst-estimates,Analyst Estimates
anl10_prrfq2_pred_surps_v1,Predicted surprise version 1 for price return ratio for Q2 (calculated as (smart_ests - consensus)/consensus),"{'id': 'analyst10', 'name': 'Performance-Weighted Analyst Estimates'}","{'id': 'analyst', 'name': 'Analyst'}","{'id': 'analyst-analyst-estimates', 'name': 'Analyst Estimates'}",EUR,1,TOP2500,MATRIX,1.0,0.3325,1,1,1.4,[],analyst10,Performance-Weighted Analyst Estimates,analyst,Analyst,analyst-analyst-estimates,Analyst Estimates
anl10_prrfq2_pred_surps_v2,Predicted surprise version 2 for price return ratio for Q2 (calculated as (smart_ests - consensus)/consensus),"{'id': 'analyst10', 'name': 'Performance-Weighted Analyst Estimates'}","{'id': 'analyst', 'name': 'Analyst'}","{'id': 'analyst-analyst-estimates', 'name': 'Analyst Estimates'}",EUR,1,TOP2500,MATRIX,1.0,0.3325,1,1,1.4,[],analyst10,Performance-Weighted Analyst Estimates,analyst,Analyst,analyst-analyst-estimates,Analyst Estimates
anl10_prrfq2_smart_ests_v0,Smart estimates version 0 value for price return ratio for Q2,"{'id': 'analyst10', 'name': 'Performance-Weighted Analyst Estimates'}","{'id': 'analyst', 'name': 'Analyst'}","{'id': 'analyst-analyst-estimates', 'name': 'Analyst Estimates'}",EUR,1,TOP2500,MATRIX,1.0,0.3325,2,2,1.4,[],analyst10,Performance-Weighted Analyst Estimates,analyst,Analyst,analyst-analyst-estimates,Analyst Estimates
anl10_prrfq2_smart_ests_v1,Smart estimates version 1 value for price return ratio for Q2,"{'id': 'analyst10', 'name': 'Performance-Weighted Analyst Estimates'}","{'id': 'analyst', 'name': 'Analyst'}","{'id': 'analyst-analyst-estimates', 'name': 'Analyst Estimates'}",EUR,1,TOP2500,MATRIX,1.0,0.3325,3,3,1.4,[],analyst10,Performance-Weighted Analyst Estimates,analyst,Analyst,analyst-analyst-estimates,Analyst Estimates
anl10_prrfq2_smart_ests_v2,Smart estimates version 2 value for price return ratio for Q2,"{'id': 'analyst10', 'name': 'Performance-Weighted Analyst Estimates'}","{'id': 'analyst', 'name': 'Analyst'}","{'id': 'analyst-analyst-estimates', 'name': 'Analyst Estimates'}",EUR,1,TOP2500,MATRIX,1.0,0.3325,1,1,1.4,[],analyst10,Performance-Weighted Analyst Estimates,analyst,Analyst,analyst-analyst-estimates,Analyst Estimates
anl10_prrfy1_consensus,Consensus estimate value for price return ratio FY1,"{'id': 'analyst10', 'name': 'Performance-Weighted Analyst Estimates'}","{'id': 'analyst', 'name': 'Analyst'}","{'id': 'analyst-analyst-estimates', 'name': 'Analyst Estimates'}",EUR,1,TOP2500,MATRIX,1.0,1.0,4,4,1.4,[],analyst10,Performance-Weighted Analyst Estimates,analyst,Analyst,analyst-analyst-estimates,Analyst Estimates
anl10_prrfy1_pred_surps_v0,Predicted surprise version 0 for price return ratio for FY1 (calculated as (smart_ests - consensus)/consensus),"{'id': 'analyst10', 'name': 'Performance-Weighted Analyst Estimates'}","{'id': 'analyst', 'name': 'Analyst'}","{'id': 'analyst-analyst-estimates', 'name': 'Analyst Estimates'}",EUR,1,TOP2500,MATRIX,1.0,1.0,5,5,1.4,[],analyst10,Performance-Weighted Analyst Estimates,analyst,Analyst,analyst-analyst-estimates,Analyst Estimates
anl10_prrfy1_pred_surps_v1,Predicted surprise version 1 for price return ratio for FY1 (calculated as (smart_ests - consensus)/consensus),"{'id': 'analyst10', 'name': 'Performance-Weighted Analyst Estimates'}","{'id': 'analyst', 'name': 'Analyst'}","{'id': 'analyst-analyst-estimates', 'name': 'Analyst Estimates'}",EUR,1,TOP2500,MATRIX,1.0,1.0,5,6,1.4,[],analyst10,Performance-Weighted Analyst Estimates,analyst,Analyst,analyst-analyst-estimates,Analyst Estimates
anl10_prrfy1_pred_surps_v2,Predicted surprise version 2 for price return ratio for FY1 (calculated as (smart_ests - consensus)/consensus),"{'id': 'analyst10', 'name': 'Performance-Weighted Analyst Estimates'}","{'id': 'analyst', 'name': 'Analyst'}","{'id': 'analyst-analyst-estimates', 'name': 'Analyst Estimates'}",EUR,1,TOP2500,MATRIX,1.0,1.0,3,3,1.4,[],analyst10,Performance-Weighted Analyst Estimates,analyst,Analyst,analyst-analyst-estimates,Analyst Estimates
anl10_prrfy1_smart_ests_v0,Smart estimates version 0 value for price return ratio for FY1,"{'id': 'analyst10', 'name': 'Performance-Weighted Analyst Estimates'}","{'id': 'analyst', 'name': 'Analyst'}","{'id': 'analyst-analyst-estimates', 'name': 'Analyst Estimates'}",EUR,1,TOP2500,MATRIX,1.0,1.0,17,22,1.4,[],analyst10,Performance-Weighted Analyst Estimates,analyst,Analyst,analyst-analyst-estimates,Analyst Estimates
anl10_prrfy1_smart_ests_v1,Smart estimates version 1 value for price return ratio for FY1,"{'id': 'analyst10', 'name': 'Performance-Weighted Analyst Estimates'}","{'id': 'analyst', 'name': 'Analyst'}","{'id': 'analyst-analyst-estimates', 'name': 'Analyst Estimates'}",EUR,1,TOP2500,MATRIX,1.0,1.0,11,16,1.4,[],analyst10,Performance-Weighted Analyst Estimates,analyst,Analyst,analyst-analyst-estimates,Analyst Estimates
anl10_prrfy1_smart_ests_v2,Smart estimates version 2 value for price return ratio for FY1,"{'id': 'analyst10', 'name': 'Performance-Weighted Analyst Estimates'}","{'id': 'analyst', 'name': 'Analyst'}","{'id': 'analyst-analyst-estimates', 'name': 'Analyst Estimates'}",EUR,1,TOP2500,MATRIX,1.0,1.0,14,20,1.4,[],analyst10,Performance-Weighted Analyst Estimates,analyst,Analyst,analyst-analyst-estimates,Analyst Estimates
anl10_prrfy2_consensus,Consensus estimate value for price return ratio FY2,"{'id': 'analyst10', 'name': 'Performance-Weighted Analyst Estimates'}","{'id': 'analyst', 'name': 'Analyst'}","{'id': 'analyst-analyst-estimates', 'name': 'Analyst Estimates'}",EUR,1,TOP2500,MATRIX,1.0,1.0,5,5,1.4,[],analyst10,Performance-Weighted Analyst Estimates,analyst,Analyst,analyst-analyst-estimates,Analyst Estimates
anl10_prrfy2_pred_surps_v0,Predicted surprise version 0 for price return ratio for FY2 (calculated as (smart_ests - consensus)/consensus),"{'id': 'analyst10', 'name': 'Performance-Weighted Analyst Estimates'}","{'id': 'analyst', 'name': 'Analyst'}","{'id': 'analyst-analyst-estimates', 'name': 'Analyst Estimates'}",EUR,1,TOP2500,MATRIX,1.0,1.0,4,4,1.4,[],analyst10,Performance-Weighted Analyst Estimates,analyst,Analyst,analyst-analyst-estimates,Analyst Estimates
anl10_prrfy2_pred_surps_v1,Predicted surprise version 1 for price return ratio for FY2 (calculated as (smart_ests - consensus)/consensus),"{'id': 'analyst10', 'name': 'Performance-Weighted Analyst Estimates'}","{'id': 'analyst', 'name': 'Analyst'}","{'id': 'analyst-analyst-estimates', 'name': 'Analyst Estimates'}",EUR,1,TOP2500,MATRIX,1.0,1.0,9,18,1.4,[],analyst10,Performance-Weighted Analyst Estimates,analyst,Analyst,analyst-analyst-estimates,Analyst Estimates
anl10_prrfy2_pred_surps_v2,Predicted surprise version 2 for price return ratio for FY2 (calculated as (smart_ests - consensus)/consensus),"{'id': 'analyst10', 'name': 'Performance-Weighted Analyst Estimates'}","{'id': 'analyst', 'name': 'Analyst'}","{'id': 'analyst-analyst-estimates', 'name': 'Analyst Estimates'}",EUR,1,TOP2500,MATRIX,1.0,1.0,3,3,1.4,[],analyst10,Performance-Weighted Analyst Estimates,analyst,Analyst,analyst-analyst-estimates,Analyst Estimates
anl10_prrfy2_smart_ests_v0,Smart estimates version 0 value for price return ratio for FY2,"{'id': 'analyst10', 'name': 'Performance-Weighted Analyst Estimates'}","{'id': 'analyst', 'name': 'Analyst'}","{'id': 'analyst-analyst-estimates', 'name': 'Analyst Estimates'}",EUR,1,TOP2500,MATRIX,1.0,1.0,5,6,1.4,[],analyst10,Performance-Weighted Analyst Estimates,analyst,Analyst,analyst-analyst-estimates,Analyst Estimates
anl10_prrfy2_smart_ests_v1,Smart estimates version 1 value for price return ratio for FY2,"{'id': 'analyst10', 'name': 'Performance-Weighted Analyst Estimates'}","{'id': 'analyst', 'name': 'Analyst'}","{'id': 'analyst-analyst-estimates', 'name': 'Analyst Estimates'}",EUR,1,TOP2500,MATRIX,1.0,1.0,3,3,1.4,[],analyst10,Performance-Weighted Analyst Estimates,analyst,Analyst,analyst-analyst-estimates,Analyst Estimates
anl10_prrfy2_smart_ests_v2,Smart estimates version 2 value for price return ratio for FY2,"{'id': 'analyst10', 'name': 'Performance-Weighted Analyst Estimates'}","{'id': 'analyst', 'name': 'Analyst'}","{'id': 'analyst-analyst-estimates', 'name': 'Analyst Estimates'}",EUR,1,TOP2500,MATRIX,1.0,1.0,9,15,1.4,[],analyst10,Performance-Weighted Analyst Estimates,analyst,Analyst,analyst-analyst-estimates,Analyst Estimates
anl10_prrinnovate_decrease_fq1,Number of analysts with innovative negative revisions for price return ratio Q1,"{'id': 'analyst10', 'name': 'Performance-Weighted Analyst Estimates'}","{'id': 'analyst', 'name': 'Analyst'}","{'id': 'analyst-analyst-estimates', 'name': 'Analyst Estimates'}",EUR,1,TOP2500,MATRIX,1.0,0.3375,2,2,1.4,[],analyst10,Performance-Weighted Analyst Estimates,analyst,Analyst,analyst-analyst-estimates,Analyst Estimates
anl10_prrinnovate_decrease_fq2,Number of analysts with innovative negative revisions for price return ratio Q2,"{'id': 'analyst10', 'name': 'Performance-Weighted Analyst Estimates'}","{'id': 'analyst', 'name': 'Analyst'}","{'id': 'analyst-analyst-estimates', 'name': 'Analyst Estimates'}",EUR,1,TOP2500,MATRIX,1.0,0.2658,1,1,1.4,[],analyst10,Performance-Weighted Analyst Estimates,analyst,Analyst,analyst-analyst-estimates,Analyst Estimates
anl10_prrinnovate_decrease_fy1,Number of analysts with innovative negative revisions for price return ratio FY1,"{'id': 'analyst10', 'name': 'Performance-Weighted Analyst Estimates'}","{'id': 'analyst', 'name': 'Analyst'}","{'id': 'analyst-analyst-estimates', 'name': 'Analyst Estimates'}",EUR,1,TOP2500,MATRIX,1.0,0.9533,5,5,1.4,[],analyst10,Performance-Weighted Analyst Estimates,analyst,Analyst,analyst-analyst-estimates,Analyst Estimates
anl10_prrinnovate_decrease_fy2,Number of analysts with innovative negative revisions for price return ratio FY2,"{'id': 'analyst10', 'name': 'Performance-Weighted Analyst Estimates'}","{'id': 'analyst', 'name': 'Analyst'}","{'id': 'analyst-analyst-estimates', 'name': 'Analyst Estimates'}",EUR,1,TOP2500,MATRIX,1.0,0.9508,10,10,1.4,[],analyst10,Performance-Weighted Analyst Estimates,analyst,Analyst,analyst-analyst-estimates,Analyst Estimates
anl10_prrinnovate_increase_fq1,Number of analysts with innovative positive revisions for price return ratio Q1,"{'id': 'analyst10', 'name': 'Performance-Weighted Analyst Estimates'}","{'id': 'analyst', 'name': 'Analyst'}","{'id': 'analyst-analyst-estimates', 'name': 'Analyst Estimates'}",EUR,1,TOP2500,MATRIX,1.0,0.3375,1,1,1.4,[],analyst10,Performance-Weighted Analyst Estimates,analyst,Analyst,analyst-analyst-estimates,Analyst Estimates
anl10_prrinnovate_increase_fq2,Number of analysts with innovative positive revisions for price return ratio Q2,"{'id': 'analyst10', 'name': 'Performance-Weighted Analyst Estimates'}","{'id': 'analyst', 'name': 'Analyst'}","{'id': 'analyst-analyst-estimates', 'name': 'Analyst Estimates'}",EUR,1,TOP2500,MATRIX,1.0,0.2658,1,1,1.4,[],analyst10,Performance-Weighted Analyst Estimates,analyst,Analyst,analyst-analyst-estimates,Analyst Estimates
anl10_prrinnovate_increase_fy1,Number of analysts with innovative positive revisions for price return ratio FY1,"{'id': 'analyst10', 'name': 'Performance-Weighted Analyst Estimates'}","{'id': 'analyst', 'name': 'Analyst'}","{'id': 'analyst-analyst-estimates', 'name': 'Analyst Estimates'}",EUR,1,TOP2500,MATRIX,1.0,0.9533,5,5,1.4,[],analyst10,Performance-Weighted Analyst Estimates,analyst,Analyst,analyst-analyst-estimates,Analyst Estimates
anl10_prrinnovate_increase_fy2,Number of analysts with innovative positive revisions for price return ratio FY2,"{'id': 'analyst10', 'name': 'Performance-Weighted Analyst Estimates'}","{'id': 'analyst', 'name': 'Analyst'}","{'id': 'analyst-analyst-estimates', 'name': 'Analyst Estimates'}",EUR,1,TOP2500,MATRIX,1.0,0.9508,1,1,1.4,[],analyst10,Performance-Weighted Analyst Estimates,analyst,Analyst,analyst-analyst-estimates,Analyst Estimates
anl10_prrinnovation_score_fq1,Innovation score for price return ratio Q1 (innovate_increase - innovate_decrease),"{'id': 'analyst10', 'name': 'Performance-Weighted Analyst Estimates'}","{'id': 'analyst', 'name': 'Analyst'}","{'id': 'analyst-analyst-estimates', 'name': 'Analyst Estimates'}",EUR,1,TOP2500,MATRIX,1.0,0.3375,1,1,1.4,[],analyst10,Performance-Weighted Analyst Estimates,analyst,Analyst,analyst-analyst-estimates,Analyst Estimates
anl10_prrinnovation_score_fq2,Innovation score for price return ratio Q2 (innovate_increase - innovate_decrease),"{'id': 'analyst10', 'name': 'Performance-Weighted Analyst Estimates'}","{'id': 'analyst', 'name': 'Analyst'}","{'id': 'analyst-analyst-estimates', 'name': 'Analyst Estimates'}",EUR,1,TOP2500,MATRIX,1.0,0.2658,2,2,1.4,[],analyst10,Performance-Weighted Analyst Estimates,analyst,Analyst,analyst-analyst-estimates,Analyst Estimates
anl10_prrinnovation_score_fy1,Innovation score for price return ratio FY1 (innovate_increase - innovate_decrease),"{'id': 'analyst10', 'name': 'Performance-Weighted Analyst Estimates'}","{'id': 'analyst', 'name': 'Analyst'}","{'id': 'analyst-analyst-estimates', 'name': 'Analyst Estimates'}",EUR,1,TOP2500,MATRIX,1.0,0.9533,1,1,1.4,[],analyst10,Performance-Weighted Analyst Estimates,analyst,Analyst,analyst-analyst-estimates,Analyst Estimates
anl10_prrinnovation_score_fy2,Innovation score for price return ratio FY2 (innovate_increase - innovate_decrease),"{'id': 'analyst10', 'name': 'Performance-Weighted Analyst Estimates'}","{'id': 'analyst', 'name': 'Analyst'}","{'id': 'analyst-analyst-estimates', 'name': 'Analyst Estimates'}",EUR,1,TOP2500,MATRIX,1.0,0.9508,2,2,1.4,[],analyst10,Performance-Weighted Analyst Estimates,analyst,Analyst,analyst-analyst-estimates,Analyst Estimates
anl10_prrnormal_decrease_fq1,Number of analysts with normal negative revisions for price return ratio Q1,"{'id': 'analyst10', 'name': 'Performance-Weighted Analyst Estimates'}","{'id': 'analyst', 'name': 'Analyst'}","{'id': 'analyst-analyst-estimates', 'name': 'Analyst Estimates'}",EUR,1,TOP2500,MATRIX,1.0,0.3375,1,1,1.4,[],analyst10,Performance-Weighted Analyst Estimates,analyst,Analyst,analyst-analyst-estimates,Analyst Estimates
anl10_prrnormal_decrease_fq2,Number of analysts with normal negative revisions for price return ratio Q2,"{'id': 'analyst10', 'name': 'Performance-Weighted Analyst Estimates'}","{'id': 'analyst', 'name': 'Analyst'}","{'id': 'analyst-analyst-estimates', 'name': 'Analyst Estimates'}",EUR,1,TOP2500,MATRIX,1.0,0.2658,1,1,1.4,[],analyst10,Performance-Weighted Analyst Estimates,analyst,Analyst,analyst-analyst-estimates,Analyst Estimates
anl10_prrnormal_decrease_fy1,Number of analysts with normal negative revisions for price return ratio FY1,"{'id': 'analyst10', 'name': 'Performance-Weighted Analyst Estimates'}","{'id': 'analyst', 'name': 'Analyst'}","{'id': 'analyst-analyst-estimates', 'name': 'Analyst Estimates'}",EUR,1,TOP2500,MATRIX,1.0,0.9533,1,1,1.4,[],analyst10,Performance-Weighted Analyst Estimates,analyst,Analyst,analyst-analyst-estimates,Analyst Estimates
anl10_prrnormal_decrease_fy2,Number of analysts with normal negative revisions for price return ratio FY2,"{'id': 'analyst10', 'name': 'Performance-Weighted Analyst Estimates'}","{'id': 'analyst', 'name': 'Analyst'}","{'id': 'analyst-analyst-estimates', 'name': 'Analyst Estimates'}",EUR,1,TOP2500,MATRIX,1.0,0.9508,1,1,1.4,[],analyst10,Performance-Weighted Analyst Estimates,analyst,Analyst,analyst-analyst-estimates,Analyst Estimates
anl10_prrnormal_increase_fq1,Number of analysts with normal positive revisions for price return ratio Q1,"{'id': 'analyst10', 'name': 'Performance-Weighted Analyst Estimates'}","{'id': 'analyst', 'name': 'Analyst'}","{'id': 'analyst-analyst-estimates', 'name': 'Analyst Estimates'}",EUR,1,TOP2500,MATRIX,1.0,0.3375,1,1,1.4,[],analyst10,Performance-Weighted Analyst Estimates,analyst,Analyst,analyst-analyst-estimates,Analyst Estimates
anl10_prrnormal_increase_fq2,Number of analysts with normal positive revisions for price return ratio Q2,"{'id': 'analyst10', 'name': 'Performance-Weighted Analyst Estimates'}","{'id': 'analyst', 'name': 'Analyst'}","{'id': 'analyst-analyst-estimates', 'name': 'Analyst Estimates'}",EUR,1,TOP2500,MATRIX,1.0,0.2658,2,2,1.4,[],analyst10,Performance-Weighted Analyst Estimates,analyst,Analyst,analyst-analyst-estimates,Analyst Estimates
anl10_prrnormal_increase_fy1,Number of analysts with normal positive revisions for price return ratio FY1,"{'id': 'analyst10', 'name': 'Performance-Weighted Analyst Estimates'}","{'id': 'analyst', 'name': 'Analyst'}","{'id': 'analyst-analyst-estimates', 'name': 'Analyst Estimates'}",EUR,1,TOP2500,MATRIX,1.0,0.9533,1,1,1.4,[],analyst10,Performance-Weighted Analyst Estimates,analyst,Analyst,analyst-analyst-estimates,Analyst Estimates
anl10_prrnormal_increase_fy2,Number of analysts with normal positive revisions for price return ratio FY2,"{'id': 'analyst10', 'name': 'Performance-Weighted Analyst Estimates'}","{'id': 'analyst', 'name': 'Analyst'}","{'id': 'analyst-analyst-estimates', 'name': 'Analyst Estimates'}",EUR,1,TOP2500,MATRIX,1.0,0.9508,3,3,1.4,[],analyst10,Performance-Weighted Analyst Estimates,analyst,Analyst,analyst-analyst-estimates,Analyst Estimates
anl10_prrrevise_ratio_to_close_fq1,Ratio of delta consensus to adjusted close for price return ratio Q1,"{'id': 'analyst10', 'name': 'Performance-Weighted Analyst Estimates'}","{'id': 'analyst', 'name': 'Analyst'}","{'id': 'analyst-analyst-estimates', 'name': 'Analyst Estimates'}",EUR,1,TOP2500,MATRIX,1.0,0.3375,1,1,1.4,[],analyst10,Performance-Weighted Analyst Estimates,analyst,Analyst,analyst-analyst-estimates,Analyst Estimates
anl10_prrrevise_ratio_to_close_fq2,Ratio of delta consensus to adjusted close for price return ratio Q2,"{'id': 'analyst10', 'name': 'Performance-Weighted Analyst Estimates'}","{'id': 'analyst', 'name': 'Analyst'}","{'id': 'analyst-analyst-estimates', 'name': 'Analyst Estimates'}",EUR,1,TOP2500,MATRIX,1.0,0.265,2,2,1.4,[],analyst10,Performance-Weighted Analyst Estimates,analyst,Analyst,analyst-analyst-estimates,Analyst Estimates
anl10_prrrevise_ratio_to_close_fy1,Ratio of delta consensus to adjusted close for price return ratio FY1,"{'id': 'analyst10', 'name': 'Performance-Weighted Analyst Estimates'}","{'id': 'analyst', 'name': 'Analyst'}","{'id': 'analyst-analyst-estimates', 'name': 'Analyst Estimates'}",EUR,1,TOP2500,MATRIX,1.0,0.9533,6,6,1.4,[],analyst10,Performance-Weighted Analyst Estimates,analyst,Analyst,analyst-analyst-estimates,Analyst Estimates
anl10_prrrevise_ratio_to_close_fy2,Ratio of delta consensus to adjusted close for price return ratio FY2,"{'id': 'analyst10', 'name': 'Performance-Weighted Analyst Estimates'}","{'id': 'analyst', 'name': 'Analyst'}","{'id': 'analyst-analyst-estimates', 'name': 'Analyst Estimates'}",EUR,1,TOP2500,MATRIX,1.0,0.9508,1,1,1.4,[],analyst10,Performance-Weighted Analyst Estimates,analyst,Analyst,analyst-analyst-estimates,Analyst Estimates
anl10_prrrevise_ratio_to_consensus_fq1,Consensus estimate value for price return ratio Q1,"{'id': 'analyst10', 'name': 'Performance-Weighted Analyst Estimates'}","{'id': 'analyst', 'name': 'Analyst'}","{'id': 'analyst-analyst-estimates', 'name': 'Analyst Estimates'}",EUR,1,TOP2500,MATRIX,1.0,0.3375,4,4,1.4,[],analyst10,Performance-Weighted Analyst Estimates,analyst,Analyst,analyst-analyst-estimates,Analyst Estimates
anl10_prrrevise_ratio_to_consensus_fq2,Consensus estimate value for price return ratio Q2,"{'id': 'analyst10', 'name': 'Performance-Weighted Analyst Estimates'}","{'id': 'analyst', 'name': 'Analyst'}","{'id': 'analyst-analyst-estimates', 'name': 'Analyst Estimates'}",EUR,1,TOP2500,MATRIX,1.0,0.265,2,2,1.4,[],analyst10,Performance-Weighted Analyst Estimates,analyst,Analyst,analyst-analyst-estimates,Analyst Estimates
anl10_prrrevise_ratio_to_consensus_fy1,Consensus estimate value for price return ratio FY1,"{'id': 'analyst10', 'name': 'Performance-Weighted Analyst Estimates'}","{'id': 'analyst', 'name': 'Analyst'}","{'id': 'analyst-analyst-estimates', 'name': 'Analyst Estimates'}",EUR,1,TOP2500,MATRIX,1.0,0.9533,11,16,1.4,[],analyst10,Performance-Weighted Analyst Estimates,analyst,Analyst,analyst-analyst-estimates,Analyst Estimates
anl10_prrrevise_ratio_to_consensus_fy2,Consensus estimate value for price return ratio FY2,"{'id': 'analyst10', 'name': 'Performance-Weighted Analyst Estimates'}","{'id': 'analyst', 'name': 'Analyst'}","{'id': 'analyst-analyst-estimates', 'name': 'Analyst Estimates'}",EUR,1,TOP2500,MATRIX,1.0,0.9508,5,5,1.4,[],analyst10,Performance-Weighted Analyst Estimates,analyst,Analyst,analyst-analyst-estimates,Analyst Estimates
anl10_prrrevise_value_fq1,Delta consensus for price return ratio Q1 (difference between old and current updated value),"{'id': 'analyst10', 'name': 'Performance-Weighted Analyst Estimates'}","{'id': 'analyst', 'name': 'Analyst'}","{'id': 'analyst-analyst-estimates', 'name': 'Analyst Estimates'}",EUR,1,TOP2500,MATRIX,1.0,0.3375,1,1,1.4,[],analyst10,Performance-Weighted Analyst Estimates,analyst,Analyst,analyst-analyst-estimates,Analyst Estimates
anl10_prrrevise_value_fq2,Delta consensus for price return ratio Q2 (difference between old and current updated value),"{'id': 'analyst10', 'name': 'Performance-Weighted Analyst Estimates'}","{'id': 'analyst', 'name': 'Analyst'}","{'id': 'analyst-analyst-estimates', 'name': 'Analyst Estimates'}",EUR,1,TOP2500,MATRIX,1.0,0.265,1,1,1.4,[],analyst10,Performance-Weighted Analyst Estimates,analyst,Analyst,analyst-analyst-estimates,Analyst Estimates
anl10_prrrevise_value_fy1,Delta consensus for price return ratio FY1 (difference between old and current updated value),"{'id': 'analyst10', 'name': 'Performance-Weighted Analyst Estimates'}","{'id': 'analyst', 'name': 'Analyst'}","{'id': 'analyst-analyst-estimates', 'name': 'Analyst Estimates'}",EUR,1,TOP2500,MATRIX,1.0,0.9533,3,3,1.4,[],analyst10,Performance-Weighted Analyst Estimates,analyst,Analyst,analyst-analyst-estimates,Analyst Estimates
anl10_prrrevise_value_fy2,Delta consensus for price return ratio FY2 (difference between old and current updated value),"{'id': 'analyst10', 'name': 'Performance-Weighted Analyst Estimates'}","{'id': 'analyst', 'name': 'Analyst'}","{'id': 'analyst-analyst-estimates', 'name': 'Analyst Estimates'}",EUR,1,TOP2500,MATRIX,1.0,0.9508,1,1,1.4,[],analyst10,Performance-Weighted Analyst Estimates,analyst,Analyst,analyst-analyst-estimates,Analyst Estimates
anl10_prrsmun_1qf,Sample/analyst number - indicating how many analysts contributed to that particular estimate or forecast for price return ratio,"{'id': 'analyst10', 'name': 'Performance-Weighted Analyst Estimates'}","{'id': 'analyst', 'name': 'Analyst'}","{'id': 'analyst-analyst-estimates', 'name': 'Analyst Estimates'}",EUR,1,TOP2500,MATRIX,1.0,1.0,2,2,1.4,[],analyst10,Performance-Weighted Analyst Estimates,analyst,Analyst,analyst-analyst-estimates,Analyst Estimates
anl10_prrsmun_1yf,Sample/analyst number - indicating how many analysts contributed to that particular estimate or forecast for price return ratio,"{'id': 'analyst10', 'name': 'Performance-Weighted Analyst Estimates'}","{'id': 'analyst', 'name': 'Analyst'}","{'id': 'analyst-analyst-estimates', 'name': 'Analyst Estimates'}",EUR,1,TOP2500,MATRIX,1.0,1.0,4,4,1.4,[],analyst10,Performance-Weighted Analyst Estimates,analyst,Analyst,analyst-analyst-estimates,Analyst Estimates
anl10_prrsmun_2qf,Sample/analyst number - indicating how many analysts contributed to that particular estimate or forecast for price return ratio,"{'id': 'analyst10', 'name': 'Performance-Weighted Analyst Estimates'}","{'id': 'analyst', 'name': 'Analyst'}","{'id': 'analyst-analyst-estimates', 'name': 'Analyst Estimates'}",EUR,1,TOP2500,MATRIX,1.0,1.0,11,19,1.4,[],analyst10,Performance-Weighted Analyst Estimates,analyst,Analyst,analyst-analyst-estimates,Analyst Estimates
anl10_prrsmun_2yf,Sample/analyst number - indicating how many analysts contributed to that particular estimate or forecast for price return ratio,"{'id': 'analyst10', 'name': 'Performance-Weighted Analyst Estimates'}","{'id': 'analyst', 'name': 'Analyst'}","{'id': 'analyst-analyst-estimates', 'name': 'Analyst Estimates'}",EUR,1,TOP2500,MATRIX,1.0,1.0,2,2,1.4,[],analyst10,Performance-Weighted Analyst Estimates,analyst,Analyst,analyst-analyst-estimates,Analyst Estimates
anl10_salff_538,Ff 538 for sales,"{'id': 'analyst10', 'name': 'Performance-Weighted Analyst Estimates'}","{'id': 'analyst', 'name': 'Analyst'}","{'id': 'analyst-analyst-estimates', 'name': 'Analyst Estimates'}",EUR,1,TOP2500,MATRIX,1.0,1.0,6,6,1.4,[],analyst10,Performance-Weighted Analyst Estimates,analyst,Analyst,analyst-analyst-estimates,Analyst Estimates
anl10_salfq1_consensus_547,Consensus estimate value for sales Q1,"{'id': 'analyst10', 'name': 'Performance-Weighted Analyst Estimates'}","{'id': 'analyst', 'name': 'Analyst'}","{'id': 'analyst-analyst-estimates', 'name': 'Analyst Estimates'}",EUR,1,TOP2500,MATRIX,1.0,0.5825,4,4,1.4,[],analyst10,Performance-Weighted Analyst Estimates,analyst,Analyst,analyst-analyst-estimates,Analyst Estimates
anl10_salfq1_pred_surps_v0_545,Predicted surprise version 0 for sales for Q1 (calculated as (smart_ests - consensus)/consensus),"{'id': 'analyst10', 'name': 'Performance-Weighted Analyst Estimates'}","{'id': 'analyst', 'name': 'Analyst'}","{'id': 'analyst-analyst-estimates', 'name': 'Analyst Estimates'}",EUR,1,TOP2500,MATRIX,1.0,0.5825,1,1,1.4,[],analyst10,Performance-Weighted Analyst Estimates,analyst,Analyst,analyst-analyst-estimates,Analyst Estimates
anl10_salfq1_pred_surps_v1_557,Predicted surprise version 1 for sales for Q1 (calculated as (smart_ests - consensus)/consensus),"{'id': 'analyst10', 'name': 'Performance-Weighted Analyst Estimates'}","{'id': 'analyst', 'name': 'Analyst'}","{'id': 'analyst-analyst-estimates', 'name': 'Analyst Estimates'}",EUR,1,TOP2500,MATRIX,1.0,0.5825,2,2,1.4,[],analyst10,Performance-Weighted Analyst Estimates,analyst,Analyst,analyst-analyst-estimates,Analyst Estimates
anl10_salfq1_pred_surps_v2_569,Predicted surprise version 2 for sales for Q1 (calculated as (smart_ests - consensus)/consensus),"{'id': 'analyst10', 'name': 'Performance-Weighted Analyst Estimates'}","{'id': 'analyst', 'name': 'Analyst'}","{'id': 'analyst-analyst-estimates', 'name': 'Analyst Estimates'}",EUR,1,TOP2500,MATRIX,1.0,0.5825,3,4,1.4,[],analyst10,Performance-Weighted Analyst Estimates,analyst,Analyst,analyst-analyst-estimates,Analyst Estimates
anl10_salfq1_smart_ests_v0_565,Smart estimates version 0 value for sales for Q1,"{'id': 'analyst10', 'name': 'Performance-Weighted Analyst Estimates'}","{'id': 'analyst', 'name': 'Analyst'}","{'id': 'analyst-analyst-estimates', 'name': 'Analyst Estimates'}",EUR,1,TOP2500,MATRIX,1.0,0.5825,1,1,1.4,[],analyst10,Performance-Weighted Analyst Estimates,analyst,Analyst,analyst-analyst-estimates,Analyst Estimates
anl10_salfq1_smart_ests_v1_536,Smart estimates version 1 value for sales for Q1,"{'id': 'analyst10', 'name': 'Performance-Weighted Analyst Estimates'}","{'id': 'analyst', 'name': 'Analyst'}","{'id': 'analyst-analyst-estimates', 'name': 'Analyst Estimates'}",EUR,1,TOP2500,MATRIX,1.0,0.5825,2,2,1.4,[],analyst10,Performance-Weighted Analyst Estimates,analyst,Analyst,analyst-analyst-estimates,Analyst Estimates
anl10_salfq1_smart_ests_v2_534,Smart estimates version 2 value for sales for Q1,"{'id': 'analyst10', 'name': 'Performance-Weighted Analyst Estimates'}","{'id': 'analyst', 'name': 'Analyst'}","{'id': 'analyst-analyst-estimates', 'name': 'Analyst Estimates'}",EUR,1,TOP2500,MATRIX,1.0,0.5825,4,5,1.4,[],analyst10,Performance-Weighted Analyst Estimates,analyst,Analyst,analyst-analyst-estimates,Analyst Estimates
anl10_salfq2_consensus_540,Consensus estimate value for sales Q2,"{'id': 'analyst10', 'name': 'Performance-Weighted Analyst Estimates'}","{'id': 'analyst', 'name': 'Analyst'}","{'id': 'analyst-analyst-estimates', 'name': 'Analyst Estimates'}",EUR,1,TOP2500,MATRIX,1.0,0.4733,1,1,1.4,[],analyst10,Performance-Weighted Analyst Estimates,analyst,Analyst,analyst-analyst-estimates,Analyst Estimates
anl10_salfq2_pred_surps_v0_549,Predicted surprise version 0 for sales for Q2 (calculated as (smart_ests - consensus)/consensus),"{'id': 'analyst10', 'name': 'Performance-Weighted Analyst Estimates'}","{'id': 'analyst', 'name': 'Analyst'}","{'id': 'analyst-analyst-estimates', 'name': 'Analyst Estimates'}",EUR,1,TOP2500,MATRIX,1.0,0.4733,3,3,1.4,[],analyst10,Performance-Weighted Analyst Estimates,analyst,Analyst,analyst-analyst-estimates,Analyst Estimates
anl10_salfq2_pred_surps_v1_539,Predicted surprise version 1 for sales for Q2 (calculated as (smart_ests - consensus)/consensus),"{'id': 'analyst10', 'name': 'Performance-Weighted Analyst Estimates'}","{'id': 'analyst', 'name': 'Analyst'}","{'id': 'analyst-analyst-estimates', 'name': 'Analyst Estimates'}",EUR,1,TOP2500,MATRIX,1.0,0.4733,1,1,1.4,[],analyst10,Performance-Weighted Analyst Estimates,analyst,Analyst,analyst-analyst-estimates,Analyst Estimates
anl10_salfq2_pred_surps_v2_551,Predicted surprise version 2 for sales for Q2 (calculated as (smart_ests - consensus)/consensus),"{'id': 'analyst10', 'name': 'Performance-Weighted Analyst Estimates'}","{'id': 'analyst', 'name': 'Analyst'}","{'id': 'analyst-analyst-estimates', 'name': 'Analyst Estimates'}",EUR,1,TOP2500,MATRIX,1.0,0.4733,1,1,1.4,[],analyst10,Performance-Weighted Analyst Estimates,analyst,Analyst,analyst-analyst-estimates,Analyst Estimates
anl10_salfq2_smart_ests_v0_555,Smart estimates version 0 value for sales for Q2,"{'id': 'analyst10', 'name': 'Performance-Weighted Analyst Estimates'}","{'id': 'analyst', 'name': 'Analyst'}","{'id': 'analyst-analyst-estimates', 'name': 'Analyst Estimates'}",EUR,1,TOP2500,MATRIX,1.0,0.4733,1,1,1.4,[],analyst10,Performance-Weighted Analyst Estimates,analyst,Analyst,analyst-analyst-estimates,Analyst Estimates
anl10_salfq2_smart_ests_v1_567,Smart estimates version 1 value for sales for Q2,"{'id': 'analyst10', 'name': 'Performance-Weighted Analyst Estimates'}","{'id': 'analyst', 'name': 'Analyst'}","{'id': 'analyst-analyst-estimates', 'name': 'Analyst Estimates'}",EUR,1,TOP2500,MATRIX,1.0,0.4733,2,2,1.4,[],analyst10,Performance-Weighted Analyst Estimates,analyst,Analyst,analyst-analyst-estimates,Analyst Estimates
anl10_salfq2_smart_ests_v2_556,Smart estimates version 2 value for sales for Q2,"{'id': 'analyst10', 'name': 'Performance-Weighted Analyst Estimates'}","{'id': 'analyst', 'name': 'Analyst'}","{'id': 'analyst-analyst-estimates', 'name': 'Analyst Estimates'}",EUR,1,TOP2500,MATRIX,1.0,0.4733,1,1,1.4,[],analyst10,Performance-Weighted Analyst Estimates,analyst,Analyst,analyst-analyst-estimates,Analyst Estimates
anl10_salfy1_consensus_559,Consensus estimate value for sales FY1,"{'id': 'analyst10', 'name': 'Performance-Weighted Analyst Estimates'}","{'id': 'analyst', 'name': 'Analyst'}","{'id': 'analyst-analyst-estimates', 'name': 'Analyst Estimates'}",EUR,1,TOP2500,MATRIX,1.0,1.0,16,34,1.4,[],analyst10,Performance-Weighted Analyst Estimates,analyst,Analyst,analyst-analyst-estimates,Analyst Estimates
anl10_salfy1_pred_surps_v0_532,Predicted surprise version 0 for sales for FY1 (calculated as (smart_ests - consensus)/consensus),"{'id': 'analyst10', 'name': 'Performance-Weighted Analyst Estimates'}","{'id': 'analyst', 'name': 'Analyst'}","{'id': 'analyst-analyst-estimates', 'name': 'Analyst Estimates'}",EUR,1,TOP2500,MATRIX,1.0,1.0,14,24,1.4,[],analyst10,Performance-Weighted Analyst Estimates,analyst,Analyst,analyst-analyst-estimates,Analyst Estimates
anl10_salfy1_pred_surps_v1_533,Predicted surprise version 1 for sales for FY1 (calculated as (smart_ests - consensus)/consensus),"{'id': 'analyst10', 'name': 'Performance-Weighted Analyst Estimates'}","{'id': 'analyst', 'name': 'Analyst'}","{'id': 'analyst-analyst-estimates', 'name': 'Analyst Estimates'}",EUR,1,TOP2500,MATRIX,1.0,1.0,13,29,1.4,[],analyst10,Performance-Weighted Analyst Estimates,analyst,Analyst,analyst-analyst-estimates,Analyst Estimates
anl10_salfy1_pred_surps_v2_546,Predicted surprise version 2 for sales for FY1 (calculated as (smart_ests - consensus)/consensus),"{'id': 'analyst10', 'name': 'Performance-Weighted Analyst Estimates'}","{'id': 'analyst', 'name': 'Analyst'}","{'id': 'analyst-analyst-estimates', 'name': 'Analyst Estimates'}",EUR,1,TOP2500,MATRIX,1.0,1.0,11,18,1.4,[],analyst10,Performance-Weighted Analyst Estimates,analyst,Analyst,analyst-analyst-estimates,Analyst Estimates
anl10_salfy1_smart_ests_v0_558,Smart estimates version 0 value for sales for FY1,"{'id': 'analyst10', 'name': 'Performance-Weighted Analyst Estimates'}","{'id': 'analyst', 'name': 'Analyst'}","{'id': 'analyst-analyst-estimates', 'name': 'Analyst Estimates'}",EUR,1,TOP2500,MATRIX,1.0,1.0,10,16,1.4,[],analyst10,Performance-Weighted Analyst Estimates,analyst,Analyst,analyst-analyst-estimates,Analyst Estimates
anl10_salfy1_smart_ests_v1_561,Smart estimates version 1 value for sales for FY1,"{'id': 'analyst10', 'name': 'Performance-Weighted Analyst Estimates'}","{'id': 'analyst', 'name': 'Analyst'}","{'id': 'analyst-analyst-estimates', 'name': 'Analyst Estimates'}",EUR,1,TOP2500,MATRIX,1.0,1.0,7,7,1.4,[],analyst10,Performance-Weighted Analyst Estimates,analyst,Analyst,analyst-analyst-estimates,Analyst Estimates
anl10_salfy1_smart_ests_v2_543,Smart estimates version 2 value for sales for FY1,"{'id': 'analyst10', 'name': 'Performance-Weighted Analyst Estimates'}","{'id': 'analyst', 'name': 'Analyst'}","{'id': 'analyst-analyst-estimates', 'name': 'Analyst Estimates'}",EUR,1,TOP2500,MATRIX,1.0,1.0,8,9,1.4,[],analyst10,Performance-Weighted Analyst Estimates,analyst,Analyst,analyst-analyst-estimates,Analyst Estimates
anl10_salfy2_consensus_562,Consensus estimate value for sales FY2,"{'id': 'analyst10', 'name': 'Performance-Weighted Analyst Estimates'}","{'id': 'analyst', 'name': 'Analyst'}","{'id': 'analyst-analyst-estimates', 'name': 'Analyst Estimates'}",EUR,1,TOP2500,MATRIX,1.0,1.0,4,4,1.4,[],analyst10,Performance-Weighted Analyst Estimates,analyst,Analyst,analyst-analyst-estimates,Analyst Estimates
anl10_salfy2_pred_surps_v0_552,Predicted surprise version 0 for sales for FY2 (calculated as (smart_ests - consensus)/consensus),"{'id': 'analyst10', 'name': 'Performance-Weighted Analyst Estimates'}","{'id': 'analyst', 'name': 'Analyst'}","{'id': 'analyst-analyst-estimates', 'name': 'Analyst Estimates'}",EUR,1,TOP2500,MATRIX,1.0,1.0,19,24,1.4,[],analyst10,Performance-Weighted Analyst Estimates,analyst,Analyst,analyst-analyst-estimates,Analyst Estimates
anl10_salfy2_pred_surps_v1_553,Predicted surprise version 1 for sales for FY2 (calculated as (smart_ests - consensus)/consensus),"{'id': 'analyst10', 'name': 'Performance-Weighted Analyst Estimates'}","{'id': 'analyst', 'name': 'Analyst'}","{'id': 'analyst-analyst-estimates', 'name': 'Analyst Estimates'}",EUR,1,TOP2500,MATRIX,1.0,1.0,4,4,1.4,[],analyst10,Performance-Weighted Analyst Estimates,analyst,Analyst,analyst-analyst-estimates,Analyst Estimates
anl10_salfy2_pred_surps_v2_550,Predicted surprise version 2 for sales for FY2 (calculated as (smart_ests - consensus)/consensus),"{'id': 'analyst10', 'name': 'Performance-Weighted Analyst Estimates'}","{'id': 'analyst', 'name': 'Analyst'}","{'id': 'analyst-analyst-estimates', 'name': 'Analyst Estimates'}",EUR,1,TOP2500,MATRIX,1.0,1.0,3,3,1.4,[],analyst10,Performance-Weighted Analyst Estimates,analyst,Analyst,analyst-analyst-estimates,Analyst Estimates
anl10_salfy2_smart_ests_v0_535,Smart estimates version 0 value for sales for FY2,"{'id': 'analyst10', 'name': 'Performance-Weighted Analyst Estimates'}","{'id': 'analyst', 'name': 'Analyst'}","{'id': 'analyst-analyst-estimates', 'name': 'Analyst Estimates'}",EUR,1,TOP2500,MATRIX,1.0,1.0,11,23,1.4,[],analyst10,Performance-Weighted Analyst Estimates,analyst,Analyst,analyst-analyst-estimates,Analyst Estimates
anl10_salfy2_smart_ests_v1_542,Smart estimates version 1 value for sales for FY2,"{'id': 'analyst10', 'name': 'Performance-Weighted Analyst Estimates'}","{'id': 'analyst', 'name': 'Analyst'}","{'id': 'analyst-analyst-estimates', 'name': 'Analyst Estimates'}",EUR,1,TOP2500,MATRIX,1.0,1.0,2,2,1.4,[],analyst10,Performance-Weighted Analyst Estimates,analyst,Analyst,analyst-analyst-estimates,Analyst Estimates
anl10_salfy2_smart_ests_v2_566,Smart estimates version 2 value for sales for FY2,"{'id': 'analyst10', 'name': 'Performance-Weighted Analyst Estimates'}","{'id': 'analyst', 'name': 'Analyst'}","{'id': 'analyst-analyst-estimates', 'name': 'Analyst Estimates'}",EUR,1,TOP2500,MATRIX,1.0,1.0,4,4,1.4,[],analyst10,Performance-Weighted Analyst Estimates,analyst,Analyst,analyst-analyst-estimates,Analyst Estimates
anl10_salinnovate_decrease_fq1,Number of analysts with innovative negative revisions for sales Q1,"{'id': 'analyst10', 'name': 'Performance-Weighted Analyst Estimates'}","{'id': 'analyst', 'name': 'Analyst'}","{'id': 'analyst-analyst-estimates', 'name': 'Analyst Estimates'}",EUR,1,TOP2500,MATRIX,1.0,0.4808,3,3,1.4,[],analyst10,Performance-Weighted Analyst Estimates,analyst,Analyst,analyst-analyst-estimates,Analyst Estimates
anl10_salinnovate_decrease_fq2,Number of analysts with innovative negative revisions for sales Q2,"{'id': 'analyst10', 'name': 'Performance-Weighted Analyst Estimates'}","{'id': 'analyst', 'name': 'Analyst'}","{'id': 'analyst-analyst-estimates', 'name': 'Analyst Estimates'}",EUR,1,TOP2500,MATRIX,1.0,0.3817,3,3,1.4,[],analyst10,Performance-Weighted Analyst Estimates,analyst,Analyst,analyst-analyst-estimates,Analyst Estimates
anl10_salinnovate_decrease_fy1,Number of analysts with innovative negative revisions for sales FY1,"{'id': 'analyst10', 'name': 'Performance-Weighted Analyst Estimates'}","{'id': 'analyst', 'name': 'Analyst'}","{'id': 'analyst-analyst-estimates', 'name': 'Analyst Estimates'}",EUR,1,TOP2500,MATRIX,1.0,0.9983,1,1,1.4,[],analyst10,Performance-Weighted Analyst Estimates,analyst,Analyst,analyst-analyst-estimates,Analyst Estimates
anl10_salinnovate_decrease_fy2,Number of analysts with innovative negative revisions for sales FY2,"{'id': 'analyst10', 'name': 'Performance-Weighted Analyst Estimates'}","{'id': 'analyst', 'name': 'Analyst'}","{'id': 'analyst-analyst-estimates', 'name': 'Analyst Estimates'}",EUR,1,TOP2500,MATRIX,1.0,0.9958,4,4,1.4,[],analyst10,Performance-Weighted Analyst Estimates,analyst,Analyst,analyst-analyst-estimates,Analyst Estimates
anl10_salinnovate_increase_fq1,Number of analysts with innovative positive revisions for sales Q1,"{'id': 'analyst10', 'name': 'Performance-Weighted Analyst Estimates'}","{'id': 'analyst', 'name': 'Analyst'}","{'id': 'analyst-analyst-estimates', 'name': 'Analyst Estimates'}",EUR,1,TOP2500,MATRIX,1.0,0.4808,2,4,1.4,[],analyst10,Performance-Weighted Analyst Estimates,analyst,Analyst,analyst-analyst-estimates,Analyst Estimates
anl10_salinnovate_increase_fq2,Number of analysts with innovative positive revisions for sales Q2,"{'id': 'analyst10', 'name': 'Performance-Weighted Analyst Estimates'}","{'id': 'analyst', 'name': 'Analyst'}","{'id': 'analyst-analyst-estimates', 'name': 'Analyst Estimates'}",EUR,1,TOP2500,MATRIX,1.0,0.3817,1,1,1.4,[],analyst10,Performance-Weighted Analyst Estimates,analyst,Analyst,analyst-analyst-estimates,Analyst Estimates
anl10_salinnovate_increase_fy1,Number of analysts with innovative positive revisions for sales FY1,"{'id': 'analyst10', 'name': 'Performance-Weighted Analyst Estimates'}","{'id': 'analyst', 'name': 'Analyst'}","{'id': 'analyst-analyst-estimates', 'name': 'Analyst Estimates'}",EUR,1,TOP2500,MATRIX,1.0,0.9983,4,5,1.4,[],analyst10,Performance-Weighted Analyst Estimates,analyst,Analyst,analyst-analyst-estimates,Analyst Estimates
anl10_salinnovate_increase_fy2,Number of analysts with innovative positive revisions for sales FY2,"{'id': 'analyst10', 'name': 'Performance-Weighted Analyst Estimates'}","{'id': 'analyst', 'name': 'Analyst'}","{'id': 'analyst-analyst-estimates', 'name': 'Analyst Estimates'}",EUR,1,TOP2500,MATRIX,1.0,0.9958,2,2,1.4,[],analyst10,Performance-Weighted Analyst Estimates,analyst,Analyst,analyst-analyst-estimates,Analyst Estimates
anl10_salinnovation_score_fq1,Innovation score for sales Q1 (innovate_increase - innovate_decrease),"{'id': 'analyst10', 'name': 'Performance-Weighted Analyst Estimates'}","{'id': 'analyst', 'name': 'Analyst'}","{'id': 'analyst-analyst-estimates', 'name': 'Analyst Estimates'}",EUR,1,TOP2500,MATRIX,1.0,0.4808,3,5,1.4,[],analyst10,Performance-Weighted Analyst Estimates,analyst,Analyst,analyst-analyst-estimates,Analyst Estimates
anl10_salinnovation_score_fq2,Innovation score for sales Q2 (innovate_increase - innovate_decrease),"{'id': 'analyst10', 'name': 'Performance-Weighted Analyst Estimates'}","{'id': 'analyst', 'name': 'Analyst'}","{'id': 'analyst-analyst-estimates', 'name': 'Analyst Estimates'}",EUR,1,TOP2500,MATRIX,1.0,0.3817,1,1,1.4,[],analyst10,Performance-Weighted Analyst Estimates,analyst,Analyst,analyst-analyst-estimates,Analyst Estimates
anl10_salinnovation_score_fy1,Innovation score for sales FY1 (innovate_increase - innovate_decrease),"{'id': 'analyst10', 'name': 'Performance-Weighted Analyst Estimates'}","{'id': 'analyst', 'name': 'Analyst'}","{'id': 'analyst-analyst-estimates', 'name': 'Analyst Estimates'}",EUR,1,TOP2500,MATRIX,1.0,0.9983,2,2,1.4,[],analyst10,Performance-Weighted Analyst Estimates,analyst,Analyst,analyst-analyst-estimates,Analyst Estimates
anl10_salinnovation_score_fy2,Innovation score for sales FY2 (innovate_increase - innovate_decrease),"{'id': 'analyst10', 'name': 'Performance-Weighted Analyst Estimates'}","{'id': 'analyst', 'name': 'Analyst'}","{'id': 'analyst-analyst-estimates', 'name': 'Analyst Estimates'}",EUR,1,TOP2500,MATRIX,1.0,0.9958,2,2,1.4,[],analyst10,Performance-Weighted Analyst Estimates,analyst,Analyst,analyst-analyst-estimates,Analyst Estimates
anl10_salnormal_decrease_fq1,Number of analysts with normal negative revisions for sales Q1,"{'id': 'analyst10', 'name': 'Performance-Weighted Analyst Estimates'}","{'id': 'analyst', 'name': 'Analyst'}","{'id': 'analyst-analyst-estimates', 'name': 'Analyst Estimates'}",EUR,1,TOP2500,MATRIX,1.0,0.4808,1,1,1.4,[],analyst10,Performance-Weighted Analyst Estimates,analyst,Analyst,analyst-analyst-estimates,Analyst Estimates
anl10_salnormal_decrease_fq2,Number of analysts with normal negative revisions for sales Q2,"{'id': 'analyst10', 'name': 'Performance-Weighted Analyst Estimates'}","{'id': 'analyst', 'name': 'Analyst'}","{'id': 'analyst-analyst-estimates', 'name': 'Analyst Estimates'}",EUR,1,TOP2500,MATRIX,1.0,0.3817,1,1,1.4,[],analyst10,Performance-Weighted Analyst Estimates,analyst,Analyst,analyst-analyst-estimates,Analyst Estimates
anl10_salnormal_decrease_fy1,Number of analysts with normal negative revisions for sales FY1,"{'id': 'analyst10', 'name': 'Performance-Weighted Analyst Estimates'}","{'id': 'analyst', 'name': 'Analyst'}","{'id': 'analyst-analyst-estimates', 'name': 'Analyst Estimates'}",EUR,1,TOP2500,MATRIX,1.0,0.9983,2,2,1.4,[],analyst10,Performance-Weighted Analyst Estimates,analyst,Analyst,analyst-analyst-estimates,Analyst Estimates
anl10_salnormal_decrease_fy2,Number of analysts with normal negative revisions for sales FY2,"{'id': 'analyst10', 'name': 'Performance-Weighted Analyst Estimates'}","{'id': 'analyst', 'name': 'Analyst'}","{'id': 'analyst-analyst-estimates', 'name': 'Analyst Estimates'}",EUR,1,TOP2500,MATRIX,1.0,0.9958,2,2,1.4,[],analyst10,Performance-Weighted Analyst Estimates,analyst,Analyst,analyst-analyst-estimates,Analyst Estimates
anl10_salnormal_increase_fq1,Number of analysts with normal positive revisions for sales Q1,"{'id': 'analyst10', 'name': 'Performance-Weighted Analyst Estimates'}","{'id': 'analyst', 'name': 'Analyst'}","{'id': 'analyst-analyst-estimates', 'name': 'Analyst Estimates'}",EUR,1,TOP2500,MATRIX,1.0,0.4808,2,2,1.4,[],analyst10,Performance-Weighted Analyst Estimates,analyst,Analyst,analyst-analyst-estimates,Analyst Estimates
anl10_salnormal_increase_fq2,Number of analysts with normal positive revisions for sales Q2,"{'id': 'analyst10', 'name': 'Performance-Weighted Analyst Estimates'}","{'id': 'analyst', 'name': 'Analyst'}","{'id': 'analyst-analyst-estimates', 'name': 'Analyst Estimates'}",EUR,1,TOP2500,MATRIX,1.0,0.3817,1,1,1.4,[],analyst10,Performance-Weighted Analyst Estimates,analyst,Analyst,analyst-analyst-estimates,Analyst Estimates
anl10_salnormal_increase_fy1,Number of analysts with normal positive revisions for sales FY1,"{'id': 'analyst10', 'name': 'Performance-Weighted Analyst Estimates'}","{'id': 'analyst', 'name': 'Analyst'}","{'id': 'analyst-analyst-estimates', 'name': 'Analyst Estimates'}",EUR,1,TOP2500,MATRIX,1.0,0.9983,2,2,1.4,[],analyst10,Performance-Weighted Analyst Estimates,analyst,Analyst,analyst-analyst-estimates,Analyst Estimates
anl10_salnormal_increase_fy2,Number of analysts with normal positive revisions for sales FY2,"{'id': 'analyst10', 'name': 'Performance-Weighted Analyst Estimates'}","{'id': 'analyst', 'name': 'Analyst'}","{'id': 'analyst-analyst-estimates', 'name': 'Analyst Estimates'}",EUR,1,TOP2500,MATRIX,1.0,0.9958,4,4,1.4,[],analyst10,Performance-Weighted Analyst Estimates,analyst,Analyst,analyst-analyst-estimates,Analyst Estimates
anl10_salrevise_ratio_to_close_fq1,Ratio of delta consensus to adjusted close for sales Q1,"{'id': 'analyst10', 'name': 'Performance-Weighted Analyst Estimates'}","{'id': 'analyst', 'name': 'Analyst'}","{'id': 'analyst-analyst-estimates', 'name': 'Analyst Estimates'}",EUR,1,TOP2500,MATRIX,1.0,0.4808,5,5,1.4,[],analyst10,Performance-Weighted Analyst Estimates,analyst,Analyst,analyst-analyst-estimates,Analyst Estimates
anl10_salrevise_ratio_to_close_fq2,Ratio of delta consensus to adjusted close for sales Q2,"{'id': 'analyst10', 'name': 'Performance-Weighted Analyst Estimates'}","{'id': 'analyst', 'name': 'Analyst'}","{'id': 'analyst-analyst-estimates', 'name': 'Analyst Estimates'}",EUR,1,TOP2500,MATRIX,1.0,0.3817,4,4,1.4,[],analyst10,Performance-Weighted Analyst Estimates,analyst,Analyst,analyst-analyst-estimates,Analyst Estimates
anl10_salrevise_ratio_to_close_fy1,Ratio of delta consensus to adjusted close for sales FY1,"{'id': 'analyst10', 'name': 'Performance-Weighted Analyst Estimates'}","{'id': 'analyst', 'name': 'Analyst'}","{'id': 'analyst-analyst-estimates', 'name': 'Analyst Estimates'}",EUR,1,TOP2500,MATRIX,1.0,0.9975,1,1,1.4,[],analyst10,Performance-Weighted Analyst Estimates,analyst,Analyst,analyst-analyst-estimates,Analyst Estimates
anl10_salrevise_ratio_to_close_fy2,Ratio of delta consensus to adjusted close for sales FY2,"{'id': 'analyst10', 'name': 'Performance-Weighted Analyst Estimates'}","{'id': 'analyst', 'name': 'Analyst'}","{'id': 'analyst-analyst-estimates', 'name': 'Analyst Estimates'}",EUR,1,TOP2500,MATRIX,1.0,0.9958,2,2,1.4,[],analyst10,Performance-Weighted Analyst Estimates,analyst,Analyst,analyst-analyst-estimates,Analyst Estimates
anl10_salrevise_ratio_to_consensus_fq1,Consensus estimate value for sales Q1,"{'id': 'analyst10', 'name': 'Performance-Weighted Analyst Estimates'}","{'id': 'analyst', 'name': 'Analyst'}","{'id': 'analyst-analyst-estimates', 'name': 'Analyst Estimates'}",EUR,1,TOP2500,MATRIX,1.0,0.4808,1,1,1.4,[],analyst10,Performance-Weighted Analyst Estimates,analyst,Analyst,analyst-analyst-estimates,Analyst Estimates
anl10_salrevise_ratio_to_consensus_fq2,Consensus estimate value for sales Q2,"{'id': 'analyst10', 'name': 'Performance-Weighted Analyst Estimates'}","{'id': 'analyst', 'name': 'Analyst'}","{'id': 'analyst-analyst-estimates', 'name': 'Analyst Estimates'}",EUR,1,TOP2500,MATRIX,1.0,0.3817,3,3,1.4,[],analyst10,Performance-Weighted Analyst Estimates,analyst,Analyst,analyst-analyst-estimates,Analyst Estimates
anl10_salrevise_ratio_to_consensus_fy1,Consensus estimate value for sales FY1,"{'id': 'analyst10', 'name': 'Performance-Weighted Analyst Estimates'}","{'id': 'analyst', 'name': 'Analyst'}","{'id': 'analyst-analyst-estimates', 'name': 'Analyst Estimates'}",EUR,1,TOP2500,MATRIX,1.0,0.9975,14,21,1.4,[],analyst10,Performance-Weighted Analyst Estimates,analyst,Analyst,analyst-analyst-estimates,Analyst Estimates
anl10_salrevise_ratio_to_consensus_fy2,Consensus estimate value for sales FY2,"{'id': 'analyst10', 'name': 'Performance-Weighted Analyst Estimates'}","{'id': 'analyst', 'name': 'Analyst'}","{'id': 'analyst-analyst-estimates', 'name': 'Analyst Estimates'}",EUR,1,TOP2500,MATRIX,1.0,0.9958,5,5,1.4,[],analyst10,Performance-Weighted Analyst Estimates,analyst,Analyst,analyst-analyst-estimates,Analyst Estimates
anl10_salrevise_value_fq1,Delta consensus for sales Q1 (difference between old and current updated value),"{'id': 'analyst10', 'name': 'Performance-Weighted Analyst Estimates'}","{'id': 'analyst', 'name': 'Analyst'}","{'id': 'analyst-analyst-estimates', 'name': 'Analyst Estimates'}",EUR,1,TOP2500,MATRIX,1.0,0.4808,4,4,1.4,[],analyst10,Performance-Weighted Analyst Estimates,analyst,Analyst,analyst-analyst-estimates,Analyst Estimates
anl10_salrevise_value_fq2,Delta consensus for sales Q2 (difference between old and current updated value),"{'id': 'analyst10', 'name': 'Performance-Weighted Analyst Estimates'}","{'id': 'analyst', 'name': 'Analyst'}","{'id': 'analyst-analyst-estimates', 'name': 'Analyst Estimates'}",EUR,1,TOP2500,MATRIX,1.0,0.3817,2,2,1.4,[],analyst10,Performance-Weighted Analyst Estimates,analyst,Analyst,analyst-analyst-estimates,Analyst Estimates
anl10_salrevise_value_fy1,Delta consensus for sales FY1 (difference between old and current updated value),"{'id': 'analyst10', 'name': 'Performance-Weighted Analyst Estimates'}","{'id': 'analyst', 'name': 'Analyst'}","{'id': 'analyst-analyst-estimates', 'name': 'Analyst Estimates'}",EUR,1,TOP2500,MATRIX,1.0,0.9975,2,2,1.4,[],analyst10,Performance-Weighted Analyst Estimates,analyst,Analyst,analyst-analyst-estimates,Analyst Estimates
anl10_salrevise_value_fy2,Delta consensus for sales FY2 (difference between old and current updated value),"{'id': 'analyst10', 'name': 'Performance-Weighted Analyst Estimates'}","{'id': 'analyst', 'name': 'Analyst'}","{'id': 'analyst-analyst-estimates', 'name': 'Analyst Estimates'}",EUR,1,TOP2500,MATRIX,1.0,0.9958,1,1,1.4,[],analyst10,Performance-Weighted Analyst Estimates,analyst,Analyst,analyst-analyst-estimates,Analyst Estimates
anl10_salsmun_1qf_537,Sample/analyst number - indicating how many analysts contributed to that particular estimate or forecast for sales,"{'id': 'analyst10', 'name': 'Performance-Weighted Analyst Estimates'}","{'id': 'analyst', 'name': 'Analyst'}","{'id': 'analyst-analyst-estimates', 'name': 'Analyst Estimates'}",EUR,1,TOP2500,MATRIX,1.0,1.0,2,2,1.4,[],analyst10,Performance-Weighted Analyst Estimates,analyst,Analyst,analyst-analyst-estimates,Analyst Estimates
anl10_salsmun_1yf_560,Sample/analyst number - indicating how many analysts contributed to that particular estimate or forecast for sales,"{'id': 'analyst10', 'name': 'Performance-Weighted Analyst Estimates'}","{'id': 'analyst', 'name': 'Analyst'}","{'id': 'analyst-analyst-estimates', 'name': 'Analyst Estimates'}",EUR,1,TOP2500,MATRIX,1.0,1.0,3,3,1.4,[],analyst10,Performance-Weighted Analyst Estimates,analyst,Analyst,analyst-analyst-estimates,Analyst Estimates
anl10_salsmun_2qf_541,Sample/analyst number - indicating how many analysts contributed to that particular estimate or forecast for sales,"{'id': 'analyst10', 'name': 'Performance-Weighted Analyst Estimates'}","{'id': 'analyst', 'name': 'Analyst'}","{'id': 'analyst-analyst-estimates', 'name': 'Analyst Estimates'}",EUR,1,TOP2500,MATRIX,1.0,1.0,8,18,1.4,[],analyst10,Performance-Weighted Analyst Estimates,analyst,Analyst,analyst-analyst-estimates,Analyst Estimates
anl10_salsmun_2yf_570,Sample/analyst number - indicating how many analysts contributed to that particular estimate or forecast for sales,"{'id': 'analyst10', 'name': 'Performance-Weighted Analyst Estimates'}","{'id': 'analyst', 'name': 'Analyst'}","{'id': 'analyst-analyst-estimates', 'name': 'Analyst Estimates'}",EUR,1,TOP2500,MATRIX,1.0,1.0,4,5,1.4,[],analyst10,Performance-Weighted Analyst Estimates,analyst,Analyst,analyst-analyst-estimates,Analyst Estimates
anl10_tbvff,Tangible book value - field format,"{'id': 'analyst10', 'name': 'Performance-Weighted Analyst Estimates'}","{'id': 'analyst', 'name': 'Analyst'}","{'id': 'analyst-analyst-estimates', 'name': 'Analyst Estimates'}",EUR,1,TOP2500,MATRIX,1.0,1.0,1,1,1.4,[],analyst10,Performance-Weighted Analyst Estimates,analyst,Analyst,analyst-analyst-estimates,Analyst Estimates
anl10_tbvfy1_consensus,Consensus estimate value for tangible book value FY1,"{'id': 'analyst10', 'name': 'Performance-Weighted Analyst Estimates'}","{'id': 'analyst', 'name': 'Analyst'}","{'id': 'analyst-analyst-estimates', 'name': 'Analyst Estimates'}",EUR,1,TOP2500,MATRIX,1.0,0.8975,1,1,1.4,[],analyst10,Performance-Weighted Analyst Estimates,analyst,Analyst,analyst-analyst-estimates,Analyst Estimates
anl10_tbvfy1_pred_surps_v0,Predicted surprise version 0 for tangible book value for FY1 (calculated as (smart_ests - consensus)/consensus),"{'id': 'analyst10', 'name': 'Performance-Weighted Analyst Estimates'}","{'id': 'analyst', 'name': 'Analyst'}","{'id': 'analyst-analyst-estimates', 'name': 'Analyst Estimates'}",EUR,1,TOP2500,MATRIX,1.0,0.8975,4,4,1.4,[],analyst10,Performance-Weighted Analyst Estimates,analyst,Analyst,analyst-analyst-estimates,Analyst Estimates
anl10_tbvfy1_pred_surps_v1,Predicted surprise version 1 for tangible book value for FY1 (calculated as (smart_ests - consensus)/consensus),"{'id': 'analyst10', 'name': 'Performance-Weighted Analyst Estimates'}","{'id': 'analyst', 'name': 'Analyst'}","{'id': 'analyst-analyst-estimates', 'name': 'Analyst Estimates'}",EUR,1,TOP2500,MATRIX,1.0,0.8975,5,7,1.4,[],analyst10,Performance-Weighted Analyst Estimates,analyst,Analyst,analyst-analyst-estimates,Analyst Estimates
anl10_tbvfy1_pred_surps_v2,Predicted surprise version 2 for tangible book value for FY1 (calculated as (smart_ests - consensus)/consensus),"{'id': 'analyst10', 'name': 'Performance-Weighted Analyst Estimates'}","{'id': 'analyst', 'name': 'Analyst'}","{'id': 'analyst-analyst-estimates', 'name': 'Analyst Estimates'}",EUR,1,TOP2500,MATRIX,1.0,0.8975,2,2,1.4,[],analyst10,Performance-Weighted Analyst Estimates,analyst,Analyst,analyst-analyst-estimates,Analyst Estimates
anl10_tbvfy1_smart_ests_v0,Smart estimates version 0 value for tangible book value for FY1,"{'id': 'analyst10', 'name': 'Performance-Weighted Analyst Estimates'}","{'id': 'analyst', 'name': 'Analyst'}","{'id': 'analyst-analyst-estimates', 'name': 'Analyst Estimates'}",EUR,1,TOP2500,MATRIX,1.0,0.8975,1,1,1.4,[],analyst10,Performance-Weighted Analyst Estimates,analyst,Analyst,analyst-analyst-estimates,Analyst Estimates
anl10_tbvfy1_smart_ests_v1,Smart estimates version 1 value for tangible book value for FY1,"{'id': 'analyst10', 'name': 'Performance-Weighted Analyst Estimates'}","{'id': 'analyst', 'name': 'Analyst'}","{'id': 'analyst-analyst-estimates', 'name': 'Analyst Estimates'}",EUR,1,TOP2500,MATRIX,1.0,0.8975,1,1,1.4,[],analyst10,Performance-Weighted Analyst Estimates,analyst,Analyst,analyst-analyst-estimates,Analyst Estimates
anl10_tbvfy1_smart_ests_v2,Smart estimates version 2 value for tangible book value for FY1,"{'id': 'analyst10', 'name': 'Performance-Weighted Analyst Estimates'}","{'id': 'analyst', 'name': 'Analyst'}","{'id': 'analyst-analyst-estimates', 'name': 'Analyst Estimates'}",EUR,1,TOP2500,MATRIX,1.0,0.8975,2,2,1.4,[],analyst10,Performance-Weighted Analyst Estimates,analyst,Analyst,analyst-analyst-estimates,Analyst Estimates
anl10_tbvfy2_consensus,Consensus estimate value for tangible book value FY2,"{'id': 'analyst10', 'name': 'Performance-Weighted Analyst Estimates'}","{'id': 'analyst', 'name': 'Analyst'}","{'id': 'analyst-analyst-estimates', 'name': 'Analyst Estimates'}",EUR,1,TOP2500,MATRIX,1.0,0.8633,4,4,1.4,[],analyst10,Performance-Weighted Analyst Estimates,analyst,Analyst,analyst-analyst-estimates,Analyst Estimates
anl10_tbvfy2_pred_surps_v0,Predicted surprise version 0 for tangible book value for FY2 (calculated as (smart_ests - consensus)/consensus),"{'id': 'analyst10', 'name': 'Performance-Weighted Analyst Estimates'}","{'id': 'analyst', 'name': 'Analyst'}","{'id': 'analyst-analyst-estimates', 'name': 'Analyst Estimates'}",EUR,1,TOP2500,MATRIX,1.0,0.8633,1,1,1.4,[],analyst10,Performance-Weighted Analyst Estimates,analyst,Analyst,analyst-analyst-estimates,Analyst Estimates
anl10_tbvfy2_pred_surps_v1,Predicted surprise version 1 for tangible book value for FY2 (calculated as (smart_ests - consensus)/consensus),"{'id': 'analyst10', 'name': 'Performance-Weighted Analyst Estimates'}","{'id': 'analyst', 'name': 'Analyst'}","{'id': 'analyst-analyst-estimates', 'name': 'Analyst Estimates'}",EUR,1,TOP2500,MATRIX,1.0,0.8633,2,2,1.4,[],analyst10,Performance-Weighted Analyst Estimates,analyst,Analyst,analyst-analyst-estimates,Analyst Estimates
anl10_tbvfy2_pred_surps_v2,Predicted surprise version 2 for tangible book value for FY2 (calculated as (smart_ests - consensus)/consensus),"{'id': 'analyst10', 'name': 'Performance-Weighted Analyst Estimates'}","{'id': 'analyst', 'name': 'Analyst'}","{'id': 'analyst-analyst-estimates', 'name': 'Analyst Estimates'}",EUR,1,TOP2500,MATRIX,1.0,0.8633,2,2,1.4,[],analyst10,Performance-Weighted Analyst Estimates,analyst,Analyst,analyst-analyst-estimates,Analyst Estimates
anl10_tbvfy2_smart_ests_v0,Smart estimates version 0 value for tangible book value for FY2,"{'id': 'analyst10', 'name': 'Performance-Weighted Analyst Estimates'}","{'id': 'analyst', 'name': 'Analyst'}","{'id': 'analyst-analyst-estimates', 'name': 'Analyst Estimates'}",EUR,1,TOP2500,MATRIX,1.0,0.8633,2,2,1.4,[],analyst10,Performance-Weighted Analyst Estimates,analyst,Analyst,analyst-analyst-estimates,Analyst Estimates
anl10_tbvfy2_smart_ests_v1,Smart estimates version 1 value for tangible book value for FY2,"{'id': 'analyst10', 'name': 'Performance-Weighted Analyst Estimates'}","{'id': 'analyst', 'name': 'Analyst'}","{'id': 'analyst-analyst-estimates', 'name': 'Analyst Estimates'}",EUR,1,TOP2500,MATRIX,1.0,0.8633,1,1,1.4,[],analyst10,Performance-Weighted Analyst Estimates,analyst,Analyst,analyst-analyst-estimates,Analyst Estimates
anl10_tbvfy2_smart_ests_v2,Smart estimates version 2 value for tangible book value for FY2,"{'id': 'analyst10', 'name': 'Performance-Weighted Analyst Estimates'}","{'id': 'analyst', 'name': 'Analyst'}","{'id': 'analyst-analyst-estimates', 'name': 'Analyst Estimates'}",EUR,1,TOP2500,MATRIX,1.0,0.8633,2,2,1.4,[],analyst10,Performance-Weighted Analyst Estimates,analyst,Analyst,analyst-analyst-estimates,Analyst Estimates
anl10_tbvinnovate_decrease_fy1,Number of analysts with innovative negative revisions for tangible book value FY1,"{'id': 'analyst10', 'name': 'Performance-Weighted Analyst Estimates'}","{'id': 'analyst', 'name': 'Analyst'}","{'id': 'analyst-analyst-estimates', 'name': 'Analyst Estimates'}",EUR,1,TOP2500,MATRIX,1.0,0.5592,1,1,1.4,[],analyst10,Performance-Weighted Analyst Estimates,analyst,Analyst,analyst-analyst-estimates,Analyst Estimates
anl10_tbvinnovate_decrease_fy2,Number of analysts with innovative negative revisions for tangible book value FY2,"{'id': 'analyst10', 'name': 'Performance-Weighted Analyst Estimates'}","{'id': 'analyst', 'name': 'Analyst'}","{'id': 'analyst-analyst-estimates', 'name': 'Analyst Estimates'}",EUR,1,TOP2500,MATRIX,1.0,0.5492,2,2,1.4,[],analyst10,Performance-Weighted Analyst Estimates,analyst,Analyst,analyst-analyst-estimates,Analyst Estimates
anl10_tbvinnovate_increase_fy1,Number of analysts with innovative positive revisions for tangible book value FY1,"{'id': 'analyst10', 'name': 'Performance-Weighted Analyst Estimates'}","{'id': 'analyst', 'name': 'Analyst'}","{'id': 'analyst-analyst-estimates', 'name': 'Analyst Estimates'}",EUR,1,TOP2500,MATRIX,1.0,0.5592,1,1,1.4,[],analyst10,Performance-Weighted Analyst Estimates,analyst,Analyst,analyst-analyst-estimates,Analyst Estimates
anl10_tbvinnovate_increase_fy2,Number of analysts with innovative positive revisions for tangible book value FY2,"{'id': 'analyst10', 'name': 'Performance-Weighted Analyst Estimates'}","{'id': 'analyst', 'name': 'Analyst'}","{'id': 'analyst-analyst-estimates', 'name': 'Analyst Estimates'}",EUR,1,TOP2500,MATRIX,1.0,0.5492,1,1,1.4,[],analyst10,Performance-Weighted Analyst Estimates,analyst,Analyst,analyst-analyst-estimates,Analyst Estimates
anl10_tbvinnovation_score_fy1,Innovation score for tangible book value FY1 (innovate_increase - innovate_decrease),"{'id': 'analyst10', 'name': 'Performance-Weighted Analyst Estimates'}","{'id': 'analyst', 'name': 'Analyst'}","{'id': 'analyst-analyst-estimates', 'name': 'Analyst Estimates'}",EUR,1,TOP2500,MATRIX,1.0,0.5592,0,0,1.4,[],analyst10,Performance-Weighted Analyst Estimates,analyst,Analyst,analyst-analyst-estimates,Analyst Estimates
anl10_tbvinnovation_score_fy2,Innovation score for tangible book value FY2 (innovate_increase - innovate_decrease),"{'id': 'analyst10', 'name': 'Performance-Weighted Analyst Estimates'}","{'id': 'analyst', 'name': 'Analyst'}","{'id': 'analyst-analyst-estimates', 'name': 'Analyst Estimates'}",EUR,1,TOP2500,MATRIX,1.0,0.5492,0,0,1.4,[],analyst10,Performance-Weighted Analyst Estimates,analyst,Analyst,analyst-analyst-estimates,Analyst Estimates
anl10_tbvnormal_decrease_fy1,Number of analysts with normal negative revisions for tangible book value FY1,"{'id': 'analyst10', 'name': 'Performance-Weighted Analyst Estimates'}","{'id': 'analyst', 'name': 'Analyst'}","{'id': 'analyst-analyst-estimates', 'name': 'Analyst Estimates'}",EUR,1,TOP2500,MATRIX,1.0,0.5592,0,0,1.4,[],analyst10,Performance-Weighted Analyst Estimates,analyst,Analyst,analyst-analyst-estimates,Analyst Estimates
anl10_tbvnormal_decrease_fy2,Number of analysts with normal negative revisions for tangible book value FY2,"{'id': 'analyst10', 'name': 'Performance-Weighted Analyst Estimates'}","{'id': 'analyst', 'name': 'Analyst'}","{'id': 'analyst-analyst-estimates', 'name': 'Analyst Estimates'}",EUR,1,TOP2500,MATRIX,1.0,0.5492,0,0,1.4,[],analyst10,Performance-Weighted Analyst Estimates,analyst,Analyst,analyst-analyst-estimates,Analyst Estimates
anl10_tbvnormal_increase_fy1,Number of analysts with normal positive revisions for tangible book value FY1,"{'id': 'analyst10', 'name': 'Performance-Weighted Analyst Estimates'}","{'id': 'analyst', 'name': 'Analyst'}","{'id': 'analyst-analyst-estimates', 'name': 'Analyst Estimates'}",EUR,1,TOP2500,MATRIX,1.0,0.5592,1,1,1.4,[],analyst10,Performance-Weighted Analyst Estimates,analyst,Analyst,analyst-analyst-estimates,Analyst Estimates
anl10_tbvnormal_increase_fy2,Number of analysts with normal positive revisions for tangible book value FY2,"{'id': 'analyst10', 'name': 'Performance-Weighted Analyst Estimates'}","{'id': 'analyst', 'name': 'Analyst'}","{'id': 'analyst-analyst-estimates', 'name': 'Analyst Estimates'}",EUR,1,TOP2500,MATRIX,1.0,0.5492,3,3,1.4,[],analyst10,Performance-Weighted Analyst Estimates,analyst,Analyst,analyst-analyst-estimates,Analyst Estimates
anl10_tbvrevise_ratio_to_close_fy1,Ratio of delta consensus to adjusted close for tangible book value FY1,"{'id': 'analyst10', 'name': 'Performance-Weighted Analyst Estimates'}","{'id': 'analyst', 'name': 'Analyst'}","{'id': 'analyst-analyst-estimates', 'name': 'Analyst Estimates'}",EUR,1,TOP2500,MATRIX,1.0,0.5592,6,6,1.4,[],analyst10,Performance-Weighted Analyst Estimates,analyst,Analyst,analyst-analyst-estimates,Analyst Estimates
anl10_tbvrevise_ratio_to_close_fy2,Ratio of delta consensus to adjusted close for tangible book value FY2,"{'id': 'analyst10', 'name': 'Performance-Weighted Analyst Estimates'}","{'id': 'analyst', 'name': 'Analyst'}","{'id': 'analyst-analyst-estimates', 'name': 'Analyst Estimates'}",EUR,1,TOP2500,MATRIX,1.0,0.5492,2,2,1.4,[],analyst10,Performance-Weighted Analyst Estimates,analyst,Analyst,analyst-analyst-estimates,Analyst Estimates
anl10_tbvrevise_ratio_to_consensus_fy1,Consensus estimate value for tangible book value FY1,"{'id': 'analyst10', 'name': 'Performance-Weighted Analyst Estimates'}","{'id': 'analyst', 'name': 'Analyst'}","{'id': 'analyst-analyst-estimates', 'name': 'Analyst Estimates'}",EUR,1,TOP2500,MATRIX,1.0,0.5592,2,2,1.4,[],analyst10,Performance-Weighted Analyst Estimates,analyst,Analyst,analyst-analyst-estimates,Analyst Estimates
anl10_tbvrevise_ratio_to_consensus_fy2,Consensus estimate value for tangible book value FY2,"{'id': 'analyst10', 'name': 'Performance-Weighted Analyst Estimates'}","{'id': 'analyst', 'name': 'Analyst'}","{'id': 'analyst-analyst-estimates', 'name': 'Analyst Estimates'}",EUR,1,TOP2500,MATRIX,1.0,0.5492,5,5,1.4,[],analyst10,Performance-Weighted Analyst Estimates,analyst,Analyst,analyst-analyst-estimates,Analyst Estimates
anl10_tbvrevise_value_fy1,Delta consensus for tangible book value FY1 (difference between old and current updated value),"{'id': 'analyst10', 'name': 'Performance-Weighted Analyst Estimates'}","{'id': 'analyst', 'name': 'Analyst'}","{'id': 'analyst-analyst-estimates', 'name': 'Analyst Estimates'}",EUR,1,TOP2500,MATRIX,1.0,0.5592,3,3,1.4,[],analyst10,Performance-Weighted Analyst Estimates,analyst,Analyst,analyst-analyst-estimates,Analyst Estimates
anl10_tbvrevise_value_fy2,Delta consensus for tangible book value FY2 (difference between old and current updated value),"{'id': 'analyst10', 'name': 'Performance-Weighted Analyst Estimates'}","{'id': 'analyst', 'name': 'Analyst'}","{'id': 'analyst-analyst-estimates', 'name': 'Analyst Estimates'}",EUR,1,TOP2500,MATRIX,1.0,0.5492,3,4,1.4,[],analyst10,Performance-Weighted Analyst Estimates,analyst,Analyst,analyst-analyst-estimates,Analyst Estimates
anl10_tbvsmun_1qf,Sample/analyst number - indicating how many analysts contributed to that particular estimate or forecast for tangible book value,"{'id': 'analyst10', 'name': 'Performance-Weighted Analyst Estimates'}","{'id': 'analyst', 'name': 'Analyst'}","{'id': 'analyst-analyst-estimates', 'name': 'Analyst Estimates'}",EUR,1,TOP2500,MATRIX,1.0,0.9042,3,3,1.4,[],analyst10,Performance-Weighted Analyst Estimates,analyst,Analyst,analyst-analyst-estimates,Analyst Estimates
anl10_tbvsmun_1yf,Sample/analyst number - indicating how many analysts contributed to that particular estimate or forecast for tangible book value,"{'id': 'analyst10', 'name': 'Performance-Weighted Analyst Estimates'}","{'id': 'analyst', 'name': 'Analyst'}","{'id': 'analyst-analyst-estimates', 'name': 'Analyst Estimates'}",EUR,1,TOP2500,MATRIX,1.0,0.9042,1,1,1.4,[],analyst10,Performance-Weighted Analyst Estimates,analyst,Analyst,analyst-analyst-estimates,Analyst Estimates
anl10_tbvsmun_2qf,Sample/analyst number - indicating how many analysts contributed to that particular estimate or forecast for tangible book value,"{'id': 'analyst10', 'name': 'Performance-Weighted Analyst Estimates'}","{'id': 'analyst', 'name': 'Analyst'}","{'id': 'analyst-analyst-estimates', 'name': 'Analyst Estimates'}",EUR,1,TOP2500,MATRIX,1.0,0.9042,4,4,1.4,[],analyst10,Performance-Weighted Analyst Estimates,analyst,Analyst,analyst-analyst-estimates,Analyst Estimates
anl10_tbvsmun_2yf,Sample/analyst number - indicating how many analysts contributed to that particular estimate or forecast for tangible book value,"{'id': 'analyst10', 'name': 'Performance-Weighted Analyst Estimates'}","{'id': 'analyst', 'name': 'Analyst'}","{'id': 'analyst-analyst-estimates', 'name': 'Analyst Estimates'}",EUR,1,TOP2500,MATRIX,1.0,0.9042,6,6,1.4,[],analyst10,Performance-Weighted Analyst Estimates,analyst,Analyst,analyst-analyst-estimates,Analyst Estimates
