id,description,dataset,category,subcategory,region,delay,universe,type,dateCoverage,coverage,userCount,alphaCount,pyramidMultiplier,themes,dataset_id,dataset_name,category_id,category_name,subcategory_id,subcategory_name
anl88_arr_baml_modifytimeutc,Modify date of the file in UTC,"{'id': 'analyst88', 'name': 'Internal NLP'}","{'id': 'analyst', 'name': 'Analyst'}","{'id': 'analyst-analyst-ratings', 'name': 'Analyst Ratings'}",EUR,1,TOPCS1600,VECTOR,1.0,0.3285,0,0,1.4,[],analyst88,Internal NLP,analyst,Analyst,analyst-analyst-ratings,Analyst Ratings
anl88_arr_baml_modifytimeutctime,Modify time of the file in UTC,"{'id': 'analyst88', 'name': 'Internal NLP'}","{'id': 'analyst', 'name': 'Analyst'}","{'id': 'analyst-analyst-ratings', 'name': 'Analyst Ratings'}",EUR,1,TOPCS1600,VECTOR,1.0,0.3285,0,0,1.4,[],analyst88,Internal NLP,analyst,Analyst,analyst-analyst-ratings,Analyst Ratings
anl88_arr_baml_publicationtime,Publication time of the report,"{'id': 'analyst88', 'name': 'Internal NLP'}","{'id': 'analyst', 'name': 'Analyst'}","{'id': 'analyst-analyst-ratings', 'name': 'Analyst Ratings'}",EUR,1,TOPCS1600,VECTOR,1.0,0.3673,0,0,1.4,[],analyst88,Internal NLP,analyst,Analyst,analyst-analyst-ratings,Analyst Ratings
anl88_arr_baml_statustime,Time at which the report was updated,"{'id': 'analyst88', 'name': 'Internal NLP'}","{'id': 'analyst', 'name': 'Analyst'}","{'id': 'analyst-analyst-ratings', 'name': 'Analyst Ratings'}",EUR,1,TOPCS1600,VECTOR,1.0,0.3673,0,0,1.4,[],analyst88,Internal NLP,analyst,Analyst,analyst-analyst-ratings,Analyst Ratings
anl88_arr_baml_synopsis_method1_neg,|' separated string of sentence negativity scores in synopsis based on method1,"{'id': 'analyst88', 'name': 'Internal NLP'}","{'id': 'analyst', 'name': 'Analyst'}","{'id': 'analyst-analyst-ratings', 'name': 'Analyst Ratings'}",EUR,1,TOPCS1600,VECTOR,1.0,0.3673,0,0,1.4,[],analyst88,Internal NLP,analyst,Analyst,analyst-analyst-ratings,Analyst Ratings
anl88_arr_baml_synopsis_method1_neu,|' separated string of sentence neutrality scores in synopsis based on method1,"{'id': 'analyst88', 'name': 'Internal NLP'}","{'id': 'analyst', 'name': 'Analyst'}","{'id': 'analyst-analyst-ratings', 'name': 'Analyst Ratings'}",EUR,1,TOPCS1600,VECTOR,1.0,0.3673,0,0,1.4,[],analyst88,Internal NLP,analyst,Analyst,analyst-analyst-ratings,Analyst Ratings
anl88_arr_baml_synopsis_method1_pos,|' separated string of sentence positivity scores in synopsis based on method1,"{'id': 'analyst88', 'name': 'Internal NLP'}","{'id': 'analyst', 'name': 'Analyst'}","{'id': 'analyst-analyst-ratings', 'name': 'Analyst Ratings'}",EUR,1,TOPCS1600,VECTOR,1.0,0.3673,0,0,1.4,[],analyst88,Internal NLP,analyst,Analyst,analyst-analyst-ratings,Analyst Ratings
anl88_arr_baml_synopsis_method1_tok,|' separated string of sentence level token count in synopsis based on method1,"{'id': 'analyst88', 'name': 'Internal NLP'}","{'id': 'analyst', 'name': 'Analyst'}","{'id': 'analyst-analyst-ratings', 'name': 'Analyst Ratings'}",EUR,1,TOPCS1600,VECTOR,1.0,0.3673,0,0,1.4,[],analyst88,Internal NLP,analyst,Analyst,analyst-analyst-ratings,Analyst Ratings
anl88_arr_baml_synopsis_method2_neg,|' separated string of sentence negativity scores in synopsis based on method2,"{'id': 'analyst88', 'name': 'Internal NLP'}","{'id': 'analyst', 'name': 'Analyst'}","{'id': 'analyst-analyst-ratings', 'name': 'Analyst Ratings'}",EUR,1,TOPCS1600,VECTOR,1.0,0.3673,0,0,1.4,[],analyst88,Internal NLP,analyst,Analyst,analyst-analyst-ratings,Analyst Ratings
anl88_arr_baml_synopsis_method2_obj,|' separated string of sentence objectivity scores in synopsis based on method2,"{'id': 'analyst88', 'name': 'Internal NLP'}","{'id': 'analyst', 'name': 'Analyst'}","{'id': 'analyst-analyst-ratings', 'name': 'Analyst Ratings'}",EUR,1,TOPCS1600,VECTOR,1.0,0.3673,0,0,1.4,[],analyst88,Internal NLP,analyst,Analyst,analyst-analyst-ratings,Analyst Ratings
anl88_arr_baml_synopsis_method2_pos,|' separated string of sentence positivity scores in synopsis based on method2,"{'id': 'analyst88', 'name': 'Internal NLP'}","{'id': 'analyst', 'name': 'Analyst'}","{'id': 'analyst-analyst-ratings', 'name': 'Analyst Ratings'}",EUR,1,TOPCS1600,VECTOR,1.0,0.3673,0,0,1.4,[],analyst88,Internal NLP,analyst,Analyst,analyst-analyst-ratings,Analyst Ratings
anl88_arr_baml_synopsis_method2_tok,|' separated string of sentence level token count in synopsis based on method2,"{'id': 'analyst88', 'name': 'Internal NLP'}","{'id': 'analyst', 'name': 'Analyst'}","{'id': 'analyst-analyst-ratings', 'name': 'Analyst Ratings'}",EUR,1,TOPCS1600,VECTOR,1.0,0.3673,0,0,1.4,[],analyst88,Internal NLP,analyst,Analyst,analyst-analyst-ratings,Analyst Ratings
anl88_arr_baml_synopsis_method3_neg,|' separated string of sentence negativity scores in synopsis based on method3,"{'id': 'analyst88', 'name': 'Internal NLP'}","{'id': 'analyst', 'name': 'Analyst'}","{'id': 'analyst-analyst-ratings', 'name': 'Analyst Ratings'}",EUR,1,TOPCS1600,VECTOR,1.0,0.3673,0,0,1.4,[],analyst88,Internal NLP,analyst,Analyst,analyst-analyst-ratings,Analyst Ratings
anl88_arr_baml_synopsis_method3_obj,|' separated string of sentence objectivity scores in synopsis based on method3,"{'id': 'analyst88', 'name': 'Internal NLP'}","{'id': 'analyst', 'name': 'Analyst'}","{'id': 'analyst-analyst-ratings', 'name': 'Analyst Ratings'}",EUR,1,TOPCS1600,VECTOR,1.0,0.3673,0,0,1.4,[],analyst88,Internal NLP,analyst,Analyst,analyst-analyst-ratings,Analyst Ratings
anl88_arr_baml_synopsis_method3_pos,|' separated string of sentence positivity scores in synopsis based on method3,"{'id': 'analyst88', 'name': 'Internal NLP'}","{'id': 'analyst', 'name': 'Analyst'}","{'id': 'analyst-analyst-ratings', 'name': 'Analyst Ratings'}",EUR,1,TOPCS1600,VECTOR,1.0,0.3673,0,0,1.4,[],analyst88,Internal NLP,analyst,Analyst,analyst-analyst-ratings,Analyst Ratings
anl88_arr_baml_synopsis_method3_tok,|' separated string of sentence level token count in synopsis based on method3,"{'id': 'analyst88', 'name': 'Internal NLP'}","{'id': 'analyst', 'name': 'Analyst'}","{'id': 'analyst-analyst-ratings', 'name': 'Analyst Ratings'}",EUR,1,TOPCS1600,VECTOR,1.0,0.3673,0,0,1.4,[],analyst88,Internal NLP,analyst,Analyst,analyst-analyst-ratings,Analyst Ratings
anl88_arr_baml_synopsis_method4_neg,|' separated string of sentence negativity scores in synopsis based on method4,"{'id': 'analyst88', 'name': 'Internal NLP'}","{'id': 'analyst', 'name': 'Analyst'}","{'id': 'analyst-analyst-ratings', 'name': 'Analyst Ratings'}",EUR,1,TOPCS1600,VECTOR,1.0,0.3673,0,0,1.4,[],analyst88,Internal NLP,analyst,Analyst,analyst-analyst-ratings,Analyst Ratings
anl88_arr_baml_synopsis_method4_obj,|' separated string of sentence objectivity scores in synopsis based on method4,"{'id': 'analyst88', 'name': 'Internal NLP'}","{'id': 'analyst', 'name': 'Analyst'}","{'id': 'analyst-analyst-ratings', 'name': 'Analyst Ratings'}",EUR,1,TOPCS1600,VECTOR,1.0,0.3673,0,0,1.4,[],analyst88,Internal NLP,analyst,Analyst,analyst-analyst-ratings,Analyst Ratings
anl88_arr_baml_synopsis_method4_pos,|' separated string of sentence positivity scores in synopsis based on method4,"{'id': 'analyst88', 'name': 'Internal NLP'}","{'id': 'analyst', 'name': 'Analyst'}","{'id': 'analyst-analyst-ratings', 'name': 'Analyst Ratings'}",EUR,1,TOPCS1600,VECTOR,1.0,0.3673,0,0,1.4,[],analyst88,Internal NLP,analyst,Analyst,analyst-analyst-ratings,Analyst Ratings
anl88_arr_baml_synopsis_method4_tok,|' separated string of sentence level token count in synopsis based on method4,"{'id': 'analyst88', 'name': 'Internal NLP'}","{'id': 'analyst', 'name': 'Analyst'}","{'id': 'analyst-analyst-ratings', 'name': 'Analyst Ratings'}",EUR,1,TOPCS1600,VECTOR,1.0,0.3673,0,0,1.4,[],analyst88,Internal NLP,analyst,Analyst,analyst-analyst-ratings,Analyst Ratings
anl88_arr_baml_synopsis_method5_neg,|' separated string of sentence negativity scores in synopsis based on method5,"{'id': 'analyst88', 'name': 'Internal NLP'}","{'id': 'analyst', 'name': 'Analyst'}","{'id': 'analyst-analyst-ratings', 'name': 'Analyst Ratings'}",EUR,1,TOPCS1600,VECTOR,1.0,0.3673,0,0,1.4,[],analyst88,Internal NLP,analyst,Analyst,analyst-analyst-ratings,Analyst Ratings
anl88_arr_baml_synopsis_method5_neu,|' separated string of sentence neutrality scores in synopsis based on method5,"{'id': 'analyst88', 'name': 'Internal NLP'}","{'id': 'analyst', 'name': 'Analyst'}","{'id': 'analyst-analyst-ratings', 'name': 'Analyst Ratings'}",EUR,1,TOPCS1600,VECTOR,1.0,0.3673,0,0,1.4,[],analyst88,Internal NLP,analyst,Analyst,analyst-analyst-ratings,Analyst Ratings
anl88_arr_baml_synopsis_method5_pos,|' separated string of sentence positivity scores in synopsis based on method5,"{'id': 'analyst88', 'name': 'Internal NLP'}","{'id': 'analyst', 'name': 'Analyst'}","{'id': 'analyst-analyst-ratings', 'name': 'Analyst Ratings'}",EUR,1,TOPCS1600,VECTOR,1.0,0.3673,0,0,1.4,[],analyst88,Internal NLP,analyst,Analyst,analyst-analyst-ratings,Analyst Ratings
anl88_arr_baml_synopsis_method5_tok,|' separated string of sentence level token count in synopsis based on method5,"{'id': 'analyst88', 'name': 'Internal NLP'}","{'id': 'analyst', 'name': 'Analyst'}","{'id': 'analyst-analyst-ratings', 'name': 'Analyst Ratings'}",EUR,1,TOPCS1600,VECTOR,1.0,0.3673,0,0,1.4,[],analyst88,Internal NLP,analyst,Analyst,analyst-analyst-ratings,Analyst Ratings
anl88_arr_baml_title_method1_neg,|' separated string of sentence negativity scores in title based on method1,"{'id': 'analyst88', 'name': 'Internal NLP'}","{'id': 'analyst', 'name': 'Analyst'}","{'id': 'analyst-analyst-ratings', 'name': 'Analyst Ratings'}",EUR,1,TOPCS1600,VECTOR,1.0,0.3673,0,0,1.4,[],analyst88,Internal NLP,analyst,Analyst,analyst-analyst-ratings,Analyst Ratings
anl88_arr_baml_title_method1_neu,|' separated string of sentence neutrality scores in title based on method1,"{'id': 'analyst88', 'name': 'Internal NLP'}","{'id': 'analyst', 'name': 'Analyst'}","{'id': 'analyst-analyst-ratings', 'name': 'Analyst Ratings'}",EUR,1,TOPCS1600,VECTOR,1.0,0.3673,0,0,1.4,[],analyst88,Internal NLP,analyst,Analyst,analyst-analyst-ratings,Analyst Ratings
anl88_arr_baml_title_method1_pos,|' separated string of sentence positivity scores in title based on method1,"{'id': 'analyst88', 'name': 'Internal NLP'}","{'id': 'analyst', 'name': 'Analyst'}","{'id': 'analyst-analyst-ratings', 'name': 'Analyst Ratings'}",EUR,1,TOPCS1600,VECTOR,1.0,0.3673,0,0,1.4,[],analyst88,Internal NLP,analyst,Analyst,analyst-analyst-ratings,Analyst Ratings
anl88_arr_baml_title_method1_tok,|' separated string of sentence level token count in title based on method1,"{'id': 'analyst88', 'name': 'Internal NLP'}","{'id': 'analyst', 'name': 'Analyst'}","{'id': 'analyst-analyst-ratings', 'name': 'Analyst Ratings'}",EUR,1,TOPCS1600,VECTOR,1.0,0.3673,0,0,1.4,[],analyst88,Internal NLP,analyst,Analyst,analyst-analyst-ratings,Analyst Ratings
anl88_arr_baml_title_method2_neg,|' separated string of sentence negativity scores in title based on method2,"{'id': 'analyst88', 'name': 'Internal NLP'}","{'id': 'analyst', 'name': 'Analyst'}","{'id': 'analyst-analyst-ratings', 'name': 'Analyst Ratings'}",EUR,1,TOPCS1600,VECTOR,1.0,0.3672,0,0,1.4,[],analyst88,Internal NLP,analyst,Analyst,analyst-analyst-ratings,Analyst Ratings
anl88_arr_baml_title_method2_obj,|' separated string of sentence objectivity scores in title based on method2,"{'id': 'analyst88', 'name': 'Internal NLP'}","{'id': 'analyst', 'name': 'Analyst'}","{'id': 'analyst-analyst-ratings', 'name': 'Analyst Ratings'}",EUR,1,TOPCS1600,VECTOR,1.0,0.3672,0,0,1.4,[],analyst88,Internal NLP,analyst,Analyst,analyst-analyst-ratings,Analyst Ratings
anl88_arr_baml_title_method2_pos,|' separated string of sentence positivity scores in title based on method2,"{'id': 'analyst88', 'name': 'Internal NLP'}","{'id': 'analyst', 'name': 'Analyst'}","{'id': 'analyst-analyst-ratings', 'name': 'Analyst Ratings'}",EUR,1,TOPCS1600,VECTOR,1.0,0.3672,0,0,1.4,[],analyst88,Internal NLP,analyst,Analyst,analyst-analyst-ratings,Analyst Ratings
anl88_arr_baml_title_method2_tok,|' separated string of sentence level token count in title based on method2,"{'id': 'analyst88', 'name': 'Internal NLP'}","{'id': 'analyst', 'name': 'Analyst'}","{'id': 'analyst-analyst-ratings', 'name': 'Analyst Ratings'}",EUR,1,TOPCS1600,VECTOR,1.0,0.3673,0,0,1.4,[],analyst88,Internal NLP,analyst,Analyst,analyst-analyst-ratings,Analyst Ratings
anl88_arr_baml_title_method3_neg,|' separated string of sentence negativity scores in title based on method3,"{'id': 'analyst88', 'name': 'Internal NLP'}","{'id': 'analyst', 'name': 'Analyst'}","{'id': 'analyst-analyst-ratings', 'name': 'Analyst Ratings'}",EUR,1,TOPCS1600,VECTOR,1.0,0.3672,0,0,1.4,[],analyst88,Internal NLP,analyst,Analyst,analyst-analyst-ratings,Analyst Ratings
anl88_arr_baml_title_method3_obj,|' separated string of sentence objectivity scores in title based on method3,"{'id': 'analyst88', 'name': 'Internal NLP'}","{'id': 'analyst', 'name': 'Analyst'}","{'id': 'analyst-analyst-ratings', 'name': 'Analyst Ratings'}",EUR,1,TOPCS1600,VECTOR,1.0,0.3672,0,0,1.4,[],analyst88,Internal NLP,analyst,Analyst,analyst-analyst-ratings,Analyst Ratings
anl88_arr_baml_title_method3_pos,|' separated string of sentence positivity scores in title based on method3,"{'id': 'analyst88', 'name': 'Internal NLP'}","{'id': 'analyst', 'name': 'Analyst'}","{'id': 'analyst-analyst-ratings', 'name': 'Analyst Ratings'}",EUR,1,TOPCS1600,VECTOR,1.0,0.3672,0,0,1.4,[],analyst88,Internal NLP,analyst,Analyst,analyst-analyst-ratings,Analyst Ratings
anl88_arr_baml_title_method3_tok,|' separated string of sentence level token count in title based on method3,"{'id': 'analyst88', 'name': 'Internal NLP'}","{'id': 'analyst', 'name': 'Analyst'}","{'id': 'analyst-analyst-ratings', 'name': 'Analyst Ratings'}",EUR,1,TOPCS1600,VECTOR,1.0,0.3673,0,0,1.4,[],analyst88,Internal NLP,analyst,Analyst,analyst-analyst-ratings,Analyst Ratings
anl88_arr_baml_title_method4_neg,|' separated string of sentence negativity scores in title based on method4,"{'id': 'analyst88', 'name': 'Internal NLP'}","{'id': 'analyst', 'name': 'Analyst'}","{'id': 'analyst-analyst-ratings', 'name': 'Analyst Ratings'}",EUR,1,TOPCS1600,VECTOR,1.0,0.3672,0,0,1.4,[],analyst88,Internal NLP,analyst,Analyst,analyst-analyst-ratings,Analyst Ratings
anl88_arr_baml_title_method4_obj,|' separated string of sentence objectivity scores in title based on method4,"{'id': 'analyst88', 'name': 'Internal NLP'}","{'id': 'analyst', 'name': 'Analyst'}","{'id': 'analyst-analyst-ratings', 'name': 'Analyst Ratings'}",EUR,1,TOPCS1600,VECTOR,1.0,0.3672,0,0,1.4,[],analyst88,Internal NLP,analyst,Analyst,analyst-analyst-ratings,Analyst Ratings
anl88_arr_baml_title_method4_pos,|' separated string of sentence positivity scores in title based on method4,"{'id': 'analyst88', 'name': 'Internal NLP'}","{'id': 'analyst', 'name': 'Analyst'}","{'id': 'analyst-analyst-ratings', 'name': 'Analyst Ratings'}",EUR,1,TOPCS1600,VECTOR,1.0,0.3672,0,0,1.4,[],analyst88,Internal NLP,analyst,Analyst,analyst-analyst-ratings,Analyst Ratings
anl88_arr_baml_title_method4_tok,|' separated string of sentence level token count in title based on method4,"{'id': 'analyst88', 'name': 'Internal NLP'}","{'id': 'analyst', 'name': 'Analyst'}","{'id': 'analyst-analyst-ratings', 'name': 'Analyst Ratings'}",EUR,1,TOPCS1600,VECTOR,1.0,0.3673,0,0,1.4,[],analyst88,Internal NLP,analyst,Analyst,analyst-analyst-ratings,Analyst Ratings
anl88_arr_baml_title_method5_neg,|' separated string of sentence negativity scores in title based on method5,"{'id': 'analyst88', 'name': 'Internal NLP'}","{'id': 'analyst', 'name': 'Analyst'}","{'id': 'analyst-analyst-ratings', 'name': 'Analyst Ratings'}",EUR,1,TOPCS1600,VECTOR,1.0,0.3673,0,0,1.4,[],analyst88,Internal NLP,analyst,Analyst,analyst-analyst-ratings,Analyst Ratings
anl88_arr_baml_title_method5_neu,|' separated string of sentence neutrality scores in title based on method5,"{'id': 'analyst88', 'name': 'Internal NLP'}","{'id': 'analyst', 'name': 'Analyst'}","{'id': 'analyst-analyst-ratings', 'name': 'Analyst Ratings'}",EUR,1,TOPCS1600,VECTOR,1.0,0.3673,0,0,1.4,[],analyst88,Internal NLP,analyst,Analyst,analyst-analyst-ratings,Analyst Ratings
anl88_arr_baml_title_method5_pos,|' separated string of sentence positivity scores in title based on method5,"{'id': 'analyst88', 'name': 'Internal NLP'}","{'id': 'analyst', 'name': 'Analyst'}","{'id': 'analyst-analyst-ratings', 'name': 'Analyst Ratings'}",EUR,1,TOPCS1600,VECTOR,1.0,0.3673,0,0,1.4,[],analyst88,Internal NLP,analyst,Analyst,analyst-analyst-ratings,Analyst Ratings
anl88_arr_baml_title_method5_tok,|' separated string of sentence level token count in title based on method5,"{'id': 'analyst88', 'name': 'Internal NLP'}","{'id': 'analyst', 'name': 'Analyst'}","{'id': 'analyst-analyst-ratings', 'name': 'Analyst Ratings'}",EUR,1,TOPCS1600,VECTOR,1.0,0.3673,0,0,1.4,[],analyst88,Internal NLP,analyst,Analyst,analyst-analyst-ratings,Analyst Ratings
anl88_arr_baml_wqreceivetime,Timestamp at which the file is received,"{'id': 'analyst88', 'name': 'Internal NLP'}","{'id': 'analyst', 'name': 'Analyst'}","{'id': 'analyst-analyst-ratings', 'name': 'Analyst Ratings'}",EUR,1,TOPCS1600,VECTOR,1.0,0.3673,0,0,1.4,[],analyst88,Internal NLP,analyst,Analyst,analyst-analyst-ratings,Analyst Ratings
anl88_arr_barclays_abstract_method1_neg,|' separated string of sentence negativity scores in abstract based on method1,"{'id': 'analyst88', 'name': 'Internal NLP'}","{'id': 'analyst', 'name': 'Analyst'}","{'id': 'analyst-analyst-ratings', 'name': 'Analyst Ratings'}",EUR,1,TOPCS1600,VECTOR,1.0,0.524,0,0,1.4,[],analyst88,Internal NLP,analyst,Analyst,analyst-analyst-ratings,Analyst Ratings
anl88_arr_barclays_abstract_method1_neu,|' separated string of sentence neutrality scores in abstract based on method1,"{'id': 'analyst88', 'name': 'Internal NLP'}","{'id': 'analyst', 'name': 'Analyst'}","{'id': 'analyst-analyst-ratings', 'name': 'Analyst Ratings'}",EUR,1,TOPCS1600,VECTOR,1.0,0.524,0,0,1.4,[],analyst88,Internal NLP,analyst,Analyst,analyst-analyst-ratings,Analyst Ratings
anl88_arr_barclays_abstract_method1_pos,|' separated string of sentence positivity scores in abstract based on method1,"{'id': 'analyst88', 'name': 'Internal NLP'}","{'id': 'analyst', 'name': 'Analyst'}","{'id': 'analyst-analyst-ratings', 'name': 'Analyst Ratings'}",EUR,1,TOPCS1600,VECTOR,1.0,0.524,0,0,1.4,[],analyst88,Internal NLP,analyst,Analyst,analyst-analyst-ratings,Analyst Ratings
anl88_arr_barclays_abstract_method1_tok,|' separated string of sentence level token count in abstract based on method1,"{'id': 'analyst88', 'name': 'Internal NLP'}","{'id': 'analyst', 'name': 'Analyst'}","{'id': 'analyst-analyst-ratings', 'name': 'Analyst Ratings'}",EUR,1,TOPCS1600,VECTOR,1.0,0.524,0,0,1.4,[],analyst88,Internal NLP,analyst,Analyst,analyst-analyst-ratings,Analyst Ratings
anl88_arr_barclays_abstract_method2_neg,|' separated string of sentence negativity scores in abstract based on method2,"{'id': 'analyst88', 'name': 'Internal NLP'}","{'id': 'analyst', 'name': 'Analyst'}","{'id': 'analyst-analyst-ratings', 'name': 'Analyst Ratings'}",EUR,1,TOPCS1600,VECTOR,1.0,0.524,0,0,1.4,[],analyst88,Internal NLP,analyst,Analyst,analyst-analyst-ratings,Analyst Ratings
anl88_arr_barclays_abstract_method2_obj,|' separated string of sentence objectivity scores in abstract based on method2,"{'id': 'analyst88', 'name': 'Internal NLP'}","{'id': 'analyst', 'name': 'Analyst'}","{'id': 'analyst-analyst-ratings', 'name': 'Analyst Ratings'}",EUR,1,TOPCS1600,VECTOR,1.0,0.524,0,0,1.4,[],analyst88,Internal NLP,analyst,Analyst,analyst-analyst-ratings,Analyst Ratings
anl88_arr_barclays_abstract_method2_pos,|' separated string of sentence positivity scores in abstract based on method2,"{'id': 'analyst88', 'name': 'Internal NLP'}","{'id': 'analyst', 'name': 'Analyst'}","{'id': 'analyst-analyst-ratings', 'name': 'Analyst Ratings'}",EUR,1,TOPCS1600,VECTOR,1.0,0.524,0,0,1.4,[],analyst88,Internal NLP,analyst,Analyst,analyst-analyst-ratings,Analyst Ratings
anl88_arr_barclays_abstract_method2_tok,|' separated string of sentence level token count in abstract based on method2,"{'id': 'analyst88', 'name': 'Internal NLP'}","{'id': 'analyst', 'name': 'Analyst'}","{'id': 'analyst-analyst-ratings', 'name': 'Analyst Ratings'}",EUR,1,TOPCS1600,VECTOR,1.0,0.524,0,0,1.4,[],analyst88,Internal NLP,analyst,Analyst,analyst-analyst-ratings,Analyst Ratings
anl88_arr_barclays_abstract_method3_neg,|' separated string of sentence negativity scores in abstract based on method3,"{'id': 'analyst88', 'name': 'Internal NLP'}","{'id': 'analyst', 'name': 'Analyst'}","{'id': 'analyst-analyst-ratings', 'name': 'Analyst Ratings'}",EUR,1,TOPCS1600,VECTOR,1.0,0.524,0,0,1.4,[],analyst88,Internal NLP,analyst,Analyst,analyst-analyst-ratings,Analyst Ratings
anl88_arr_barclays_abstract_method3_obj,|' separated string of sentence objectivity scores in abstract based on method3,"{'id': 'analyst88', 'name': 'Internal NLP'}","{'id': 'analyst', 'name': 'Analyst'}","{'id': 'analyst-analyst-ratings', 'name': 'Analyst Ratings'}",EUR,1,TOPCS1600,VECTOR,1.0,0.524,0,0,1.4,[],analyst88,Internal NLP,analyst,Analyst,analyst-analyst-ratings,Analyst Ratings
anl88_arr_barclays_abstract_method3_pos,|' separated string of sentence positivity scores in abstract based on method3,"{'id': 'analyst88', 'name': 'Internal NLP'}","{'id': 'analyst', 'name': 'Analyst'}","{'id': 'analyst-analyst-ratings', 'name': 'Analyst Ratings'}",EUR,1,TOPCS1600,VECTOR,1.0,0.524,0,0,1.4,[],analyst88,Internal NLP,analyst,Analyst,analyst-analyst-ratings,Analyst Ratings
anl88_arr_barclays_abstract_method3_tok,|' separated string of sentence level token count in abstract based on method3,"{'id': 'analyst88', 'name': 'Internal NLP'}","{'id': 'analyst', 'name': 'Analyst'}","{'id': 'analyst-analyst-ratings', 'name': 'Analyst Ratings'}",EUR,1,TOPCS1600,VECTOR,1.0,0.524,0,0,1.4,[],analyst88,Internal NLP,analyst,Analyst,analyst-analyst-ratings,Analyst Ratings
anl88_arr_barclays_abstract_method4_neg,|' separated string of sentence negativity scores in abstract based on method4,"{'id': 'analyst88', 'name': 'Internal NLP'}","{'id': 'analyst', 'name': 'Analyst'}","{'id': 'analyst-analyst-ratings', 'name': 'Analyst Ratings'}",EUR,1,TOPCS1600,VECTOR,1.0,0.524,0,0,1.4,[],analyst88,Internal NLP,analyst,Analyst,analyst-analyst-ratings,Analyst Ratings
anl88_arr_barclays_abstract_method4_obj,|' separated string of sentence objectivity scores in abstract based on method4,"{'id': 'analyst88', 'name': 'Internal NLP'}","{'id': 'analyst', 'name': 'Analyst'}","{'id': 'analyst-analyst-ratings', 'name': 'Analyst Ratings'}",EUR,1,TOPCS1600,VECTOR,1.0,0.524,0,0,1.4,[],analyst88,Internal NLP,analyst,Analyst,analyst-analyst-ratings,Analyst Ratings
anl88_arr_barclays_abstract_method4_pos,|' separated string of sentence positivity scores in abstract based on method4,"{'id': 'analyst88', 'name': 'Internal NLP'}","{'id': 'analyst', 'name': 'Analyst'}","{'id': 'analyst-analyst-ratings', 'name': 'Analyst Ratings'}",EUR,1,TOPCS1600,VECTOR,1.0,0.524,0,0,1.4,[],analyst88,Internal NLP,analyst,Analyst,analyst-analyst-ratings,Analyst Ratings
anl88_arr_barclays_abstract_method4_tok,|' separated string of sentence level token count in abstract based on method4,"{'id': 'analyst88', 'name': 'Internal NLP'}","{'id': 'analyst', 'name': 'Analyst'}","{'id': 'analyst-analyst-ratings', 'name': 'Analyst Ratings'}",EUR,1,TOPCS1600,VECTOR,1.0,0.524,0,0,1.4,[],analyst88,Internal NLP,analyst,Analyst,analyst-analyst-ratings,Analyst Ratings
anl88_arr_barclays_abstract_method5_neg,|' separated string of sentence negativity scores in abstract based on method5,"{'id': 'analyst88', 'name': 'Internal NLP'}","{'id': 'analyst', 'name': 'Analyst'}","{'id': 'analyst-analyst-ratings', 'name': 'Analyst Ratings'}",EUR,1,TOPCS1600,VECTOR,1.0,0.524,0,0,1.4,[],analyst88,Internal NLP,analyst,Analyst,analyst-analyst-ratings,Analyst Ratings
anl88_arr_barclays_abstract_method5_neu,|' separated string of sentence neutrality scores in abstract based on method5,"{'id': 'analyst88', 'name': 'Internal NLP'}","{'id': 'analyst', 'name': 'Analyst'}","{'id': 'analyst-analyst-ratings', 'name': 'Analyst Ratings'}",EUR,1,TOPCS1600,VECTOR,1.0,0.524,0,0,1.4,[],analyst88,Internal NLP,analyst,Analyst,analyst-analyst-ratings,Analyst Ratings
anl88_arr_barclays_abstract_method5_pos,|' separated string of sentence positivity scores in abstract based on method5,"{'id': 'analyst88', 'name': 'Internal NLP'}","{'id': 'analyst', 'name': 'Analyst'}","{'id': 'analyst-analyst-ratings', 'name': 'Analyst Ratings'}",EUR,1,TOPCS1600,VECTOR,1.0,0.524,0,0,1.4,[],analyst88,Internal NLP,analyst,Analyst,analyst-analyst-ratings,Analyst Ratings
anl88_arr_barclays_abstract_method5_tok,|' separated string of sentence level token count in abstract based on method5,"{'id': 'analyst88', 'name': 'Internal NLP'}","{'id': 'analyst', 'name': 'Analyst'}","{'id': 'analyst-analyst-ratings', 'name': 'Analyst Ratings'}",EUR,1,TOPCS1600,VECTOR,1.0,0.524,0,0,1.4,[],analyst88,Internal NLP,analyst,Analyst,analyst-analyst-ratings,Analyst Ratings
anl88_arr_barclays_modifytimeutc,Modify date of the file in UTC,"{'id': 'analyst88', 'name': 'Internal NLP'}","{'id': 'analyst', 'name': 'Analyst'}","{'id': 'analyst-analyst-ratings', 'name': 'Analyst Ratings'}",EUR,1,TOPCS1600,VECTOR,1.0,0.524,0,0,1.4,[],analyst88,Internal NLP,analyst,Analyst,analyst-analyst-ratings,Analyst Ratings
anl88_arr_barclays_modifytimeutctime,Modify time of the file in UTC,"{'id': 'analyst88', 'name': 'Internal NLP'}","{'id': 'analyst', 'name': 'Analyst'}","{'id': 'analyst-analyst-ratings', 'name': 'Analyst Ratings'}",EUR,1,TOPCS1600,VECTOR,1.0,0.524,0,0,1.4,[],analyst88,Internal NLP,analyst,Analyst,analyst-analyst-ratings,Analyst Ratings
anl88_arr_barclays_publicationtime,Publication time of the report,"{'id': 'analyst88', 'name': 'Internal NLP'}","{'id': 'analyst', 'name': 'Analyst'}","{'id': 'analyst-analyst-ratings', 'name': 'Analyst Ratings'}",EUR,1,TOPCS1600,VECTOR,1.0,0.524,0,0,1.4,[],analyst88,Internal NLP,analyst,Analyst,analyst-analyst-ratings,Analyst Ratings
anl88_arr_barclays_statustime,Time at which the report was updated,"{'id': 'analyst88', 'name': 'Internal NLP'}","{'id': 'analyst', 'name': 'Analyst'}","{'id': 'analyst-analyst-ratings', 'name': 'Analyst Ratings'}",EUR,1,TOPCS1600,VECTOR,1.0,0.524,0,0,1.4,[],analyst88,Internal NLP,analyst,Analyst,analyst-analyst-ratings,Analyst Ratings
anl88_arr_barclays_title_method1_neg,|' separated string of sentence negativity scores in title based on method1,"{'id': 'analyst88', 'name': 'Internal NLP'}","{'id': 'analyst', 'name': 'Analyst'}","{'id': 'analyst-analyst-ratings', 'name': 'Analyst Ratings'}",EUR,1,TOPCS1600,VECTOR,1.0,0.524,0,0,1.4,[],analyst88,Internal NLP,analyst,Analyst,analyst-analyst-ratings,Analyst Ratings
anl88_arr_barclays_title_method1_neu,|' separated string of sentence neutrality scores in title based on method1,"{'id': 'analyst88', 'name': 'Internal NLP'}","{'id': 'analyst', 'name': 'Analyst'}","{'id': 'analyst-analyst-ratings', 'name': 'Analyst Ratings'}",EUR,1,TOPCS1600,VECTOR,1.0,0.524,0,0,1.4,[],analyst88,Internal NLP,analyst,Analyst,analyst-analyst-ratings,Analyst Ratings
anl88_arr_barclays_title_method1_pos,|' separated string of sentence positivity scores in title based on method1,"{'id': 'analyst88', 'name': 'Internal NLP'}","{'id': 'analyst', 'name': 'Analyst'}","{'id': 'analyst-analyst-ratings', 'name': 'Analyst Ratings'}",EUR,1,TOPCS1600,VECTOR,1.0,0.524,0,0,1.4,[],analyst88,Internal NLP,analyst,Analyst,analyst-analyst-ratings,Analyst Ratings
anl88_arr_barclays_title_method1_tok,|' separated string of sentence level token count in title based on method1,"{'id': 'analyst88', 'name': 'Internal NLP'}","{'id': 'analyst', 'name': 'Analyst'}","{'id': 'analyst-analyst-ratings', 'name': 'Analyst Ratings'}",EUR,1,TOPCS1600,VECTOR,1.0,0.524,0,0,1.4,[],analyst88,Internal NLP,analyst,Analyst,analyst-analyst-ratings,Analyst Ratings
anl88_arr_barclays_title_method2_neg,|' separated string of sentence negativity scores in title based on method2,"{'id': 'analyst88', 'name': 'Internal NLP'}","{'id': 'analyst', 'name': 'Analyst'}","{'id': 'analyst-analyst-ratings', 'name': 'Analyst Ratings'}",EUR,1,TOPCS1600,VECTOR,1.0,0.5239,0,0,1.4,[],analyst88,Internal NLP,analyst,Analyst,analyst-analyst-ratings,Analyst Ratings
anl88_arr_barclays_title_method2_obj,|' separated string of sentence objectivity scores in title based on method2,"{'id': 'analyst88', 'name': 'Internal NLP'}","{'id': 'analyst', 'name': 'Analyst'}","{'id': 'analyst-analyst-ratings', 'name': 'Analyst Ratings'}",EUR,1,TOPCS1600,VECTOR,1.0,0.5239,0,0,1.4,[],analyst88,Internal NLP,analyst,Analyst,analyst-analyst-ratings,Analyst Ratings
anl88_arr_barclays_title_method2_pos,|' separated string of sentence positivity scores in title based on method2,"{'id': 'analyst88', 'name': 'Internal NLP'}","{'id': 'analyst', 'name': 'Analyst'}","{'id': 'analyst-analyst-ratings', 'name': 'Analyst Ratings'}",EUR,1,TOPCS1600,VECTOR,1.0,0.5239,0,0,1.4,[],analyst88,Internal NLP,analyst,Analyst,analyst-analyst-ratings,Analyst Ratings
anl88_arr_barclays_title_method2_tok,|' separated string of sentence level token count in title based on method2,"{'id': 'analyst88', 'name': 'Internal NLP'}","{'id': 'analyst', 'name': 'Analyst'}","{'id': 'analyst-analyst-ratings', 'name': 'Analyst Ratings'}",EUR,1,TOPCS1600,VECTOR,1.0,0.524,0,0,1.4,[],analyst88,Internal NLP,analyst,Analyst,analyst-analyst-ratings,Analyst Ratings
anl88_arr_barclays_title_method3_neg,|' separated string of sentence negativity scores in title based on method3,"{'id': 'analyst88', 'name': 'Internal NLP'}","{'id': 'analyst', 'name': 'Analyst'}","{'id': 'analyst-analyst-ratings', 'name': 'Analyst Ratings'}",EUR,1,TOPCS1600,VECTOR,1.0,0.5239,0,0,1.4,[],analyst88,Internal NLP,analyst,Analyst,analyst-analyst-ratings,Analyst Ratings
anl88_arr_barclays_title_method3_obj,|' separated string of sentence objectivity scores in title based on method3,"{'id': 'analyst88', 'name': 'Internal NLP'}","{'id': 'analyst', 'name': 'Analyst'}","{'id': 'analyst-analyst-ratings', 'name': 'Analyst Ratings'}",EUR,1,TOPCS1600,VECTOR,1.0,0.5239,0,0,1.4,[],analyst88,Internal NLP,analyst,Analyst,analyst-analyst-ratings,Analyst Ratings
anl88_arr_barclays_title_method3_pos,|' separated string of sentence positivity scores in title based on method3,"{'id': 'analyst88', 'name': 'Internal NLP'}","{'id': 'analyst', 'name': 'Analyst'}","{'id': 'analyst-analyst-ratings', 'name': 'Analyst Ratings'}",EUR,1,TOPCS1600,VECTOR,1.0,0.5239,0,0,1.4,[],analyst88,Internal NLP,analyst,Analyst,analyst-analyst-ratings,Analyst Ratings
anl88_arr_barclays_title_method3_tok,|' separated string of sentence level token count in title based on method3,"{'id': 'analyst88', 'name': 'Internal NLP'}","{'id': 'analyst', 'name': 'Analyst'}","{'id': 'analyst-analyst-ratings', 'name': 'Analyst Ratings'}",EUR,1,TOPCS1600,VECTOR,1.0,0.524,0,0,1.4,[],analyst88,Internal NLP,analyst,Analyst,analyst-analyst-ratings,Analyst Ratings
anl88_arr_barclays_title_method4_neg,|' separated string of sentence negativity scores in title based on method4,"{'id': 'analyst88', 'name': 'Internal NLP'}","{'id': 'analyst', 'name': 'Analyst'}","{'id': 'analyst-analyst-ratings', 'name': 'Analyst Ratings'}",EUR,1,TOPCS1600,VECTOR,1.0,0.5239,0,0,1.4,[],analyst88,Internal NLP,analyst,Analyst,analyst-analyst-ratings,Analyst Ratings
anl88_arr_barclays_title_method4_obj,|' separated string of sentence objectivity scores in title based on method4,"{'id': 'analyst88', 'name': 'Internal NLP'}","{'id': 'analyst', 'name': 'Analyst'}","{'id': 'analyst-analyst-ratings', 'name': 'Analyst Ratings'}",EUR,1,TOPCS1600,VECTOR,1.0,0.5239,0,0,1.4,[],analyst88,Internal NLP,analyst,Analyst,analyst-analyst-ratings,Analyst Ratings
anl88_arr_barclays_title_method4_pos,|' separated string of sentence positivity scores in title based on method4,"{'id': 'analyst88', 'name': 'Internal NLP'}","{'id': 'analyst', 'name': 'Analyst'}","{'id': 'analyst-analyst-ratings', 'name': 'Analyst Ratings'}",EUR,1,TOPCS1600,VECTOR,1.0,0.5239,0,0,1.4,[],analyst88,Internal NLP,analyst,Analyst,analyst-analyst-ratings,Analyst Ratings
anl88_arr_barclays_title_method4_tok,|' separated string of sentence level token count in title based on method4,"{'id': 'analyst88', 'name': 'Internal NLP'}","{'id': 'analyst', 'name': 'Analyst'}","{'id': 'analyst-analyst-ratings', 'name': 'Analyst Ratings'}",EUR,1,TOPCS1600,VECTOR,1.0,0.524,0,0,1.4,[],analyst88,Internal NLP,analyst,Analyst,analyst-analyst-ratings,Analyst Ratings
anl88_arr_barclays_title_method5_neg,|' separated string of sentence negativity scores in title based on method5,"{'id': 'analyst88', 'name': 'Internal NLP'}","{'id': 'analyst', 'name': 'Analyst'}","{'id': 'analyst-analyst-ratings', 'name': 'Analyst Ratings'}",EUR,1,TOPCS1600,VECTOR,1.0,0.524,0,0,1.4,[],analyst88,Internal NLP,analyst,Analyst,analyst-analyst-ratings,Analyst Ratings
anl88_arr_barclays_title_method5_neu,|' separated string of sentence neutrality scores in title based on method5,"{'id': 'analyst88', 'name': 'Internal NLP'}","{'id': 'analyst', 'name': 'Analyst'}","{'id': 'analyst-analyst-ratings', 'name': 'Analyst Ratings'}",EUR,1,TOPCS1600,VECTOR,1.0,0.524,0,0,1.4,[],analyst88,Internal NLP,analyst,Analyst,analyst-analyst-ratings,Analyst Ratings
anl88_arr_barclays_title_method5_pos,|' separated string of sentence positivity scores in title based on method5,"{'id': 'analyst88', 'name': 'Internal NLP'}","{'id': 'analyst', 'name': 'Analyst'}","{'id': 'analyst-analyst-ratings', 'name': 'Analyst Ratings'}",EUR,1,TOPCS1600,VECTOR,1.0,0.524,0,0,1.4,[],analyst88,Internal NLP,analyst,Analyst,analyst-analyst-ratings,Analyst Ratings
anl88_arr_barclays_title_method5_tok,|' separated string of sentence level token count in title based on method5,"{'id': 'analyst88', 'name': 'Internal NLP'}","{'id': 'analyst', 'name': 'Analyst'}","{'id': 'analyst-analyst-ratings', 'name': 'Analyst Ratings'}",EUR,1,TOPCS1600,VECTOR,1.0,0.524,0,0,1.4,[],analyst88,Internal NLP,analyst,Analyst,analyst-analyst-ratings,Analyst Ratings
anl88_arr_barclays_wqreceivetime,Timestamp at which the file is received,"{'id': 'analyst88', 'name': 'Internal NLP'}","{'id': 'analyst', 'name': 'Analyst'}","{'id': 'analyst-analyst-ratings', 'name': 'Analyst Ratings'}",EUR,1,TOPCS1600,VECTOR,1.0,0.524,0,0,1.4,[],analyst88,Internal NLP,analyst,Analyst,analyst-analyst-ratings,Analyst Ratings
anl88_arr_db_abstract_method1_neg,|' separated string of sentence negativity scores in abstract based on method1,"{'id': 'analyst88', 'name': 'Internal NLP'}","{'id': 'analyst', 'name': 'Analyst'}","{'id': 'analyst-analyst-ratings', 'name': 'Analyst Ratings'}",EUR,1,TOPCS1600,VECTOR,1.0,0.3198,0,0,1.4,[],analyst88,Internal NLP,analyst,Analyst,analyst-analyst-ratings,Analyst Ratings
anl88_arr_db_abstract_method1_neu,|' separated string of sentence neutrality scores in abstract based on method1,"{'id': 'analyst88', 'name': 'Internal NLP'}","{'id': 'analyst', 'name': 'Analyst'}","{'id': 'analyst-analyst-ratings', 'name': 'Analyst Ratings'}",EUR,1,TOPCS1600,VECTOR,1.0,0.3198,0,0,1.4,[],analyst88,Internal NLP,analyst,Analyst,analyst-analyst-ratings,Analyst Ratings
anl88_arr_db_abstract_method1_pos,|' separated string of sentence positivity scores in abstract based on method1,"{'id': 'analyst88', 'name': 'Internal NLP'}","{'id': 'analyst', 'name': 'Analyst'}","{'id': 'analyst-analyst-ratings', 'name': 'Analyst Ratings'}",EUR,1,TOPCS1600,VECTOR,1.0,0.3198,0,0,1.4,[],analyst88,Internal NLP,analyst,Analyst,analyst-analyst-ratings,Analyst Ratings
anl88_arr_db_abstract_method1_tok,|' separated string of sentence level token count in abstract based on method1,"{'id': 'analyst88', 'name': 'Internal NLP'}","{'id': 'analyst', 'name': 'Analyst'}","{'id': 'analyst-analyst-ratings', 'name': 'Analyst Ratings'}",EUR,1,TOPCS1600,VECTOR,1.0,0.3198,0,0,1.4,[],analyst88,Internal NLP,analyst,Analyst,analyst-analyst-ratings,Analyst Ratings
anl88_arr_db_abstract_method2_neg,|' separated string of sentence negativity scores in abstract based on method2,"{'id': 'analyst88', 'name': 'Internal NLP'}","{'id': 'analyst', 'name': 'Analyst'}","{'id': 'analyst-analyst-ratings', 'name': 'Analyst Ratings'}",EUR,1,TOPCS1600,VECTOR,1.0,0.3198,0,0,1.4,[],analyst88,Internal NLP,analyst,Analyst,analyst-analyst-ratings,Analyst Ratings
anl88_arr_db_abstract_method2_obj,|' separated string of sentence objectivity scores in abstract based on method2,"{'id': 'analyst88', 'name': 'Internal NLP'}","{'id': 'analyst', 'name': 'Analyst'}","{'id': 'analyst-analyst-ratings', 'name': 'Analyst Ratings'}",EUR,1,TOPCS1600,VECTOR,1.0,0.3198,0,0,1.4,[],analyst88,Internal NLP,analyst,Analyst,analyst-analyst-ratings,Analyst Ratings
anl88_arr_db_abstract_method2_pos,|' separated string of sentence positivity scores in abstract based on method2,"{'id': 'analyst88', 'name': 'Internal NLP'}","{'id': 'analyst', 'name': 'Analyst'}","{'id': 'analyst-analyst-ratings', 'name': 'Analyst Ratings'}",EUR,1,TOPCS1600,VECTOR,1.0,0.3198,0,0,1.4,[],analyst88,Internal NLP,analyst,Analyst,analyst-analyst-ratings,Analyst Ratings
anl88_arr_db_abstract_method2_tok,|' separated string of sentence level token count in abstract based on method2,"{'id': 'analyst88', 'name': 'Internal NLP'}","{'id': 'analyst', 'name': 'Analyst'}","{'id': 'analyst-analyst-ratings', 'name': 'Analyst Ratings'}",EUR,1,TOPCS1600,VECTOR,1.0,0.3198,0,0,1.4,[],analyst88,Internal NLP,analyst,Analyst,analyst-analyst-ratings,Analyst Ratings
anl88_arr_db_abstract_method3_neg,|' separated string of sentence negativity scores in abstract based on method3,"{'id': 'analyst88', 'name': 'Internal NLP'}","{'id': 'analyst', 'name': 'Analyst'}","{'id': 'analyst-analyst-ratings', 'name': 'Analyst Ratings'}",EUR,1,TOPCS1600,VECTOR,1.0,0.3198,0,0,1.4,[],analyst88,Internal NLP,analyst,Analyst,analyst-analyst-ratings,Analyst Ratings
anl88_arr_db_abstract_method3_obj,|' separated string of sentence objectivity scores in abstract based on method3,"{'id': 'analyst88', 'name': 'Internal NLP'}","{'id': 'analyst', 'name': 'Analyst'}","{'id': 'analyst-analyst-ratings', 'name': 'Analyst Ratings'}",EUR,1,TOPCS1600,VECTOR,1.0,0.3198,0,0,1.4,[],analyst88,Internal NLP,analyst,Analyst,analyst-analyst-ratings,Analyst Ratings
anl88_arr_db_abstract_method3_pos,|' separated string of sentence positivity scores in abstract based on method3,"{'id': 'analyst88', 'name': 'Internal NLP'}","{'id': 'analyst', 'name': 'Analyst'}","{'id': 'analyst-analyst-ratings', 'name': 'Analyst Ratings'}",EUR,1,TOPCS1600,VECTOR,1.0,0.3198,0,0,1.4,[],analyst88,Internal NLP,analyst,Analyst,analyst-analyst-ratings,Analyst Ratings
anl88_arr_db_abstract_method3_tok,|' separated string of sentence level token count in abstract based on method3,"{'id': 'analyst88', 'name': 'Internal NLP'}","{'id': 'analyst', 'name': 'Analyst'}","{'id': 'analyst-analyst-ratings', 'name': 'Analyst Ratings'}",EUR,1,TOPCS1600,VECTOR,1.0,0.3198,0,0,1.4,[],analyst88,Internal NLP,analyst,Analyst,analyst-analyst-ratings,Analyst Ratings
anl88_arr_db_abstract_method4_neg,|' separated string of sentence negativity scores in abstract based on method4,"{'id': 'analyst88', 'name': 'Internal NLP'}","{'id': 'analyst', 'name': 'Analyst'}","{'id': 'analyst-analyst-ratings', 'name': 'Analyst Ratings'}",EUR,1,TOPCS1600,VECTOR,1.0,0.3198,0,0,1.4,[],analyst88,Internal NLP,analyst,Analyst,analyst-analyst-ratings,Analyst Ratings
anl88_arr_db_abstract_method4_obj,|' separated string of sentence objectivity scores in abstract based on method4,"{'id': 'analyst88', 'name': 'Internal NLP'}","{'id': 'analyst', 'name': 'Analyst'}","{'id': 'analyst-analyst-ratings', 'name': 'Analyst Ratings'}",EUR,1,TOPCS1600,VECTOR,1.0,0.3198,0,0,1.4,[],analyst88,Internal NLP,analyst,Analyst,analyst-analyst-ratings,Analyst Ratings
anl88_arr_db_abstract_method4_pos,|' separated string of sentence positivity scores in abstract based on method4,"{'id': 'analyst88', 'name': 'Internal NLP'}","{'id': 'analyst', 'name': 'Analyst'}","{'id': 'analyst-analyst-ratings', 'name': 'Analyst Ratings'}",EUR,1,TOPCS1600,VECTOR,1.0,0.3198,0,0,1.4,[],analyst88,Internal NLP,analyst,Analyst,analyst-analyst-ratings,Analyst Ratings
anl88_arr_db_abstract_method4_tok,|' separated string of sentence level token count in abstract based on method4,"{'id': 'analyst88', 'name': 'Internal NLP'}","{'id': 'analyst', 'name': 'Analyst'}","{'id': 'analyst-analyst-ratings', 'name': 'Analyst Ratings'}",EUR,1,TOPCS1600,VECTOR,1.0,0.3198,0,0,1.4,[],analyst88,Internal NLP,analyst,Analyst,analyst-analyst-ratings,Analyst Ratings
anl88_arr_db_abstract_method5_neg,|' separated string of sentence negativity scores in abstract based on method5,"{'id': 'analyst88', 'name': 'Internal NLP'}","{'id': 'analyst', 'name': 'Analyst'}","{'id': 'analyst-analyst-ratings', 'name': 'Analyst Ratings'}",EUR,1,TOPCS1600,VECTOR,1.0,0.3198,0,0,1.4,[],analyst88,Internal NLP,analyst,Analyst,analyst-analyst-ratings,Analyst Ratings
anl88_arr_db_abstract_method5_neu,|' separated string of sentence neutrality scores in abstract based on method5,"{'id': 'analyst88', 'name': 'Internal NLP'}","{'id': 'analyst', 'name': 'Analyst'}","{'id': 'analyst-analyst-ratings', 'name': 'Analyst Ratings'}",EUR,1,TOPCS1600,VECTOR,1.0,0.3198,0,0,1.4,[],analyst88,Internal NLP,analyst,Analyst,analyst-analyst-ratings,Analyst Ratings
anl88_arr_db_abstract_method5_pos,|' separated string of sentence positivity scores in abstract based on method5,"{'id': 'analyst88', 'name': 'Internal NLP'}","{'id': 'analyst', 'name': 'Analyst'}","{'id': 'analyst-analyst-ratings', 'name': 'Analyst Ratings'}",EUR,1,TOPCS1600,VECTOR,1.0,0.3198,0,0,1.4,[],analyst88,Internal NLP,analyst,Analyst,analyst-analyst-ratings,Analyst Ratings
anl88_arr_db_abstract_method5_tok,|' separated string of sentence level token count in abstract based on method5,"{'id': 'analyst88', 'name': 'Internal NLP'}","{'id': 'analyst', 'name': 'Analyst'}","{'id': 'analyst-analyst-ratings', 'name': 'Analyst Ratings'}",EUR,1,TOPCS1600,VECTOR,1.0,0.3198,0,0,1.4,[],analyst88,Internal NLP,analyst,Analyst,analyst-analyst-ratings,Analyst Ratings
anl88_arr_db_publicationtime,Publication time of the report,"{'id': 'analyst88', 'name': 'Internal NLP'}","{'id': 'analyst', 'name': 'Analyst'}","{'id': 'analyst-analyst-ratings', 'name': 'Analyst Ratings'}",EUR,1,TOPCS1600,VECTOR,1.0,0.3427,0,0,1.4,[],analyst88,Internal NLP,analyst,Analyst,analyst-analyst-ratings,Analyst Ratings
anl88_arr_db_statustime,Time at which the report was updated,"{'id': 'analyst88', 'name': 'Internal NLP'}","{'id': 'analyst', 'name': 'Analyst'}","{'id': 'analyst-analyst-ratings', 'name': 'Analyst Ratings'}",EUR,1,TOPCS1600,VECTOR,1.0,0.3427,0,0,1.4,[],analyst88,Internal NLP,analyst,Analyst,analyst-analyst-ratings,Analyst Ratings
anl88_arr_db_synopsis_method1_neg,|' separated string of sentence negativity scores in synopsis based on method1,"{'id': 'analyst88', 'name': 'Internal NLP'}","{'id': 'analyst', 'name': 'Analyst'}","{'id': 'analyst-analyst-ratings', 'name': 'Analyst Ratings'}",EUR,1,TOPCS1600,VECTOR,1.0,0.3198,0,0,1.4,[],analyst88,Internal NLP,analyst,Analyst,analyst-analyst-ratings,Analyst Ratings
anl88_arr_db_synopsis_method1_neu,|' separated string of sentence neutrality scores in synopsis based on method1,"{'id': 'analyst88', 'name': 'Internal NLP'}","{'id': 'analyst', 'name': 'Analyst'}","{'id': 'analyst-analyst-ratings', 'name': 'Analyst Ratings'}",EUR,1,TOPCS1600,VECTOR,1.0,0.3198,0,0,1.4,[],analyst88,Internal NLP,analyst,Analyst,analyst-analyst-ratings,Analyst Ratings
anl88_arr_db_synopsis_method1_pos,|' separated string of sentence positivity scores in synopsis based on method1,"{'id': 'analyst88', 'name': 'Internal NLP'}","{'id': 'analyst', 'name': 'Analyst'}","{'id': 'analyst-analyst-ratings', 'name': 'Analyst Ratings'}",EUR,1,TOPCS1600,VECTOR,1.0,0.3198,0,0,1.4,[],analyst88,Internal NLP,analyst,Analyst,analyst-analyst-ratings,Analyst Ratings
anl88_arr_db_synopsis_method1_tok,|' separated string of sentence level token count in synopsis based on method1,"{'id': 'analyst88', 'name': 'Internal NLP'}","{'id': 'analyst', 'name': 'Analyst'}","{'id': 'analyst-analyst-ratings', 'name': 'Analyst Ratings'}",EUR,1,TOPCS1600,VECTOR,1.0,0.3198,0,0,1.4,[],analyst88,Internal NLP,analyst,Analyst,analyst-analyst-ratings,Analyst Ratings
anl88_arr_db_synopsis_method2_neg,|' separated string of sentence negativity scores in synopsis based on method2,"{'id': 'analyst88', 'name': 'Internal NLP'}","{'id': 'analyst', 'name': 'Analyst'}","{'id': 'analyst-analyst-ratings', 'name': 'Analyst Ratings'}",EUR,1,TOPCS1600,VECTOR,1.0,0.3198,0,0,1.4,[],analyst88,Internal NLP,analyst,Analyst,analyst-analyst-ratings,Analyst Ratings
anl88_arr_db_synopsis_method2_obj,|' separated string of sentence objectivity scores in synopsis based on method2,"{'id': 'analyst88', 'name': 'Internal NLP'}","{'id': 'analyst', 'name': 'Analyst'}","{'id': 'analyst-analyst-ratings', 'name': 'Analyst Ratings'}",EUR,1,TOPCS1600,VECTOR,1.0,0.3198,0,0,1.4,[],analyst88,Internal NLP,analyst,Analyst,analyst-analyst-ratings,Analyst Ratings
anl88_arr_db_synopsis_method2_pos,|' separated string of sentence positivity scores in synopsis based on method2,"{'id': 'analyst88', 'name': 'Internal NLP'}","{'id': 'analyst', 'name': 'Analyst'}","{'id': 'analyst-analyst-ratings', 'name': 'Analyst Ratings'}",EUR,1,TOPCS1600,VECTOR,1.0,0.3198,0,0,1.4,[],analyst88,Internal NLP,analyst,Analyst,analyst-analyst-ratings,Analyst Ratings
anl88_arr_db_synopsis_method2_tok,|' separated string of sentence level token count in synopsis based on method2,"{'id': 'analyst88', 'name': 'Internal NLP'}","{'id': 'analyst', 'name': 'Analyst'}","{'id': 'analyst-analyst-ratings', 'name': 'Analyst Ratings'}",EUR,1,TOPCS1600,VECTOR,1.0,0.3198,0,0,1.4,[],analyst88,Internal NLP,analyst,Analyst,analyst-analyst-ratings,Analyst Ratings
anl88_arr_db_synopsis_method3_neg,|' separated string of sentence negativity scores in synopsis based on method3,"{'id': 'analyst88', 'name': 'Internal NLP'}","{'id': 'analyst', 'name': 'Analyst'}","{'id': 'analyst-analyst-ratings', 'name': 'Analyst Ratings'}",EUR,1,TOPCS1600,VECTOR,1.0,0.3198,0,0,1.4,[],analyst88,Internal NLP,analyst,Analyst,analyst-analyst-ratings,Analyst Ratings
anl88_arr_db_synopsis_method3_obj,|' separated string of sentence objectivity scores in synopsis based on method3,"{'id': 'analyst88', 'name': 'Internal NLP'}","{'id': 'analyst', 'name': 'Analyst'}","{'id': 'analyst-analyst-ratings', 'name': 'Analyst Ratings'}",EUR,1,TOPCS1600,VECTOR,1.0,0.3198,0,0,1.4,[],analyst88,Internal NLP,analyst,Analyst,analyst-analyst-ratings,Analyst Ratings
anl88_arr_db_synopsis_method3_pos,|' separated string of sentence positivity scores in synopsis based on method3,"{'id': 'analyst88', 'name': 'Internal NLP'}","{'id': 'analyst', 'name': 'Analyst'}","{'id': 'analyst-analyst-ratings', 'name': 'Analyst Ratings'}",EUR,1,TOPCS1600,VECTOR,1.0,0.3198,0,0,1.4,[],analyst88,Internal NLP,analyst,Analyst,analyst-analyst-ratings,Analyst Ratings
anl88_arr_db_synopsis_method3_tok,|' separated string of sentence level token count in synopsis based on method3,"{'id': 'analyst88', 'name': 'Internal NLP'}","{'id': 'analyst', 'name': 'Analyst'}","{'id': 'analyst-analyst-ratings', 'name': 'Analyst Ratings'}",EUR,1,TOPCS1600,VECTOR,1.0,0.3198,0,0,1.4,[],analyst88,Internal NLP,analyst,Analyst,analyst-analyst-ratings,Analyst Ratings
anl88_arr_db_synopsis_method4_neg,|' separated string of sentence negativity scores in synopsis based on method4,"{'id': 'analyst88', 'name': 'Internal NLP'}","{'id': 'analyst', 'name': 'Analyst'}","{'id': 'analyst-analyst-ratings', 'name': 'Analyst Ratings'}",EUR,1,TOPCS1600,VECTOR,1.0,0.3198,0,0,1.4,[],analyst88,Internal NLP,analyst,Analyst,analyst-analyst-ratings,Analyst Ratings
anl88_arr_db_synopsis_method4_obj,|' separated string of sentence objectivity scores in synopsis based on method4,"{'id': 'analyst88', 'name': 'Internal NLP'}","{'id': 'analyst', 'name': 'Analyst'}","{'id': 'analyst-analyst-ratings', 'name': 'Analyst Ratings'}",EUR,1,TOPCS1600,VECTOR,1.0,0.3198,0,0,1.4,[],analyst88,Internal NLP,analyst,Analyst,analyst-analyst-ratings,Analyst Ratings
anl88_arr_db_synopsis_method4_pos,|' separated string of sentence positivity scores in synopsis based on method4,"{'id': 'analyst88', 'name': 'Internal NLP'}","{'id': 'analyst', 'name': 'Analyst'}","{'id': 'analyst-analyst-ratings', 'name': 'Analyst Ratings'}",EUR,1,TOPCS1600,VECTOR,1.0,0.3198,0,0,1.4,[],analyst88,Internal NLP,analyst,Analyst,analyst-analyst-ratings,Analyst Ratings
anl88_arr_db_synopsis_method4_tok,|' separated string of sentence level token count in synopsis based on method4,"{'id': 'analyst88', 'name': 'Internal NLP'}","{'id': 'analyst', 'name': 'Analyst'}","{'id': 'analyst-analyst-ratings', 'name': 'Analyst Ratings'}",EUR,1,TOPCS1600,VECTOR,1.0,0.3198,0,0,1.4,[],analyst88,Internal NLP,analyst,Analyst,analyst-analyst-ratings,Analyst Ratings
anl88_arr_db_synopsis_method5_neg,|' separated string of sentence negativity scores in synopsis based on method5,"{'id': 'analyst88', 'name': 'Internal NLP'}","{'id': 'analyst', 'name': 'Analyst'}","{'id': 'analyst-analyst-ratings', 'name': 'Analyst Ratings'}",EUR,1,TOPCS1600,VECTOR,1.0,0.3198,0,0,1.4,[],analyst88,Internal NLP,analyst,Analyst,analyst-analyst-ratings,Analyst Ratings
anl88_arr_db_synopsis_method5_neu,|' separated string of sentence neutrality scores in synopsis based on method5,"{'id': 'analyst88', 'name': 'Internal NLP'}","{'id': 'analyst', 'name': 'Analyst'}","{'id': 'analyst-analyst-ratings', 'name': 'Analyst Ratings'}",EUR,1,TOPCS1600,VECTOR,1.0,0.3198,0,0,1.4,[],analyst88,Internal NLP,analyst,Analyst,analyst-analyst-ratings,Analyst Ratings
anl88_arr_db_synopsis_method5_pos,|' separated string of sentence positivity scores in synopsis based on method5,"{'id': 'analyst88', 'name': 'Internal NLP'}","{'id': 'analyst', 'name': 'Analyst'}","{'id': 'analyst-analyst-ratings', 'name': 'Analyst Ratings'}",EUR,1,TOPCS1600,VECTOR,1.0,0.3198,0,0,1.4,[],analyst88,Internal NLP,analyst,Analyst,analyst-analyst-ratings,Analyst Ratings
anl88_arr_db_synopsis_method5_tok,|' separated string of sentence level token count in synopsis based on method5,"{'id': 'analyst88', 'name': 'Internal NLP'}","{'id': 'analyst', 'name': 'Analyst'}","{'id': 'analyst-analyst-ratings', 'name': 'Analyst Ratings'}",EUR,1,TOPCS1600,VECTOR,1.0,0.3198,0,0,1.4,[],analyst88,Internal NLP,analyst,Analyst,analyst-analyst-ratings,Analyst Ratings
anl88_arr_db_title_method1_neg,|' separated string of sentence negativity scores in title based on method1,"{'id': 'analyst88', 'name': 'Internal NLP'}","{'id': 'analyst', 'name': 'Analyst'}","{'id': 'analyst-analyst-ratings', 'name': 'Analyst Ratings'}",EUR,1,TOPCS1600,VECTOR,1.0,0.3427,0,0,1.4,[],analyst88,Internal NLP,analyst,Analyst,analyst-analyst-ratings,Analyst Ratings
anl88_arr_db_title_method1_neu,|' separated string of sentence neutrality scores in title based on method1,"{'id': 'analyst88', 'name': 'Internal NLP'}","{'id': 'analyst', 'name': 'Analyst'}","{'id': 'analyst-analyst-ratings', 'name': 'Analyst Ratings'}",EUR,1,TOPCS1600,VECTOR,1.0,0.3427,0,0,1.4,[],analyst88,Internal NLP,analyst,Analyst,analyst-analyst-ratings,Analyst Ratings
anl88_arr_db_title_method1_pos,|' separated string of sentence positivity scores in title based on method1,"{'id': 'analyst88', 'name': 'Internal NLP'}","{'id': 'analyst', 'name': 'Analyst'}","{'id': 'analyst-analyst-ratings', 'name': 'Analyst Ratings'}",EUR,1,TOPCS1600,VECTOR,1.0,0.3427,0,0,1.4,[],analyst88,Internal NLP,analyst,Analyst,analyst-analyst-ratings,Analyst Ratings
anl88_arr_db_title_method1_tok,|' separated string of sentence level token count in title based on method1,"{'id': 'analyst88', 'name': 'Internal NLP'}","{'id': 'analyst', 'name': 'Analyst'}","{'id': 'analyst-analyst-ratings', 'name': 'Analyst Ratings'}",EUR,1,TOPCS1600,VECTOR,1.0,0.3427,0,0,1.4,[],analyst88,Internal NLP,analyst,Analyst,analyst-analyst-ratings,Analyst Ratings
anl88_arr_db_title_method2_neg,|' separated string of sentence negativity scores in title based on method2,"{'id': 'analyst88', 'name': 'Internal NLP'}","{'id': 'analyst', 'name': 'Analyst'}","{'id': 'analyst-analyst-ratings', 'name': 'Analyst Ratings'}",EUR,1,TOPCS1600,VECTOR,1.0,0.3425,0,0,1.4,[],analyst88,Internal NLP,analyst,Analyst,analyst-analyst-ratings,Analyst Ratings
anl88_arr_db_title_method2_obj,|' separated string of sentence objectivity scores in title based on method2,"{'id': 'analyst88', 'name': 'Internal NLP'}","{'id': 'analyst', 'name': 'Analyst'}","{'id': 'analyst-analyst-ratings', 'name': 'Analyst Ratings'}",EUR,1,TOPCS1600,VECTOR,1.0,0.3425,0,0,1.4,[],analyst88,Internal NLP,analyst,Analyst,analyst-analyst-ratings,Analyst Ratings
anl88_arr_db_title_method2_pos,|' separated string of sentence positivity scores in title based on method2,"{'id': 'analyst88', 'name': 'Internal NLP'}","{'id': 'analyst', 'name': 'Analyst'}","{'id': 'analyst-analyst-ratings', 'name': 'Analyst Ratings'}",EUR,1,TOPCS1600,VECTOR,1.0,0.3425,0,0,1.4,[],analyst88,Internal NLP,analyst,Analyst,analyst-analyst-ratings,Analyst Ratings
anl88_arr_db_title_method2_tok,|' separated string of sentence level token count in title based on method2,"{'id': 'analyst88', 'name': 'Internal NLP'}","{'id': 'analyst', 'name': 'Analyst'}","{'id': 'analyst-analyst-ratings', 'name': 'Analyst Ratings'}",EUR,1,TOPCS1600,VECTOR,1.0,0.3427,0,0,1.4,[],analyst88,Internal NLP,analyst,Analyst,analyst-analyst-ratings,Analyst Ratings
anl88_arr_db_title_method3_neg,|' separated string of sentence negativity scores in title based on method3,"{'id': 'analyst88', 'name': 'Internal NLP'}","{'id': 'analyst', 'name': 'Analyst'}","{'id': 'analyst-analyst-ratings', 'name': 'Analyst Ratings'}",EUR,1,TOPCS1600,VECTOR,1.0,0.3425,0,0,1.4,[],analyst88,Internal NLP,analyst,Analyst,analyst-analyst-ratings,Analyst Ratings
anl88_arr_db_title_method3_obj,|' separated string of sentence objectivity scores in title based on method3,"{'id': 'analyst88', 'name': 'Internal NLP'}","{'id': 'analyst', 'name': 'Analyst'}","{'id': 'analyst-analyst-ratings', 'name': 'Analyst Ratings'}",EUR,1,TOPCS1600,VECTOR,1.0,0.3425,0,0,1.4,[],analyst88,Internal NLP,analyst,Analyst,analyst-analyst-ratings,Analyst Ratings
anl88_arr_db_title_method3_pos,|' separated string of sentence positivity scores in title based on method3,"{'id': 'analyst88', 'name': 'Internal NLP'}","{'id': 'analyst', 'name': 'Analyst'}","{'id': 'analyst-analyst-ratings', 'name': 'Analyst Ratings'}",EUR,1,TOPCS1600,VECTOR,1.0,0.3425,0,0,1.4,[],analyst88,Internal NLP,analyst,Analyst,analyst-analyst-ratings,Analyst Ratings
anl88_arr_db_title_method3_tok,|' separated string of sentence level token count in title based on method3,"{'id': 'analyst88', 'name': 'Internal NLP'}","{'id': 'analyst', 'name': 'Analyst'}","{'id': 'analyst-analyst-ratings', 'name': 'Analyst Ratings'}",EUR,1,TOPCS1600,VECTOR,1.0,0.3427,0,0,1.4,[],analyst88,Internal NLP,analyst,Analyst,analyst-analyst-ratings,Analyst Ratings
anl88_arr_db_title_method4_neg,|' separated string of sentence negativity scores in title based on method4,"{'id': 'analyst88', 'name': 'Internal NLP'}","{'id': 'analyst', 'name': 'Analyst'}","{'id': 'analyst-analyst-ratings', 'name': 'Analyst Ratings'}",EUR,1,TOPCS1600,VECTOR,1.0,0.3425,0,0,1.4,[],analyst88,Internal NLP,analyst,Analyst,analyst-analyst-ratings,Analyst Ratings
anl88_arr_db_title_method4_obj,|' separated string of sentence objectivity scores in title based on method4,"{'id': 'analyst88', 'name': 'Internal NLP'}","{'id': 'analyst', 'name': 'Analyst'}","{'id': 'analyst-analyst-ratings', 'name': 'Analyst Ratings'}",EUR,1,TOPCS1600,VECTOR,1.0,0.3425,0,0,1.4,[],analyst88,Internal NLP,analyst,Analyst,analyst-analyst-ratings,Analyst Ratings
anl88_arr_db_title_method4_pos,|' separated string of sentence positivity scores in title based on method4,"{'id': 'analyst88', 'name': 'Internal NLP'}","{'id': 'analyst', 'name': 'Analyst'}","{'id': 'analyst-analyst-ratings', 'name': 'Analyst Ratings'}",EUR,1,TOPCS1600,VECTOR,1.0,0.3425,0,0,1.4,[],analyst88,Internal NLP,analyst,Analyst,analyst-analyst-ratings,Analyst Ratings
anl88_arr_db_title_method4_tok,|' separated string of sentence level token count in title based on method4,"{'id': 'analyst88', 'name': 'Internal NLP'}","{'id': 'analyst', 'name': 'Analyst'}","{'id': 'analyst-analyst-ratings', 'name': 'Analyst Ratings'}",EUR,1,TOPCS1600,VECTOR,1.0,0.3427,0,0,1.4,[],analyst88,Internal NLP,analyst,Analyst,analyst-analyst-ratings,Analyst Ratings
anl88_arr_db_title_method5_neg,|' separated string of sentence negativity scores in title based on method5,"{'id': 'analyst88', 'name': 'Internal NLP'}","{'id': 'analyst', 'name': 'Analyst'}","{'id': 'analyst-analyst-ratings', 'name': 'Analyst Ratings'}",EUR,1,TOPCS1600,VECTOR,1.0,0.3427,0,0,1.4,[],analyst88,Internal NLP,analyst,Analyst,analyst-analyst-ratings,Analyst Ratings
anl88_arr_db_title_method5_neu,|' separated string of sentence neutrality scores in title based on method5,"{'id': 'analyst88', 'name': 'Internal NLP'}","{'id': 'analyst', 'name': 'Analyst'}","{'id': 'analyst-analyst-ratings', 'name': 'Analyst Ratings'}",EUR,1,TOPCS1600,VECTOR,1.0,0.3427,0,0,1.4,[],analyst88,Internal NLP,analyst,Analyst,analyst-analyst-ratings,Analyst Ratings
anl88_arr_db_title_method5_pos,|' separated string of sentence positivity scores in title based on method5,"{'id': 'analyst88', 'name': 'Internal NLP'}","{'id': 'analyst', 'name': 'Analyst'}","{'id': 'analyst-analyst-ratings', 'name': 'Analyst Ratings'}",EUR,1,TOPCS1600,VECTOR,1.0,0.3427,0,0,1.4,[],analyst88,Internal NLP,analyst,Analyst,analyst-analyst-ratings,Analyst Ratings
anl88_arr_db_title_method5_tok,|' separated string of sentence level token count in title based on method5,"{'id': 'analyst88', 'name': 'Internal NLP'}","{'id': 'analyst', 'name': 'Analyst'}","{'id': 'analyst-analyst-ratings', 'name': 'Analyst Ratings'}",EUR,1,TOPCS1600,VECTOR,1.0,0.3427,0,0,1.4,[],analyst88,Internal NLP,analyst,Analyst,analyst-analyst-ratings,Analyst Ratings
anl88_arr_db_wqreceivetime,Timestamp at which the file is received,"{'id': 'analyst88', 'name': 'Internal NLP'}","{'id': 'analyst', 'name': 'Analyst'}","{'id': 'analyst-analyst-ratings', 'name': 'Analyst Ratings'}",EUR,1,TOPCS1600,VECTOR,1.0,0.3427,0,0,1.4,[],analyst88,Internal NLP,analyst,Analyst,analyst-analyst-ratings,Analyst Ratings
anl88_arr_jefferies_modifytimeutc,Modify date of the file in UTC,"{'id': 'analyst88', 'name': 'Internal NLP'}","{'id': 'analyst', 'name': 'Analyst'}","{'id': 'analyst-analyst-ratings', 'name': 'Analyst Ratings'}",EUR,1,TOPCS1600,VECTOR,1.0,0.393,0,0,1.4,[],analyst88,Internal NLP,analyst,Analyst,analyst-analyst-ratings,Analyst Ratings
anl88_arr_jefferies_modifytimeutctime,Modify time of the file in UTC,"{'id': 'analyst88', 'name': 'Internal NLP'}","{'id': 'analyst', 'name': 'Analyst'}","{'id': 'analyst-analyst-ratings', 'name': 'Analyst Ratings'}",EUR,1,TOPCS1600,VECTOR,1.0,0.393,0,0,1.4,[],analyst88,Internal NLP,analyst,Analyst,analyst-analyst-ratings,Analyst Ratings
anl88_arr_jefferies_publicationtime,Publication time of the report,"{'id': 'analyst88', 'name': 'Internal NLP'}","{'id': 'analyst', 'name': 'Analyst'}","{'id': 'analyst-analyst-ratings', 'name': 'Analyst Ratings'}",EUR,1,TOPCS1600,VECTOR,1.0,0.393,0,0,1.4,[],analyst88,Internal NLP,analyst,Analyst,analyst-analyst-ratings,Analyst Ratings
anl88_arr_jefferies_statustime,Time at which the report was updated,"{'id': 'analyst88', 'name': 'Internal NLP'}","{'id': 'analyst', 'name': 'Analyst'}","{'id': 'analyst-analyst-ratings', 'name': 'Analyst Ratings'}",EUR,1,TOPCS1600,VECTOR,1.0,0.393,0,0,1.4,[],analyst88,Internal NLP,analyst,Analyst,analyst-analyst-ratings,Analyst Ratings
anl88_arr_jefferies_synopsis_method1_neg,|' separated string of sentence negativity scores in synopsis based on method1,"{'id': 'analyst88', 'name': 'Internal NLP'}","{'id': 'analyst', 'name': 'Analyst'}","{'id': 'analyst-analyst-ratings', 'name': 'Analyst Ratings'}",EUR,1,TOPCS1600,VECTOR,1.0,0.3896,0,0,1.4,[],analyst88,Internal NLP,analyst,Analyst,analyst-analyst-ratings,Analyst Ratings
anl88_arr_jefferies_synopsis_method1_neu,|' separated string of sentence neutrality scores in synopsis based on method1,"{'id': 'analyst88', 'name': 'Internal NLP'}","{'id': 'analyst', 'name': 'Analyst'}","{'id': 'analyst-analyst-ratings', 'name': 'Analyst Ratings'}",EUR,1,TOPCS1600,VECTOR,1.0,0.3896,0,0,1.4,[],analyst88,Internal NLP,analyst,Analyst,analyst-analyst-ratings,Analyst Ratings
anl88_arr_jefferies_synopsis_method1_pos,|' separated string of sentence positivity scores in synopsis based on method1,"{'id': 'analyst88', 'name': 'Internal NLP'}","{'id': 'analyst', 'name': 'Analyst'}","{'id': 'analyst-analyst-ratings', 'name': 'Analyst Ratings'}",EUR,1,TOPCS1600,VECTOR,1.0,0.3896,0,0,1.4,[],analyst88,Internal NLP,analyst,Analyst,analyst-analyst-ratings,Analyst Ratings
anl88_arr_jefferies_synopsis_method1_tok,|' separated string of sentence level token count in synopsis based on method1,"{'id': 'analyst88', 'name': 'Internal NLP'}","{'id': 'analyst', 'name': 'Analyst'}","{'id': 'analyst-analyst-ratings', 'name': 'Analyst Ratings'}",EUR,1,TOPCS1600,VECTOR,1.0,0.3896,0,0,1.4,[],analyst88,Internal NLP,analyst,Analyst,analyst-analyst-ratings,Analyst Ratings
anl88_arr_jefferies_synopsis_method2_neg,|' separated string of sentence negativity scores in synopsis based on method2,"{'id': 'analyst88', 'name': 'Internal NLP'}","{'id': 'analyst', 'name': 'Analyst'}","{'id': 'analyst-analyst-ratings', 'name': 'Analyst Ratings'}",EUR,1,TOPCS1600,VECTOR,1.0,0.3896,0,0,1.4,[],analyst88,Internal NLP,analyst,Analyst,analyst-analyst-ratings,Analyst Ratings
anl88_arr_jefferies_synopsis_method2_obj,|' separated string of sentence objectivity scores in synopsis based on method2,"{'id': 'analyst88', 'name': 'Internal NLP'}","{'id': 'analyst', 'name': 'Analyst'}","{'id': 'analyst-analyst-ratings', 'name': 'Analyst Ratings'}",EUR,1,TOPCS1600,VECTOR,1.0,0.3896,0,0,1.4,[],analyst88,Internal NLP,analyst,Analyst,analyst-analyst-ratings,Analyst Ratings
anl88_arr_jefferies_synopsis_method2_pos,|' separated string of sentence positivity scores in synopsis based on method2,"{'id': 'analyst88', 'name': 'Internal NLP'}","{'id': 'analyst', 'name': 'Analyst'}","{'id': 'analyst-analyst-ratings', 'name': 'Analyst Ratings'}",EUR,1,TOPCS1600,VECTOR,1.0,0.3896,0,0,1.4,[],analyst88,Internal NLP,analyst,Analyst,analyst-analyst-ratings,Analyst Ratings
anl88_arr_jefferies_synopsis_method2_tok,|' separated string of sentence level token count in synopsis based on method2,"{'id': 'analyst88', 'name': 'Internal NLP'}","{'id': 'analyst', 'name': 'Analyst'}","{'id': 'analyst-analyst-ratings', 'name': 'Analyst Ratings'}",EUR,1,TOPCS1600,VECTOR,1.0,0.3896,0,0,1.4,[],analyst88,Internal NLP,analyst,Analyst,analyst-analyst-ratings,Analyst Ratings
anl88_arr_jefferies_synopsis_method3_neg,|' separated string of sentence negativity scores in synopsis based on method3,"{'id': 'analyst88', 'name': 'Internal NLP'}","{'id': 'analyst', 'name': 'Analyst'}","{'id': 'analyst-analyst-ratings', 'name': 'Analyst Ratings'}",EUR,1,TOPCS1600,VECTOR,1.0,0.3896,0,0,1.4,[],analyst88,Internal NLP,analyst,Analyst,analyst-analyst-ratings,Analyst Ratings
anl88_arr_jefferies_synopsis_method3_obj,|' separated string of sentence objectivity scores in synopsis based on method3,"{'id': 'analyst88', 'name': 'Internal NLP'}","{'id': 'analyst', 'name': 'Analyst'}","{'id': 'analyst-analyst-ratings', 'name': 'Analyst Ratings'}",EUR,1,TOPCS1600,VECTOR,1.0,0.3896,0,0,1.4,[],analyst88,Internal NLP,analyst,Analyst,analyst-analyst-ratings,Analyst Ratings
anl88_arr_jefferies_synopsis_method3_pos,|' separated string of sentence positivity scores in synopsis based on method3,"{'id': 'analyst88', 'name': 'Internal NLP'}","{'id': 'analyst', 'name': 'Analyst'}","{'id': 'analyst-analyst-ratings', 'name': 'Analyst Ratings'}",EUR,1,TOPCS1600,VECTOR,1.0,0.3896,0,0,1.4,[],analyst88,Internal NLP,analyst,Analyst,analyst-analyst-ratings,Analyst Ratings
anl88_arr_jefferies_synopsis_method3_tok,|' separated string of sentence level token count in synopsis based on method3,"{'id': 'analyst88', 'name': 'Internal NLP'}","{'id': 'analyst', 'name': 'Analyst'}","{'id': 'analyst-analyst-ratings', 'name': 'Analyst Ratings'}",EUR,1,TOPCS1600,VECTOR,1.0,0.3896,0,0,1.4,[],analyst88,Internal NLP,analyst,Analyst,analyst-analyst-ratings,Analyst Ratings
anl88_arr_jefferies_synopsis_method4_neg,|' separated string of sentence negativity scores in synopsis based on method4,"{'id': 'analyst88', 'name': 'Internal NLP'}","{'id': 'analyst', 'name': 'Analyst'}","{'id': 'analyst-analyst-ratings', 'name': 'Analyst Ratings'}",EUR,1,TOPCS1600,VECTOR,1.0,0.3896,0,0,1.4,[],analyst88,Internal NLP,analyst,Analyst,analyst-analyst-ratings,Analyst Ratings
anl88_arr_jefferies_synopsis_method4_obj,|' separated string of sentence objectivity scores in synopsis based on method4,"{'id': 'analyst88', 'name': 'Internal NLP'}","{'id': 'analyst', 'name': 'Analyst'}","{'id': 'analyst-analyst-ratings', 'name': 'Analyst Ratings'}",EUR,1,TOPCS1600,VECTOR,1.0,0.3896,0,0,1.4,[],analyst88,Internal NLP,analyst,Analyst,analyst-analyst-ratings,Analyst Ratings
anl88_arr_jefferies_synopsis_method4_pos,|' separated string of sentence positivity scores in synopsis based on method4,"{'id': 'analyst88', 'name': 'Internal NLP'}","{'id': 'analyst', 'name': 'Analyst'}","{'id': 'analyst-analyst-ratings', 'name': 'Analyst Ratings'}",EUR,1,TOPCS1600,VECTOR,1.0,0.3896,0,0,1.4,[],analyst88,Internal NLP,analyst,Analyst,analyst-analyst-ratings,Analyst Ratings
anl88_arr_jefferies_synopsis_method4_tok,|' separated string of sentence level token count in synopsis based on method4,"{'id': 'analyst88', 'name': 'Internal NLP'}","{'id': 'analyst', 'name': 'Analyst'}","{'id': 'analyst-analyst-ratings', 'name': 'Analyst Ratings'}",EUR,1,TOPCS1600,VECTOR,1.0,0.3896,0,0,1.4,[],analyst88,Internal NLP,analyst,Analyst,analyst-analyst-ratings,Analyst Ratings
anl88_arr_jefferies_synopsis_method5_neg,|' separated string of sentence negativity scores in synopsis based on method5,"{'id': 'analyst88', 'name': 'Internal NLP'}","{'id': 'analyst', 'name': 'Analyst'}","{'id': 'analyst-analyst-ratings', 'name': 'Analyst Ratings'}",EUR,1,TOPCS1600,VECTOR,1.0,0.3896,0,0,1.4,[],analyst88,Internal NLP,analyst,Analyst,analyst-analyst-ratings,Analyst Ratings
anl88_arr_jefferies_synopsis_method5_neu,|' separated string of sentence neutrality scores in synopsis based on method5,"{'id': 'analyst88', 'name': 'Internal NLP'}","{'id': 'analyst', 'name': 'Analyst'}","{'id': 'analyst-analyst-ratings', 'name': 'Analyst Ratings'}",EUR,1,TOPCS1600,VECTOR,1.0,0.3896,0,0,1.4,[],analyst88,Internal NLP,analyst,Analyst,analyst-analyst-ratings,Analyst Ratings
anl88_arr_jefferies_synopsis_method5_pos,|' separated string of sentence positivity scores in synopsis based on method5,"{'id': 'analyst88', 'name': 'Internal NLP'}","{'id': 'analyst', 'name': 'Analyst'}","{'id': 'analyst-analyst-ratings', 'name': 'Analyst Ratings'}",EUR,1,TOPCS1600,VECTOR,1.0,0.3896,0,0,1.4,[],analyst88,Internal NLP,analyst,Analyst,analyst-analyst-ratings,Analyst Ratings
anl88_arr_jefferies_synopsis_method5_tok,|' separated string of sentence level token count in synopsis based on method5,"{'id': 'analyst88', 'name': 'Internal NLP'}","{'id': 'analyst', 'name': 'Analyst'}","{'id': 'analyst-analyst-ratings', 'name': 'Analyst Ratings'}",EUR,1,TOPCS1600,VECTOR,1.0,0.3896,0,0,1.4,[],analyst88,Internal NLP,analyst,Analyst,analyst-analyst-ratings,Analyst Ratings
anl88_arr_jefferies_title_method1_neg,|' separated string of sentence negativity scores in title based on method1,"{'id': 'analyst88', 'name': 'Internal NLP'}","{'id': 'analyst', 'name': 'Analyst'}","{'id': 'analyst-analyst-ratings', 'name': 'Analyst Ratings'}",EUR,1,TOPCS1600,VECTOR,1.0,0.393,0,0,1.4,[],analyst88,Internal NLP,analyst,Analyst,analyst-analyst-ratings,Analyst Ratings
anl88_arr_jefferies_title_method1_neu,|' separated string of sentence neutrality scores in title based on method1,"{'id': 'analyst88', 'name': 'Internal NLP'}","{'id': 'analyst', 'name': 'Analyst'}","{'id': 'analyst-analyst-ratings', 'name': 'Analyst Ratings'}",EUR,1,TOPCS1600,VECTOR,1.0,0.393,0,0,1.4,[],analyst88,Internal NLP,analyst,Analyst,analyst-analyst-ratings,Analyst Ratings
anl88_arr_jefferies_title_method1_pos,|' separated string of sentence positivity scores in title based on method1,"{'id': 'analyst88', 'name': 'Internal NLP'}","{'id': 'analyst', 'name': 'Analyst'}","{'id': 'analyst-analyst-ratings', 'name': 'Analyst Ratings'}",EUR,1,TOPCS1600,VECTOR,1.0,0.393,0,0,1.4,[],analyst88,Internal NLP,analyst,Analyst,analyst-analyst-ratings,Analyst Ratings
anl88_arr_jefferies_title_method1_tok,|' separated string of sentence level token count in title based on method1,"{'id': 'analyst88', 'name': 'Internal NLP'}","{'id': 'analyst', 'name': 'Analyst'}","{'id': 'analyst-analyst-ratings', 'name': 'Analyst Ratings'}",EUR,1,TOPCS1600,VECTOR,1.0,0.393,0,0,1.4,[],analyst88,Internal NLP,analyst,Analyst,analyst-analyst-ratings,Analyst Ratings
anl88_arr_jefferies_title_method2_neg,|' separated string of sentence negativity scores in title based on method2,"{'id': 'analyst88', 'name': 'Internal NLP'}","{'id': 'analyst', 'name': 'Analyst'}","{'id': 'analyst-analyst-ratings', 'name': 'Analyst Ratings'}",EUR,1,TOPCS1600,VECTOR,1.0,0.3928,0,0,1.4,[],analyst88,Internal NLP,analyst,Analyst,analyst-analyst-ratings,Analyst Ratings
anl88_arr_jefferies_title_method2_obj,|' separated string of sentence objectivity scores in title based on method2,"{'id': 'analyst88', 'name': 'Internal NLP'}","{'id': 'analyst', 'name': 'Analyst'}","{'id': 'analyst-analyst-ratings', 'name': 'Analyst Ratings'}",EUR,1,TOPCS1600,VECTOR,1.0,0.3928,0,0,1.4,[],analyst88,Internal NLP,analyst,Analyst,analyst-analyst-ratings,Analyst Ratings
anl88_arr_jefferies_title_method2_pos,|' separated string of sentence positivity scores in title based on method2,"{'id': 'analyst88', 'name': 'Internal NLP'}","{'id': 'analyst', 'name': 'Analyst'}","{'id': 'analyst-analyst-ratings', 'name': 'Analyst Ratings'}",EUR,1,TOPCS1600,VECTOR,1.0,0.3928,0,0,1.4,[],analyst88,Internal NLP,analyst,Analyst,analyst-analyst-ratings,Analyst Ratings
anl88_arr_jefferies_title_method2_tok,|' separated string of sentence level token count in title based on method2,"{'id': 'analyst88', 'name': 'Internal NLP'}","{'id': 'analyst', 'name': 'Analyst'}","{'id': 'analyst-analyst-ratings', 'name': 'Analyst Ratings'}",EUR,1,TOPCS1600,VECTOR,1.0,0.393,0,0,1.4,[],analyst88,Internal NLP,analyst,Analyst,analyst-analyst-ratings,Analyst Ratings
anl88_arr_jefferies_title_method3_neg,|' separated string of sentence negativity scores in title based on method3,"{'id': 'analyst88', 'name': 'Internal NLP'}","{'id': 'analyst', 'name': 'Analyst'}","{'id': 'analyst-analyst-ratings', 'name': 'Analyst Ratings'}",EUR,1,TOPCS1600,VECTOR,1.0,0.3928,0,0,1.4,[],analyst88,Internal NLP,analyst,Analyst,analyst-analyst-ratings,Analyst Ratings
anl88_arr_jefferies_title_method3_obj,|' separated string of sentence objectivity scores in title based on method3,"{'id': 'analyst88', 'name': 'Internal NLP'}","{'id': 'analyst', 'name': 'Analyst'}","{'id': 'analyst-analyst-ratings', 'name': 'Analyst Ratings'}",EUR,1,TOPCS1600,VECTOR,1.0,0.3928,0,0,1.4,[],analyst88,Internal NLP,analyst,Analyst,analyst-analyst-ratings,Analyst Ratings
anl88_arr_jefferies_title_method3_pos,|' separated string of sentence positivity scores in title based on method3,"{'id': 'analyst88', 'name': 'Internal NLP'}","{'id': 'analyst', 'name': 'Analyst'}","{'id': 'analyst-analyst-ratings', 'name': 'Analyst Ratings'}",EUR,1,TOPCS1600,VECTOR,1.0,0.3928,0,0,1.4,[],analyst88,Internal NLP,analyst,Analyst,analyst-analyst-ratings,Analyst Ratings
anl88_arr_jefferies_title_method3_tok,|' separated string of sentence level token count in title based on method3,"{'id': 'analyst88', 'name': 'Internal NLP'}","{'id': 'analyst', 'name': 'Analyst'}","{'id': 'analyst-analyst-ratings', 'name': 'Analyst Ratings'}",EUR,1,TOPCS1600,VECTOR,1.0,0.393,0,0,1.4,[],analyst88,Internal NLP,analyst,Analyst,analyst-analyst-ratings,Analyst Ratings
anl88_arr_jefferies_title_method4_neg,|' separated string of sentence negativity scores in title based on method4,"{'id': 'analyst88', 'name': 'Internal NLP'}","{'id': 'analyst', 'name': 'Analyst'}","{'id': 'analyst-analyst-ratings', 'name': 'Analyst Ratings'}",EUR,1,TOPCS1600,VECTOR,1.0,0.3928,0,0,1.4,[],analyst88,Internal NLP,analyst,Analyst,analyst-analyst-ratings,Analyst Ratings
anl88_arr_jefferies_title_method4_obj,|' separated string of sentence objectivity scores in title based on method4,"{'id': 'analyst88', 'name': 'Internal NLP'}","{'id': 'analyst', 'name': 'Analyst'}","{'id': 'analyst-analyst-ratings', 'name': 'Analyst Ratings'}",EUR,1,TOPCS1600,VECTOR,1.0,0.3928,0,0,1.4,[],analyst88,Internal NLP,analyst,Analyst,analyst-analyst-ratings,Analyst Ratings
anl88_arr_jefferies_title_method4_pos,|' separated string of sentence positivity scores in title based on method4,"{'id': 'analyst88', 'name': 'Internal NLP'}","{'id': 'analyst', 'name': 'Analyst'}","{'id': 'analyst-analyst-ratings', 'name': 'Analyst Ratings'}",EUR,1,TOPCS1600,VECTOR,1.0,0.3928,0,0,1.4,[],analyst88,Internal NLP,analyst,Analyst,analyst-analyst-ratings,Analyst Ratings
anl88_arr_jefferies_title_method4_tok,|' separated string of sentence level token count in title based on method4,"{'id': 'analyst88', 'name': 'Internal NLP'}","{'id': 'analyst', 'name': 'Analyst'}","{'id': 'analyst-analyst-ratings', 'name': 'Analyst Ratings'}",EUR,1,TOPCS1600,VECTOR,1.0,0.393,0,0,1.4,[],analyst88,Internal NLP,analyst,Analyst,analyst-analyst-ratings,Analyst Ratings
anl88_arr_jefferies_title_method5_neg,|' separated string of sentence negativity scores in title based on method5,"{'id': 'analyst88', 'name': 'Internal NLP'}","{'id': 'analyst', 'name': 'Analyst'}","{'id': 'analyst-analyst-ratings', 'name': 'Analyst Ratings'}",EUR,1,TOPCS1600,VECTOR,1.0,0.393,0,0,1.4,[],analyst88,Internal NLP,analyst,Analyst,analyst-analyst-ratings,Analyst Ratings
anl88_arr_jefferies_title_method5_neu,|' separated string of sentence neutrality scores in title based on method5,"{'id': 'analyst88', 'name': 'Internal NLP'}","{'id': 'analyst', 'name': 'Analyst'}","{'id': 'analyst-analyst-ratings', 'name': 'Analyst Ratings'}",EUR,1,TOPCS1600,VECTOR,1.0,0.393,0,0,1.4,[],analyst88,Internal NLP,analyst,Analyst,analyst-analyst-ratings,Analyst Ratings
anl88_arr_jefferies_title_method5_pos,|' separated string of sentence positivity scores in title based on method5,"{'id': 'analyst88', 'name': 'Internal NLP'}","{'id': 'analyst', 'name': 'Analyst'}","{'id': 'analyst-analyst-ratings', 'name': 'Analyst Ratings'}",EUR,1,TOPCS1600,VECTOR,1.0,0.393,0,0,1.4,[],analyst88,Internal NLP,analyst,Analyst,analyst-analyst-ratings,Analyst Ratings
anl88_arr_jefferies_title_method5_tok,|' separated string of sentence level token count in title based on method5,"{'id': 'analyst88', 'name': 'Internal NLP'}","{'id': 'analyst', 'name': 'Analyst'}","{'id': 'analyst-analyst-ratings', 'name': 'Analyst Ratings'}",EUR,1,TOPCS1600,VECTOR,1.0,0.393,0,0,1.4,[],analyst88,Internal NLP,analyst,Analyst,analyst-analyst-ratings,Analyst Ratings
anl88_arr_jefferies_wqreceivetime,Timestamp at which the file is received,"{'id': 'analyst88', 'name': 'Internal NLP'}","{'id': 'analyst', 'name': 'Analyst'}","{'id': 'analyst-analyst-ratings', 'name': 'Analyst Ratings'}",EUR,1,TOPCS1600,VECTOR,1.0,0.393,0,0,1.4,[],analyst88,Internal NLP,analyst,Analyst,analyst-analyst-ratings,Analyst Ratings
anl88_arr_jpm_abstract_method1_neg,|' separated string of sentence negativity scores in abstract based on method1,"{'id': 'analyst88', 'name': 'Internal NLP'}","{'id': 'analyst', 'name': 'Analyst'}","{'id': 'analyst-analyst-ratings', 'name': 'Analyst Ratings'}",EUR,1,TOPCS1600,VECTOR,1.0,0.5342,0,0,1.4,[],analyst88,Internal NLP,analyst,Analyst,analyst-analyst-ratings,Analyst Ratings
anl88_arr_jpm_abstract_method1_neu,|' separated string of sentence neutrality scores in abstract based on method1,"{'id': 'analyst88', 'name': 'Internal NLP'}","{'id': 'analyst', 'name': 'Analyst'}","{'id': 'analyst-analyst-ratings', 'name': 'Analyst Ratings'}",EUR,1,TOPCS1600,VECTOR,1.0,0.5342,0,0,1.4,[],analyst88,Internal NLP,analyst,Analyst,analyst-analyst-ratings,Analyst Ratings
anl88_arr_jpm_abstract_method1_pos,|' separated string of sentence positivity scores in abstract based on method1,"{'id': 'analyst88', 'name': 'Internal NLP'}","{'id': 'analyst', 'name': 'Analyst'}","{'id': 'analyst-analyst-ratings', 'name': 'Analyst Ratings'}",EUR,1,TOPCS1600,VECTOR,1.0,0.5342,0,0,1.4,[],analyst88,Internal NLP,analyst,Analyst,analyst-analyst-ratings,Analyst Ratings
anl88_arr_jpm_abstract_method1_tok,|' separated string of sentence level token count in abstract based on method1,"{'id': 'analyst88', 'name': 'Internal NLP'}","{'id': 'analyst', 'name': 'Analyst'}","{'id': 'analyst-analyst-ratings', 'name': 'Analyst Ratings'}",EUR,1,TOPCS1600,VECTOR,1.0,0.5342,0,0,1.4,[],analyst88,Internal NLP,analyst,Analyst,analyst-analyst-ratings,Analyst Ratings
anl88_arr_jpm_abstract_method2_neg,|' separated string of sentence negativity scores in abstract based on method2,"{'id': 'analyst88', 'name': 'Internal NLP'}","{'id': 'analyst', 'name': 'Analyst'}","{'id': 'analyst-analyst-ratings', 'name': 'Analyst Ratings'}",EUR,1,TOPCS1600,VECTOR,1.0,0.5342,0,0,1.4,[],analyst88,Internal NLP,analyst,Analyst,analyst-analyst-ratings,Analyst Ratings
anl88_arr_jpm_abstract_method2_obj,|' separated string of sentence objectivity scores in abstract based on method2,"{'id': 'analyst88', 'name': 'Internal NLP'}","{'id': 'analyst', 'name': 'Analyst'}","{'id': 'analyst-analyst-ratings', 'name': 'Analyst Ratings'}",EUR,1,TOPCS1600,VECTOR,1.0,0.5342,0,0,1.4,[],analyst88,Internal NLP,analyst,Analyst,analyst-analyst-ratings,Analyst Ratings
anl88_arr_jpm_abstract_method2_pos,|' separated string of sentence positivity scores in abstract based on method2,"{'id': 'analyst88', 'name': 'Internal NLP'}","{'id': 'analyst', 'name': 'Analyst'}","{'id': 'analyst-analyst-ratings', 'name': 'Analyst Ratings'}",EUR,1,TOPCS1600,VECTOR,1.0,0.5342,0,0,1.4,[],analyst88,Internal NLP,analyst,Analyst,analyst-analyst-ratings,Analyst Ratings
anl88_arr_jpm_abstract_method2_tok,|' separated string of sentence level token count in abstract based on method2,"{'id': 'analyst88', 'name': 'Internal NLP'}","{'id': 'analyst', 'name': 'Analyst'}","{'id': 'analyst-analyst-ratings', 'name': 'Analyst Ratings'}",EUR,1,TOPCS1600,VECTOR,1.0,0.5342,0,0,1.4,[],analyst88,Internal NLP,analyst,Analyst,analyst-analyst-ratings,Analyst Ratings
anl88_arr_jpm_abstract_method3_neg,|' separated string of sentence negativity scores in abstract based on method3,"{'id': 'analyst88', 'name': 'Internal NLP'}","{'id': 'analyst', 'name': 'Analyst'}","{'id': 'analyst-analyst-ratings', 'name': 'Analyst Ratings'}",EUR,1,TOPCS1600,VECTOR,1.0,0.5342,0,0,1.4,[],analyst88,Internal NLP,analyst,Analyst,analyst-analyst-ratings,Analyst Ratings
anl88_arr_jpm_abstract_method3_obj,|' separated string of sentence objectivity scores in abstract based on method3,"{'id': 'analyst88', 'name': 'Internal NLP'}","{'id': 'analyst', 'name': 'Analyst'}","{'id': 'analyst-analyst-ratings', 'name': 'Analyst Ratings'}",EUR,1,TOPCS1600,VECTOR,1.0,0.5342,0,0,1.4,[],analyst88,Internal NLP,analyst,Analyst,analyst-analyst-ratings,Analyst Ratings
anl88_arr_jpm_abstract_method3_pos,|' separated string of sentence positivity scores in abstract based on method3,"{'id': 'analyst88', 'name': 'Internal NLP'}","{'id': 'analyst', 'name': 'Analyst'}","{'id': 'analyst-analyst-ratings', 'name': 'Analyst Ratings'}",EUR,1,TOPCS1600,VECTOR,1.0,0.5342,0,0,1.4,[],analyst88,Internal NLP,analyst,Analyst,analyst-analyst-ratings,Analyst Ratings
anl88_arr_jpm_abstract_method3_tok,|' separated string of sentence level token count in abstract based on method3,"{'id': 'analyst88', 'name': 'Internal NLP'}","{'id': 'analyst', 'name': 'Analyst'}","{'id': 'analyst-analyst-ratings', 'name': 'Analyst Ratings'}",EUR,1,TOPCS1600,VECTOR,1.0,0.5342,0,0,1.4,[],analyst88,Internal NLP,analyst,Analyst,analyst-analyst-ratings,Analyst Ratings
anl88_arr_jpm_abstract_method4_neg,|' separated string of sentence negativity scores in abstract based on method4,"{'id': 'analyst88', 'name': 'Internal NLP'}","{'id': 'analyst', 'name': 'Analyst'}","{'id': 'analyst-analyst-ratings', 'name': 'Analyst Ratings'}",EUR,1,TOPCS1600,VECTOR,1.0,0.5342,0,0,1.4,[],analyst88,Internal NLP,analyst,Analyst,analyst-analyst-ratings,Analyst Ratings
anl88_arr_jpm_abstract_method4_obj,|' separated string of sentence objectivity scores in abstract based on method4,"{'id': 'analyst88', 'name': 'Internal NLP'}","{'id': 'analyst', 'name': 'Analyst'}","{'id': 'analyst-analyst-ratings', 'name': 'Analyst Ratings'}",EUR,1,TOPCS1600,VECTOR,1.0,0.5342,0,0,1.4,[],analyst88,Internal NLP,analyst,Analyst,analyst-analyst-ratings,Analyst Ratings
anl88_arr_jpm_abstract_method4_pos,|' separated string of sentence positivity scores in abstract based on method4,"{'id': 'analyst88', 'name': 'Internal NLP'}","{'id': 'analyst', 'name': 'Analyst'}","{'id': 'analyst-analyst-ratings', 'name': 'Analyst Ratings'}",EUR,1,TOPCS1600,VECTOR,1.0,0.5342,0,0,1.4,[],analyst88,Internal NLP,analyst,Analyst,analyst-analyst-ratings,Analyst Ratings
anl88_arr_jpm_abstract_method4_tok,|' separated string of sentence level token count in abstract based on method4,"{'id': 'analyst88', 'name': 'Internal NLP'}","{'id': 'analyst', 'name': 'Analyst'}","{'id': 'analyst-analyst-ratings', 'name': 'Analyst Ratings'}",EUR,1,TOPCS1600,VECTOR,1.0,0.5342,0,0,1.4,[],analyst88,Internal NLP,analyst,Analyst,analyst-analyst-ratings,Analyst Ratings
anl88_arr_jpm_abstract_method5_neg,|' separated string of sentence negativity scores in abstract based on method5,"{'id': 'analyst88', 'name': 'Internal NLP'}","{'id': 'analyst', 'name': 'Analyst'}","{'id': 'analyst-analyst-ratings', 'name': 'Analyst Ratings'}",EUR,1,TOPCS1600,VECTOR,1.0,0.5342,0,0,1.4,[],analyst88,Internal NLP,analyst,Analyst,analyst-analyst-ratings,Analyst Ratings
anl88_arr_jpm_abstract_method5_neu,|' separated string of sentence neutrality scores in abstract based on method5,"{'id': 'analyst88', 'name': 'Internal NLP'}","{'id': 'analyst', 'name': 'Analyst'}","{'id': 'analyst-analyst-ratings', 'name': 'Analyst Ratings'}",EUR,1,TOPCS1600,VECTOR,1.0,0.5342,0,0,1.4,[],analyst88,Internal NLP,analyst,Analyst,analyst-analyst-ratings,Analyst Ratings
anl88_arr_jpm_abstract_method5_pos,|' separated string of sentence positivity scores in abstract based on method5,"{'id': 'analyst88', 'name': 'Internal NLP'}","{'id': 'analyst', 'name': 'Analyst'}","{'id': 'analyst-analyst-ratings', 'name': 'Analyst Ratings'}",EUR,1,TOPCS1600,VECTOR,1.0,0.5342,0,0,1.4,[],analyst88,Internal NLP,analyst,Analyst,analyst-analyst-ratings,Analyst Ratings
anl88_arr_jpm_abstract_method5_tok,|' separated string of sentence level token count in abstract based on method5,"{'id': 'analyst88', 'name': 'Internal NLP'}","{'id': 'analyst', 'name': 'Analyst'}","{'id': 'analyst-analyst-ratings', 'name': 'Analyst Ratings'}",EUR,1,TOPCS1600,VECTOR,1.0,0.5342,0,0,1.4,[],analyst88,Internal NLP,analyst,Analyst,analyst-analyst-ratings,Analyst Ratings
anl88_arr_jpm_modifytimeutc,Modify date of the file in UTC,"{'id': 'analyst88', 'name': 'Internal NLP'}","{'id': 'analyst', 'name': 'Analyst'}","{'id': 'analyst-analyst-ratings', 'name': 'Analyst Ratings'}",EUR,1,TOPCS1600,VECTOR,1.0,0.6089,0,0,1.4,[],analyst88,Internal NLP,analyst,Analyst,analyst-analyst-ratings,Analyst Ratings
anl88_arr_jpm_modifytimeutctime,Modify time of the file in UTC,"{'id': 'analyst88', 'name': 'Internal NLP'}","{'id': 'analyst', 'name': 'Analyst'}","{'id': 'analyst-analyst-ratings', 'name': 'Analyst Ratings'}",EUR,1,TOPCS1600,VECTOR,1.0,0.6089,0,0,1.4,[],analyst88,Internal NLP,analyst,Analyst,analyst-analyst-ratings,Analyst Ratings
anl88_arr_jpm_publicationtime,Publication time of the report,"{'id': 'analyst88', 'name': 'Internal NLP'}","{'id': 'analyst', 'name': 'Analyst'}","{'id': 'analyst-analyst-ratings', 'name': 'Analyst Ratings'}",EUR,1,TOPCS1600,VECTOR,1.0,0.5378,0,0,1.4,[],analyst88,Internal NLP,analyst,Analyst,analyst-analyst-ratings,Analyst Ratings
anl88_arr_jpm_statustime,Time at which the report was updated,"{'id': 'analyst88', 'name': 'Internal NLP'}","{'id': 'analyst', 'name': 'Analyst'}","{'id': 'analyst-analyst-ratings', 'name': 'Analyst Ratings'}",EUR,1,TOPCS1600,VECTOR,1.0,0.5378,0,0,1.4,[],analyst88,Internal NLP,analyst,Analyst,analyst-analyst-ratings,Analyst Ratings
anl88_arr_jpm_synopsis_method1_neg,|' separated string of sentence negativity scores in synopsis based on method1,"{'id': 'analyst88', 'name': 'Internal NLP'}","{'id': 'analyst', 'name': 'Analyst'}","{'id': 'analyst-analyst-ratings', 'name': 'Analyst Ratings'}",EUR,1,TOPCS1600,VECTOR,1.0,0.5342,0,0,1.4,[],analyst88,Internal NLP,analyst,Analyst,analyst-analyst-ratings,Analyst Ratings
anl88_arr_jpm_synopsis_method1_neu,|' separated string of sentence neutrality scores in synopsis based on method1,"{'id': 'analyst88', 'name': 'Internal NLP'}","{'id': 'analyst', 'name': 'Analyst'}","{'id': 'analyst-analyst-ratings', 'name': 'Analyst Ratings'}",EUR,1,TOPCS1600,VECTOR,1.0,0.5342,0,0,1.4,[],analyst88,Internal NLP,analyst,Analyst,analyst-analyst-ratings,Analyst Ratings
anl88_arr_jpm_synopsis_method1_pos,|' separated string of sentence positivity scores in synopsis based on method1,"{'id': 'analyst88', 'name': 'Internal NLP'}","{'id': 'analyst', 'name': 'Analyst'}","{'id': 'analyst-analyst-ratings', 'name': 'Analyst Ratings'}",EUR,1,TOPCS1600,VECTOR,1.0,0.5342,0,0,1.4,[],analyst88,Internal NLP,analyst,Analyst,analyst-analyst-ratings,Analyst Ratings
anl88_arr_jpm_synopsis_method1_tok,|' separated string of sentence level token count in synopsis based on method1,"{'id': 'analyst88', 'name': 'Internal NLP'}","{'id': 'analyst', 'name': 'Analyst'}","{'id': 'analyst-analyst-ratings', 'name': 'Analyst Ratings'}",EUR,1,TOPCS1600,VECTOR,1.0,0.5342,0,0,1.4,[],analyst88,Internal NLP,analyst,Analyst,analyst-analyst-ratings,Analyst Ratings
anl88_arr_jpm_synopsis_method2_neg,|' separated string of sentence negativity scores in synopsis based on method2,"{'id': 'analyst88', 'name': 'Internal NLP'}","{'id': 'analyst', 'name': 'Analyst'}","{'id': 'analyst-analyst-ratings', 'name': 'Analyst Ratings'}",EUR,1,TOPCS1600,VECTOR,1.0,0.5342,0,0,1.4,[],analyst88,Internal NLP,analyst,Analyst,analyst-analyst-ratings,Analyst Ratings
anl88_arr_jpm_synopsis_method2_obj,|' separated string of sentence objectivity scores in synopsis based on method2,"{'id': 'analyst88', 'name': 'Internal NLP'}","{'id': 'analyst', 'name': 'Analyst'}","{'id': 'analyst-analyst-ratings', 'name': 'Analyst Ratings'}",EUR,1,TOPCS1600,VECTOR,1.0,0.5342,0,0,1.4,[],analyst88,Internal NLP,analyst,Analyst,analyst-analyst-ratings,Analyst Ratings
anl88_arr_jpm_synopsis_method2_pos,|' separated string of sentence positivity scores in synopsis based on method2,"{'id': 'analyst88', 'name': 'Internal NLP'}","{'id': 'analyst', 'name': 'Analyst'}","{'id': 'analyst-analyst-ratings', 'name': 'Analyst Ratings'}",EUR,1,TOPCS1600,VECTOR,1.0,0.5342,0,0,1.4,[],analyst88,Internal NLP,analyst,Analyst,analyst-analyst-ratings,Analyst Ratings
anl88_arr_jpm_synopsis_method2_tok,|' separated string of sentence level token count in synopsis based on method2,"{'id': 'analyst88', 'name': 'Internal NLP'}","{'id': 'analyst', 'name': 'Analyst'}","{'id': 'analyst-analyst-ratings', 'name': 'Analyst Ratings'}",EUR,1,TOPCS1600,VECTOR,1.0,0.5342,0,0,1.4,[],analyst88,Internal NLP,analyst,Analyst,analyst-analyst-ratings,Analyst Ratings
anl88_arr_jpm_synopsis_method3_neg,|' separated string of sentence negativity scores in synopsis based on method3,"{'id': 'analyst88', 'name': 'Internal NLP'}","{'id': 'analyst', 'name': 'Analyst'}","{'id': 'analyst-analyst-ratings', 'name': 'Analyst Ratings'}",EUR,1,TOPCS1600,VECTOR,1.0,0.5342,0,0,1.4,[],analyst88,Internal NLP,analyst,Analyst,analyst-analyst-ratings,Analyst Ratings
anl88_arr_jpm_synopsis_method3_obj,|' separated string of sentence objectivity scores in synopsis based on method3,"{'id': 'analyst88', 'name': 'Internal NLP'}","{'id': 'analyst', 'name': 'Analyst'}","{'id': 'analyst-analyst-ratings', 'name': 'Analyst Ratings'}",EUR,1,TOPCS1600,VECTOR,1.0,0.5342,0,0,1.4,[],analyst88,Internal NLP,analyst,Analyst,analyst-analyst-ratings,Analyst Ratings
anl88_arr_jpm_synopsis_method3_pos,|' separated string of sentence positivity scores in synopsis based on method3,"{'id': 'analyst88', 'name': 'Internal NLP'}","{'id': 'analyst', 'name': 'Analyst'}","{'id': 'analyst-analyst-ratings', 'name': 'Analyst Ratings'}",EUR,1,TOPCS1600,VECTOR,1.0,0.5342,0,0,1.4,[],analyst88,Internal NLP,analyst,Analyst,analyst-analyst-ratings,Analyst Ratings
anl88_arr_jpm_synopsis_method3_tok,|' separated string of sentence level token count in synopsis based on method3,"{'id': 'analyst88', 'name': 'Internal NLP'}","{'id': 'analyst', 'name': 'Analyst'}","{'id': 'analyst-analyst-ratings', 'name': 'Analyst Ratings'}",EUR,1,TOPCS1600,VECTOR,1.0,0.5342,0,0,1.4,[],analyst88,Internal NLP,analyst,Analyst,analyst-analyst-ratings,Analyst Ratings
anl88_arr_jpm_synopsis_method4_neg,|' separated string of sentence negativity scores in synopsis based on method4,"{'id': 'analyst88', 'name': 'Internal NLP'}","{'id': 'analyst', 'name': 'Analyst'}","{'id': 'analyst-analyst-ratings', 'name': 'Analyst Ratings'}",EUR,1,TOPCS1600,VECTOR,1.0,0.5342,0,0,1.4,[],analyst88,Internal NLP,analyst,Analyst,analyst-analyst-ratings,Analyst Ratings
anl88_arr_jpm_synopsis_method4_obj,|' separated string of sentence objectivity scores in synopsis based on method4,"{'id': 'analyst88', 'name': 'Internal NLP'}","{'id': 'analyst', 'name': 'Analyst'}","{'id': 'analyst-analyst-ratings', 'name': 'Analyst Ratings'}",EUR,1,TOPCS1600,VECTOR,1.0,0.5342,0,0,1.4,[],analyst88,Internal NLP,analyst,Analyst,analyst-analyst-ratings,Analyst Ratings
anl88_arr_jpm_synopsis_method4_pos,|' separated string of sentence positivity scores in synopsis based on method4,"{'id': 'analyst88', 'name': 'Internal NLP'}","{'id': 'analyst', 'name': 'Analyst'}","{'id': 'analyst-analyst-ratings', 'name': 'Analyst Ratings'}",EUR,1,TOPCS1600,VECTOR,1.0,0.5342,0,0,1.4,[],analyst88,Internal NLP,analyst,Analyst,analyst-analyst-ratings,Analyst Ratings
anl88_arr_jpm_synopsis_method4_tok,|' separated string of sentence level token count in synopsis based on method4,"{'id': 'analyst88', 'name': 'Internal NLP'}","{'id': 'analyst', 'name': 'Analyst'}","{'id': 'analyst-analyst-ratings', 'name': 'Analyst Ratings'}",EUR,1,TOPCS1600,VECTOR,1.0,0.5342,0,0,1.4,[],analyst88,Internal NLP,analyst,Analyst,analyst-analyst-ratings,Analyst Ratings
anl88_arr_jpm_synopsis_method5_neg,|' separated string of sentence negativity scores in synopsis based on method5,"{'id': 'analyst88', 'name': 'Internal NLP'}","{'id': 'analyst', 'name': 'Analyst'}","{'id': 'analyst-analyst-ratings', 'name': 'Analyst Ratings'}",EUR,1,TOPCS1600,VECTOR,1.0,0.5342,0,0,1.4,[],analyst88,Internal NLP,analyst,Analyst,analyst-analyst-ratings,Analyst Ratings
anl88_arr_jpm_synopsis_method5_neu,|' separated string of sentence neutrality scores in synopsis based on method5,"{'id': 'analyst88', 'name': 'Internal NLP'}","{'id': 'analyst', 'name': 'Analyst'}","{'id': 'analyst-analyst-ratings', 'name': 'Analyst Ratings'}",EUR,1,TOPCS1600,VECTOR,1.0,0.5342,0,0,1.4,[],analyst88,Internal NLP,analyst,Analyst,analyst-analyst-ratings,Analyst Ratings
anl88_arr_jpm_synopsis_method5_pos,|' separated string of sentence positivity scores in synopsis based on method5,"{'id': 'analyst88', 'name': 'Internal NLP'}","{'id': 'analyst', 'name': 'Analyst'}","{'id': 'analyst-analyst-ratings', 'name': 'Analyst Ratings'}",EUR,1,TOPCS1600,VECTOR,1.0,0.5342,0,0,1.4,[],analyst88,Internal NLP,analyst,Analyst,analyst-analyst-ratings,Analyst Ratings
anl88_arr_jpm_synopsis_method5_tok,|' separated string of sentence level token count in synopsis based on method5,"{'id': 'analyst88', 'name': 'Internal NLP'}","{'id': 'analyst', 'name': 'Analyst'}","{'id': 'analyst-analyst-ratings', 'name': 'Analyst Ratings'}",EUR,1,TOPCS1600,VECTOR,1.0,0.5342,0,0,1.4,[],analyst88,Internal NLP,analyst,Analyst,analyst-analyst-ratings,Analyst Ratings
anl88_arr_jpm_title_method1_neg,|' separated string of sentence negativity scores in title based on method1,"{'id': 'analyst88', 'name': 'Internal NLP'}","{'id': 'analyst', 'name': 'Analyst'}","{'id': 'analyst-analyst-ratings', 'name': 'Analyst Ratings'}",EUR,1,TOPCS1600,VECTOR,1.0,0.5378,0,0,1.4,[],analyst88,Internal NLP,analyst,Analyst,analyst-analyst-ratings,Analyst Ratings
anl88_arr_jpm_title_method1_neu,|' separated string of sentence neutrality scores in title based on method1,"{'id': 'analyst88', 'name': 'Internal NLP'}","{'id': 'analyst', 'name': 'Analyst'}","{'id': 'analyst-analyst-ratings', 'name': 'Analyst Ratings'}",EUR,1,TOPCS1600,VECTOR,1.0,0.5378,0,0,1.4,[],analyst88,Internal NLP,analyst,Analyst,analyst-analyst-ratings,Analyst Ratings
anl88_arr_jpm_title_method1_pos,|' separated string of sentence positivity scores in title based on method1,"{'id': 'analyst88', 'name': 'Internal NLP'}","{'id': 'analyst', 'name': 'Analyst'}","{'id': 'analyst-analyst-ratings', 'name': 'Analyst Ratings'}",EUR,1,TOPCS1600,VECTOR,1.0,0.5378,0,0,1.4,[],analyst88,Internal NLP,analyst,Analyst,analyst-analyst-ratings,Analyst Ratings
anl88_arr_jpm_title_method1_tok,|' separated string of sentence level token count in title based on method1,"{'id': 'analyst88', 'name': 'Internal NLP'}","{'id': 'analyst', 'name': 'Analyst'}","{'id': 'analyst-analyst-ratings', 'name': 'Analyst Ratings'}",EUR,1,TOPCS1600,VECTOR,1.0,0.5378,0,0,1.4,[],analyst88,Internal NLP,analyst,Analyst,analyst-analyst-ratings,Analyst Ratings
anl88_arr_jpm_title_method2_neg,|' separated string of sentence negativity scores in title based on method2,"{'id': 'analyst88', 'name': 'Internal NLP'}","{'id': 'analyst', 'name': 'Analyst'}","{'id': 'analyst-analyst-ratings', 'name': 'Analyst Ratings'}",EUR,1,TOPCS1600,VECTOR,1.0,0.5378,0,0,1.4,[],analyst88,Internal NLP,analyst,Analyst,analyst-analyst-ratings,Analyst Ratings
anl88_arr_jpm_title_method2_obj,|' separated string of sentence objectivity scores in title based on method2,"{'id': 'analyst88', 'name': 'Internal NLP'}","{'id': 'analyst', 'name': 'Analyst'}","{'id': 'analyst-analyst-ratings', 'name': 'Analyst Ratings'}",EUR,1,TOPCS1600,VECTOR,1.0,0.5378,0,0,1.4,[],analyst88,Internal NLP,analyst,Analyst,analyst-analyst-ratings,Analyst Ratings
anl88_arr_jpm_title_method2_pos,|' separated string of sentence positivity scores in title based on method2,"{'id': 'analyst88', 'name': 'Internal NLP'}","{'id': 'analyst', 'name': 'Analyst'}","{'id': 'analyst-analyst-ratings', 'name': 'Analyst Ratings'}",EUR,1,TOPCS1600,VECTOR,1.0,0.5378,0,0,1.4,[],analyst88,Internal NLP,analyst,Analyst,analyst-analyst-ratings,Analyst Ratings
anl88_arr_jpm_title_method2_tok,|' separated string of sentence level token count in title based on method2,"{'id': 'analyst88', 'name': 'Internal NLP'}","{'id': 'analyst', 'name': 'Analyst'}","{'id': 'analyst-analyst-ratings', 'name': 'Analyst Ratings'}",EUR,1,TOPCS1600,VECTOR,1.0,0.5378,0,0,1.4,[],analyst88,Internal NLP,analyst,Analyst,analyst-analyst-ratings,Analyst Ratings
anl88_arr_jpm_title_method3_neg,|' separated string of sentence negativity scores in title based on method3,"{'id': 'analyst88', 'name': 'Internal NLP'}","{'id': 'analyst', 'name': 'Analyst'}","{'id': 'analyst-analyst-ratings', 'name': 'Analyst Ratings'}",EUR,1,TOPCS1600,VECTOR,1.0,0.5378,0,0,1.4,[],analyst88,Internal NLP,analyst,Analyst,analyst-analyst-ratings,Analyst Ratings
anl88_arr_jpm_title_method3_obj,|' separated string of sentence objectivity scores in title based on method3,"{'id': 'analyst88', 'name': 'Internal NLP'}","{'id': 'analyst', 'name': 'Analyst'}","{'id': 'analyst-analyst-ratings', 'name': 'Analyst Ratings'}",EUR,1,TOPCS1600,VECTOR,1.0,0.5378,0,0,1.4,[],analyst88,Internal NLP,analyst,Analyst,analyst-analyst-ratings,Analyst Ratings
anl88_arr_jpm_title_method3_pos,|' separated string of sentence positivity scores in title based on method3,"{'id': 'analyst88', 'name': 'Internal NLP'}","{'id': 'analyst', 'name': 'Analyst'}","{'id': 'analyst-analyst-ratings', 'name': 'Analyst Ratings'}",EUR,1,TOPCS1600,VECTOR,1.0,0.5378,0,0,1.4,[],analyst88,Internal NLP,analyst,Analyst,analyst-analyst-ratings,Analyst Ratings
anl88_arr_jpm_title_method3_tok,|' separated string of sentence level token count in title based on method3,"{'id': 'analyst88', 'name': 'Internal NLP'}","{'id': 'analyst', 'name': 'Analyst'}","{'id': 'analyst-analyst-ratings', 'name': 'Analyst Ratings'}",EUR,1,TOPCS1600,VECTOR,1.0,0.5378,0,0,1.4,[],analyst88,Internal NLP,analyst,Analyst,analyst-analyst-ratings,Analyst Ratings
anl88_arr_jpm_title_method4_neg,|' separated string of sentence negativity scores in title based on method4,"{'id': 'analyst88', 'name': 'Internal NLP'}","{'id': 'analyst', 'name': 'Analyst'}","{'id': 'analyst-analyst-ratings', 'name': 'Analyst Ratings'}",EUR,1,TOPCS1600,VECTOR,1.0,0.5378,0,0,1.4,[],analyst88,Internal NLP,analyst,Analyst,analyst-analyst-ratings,Analyst Ratings
anl88_arr_jpm_title_method4_obj,|' separated string of sentence objectivity scores in title based on method4,"{'id': 'analyst88', 'name': 'Internal NLP'}","{'id': 'analyst', 'name': 'Analyst'}","{'id': 'analyst-analyst-ratings', 'name': 'Analyst Ratings'}",EUR,1,TOPCS1600,VECTOR,1.0,0.5378,0,0,1.4,[],analyst88,Internal NLP,analyst,Analyst,analyst-analyst-ratings,Analyst Ratings
anl88_arr_jpm_title_method4_pos,|' separated string of sentence positivity scores in title based on method4,"{'id': 'analyst88', 'name': 'Internal NLP'}","{'id': 'analyst', 'name': 'Analyst'}","{'id': 'analyst-analyst-ratings', 'name': 'Analyst Ratings'}",EUR,1,TOPCS1600,VECTOR,1.0,0.5378,0,0,1.4,[],analyst88,Internal NLP,analyst,Analyst,analyst-analyst-ratings,Analyst Ratings
anl88_arr_jpm_title_method4_tok,|' separated string of sentence level token count in title based on method4,"{'id': 'analyst88', 'name': 'Internal NLP'}","{'id': 'analyst', 'name': 'Analyst'}","{'id': 'analyst-analyst-ratings', 'name': 'Analyst Ratings'}",EUR,1,TOPCS1600,VECTOR,1.0,0.5378,0,0,1.4,[],analyst88,Internal NLP,analyst,Analyst,analyst-analyst-ratings,Analyst Ratings
anl88_arr_jpm_title_method5_neg,|' separated string of sentence negativity scores in title based on method5,"{'id': 'analyst88', 'name': 'Internal NLP'}","{'id': 'analyst', 'name': 'Analyst'}","{'id': 'analyst-analyst-ratings', 'name': 'Analyst Ratings'}",EUR,1,TOPCS1600,VECTOR,1.0,0.5378,0,0,1.4,[],analyst88,Internal NLP,analyst,Analyst,analyst-analyst-ratings,Analyst Ratings
anl88_arr_jpm_title_method5_neu,|' separated string of sentence neutrality scores in title based on method5,"{'id': 'analyst88', 'name': 'Internal NLP'}","{'id': 'analyst', 'name': 'Analyst'}","{'id': 'analyst-analyst-ratings', 'name': 'Analyst Ratings'}",EUR,1,TOPCS1600,VECTOR,1.0,0.5378,0,0,1.4,[],analyst88,Internal NLP,analyst,Analyst,analyst-analyst-ratings,Analyst Ratings
anl88_arr_jpm_title_method5_pos,|' separated string of sentence positivity scores in title based on method5,"{'id': 'analyst88', 'name': 'Internal NLP'}","{'id': 'analyst', 'name': 'Analyst'}","{'id': 'analyst-analyst-ratings', 'name': 'Analyst Ratings'}",EUR,1,TOPCS1600,VECTOR,1.0,0.5378,0,0,1.4,[],analyst88,Internal NLP,analyst,Analyst,analyst-analyst-ratings,Analyst Ratings
anl88_arr_jpm_title_method5_tok,|' separated string of sentence level token count in title based on method5,"{'id': 'analyst88', 'name': 'Internal NLP'}","{'id': 'analyst', 'name': 'Analyst'}","{'id': 'analyst-analyst-ratings', 'name': 'Analyst Ratings'}",EUR,1,TOPCS1600,VECTOR,1.0,0.5378,0,0,1.4,[],analyst88,Internal NLP,analyst,Analyst,analyst-analyst-ratings,Analyst Ratings
anl88_arr_jpm_wqreceivetime,Timestamp at which the file is received,"{'id': 'analyst88', 'name': 'Internal NLP'}","{'id': 'analyst', 'name': 'Analyst'}","{'id': 'analyst-analyst-ratings', 'name': 'Analyst Ratings'}",EUR,1,TOPCS1600,VECTOR,1.0,0.5378,0,0,1.4,[],analyst88,Internal NLP,analyst,Analyst,analyst-analyst-ratings,Analyst Ratings
anl88_arr_ms_abstract_method1_neg,|' separated string of sentence negativity scores in abstract based on method1,"{'id': 'analyst88', 'name': 'Internal NLP'}","{'id': 'analyst', 'name': 'Analyst'}","{'id': 'analyst-analyst-ratings', 'name': 'Analyst Ratings'}",EUR,1,TOPCS1600,VECTOR,1.0,0.4855,0,0,1.4,[],analyst88,Internal NLP,analyst,Analyst,analyst-analyst-ratings,Analyst Ratings
anl88_arr_ms_abstract_method1_neu,|' separated string of sentence neutrality scores in abstract based on method1,"{'id': 'analyst88', 'name': 'Internal NLP'}","{'id': 'analyst', 'name': 'Analyst'}","{'id': 'analyst-analyst-ratings', 'name': 'Analyst Ratings'}",EUR,1,TOPCS1600,VECTOR,1.0,0.4855,0,0,1.4,[],analyst88,Internal NLP,analyst,Analyst,analyst-analyst-ratings,Analyst Ratings
anl88_arr_ms_abstract_method1_pos,|' separated string of sentence positivity scores in abstract based on method1,"{'id': 'analyst88', 'name': 'Internal NLP'}","{'id': 'analyst', 'name': 'Analyst'}","{'id': 'analyst-analyst-ratings', 'name': 'Analyst Ratings'}",EUR,1,TOPCS1600,VECTOR,1.0,0.4855,0,0,1.4,[],analyst88,Internal NLP,analyst,Analyst,analyst-analyst-ratings,Analyst Ratings
anl88_arr_ms_abstract_method1_tok,|' separated string of sentence level token count in abstract based on method1,"{'id': 'analyst88', 'name': 'Internal NLP'}","{'id': 'analyst', 'name': 'Analyst'}","{'id': 'analyst-analyst-ratings', 'name': 'Analyst Ratings'}",EUR,1,TOPCS1600,VECTOR,1.0,0.4855,0,0,1.4,[],analyst88,Internal NLP,analyst,Analyst,analyst-analyst-ratings,Analyst Ratings
anl88_arr_ms_abstract_method2_neg,|' separated string of sentence negativity scores in abstract based on method2,"{'id': 'analyst88', 'name': 'Internal NLP'}","{'id': 'analyst', 'name': 'Analyst'}","{'id': 'analyst-analyst-ratings', 'name': 'Analyst Ratings'}",EUR,1,TOPCS1600,VECTOR,1.0,0.4855,0,0,1.4,[],analyst88,Internal NLP,analyst,Analyst,analyst-analyst-ratings,Analyst Ratings
anl88_arr_ms_abstract_method2_obj,|' separated string of sentence objectivity scores in abstract based on method2,"{'id': 'analyst88', 'name': 'Internal NLP'}","{'id': 'analyst', 'name': 'Analyst'}","{'id': 'analyst-analyst-ratings', 'name': 'Analyst Ratings'}",EUR,1,TOPCS1600,VECTOR,1.0,0.4855,0,0,1.4,[],analyst88,Internal NLP,analyst,Analyst,analyst-analyst-ratings,Analyst Ratings
anl88_arr_ms_abstract_method2_pos,|' separated string of sentence positivity scores in abstract based on method2,"{'id': 'analyst88', 'name': 'Internal NLP'}","{'id': 'analyst', 'name': 'Analyst'}","{'id': 'analyst-analyst-ratings', 'name': 'Analyst Ratings'}",EUR,1,TOPCS1600,VECTOR,1.0,0.4855,0,0,1.4,[],analyst88,Internal NLP,analyst,Analyst,analyst-analyst-ratings,Analyst Ratings
anl88_arr_ms_abstract_method2_tok,|' separated string of sentence level token count in abstract based on method2,"{'id': 'analyst88', 'name': 'Internal NLP'}","{'id': 'analyst', 'name': 'Analyst'}","{'id': 'analyst-analyst-ratings', 'name': 'Analyst Ratings'}",EUR,1,TOPCS1600,VECTOR,1.0,0.4855,0,0,1.4,[],analyst88,Internal NLP,analyst,Analyst,analyst-analyst-ratings,Analyst Ratings
anl88_arr_ms_abstract_method3_neg,|' separated string of sentence negativity scores in abstract based on method3,"{'id': 'analyst88', 'name': 'Internal NLP'}","{'id': 'analyst', 'name': 'Analyst'}","{'id': 'analyst-analyst-ratings', 'name': 'Analyst Ratings'}",EUR,1,TOPCS1600,VECTOR,1.0,0.4855,0,0,1.4,[],analyst88,Internal NLP,analyst,Analyst,analyst-analyst-ratings,Analyst Ratings
anl88_arr_ms_abstract_method3_obj,|' separated string of sentence objectivity scores in abstract based on method3,"{'id': 'analyst88', 'name': 'Internal NLP'}","{'id': 'analyst', 'name': 'Analyst'}","{'id': 'analyst-analyst-ratings', 'name': 'Analyst Ratings'}",EUR,1,TOPCS1600,VECTOR,1.0,0.4855,0,0,1.4,[],analyst88,Internal NLP,analyst,Analyst,analyst-analyst-ratings,Analyst Ratings
anl88_arr_ms_abstract_method3_pos,|' separated string of sentence positivity scores in abstract based on method3,"{'id': 'analyst88', 'name': 'Internal NLP'}","{'id': 'analyst', 'name': 'Analyst'}","{'id': 'analyst-analyst-ratings', 'name': 'Analyst Ratings'}",EUR,1,TOPCS1600,VECTOR,1.0,0.4855,0,0,1.4,[],analyst88,Internal NLP,analyst,Analyst,analyst-analyst-ratings,Analyst Ratings
anl88_arr_ms_abstract_method3_tok,|' separated string of sentence level token count in abstract based on method3,"{'id': 'analyst88', 'name': 'Internal NLP'}","{'id': 'analyst', 'name': 'Analyst'}","{'id': 'analyst-analyst-ratings', 'name': 'Analyst Ratings'}",EUR,1,TOPCS1600,VECTOR,1.0,0.4855,0,0,1.4,[],analyst88,Internal NLP,analyst,Analyst,analyst-analyst-ratings,Analyst Ratings
anl88_arr_ms_abstract_method4_neg,|' separated string of sentence negativity scores in abstract based on method4,"{'id': 'analyst88', 'name': 'Internal NLP'}","{'id': 'analyst', 'name': 'Analyst'}","{'id': 'analyst-analyst-ratings', 'name': 'Analyst Ratings'}",EUR,1,TOPCS1600,VECTOR,1.0,0.4855,0,0,1.4,[],analyst88,Internal NLP,analyst,Analyst,analyst-analyst-ratings,Analyst Ratings
anl88_arr_ms_abstract_method4_obj,|' separated string of sentence objectivity scores in abstract based on method4,"{'id': 'analyst88', 'name': 'Internal NLP'}","{'id': 'analyst', 'name': 'Analyst'}","{'id': 'analyst-analyst-ratings', 'name': 'Analyst Ratings'}",EUR,1,TOPCS1600,VECTOR,1.0,0.4855,0,0,1.4,[],analyst88,Internal NLP,analyst,Analyst,analyst-analyst-ratings,Analyst Ratings
anl88_arr_ms_abstract_method4_pos,|' separated string of sentence positivity scores in abstract based on method4,"{'id': 'analyst88', 'name': 'Internal NLP'}","{'id': 'analyst', 'name': 'Analyst'}","{'id': 'analyst-analyst-ratings', 'name': 'Analyst Ratings'}",EUR,1,TOPCS1600,VECTOR,1.0,0.4855,0,0,1.4,[],analyst88,Internal NLP,analyst,Analyst,analyst-analyst-ratings,Analyst Ratings
anl88_arr_ms_abstract_method4_tok,|' separated string of sentence level token count in abstract based on method4,"{'id': 'analyst88', 'name': 'Internal NLP'}","{'id': 'analyst', 'name': 'Analyst'}","{'id': 'analyst-analyst-ratings', 'name': 'Analyst Ratings'}",EUR,1,TOPCS1600,VECTOR,1.0,0.4855,0,0,1.4,[],analyst88,Internal NLP,analyst,Analyst,analyst-analyst-ratings,Analyst Ratings
anl88_arr_ms_abstract_method5_neg,|' separated string of sentence negativity scores in abstract based on method5,"{'id': 'analyst88', 'name': 'Internal NLP'}","{'id': 'analyst', 'name': 'Analyst'}","{'id': 'analyst-analyst-ratings', 'name': 'Analyst Ratings'}",EUR,1,TOPCS1600,VECTOR,1.0,0.4855,0,0,1.4,[],analyst88,Internal NLP,analyst,Analyst,analyst-analyst-ratings,Analyst Ratings
anl88_arr_ms_abstract_method5_neu,|' separated string of sentence neutrality scores in abstract based on method5,"{'id': 'analyst88', 'name': 'Internal NLP'}","{'id': 'analyst', 'name': 'Analyst'}","{'id': 'analyst-analyst-ratings', 'name': 'Analyst Ratings'}",EUR,1,TOPCS1600,VECTOR,1.0,0.4855,0,0,1.4,[],analyst88,Internal NLP,analyst,Analyst,analyst-analyst-ratings,Analyst Ratings
anl88_arr_ms_abstract_method5_pos,|' separated string of sentence positivity scores in abstract based on method5,"{'id': 'analyst88', 'name': 'Internal NLP'}","{'id': 'analyst', 'name': 'Analyst'}","{'id': 'analyst-analyst-ratings', 'name': 'Analyst Ratings'}",EUR,1,TOPCS1600,VECTOR,1.0,0.4855,0,0,1.4,[],analyst88,Internal NLP,analyst,Analyst,analyst-analyst-ratings,Analyst Ratings
anl88_arr_ms_abstract_method5_tok,|' separated string of sentence level token count in abstract based on method5,"{'id': 'analyst88', 'name': 'Internal NLP'}","{'id': 'analyst', 'name': 'Analyst'}","{'id': 'analyst-analyst-ratings', 'name': 'Analyst Ratings'}",EUR,1,TOPCS1600,VECTOR,1.0,0.4855,0,0,1.4,[],analyst88,Internal NLP,analyst,Analyst,analyst-analyst-ratings,Analyst Ratings
anl88_arr_ms_modifytimeutc,Modify date of the file in UTC,"{'id': 'analyst88', 'name': 'Internal NLP'}","{'id': 'analyst', 'name': 'Analyst'}","{'id': 'analyst-analyst-ratings', 'name': 'Analyst Ratings'}",EUR,1,TOPCS1600,VECTOR,1.0,0.5433,0,0,1.4,[],analyst88,Internal NLP,analyst,Analyst,analyst-analyst-ratings,Analyst Ratings
anl88_arr_ms_modifytimeutctime,Modify time of the file in UTC,"{'id': 'analyst88', 'name': 'Internal NLP'}","{'id': 'analyst', 'name': 'Analyst'}","{'id': 'analyst-analyst-ratings', 'name': 'Analyst Ratings'}",EUR,1,TOPCS1600,VECTOR,1.0,0.5433,0,0,1.4,[],analyst88,Internal NLP,analyst,Analyst,analyst-analyst-ratings,Analyst Ratings
anl88_arr_ms_publicationtime,Publication time of the report,"{'id': 'analyst88', 'name': 'Internal NLP'}","{'id': 'analyst', 'name': 'Analyst'}","{'id': 'analyst-analyst-ratings', 'name': 'Analyst Ratings'}",EUR,1,TOPCS1600,VECTOR,1.0,0.4638,0,0,1.4,[],analyst88,Internal NLP,analyst,Analyst,analyst-analyst-ratings,Analyst Ratings
anl88_arr_ms_statustime,Time at which the report was updated,"{'id': 'analyst88', 'name': 'Internal NLP'}","{'id': 'analyst', 'name': 'Analyst'}","{'id': 'analyst-analyst-ratings', 'name': 'Analyst Ratings'}",EUR,1,TOPCS1600,VECTOR,1.0,0.4638,0,0,1.4,[],analyst88,Internal NLP,analyst,Analyst,analyst-analyst-ratings,Analyst Ratings
anl88_arr_ms_synopsis_method1_neg,|' separated string of sentence negativity scores in synopsis based on method1,"{'id': 'analyst88', 'name': 'Internal NLP'}","{'id': 'analyst', 'name': 'Analyst'}","{'id': 'analyst-analyst-ratings', 'name': 'Analyst Ratings'}",EUR,1,TOPCS1600,VECTOR,1.0,0.4632,0,0,1.4,[],analyst88,Internal NLP,analyst,Analyst,analyst-analyst-ratings,Analyst Ratings
anl88_arr_ms_synopsis_method1_neu,|' separated string of sentence neutrality scores in synopsis based on method1,"{'id': 'analyst88', 'name': 'Internal NLP'}","{'id': 'analyst', 'name': 'Analyst'}","{'id': 'analyst-analyst-ratings', 'name': 'Analyst Ratings'}",EUR,1,TOPCS1600,VECTOR,1.0,0.4632,0,0,1.4,[],analyst88,Internal NLP,analyst,Analyst,analyst-analyst-ratings,Analyst Ratings
anl88_arr_ms_synopsis_method1_pos,|' separated string of sentence positivity scores in synopsis based on method1,"{'id': 'analyst88', 'name': 'Internal NLP'}","{'id': 'analyst', 'name': 'Analyst'}","{'id': 'analyst-analyst-ratings', 'name': 'Analyst Ratings'}",EUR,1,TOPCS1600,VECTOR,1.0,0.4632,0,0,1.4,[],analyst88,Internal NLP,analyst,Analyst,analyst-analyst-ratings,Analyst Ratings
anl88_arr_ms_synopsis_method1_tok,|' separated string of sentence level token count in synopsis based on method1,"{'id': 'analyst88', 'name': 'Internal NLP'}","{'id': 'analyst', 'name': 'Analyst'}","{'id': 'analyst-analyst-ratings', 'name': 'Analyst Ratings'}",EUR,1,TOPCS1600,VECTOR,1.0,0.4632,0,0,1.4,[],analyst88,Internal NLP,analyst,Analyst,analyst-analyst-ratings,Analyst Ratings
anl88_arr_ms_synopsis_method2_neg,|' separated string of sentence negativity scores in synopsis based on method2,"{'id': 'analyst88', 'name': 'Internal NLP'}","{'id': 'analyst', 'name': 'Analyst'}","{'id': 'analyst-analyst-ratings', 'name': 'Analyst Ratings'}",EUR,1,TOPCS1600,VECTOR,1.0,0.4632,0,0,1.4,[],analyst88,Internal NLP,analyst,Analyst,analyst-analyst-ratings,Analyst Ratings
anl88_arr_ms_synopsis_method2_obj,|' separated string of sentence objectivity scores in synopsis based on method2,"{'id': 'analyst88', 'name': 'Internal NLP'}","{'id': 'analyst', 'name': 'Analyst'}","{'id': 'analyst-analyst-ratings', 'name': 'Analyst Ratings'}",EUR,1,TOPCS1600,VECTOR,1.0,0.4632,0,0,1.4,[],analyst88,Internal NLP,analyst,Analyst,analyst-analyst-ratings,Analyst Ratings
anl88_arr_ms_synopsis_method2_pos,|' separated string of sentence positivity scores in synopsis based on method2,"{'id': 'analyst88', 'name': 'Internal NLP'}","{'id': 'analyst', 'name': 'Analyst'}","{'id': 'analyst-analyst-ratings', 'name': 'Analyst Ratings'}",EUR,1,TOPCS1600,VECTOR,1.0,0.4632,0,0,1.4,[],analyst88,Internal NLP,analyst,Analyst,analyst-analyst-ratings,Analyst Ratings
anl88_arr_ms_synopsis_method2_tok,|' separated string of sentence level token count in synopsis based on method2,"{'id': 'analyst88', 'name': 'Internal NLP'}","{'id': 'analyst', 'name': 'Analyst'}","{'id': 'analyst-analyst-ratings', 'name': 'Analyst Ratings'}",EUR,1,TOPCS1600,VECTOR,1.0,0.4632,0,0,1.4,[],analyst88,Internal NLP,analyst,Analyst,analyst-analyst-ratings,Analyst Ratings
anl88_arr_ms_synopsis_method3_neg,|' separated string of sentence negativity scores in synopsis based on method3,"{'id': 'analyst88', 'name': 'Internal NLP'}","{'id': 'analyst', 'name': 'Analyst'}","{'id': 'analyst-analyst-ratings', 'name': 'Analyst Ratings'}",EUR,1,TOPCS1600,VECTOR,1.0,0.4632,0,0,1.4,[],analyst88,Internal NLP,analyst,Analyst,analyst-analyst-ratings,Analyst Ratings
anl88_arr_ms_synopsis_method3_obj,|' separated string of sentence objectivity scores in synopsis based on method3,"{'id': 'analyst88', 'name': 'Internal NLP'}","{'id': 'analyst', 'name': 'Analyst'}","{'id': 'analyst-analyst-ratings', 'name': 'Analyst Ratings'}",EUR,1,TOPCS1600,VECTOR,1.0,0.4632,0,0,1.4,[],analyst88,Internal NLP,analyst,Analyst,analyst-analyst-ratings,Analyst Ratings
anl88_arr_ms_synopsis_method3_pos,|' separated string of sentence positivity scores in synopsis based on method3,"{'id': 'analyst88', 'name': 'Internal NLP'}","{'id': 'analyst', 'name': 'Analyst'}","{'id': 'analyst-analyst-ratings', 'name': 'Analyst Ratings'}",EUR,1,TOPCS1600,VECTOR,1.0,0.4632,0,0,1.4,[],analyst88,Internal NLP,analyst,Analyst,analyst-analyst-ratings,Analyst Ratings
anl88_arr_ms_synopsis_method3_tok,|' separated string of sentence level token count in synopsis based on method3,"{'id': 'analyst88', 'name': 'Internal NLP'}","{'id': 'analyst', 'name': 'Analyst'}","{'id': 'analyst-analyst-ratings', 'name': 'Analyst Ratings'}",EUR,1,TOPCS1600,VECTOR,1.0,0.4632,0,0,1.4,[],analyst88,Internal NLP,analyst,Analyst,analyst-analyst-ratings,Analyst Ratings
anl88_arr_ms_synopsis_method4_neg,|' separated string of sentence negativity scores in synopsis based on method4,"{'id': 'analyst88', 'name': 'Internal NLP'}","{'id': 'analyst', 'name': 'Analyst'}","{'id': 'analyst-analyst-ratings', 'name': 'Analyst Ratings'}",EUR,1,TOPCS1600,VECTOR,1.0,0.4632,0,0,1.4,[],analyst88,Internal NLP,analyst,Analyst,analyst-analyst-ratings,Analyst Ratings
anl88_arr_ms_synopsis_method4_obj,|' separated string of sentence objectivity scores in synopsis based on method4,"{'id': 'analyst88', 'name': 'Internal NLP'}","{'id': 'analyst', 'name': 'Analyst'}","{'id': 'analyst-analyst-ratings', 'name': 'Analyst Ratings'}",EUR,1,TOPCS1600,VECTOR,1.0,0.4632,0,0,1.4,[],analyst88,Internal NLP,analyst,Analyst,analyst-analyst-ratings,Analyst Ratings
anl88_arr_ms_synopsis_method4_pos,|' separated string of sentence positivity scores in synopsis based on method4,"{'id': 'analyst88', 'name': 'Internal NLP'}","{'id': 'analyst', 'name': 'Analyst'}","{'id': 'analyst-analyst-ratings', 'name': 'Analyst Ratings'}",EUR,1,TOPCS1600,VECTOR,1.0,0.4632,0,0,1.4,[],analyst88,Internal NLP,analyst,Analyst,analyst-analyst-ratings,Analyst Ratings
anl88_arr_ms_synopsis_method4_tok,|' separated string of sentence level token count in synopsis based on method4,"{'id': 'analyst88', 'name': 'Internal NLP'}","{'id': 'analyst', 'name': 'Analyst'}","{'id': 'analyst-analyst-ratings', 'name': 'Analyst Ratings'}",EUR,1,TOPCS1600,VECTOR,1.0,0.4632,0,0,1.4,[],analyst88,Internal NLP,analyst,Analyst,analyst-analyst-ratings,Analyst Ratings
anl88_arr_ms_synopsis_method5_neg,|' separated string of sentence negativity scores in synopsis based on method5,"{'id': 'analyst88', 'name': 'Internal NLP'}","{'id': 'analyst', 'name': 'Analyst'}","{'id': 'analyst-analyst-ratings', 'name': 'Analyst Ratings'}",EUR,1,TOPCS1600,VECTOR,1.0,0.4632,0,0,1.4,[],analyst88,Internal NLP,analyst,Analyst,analyst-analyst-ratings,Analyst Ratings
anl88_arr_ms_synopsis_method5_neu,|' separated string of sentence neutrality scores in synopsis based on method5,"{'id': 'analyst88', 'name': 'Internal NLP'}","{'id': 'analyst', 'name': 'Analyst'}","{'id': 'analyst-analyst-ratings', 'name': 'Analyst Ratings'}",EUR,1,TOPCS1600,VECTOR,1.0,0.4632,0,0,1.4,[],analyst88,Internal NLP,analyst,Analyst,analyst-analyst-ratings,Analyst Ratings
anl88_arr_ms_synopsis_method5_pos,|' separated string of sentence positivity scores in synopsis based on method5,"{'id': 'analyst88', 'name': 'Internal NLP'}","{'id': 'analyst', 'name': 'Analyst'}","{'id': 'analyst-analyst-ratings', 'name': 'Analyst Ratings'}",EUR,1,TOPCS1600,VECTOR,1.0,0.4632,0,0,1.4,[],analyst88,Internal NLP,analyst,Analyst,analyst-analyst-ratings,Analyst Ratings
anl88_arr_ms_synopsis_method5_tok,|' separated string of sentence level token count in synopsis based on method5,"{'id': 'analyst88', 'name': 'Internal NLP'}","{'id': 'analyst', 'name': 'Analyst'}","{'id': 'analyst-analyst-ratings', 'name': 'Analyst Ratings'}",EUR,1,TOPCS1600,VECTOR,1.0,0.4632,0,0,1.4,[],analyst88,Internal NLP,analyst,Analyst,analyst-analyst-ratings,Analyst Ratings
anl88_arr_ms_title_method1_neg,|' separated string of sentence negativity scores in title based on method1,"{'id': 'analyst88', 'name': 'Internal NLP'}","{'id': 'analyst', 'name': 'Analyst'}","{'id': 'analyst-analyst-ratings', 'name': 'Analyst Ratings'}",EUR,1,TOPCS1600,VECTOR,1.0,0.4638,0,0,1.4,[],analyst88,Internal NLP,analyst,Analyst,analyst-analyst-ratings,Analyst Ratings
anl88_arr_ms_title_method1_neu,|' separated string of sentence neutrality scores in title based on method1,"{'id': 'analyst88', 'name': 'Internal NLP'}","{'id': 'analyst', 'name': 'Analyst'}","{'id': 'analyst-analyst-ratings', 'name': 'Analyst Ratings'}",EUR,1,TOPCS1600,VECTOR,1.0,0.4638,0,0,1.4,[],analyst88,Internal NLP,analyst,Analyst,analyst-analyst-ratings,Analyst Ratings
anl88_arr_ms_title_method1_pos,|' separated string of sentence positivity scores in title based on method1,"{'id': 'analyst88', 'name': 'Internal NLP'}","{'id': 'analyst', 'name': 'Analyst'}","{'id': 'analyst-analyst-ratings', 'name': 'Analyst Ratings'}",EUR,1,TOPCS1600,VECTOR,1.0,0.4638,0,0,1.4,[],analyst88,Internal NLP,analyst,Analyst,analyst-analyst-ratings,Analyst Ratings
anl88_arr_ms_title_method1_tok,|' separated string of sentence level token count in title based on method1,"{'id': 'analyst88', 'name': 'Internal NLP'}","{'id': 'analyst', 'name': 'Analyst'}","{'id': 'analyst-analyst-ratings', 'name': 'Analyst Ratings'}",EUR,1,TOPCS1600,VECTOR,1.0,0.4638,0,0,1.4,[],analyst88,Internal NLP,analyst,Analyst,analyst-analyst-ratings,Analyst Ratings
anl88_arr_ms_title_method2_neg,|' separated string of sentence negativity scores in title based on method2,"{'id': 'analyst88', 'name': 'Internal NLP'}","{'id': 'analyst', 'name': 'Analyst'}","{'id': 'analyst-analyst-ratings', 'name': 'Analyst Ratings'}",EUR,1,TOPCS1600,VECTOR,1.0,0.4637,0,0,1.4,[],analyst88,Internal NLP,analyst,Analyst,analyst-analyst-ratings,Analyst Ratings
anl88_arr_ms_title_method2_obj,|' separated string of sentence objectivity scores in title based on method2,"{'id': 'analyst88', 'name': 'Internal NLP'}","{'id': 'analyst', 'name': 'Analyst'}","{'id': 'analyst-analyst-ratings', 'name': 'Analyst Ratings'}",EUR,1,TOPCS1600,VECTOR,1.0,0.4637,0,0,1.4,[],analyst88,Internal NLP,analyst,Analyst,analyst-analyst-ratings,Analyst Ratings
anl88_arr_ms_title_method2_pos,|' separated string of sentence positivity scores in title based on method2,"{'id': 'analyst88', 'name': 'Internal NLP'}","{'id': 'analyst', 'name': 'Analyst'}","{'id': 'analyst-analyst-ratings', 'name': 'Analyst Ratings'}",EUR,1,TOPCS1600,VECTOR,1.0,0.4637,0,0,1.4,[],analyst88,Internal NLP,analyst,Analyst,analyst-analyst-ratings,Analyst Ratings
anl88_arr_ms_title_method2_tok,|' separated string of sentence level token count in title based on method2,"{'id': 'analyst88', 'name': 'Internal NLP'}","{'id': 'analyst', 'name': 'Analyst'}","{'id': 'analyst-analyst-ratings', 'name': 'Analyst Ratings'}",EUR,1,TOPCS1600,VECTOR,1.0,0.4638,0,0,1.4,[],analyst88,Internal NLP,analyst,Analyst,analyst-analyst-ratings,Analyst Ratings
anl88_arr_ms_title_method3_neg,|' separated string of sentence negativity scores in title based on method3,"{'id': 'analyst88', 'name': 'Internal NLP'}","{'id': 'analyst', 'name': 'Analyst'}","{'id': 'analyst-analyst-ratings', 'name': 'Analyst Ratings'}",EUR,1,TOPCS1600,VECTOR,1.0,0.4637,0,0,1.4,[],analyst88,Internal NLP,analyst,Analyst,analyst-analyst-ratings,Analyst Ratings
anl88_arr_ms_title_method3_obj,|' separated string of sentence objectivity scores in title based on method3,"{'id': 'analyst88', 'name': 'Internal NLP'}","{'id': 'analyst', 'name': 'Analyst'}","{'id': 'analyst-analyst-ratings', 'name': 'Analyst Ratings'}",EUR,1,TOPCS1600,VECTOR,1.0,0.4637,0,0,1.4,[],analyst88,Internal NLP,analyst,Analyst,analyst-analyst-ratings,Analyst Ratings
anl88_arr_ms_title_method3_pos,|' separated string of sentence positivity scores in title based on method3,"{'id': 'analyst88', 'name': 'Internal NLP'}","{'id': 'analyst', 'name': 'Analyst'}","{'id': 'analyst-analyst-ratings', 'name': 'Analyst Ratings'}",EUR,1,TOPCS1600,VECTOR,1.0,0.4637,0,0,1.4,[],analyst88,Internal NLP,analyst,Analyst,analyst-analyst-ratings,Analyst Ratings
anl88_arr_ms_title_method3_tok,|' separated string of sentence level token count in title based on method3,"{'id': 'analyst88', 'name': 'Internal NLP'}","{'id': 'analyst', 'name': 'Analyst'}","{'id': 'analyst-analyst-ratings', 'name': 'Analyst Ratings'}",EUR,1,TOPCS1600,VECTOR,1.0,0.4638,0,0,1.4,[],analyst88,Internal NLP,analyst,Analyst,analyst-analyst-ratings,Analyst Ratings
anl88_arr_ms_title_method4_neg,|' separated string of sentence negativity scores in title based on method4,"{'id': 'analyst88', 'name': 'Internal NLP'}","{'id': 'analyst', 'name': 'Analyst'}","{'id': 'analyst-analyst-ratings', 'name': 'Analyst Ratings'}",EUR,1,TOPCS1600,VECTOR,1.0,0.4637,0,0,1.4,[],analyst88,Internal NLP,analyst,Analyst,analyst-analyst-ratings,Analyst Ratings
anl88_arr_ms_title_method4_obj,|' separated string of sentence objectivity scores in title based on method4,"{'id': 'analyst88', 'name': 'Internal NLP'}","{'id': 'analyst', 'name': 'Analyst'}","{'id': 'analyst-analyst-ratings', 'name': 'Analyst Ratings'}",EUR,1,TOPCS1600,VECTOR,1.0,0.4637,0,0,1.4,[],analyst88,Internal NLP,analyst,Analyst,analyst-analyst-ratings,Analyst Ratings
anl88_arr_ms_title_method4_pos,|' separated string of sentence positivity scores in title based on method4,"{'id': 'analyst88', 'name': 'Internal NLP'}","{'id': 'analyst', 'name': 'Analyst'}","{'id': 'analyst-analyst-ratings', 'name': 'Analyst Ratings'}",EUR,1,TOPCS1600,VECTOR,1.0,0.4637,0,0,1.4,[],analyst88,Internal NLP,analyst,Analyst,analyst-analyst-ratings,Analyst Ratings
anl88_arr_ms_title_method4_tok,|' separated string of sentence level token count in title based on method4,"{'id': 'analyst88', 'name': 'Internal NLP'}","{'id': 'analyst', 'name': 'Analyst'}","{'id': 'analyst-analyst-ratings', 'name': 'Analyst Ratings'}",EUR,1,TOPCS1600,VECTOR,1.0,0.4638,0,0,1.4,[],analyst88,Internal NLP,analyst,Analyst,analyst-analyst-ratings,Analyst Ratings
anl88_arr_ms_title_method5_neg,|' separated string of sentence negativity scores in title based on method5,"{'id': 'analyst88', 'name': 'Internal NLP'}","{'id': 'analyst', 'name': 'Analyst'}","{'id': 'analyst-analyst-ratings', 'name': 'Analyst Ratings'}",EUR,1,TOPCS1600,VECTOR,1.0,0.4638,0,0,1.4,[],analyst88,Internal NLP,analyst,Analyst,analyst-analyst-ratings,Analyst Ratings
anl88_arr_ms_title_method5_neu,|' separated string of sentence neutrality scores in title based on method5,"{'id': 'analyst88', 'name': 'Internal NLP'}","{'id': 'analyst', 'name': 'Analyst'}","{'id': 'analyst-analyst-ratings', 'name': 'Analyst Ratings'}",EUR,1,TOPCS1600,VECTOR,1.0,0.4638,0,0,1.4,[],analyst88,Internal NLP,analyst,Analyst,analyst-analyst-ratings,Analyst Ratings
anl88_arr_ms_title_method5_pos,|' separated string of sentence positivity scores in title based on method5,"{'id': 'analyst88', 'name': 'Internal NLP'}","{'id': 'analyst', 'name': 'Analyst'}","{'id': 'analyst-analyst-ratings', 'name': 'Analyst Ratings'}",EUR,1,TOPCS1600,VECTOR,1.0,0.4638,0,0,1.4,[],analyst88,Internal NLP,analyst,Analyst,analyst-analyst-ratings,Analyst Ratings
anl88_arr_ms_title_method5_tok,|' separated string of sentence level token count in title based on method5,"{'id': 'analyst88', 'name': 'Internal NLP'}","{'id': 'analyst', 'name': 'Analyst'}","{'id': 'analyst-analyst-ratings', 'name': 'Analyst Ratings'}",EUR,1,TOPCS1600,VECTOR,1.0,0.4638,0,0,1.4,[],analyst88,Internal NLP,analyst,Analyst,analyst-analyst-ratings,Analyst Ratings
anl88_arr_ms_wqreceivetime,Timestamp at which the file is received,"{'id': 'analyst88', 'name': 'Internal NLP'}","{'id': 'analyst', 'name': 'Analyst'}","{'id': 'analyst-analyst-ratings', 'name': 'Analyst Ratings'}",EUR,1,TOPCS1600,VECTOR,1.0,0.4638,0,0,1.4,[],analyst88,Internal NLP,analyst,Analyst,analyst-analyst-ratings,Analyst Ratings
anl88_arr_ubs_modifytimeutc,Modify date of the file in UTC,"{'id': 'analyst88', 'name': 'Internal NLP'}","{'id': 'analyst', 'name': 'Analyst'}","{'id': 'analyst-analyst-ratings', 'name': 'Analyst Ratings'}",EUR,1,TOPCS1600,VECTOR,1.0,0.5868,0,0,1.4,[],analyst88,Internal NLP,analyst,Analyst,analyst-analyst-ratings,Analyst Ratings
anl88_arr_ubs_modifytimeutctime,Modify time of the file in UTC,"{'id': 'analyst88', 'name': 'Internal NLP'}","{'id': 'analyst', 'name': 'Analyst'}","{'id': 'analyst-analyst-ratings', 'name': 'Analyst Ratings'}",EUR,1,TOPCS1600,VECTOR,1.0,0.5868,0,0,1.4,[],analyst88,Internal NLP,analyst,Analyst,analyst-analyst-ratings,Analyst Ratings
anl88_baml_abstract,Abstract of the report,"{'id': 'analyst88', 'name': 'Internal NLP'}","{'id': 'analyst', 'name': 'Analyst'}","{'id': 'analyst-analyst-ratings', 'name': 'Analyst Ratings'}",EUR,1,TOPCS1600,VECTOR,1.0,0.3673,0,0,1.4,[],analyst88,Internal NLP,analyst,Analyst,analyst-analyst-ratings,Analyst Ratings
anl88_baml_abstract_end,|' separated string of sentence end position (character) in abstract,"{'id': 'analyst88', 'name': 'Internal NLP'}","{'id': 'analyst', 'name': 'Analyst'}","{'id': 'analyst-analyst-ratings', 'name': 'Analyst Ratings'}",EUR,1,TOPCS1600,VECTOR,1.0,0.3673,0,0,1.4,[],analyst88,Internal NLP,analyst,Analyst,analyst-analyst-ratings,Analyst Ratings
anl88_baml_abstract_method1_con,IGNORE,"{'id': 'analyst88', 'name': 'Internal NLP'}","{'id': 'analyst', 'name': 'Analyst'}","{'id': 'analyst-analyst-ratings', 'name': 'Analyst Ratings'}",EUR,1,TOPCS1600,VECTOR,1.0,0.3673,0,0,1.4,[],analyst88,Internal NLP,analyst,Analyst,analyst-analyst-ratings,Analyst Ratings
anl88_baml_abstract_method1_neg,|' separated string of sentence negativity scores in abstract based on method1,"{'id': 'analyst88', 'name': 'Internal NLP'}","{'id': 'analyst', 'name': 'Analyst'}","{'id': 'analyst-analyst-ratings', 'name': 'Analyst Ratings'}",EUR,1,TOPCS1600,VECTOR,1.0,0.3673,0,0,1.4,[],analyst88,Internal NLP,analyst,Analyst,analyst-analyst-ratings,Analyst Ratings
anl88_baml_abstract_method1_neu,|' separated string of sentence neutrality scores in abstract based on method1,"{'id': 'analyst88', 'name': 'Internal NLP'}","{'id': 'analyst', 'name': 'Analyst'}","{'id': 'analyst-analyst-ratings', 'name': 'Analyst Ratings'}",EUR,1,TOPCS1600,VECTOR,1.0,0.3673,0,0,1.4,[],analyst88,Internal NLP,analyst,Analyst,analyst-analyst-ratings,Analyst Ratings
anl88_baml_abstract_method1_obj,IGNORE,"{'id': 'analyst88', 'name': 'Internal NLP'}","{'id': 'analyst', 'name': 'Analyst'}","{'id': 'analyst-analyst-ratings', 'name': 'Analyst Ratings'}",EUR,1,TOPCS1600,VECTOR,1.0,0.3673,0,0,1.4,[],analyst88,Internal NLP,analyst,Analyst,analyst-analyst-ratings,Analyst Ratings
anl88_baml_abstract_method1_pos,|' separated string of sentence positivity scores in abstract based on method1,"{'id': 'analyst88', 'name': 'Internal NLP'}","{'id': 'analyst', 'name': 'Analyst'}","{'id': 'analyst-analyst-ratings', 'name': 'Analyst Ratings'}",EUR,1,TOPCS1600,VECTOR,1.0,0.3673,0,0,1.4,[],analyst88,Internal NLP,analyst,Analyst,analyst-analyst-ratings,Analyst Ratings
anl88_baml_abstract_method1_tok,|' separated string of sentence level token count in abstract based on method1,"{'id': 'analyst88', 'name': 'Internal NLP'}","{'id': 'analyst', 'name': 'Analyst'}","{'id': 'analyst-analyst-ratings', 'name': 'Analyst Ratings'}",EUR,1,TOPCS1600,VECTOR,1.0,0.3673,0,0,1.4,[],analyst88,Internal NLP,analyst,Analyst,analyst-analyst-ratings,Analyst Ratings
anl88_baml_abstract_method2_con,IGNORE,"{'id': 'analyst88', 'name': 'Internal NLP'}","{'id': 'analyst', 'name': 'Analyst'}","{'id': 'analyst-analyst-ratings', 'name': 'Analyst Ratings'}",EUR,1,TOPCS1600,VECTOR,1.0,0.3673,0,0,1.4,[],analyst88,Internal NLP,analyst,Analyst,analyst-analyst-ratings,Analyst Ratings
anl88_baml_abstract_method2_neg,|' separated string of sentence negativity scores in abstract based on method2,"{'id': 'analyst88', 'name': 'Internal NLP'}","{'id': 'analyst', 'name': 'Analyst'}","{'id': 'analyst-analyst-ratings', 'name': 'Analyst Ratings'}",EUR,1,TOPCS1600,VECTOR,1.0,0.3673,0,0,1.4,[],analyst88,Internal NLP,analyst,Analyst,analyst-analyst-ratings,Analyst Ratings
anl88_baml_abstract_method2_neu,IGNORE,"{'id': 'analyst88', 'name': 'Internal NLP'}","{'id': 'analyst', 'name': 'Analyst'}","{'id': 'analyst-analyst-ratings', 'name': 'Analyst Ratings'}",EUR,1,TOPCS1600,VECTOR,1.0,0.3673,0,0,1.4,[],analyst88,Internal NLP,analyst,Analyst,analyst-analyst-ratings,Analyst Ratings
anl88_baml_abstract_method2_obj,|' separated string of sentence objectivity scores in abstract based on method2,"{'id': 'analyst88', 'name': 'Internal NLP'}","{'id': 'analyst', 'name': 'Analyst'}","{'id': 'analyst-analyst-ratings', 'name': 'Analyst Ratings'}",EUR,1,TOPCS1600,VECTOR,1.0,0.3673,0,0,1.4,[],analyst88,Internal NLP,analyst,Analyst,analyst-analyst-ratings,Analyst Ratings
anl88_baml_abstract_method2_pos,|' separated string of sentence positivity scores in abstract based on method2,"{'id': 'analyst88', 'name': 'Internal NLP'}","{'id': 'analyst', 'name': 'Analyst'}","{'id': 'analyst-analyst-ratings', 'name': 'Analyst Ratings'}",EUR,1,TOPCS1600,VECTOR,1.0,0.3673,0,0,1.4,[],analyst88,Internal NLP,analyst,Analyst,analyst-analyst-ratings,Analyst Ratings
anl88_baml_abstract_method2_tok,|' separated string of sentence level token count in abstract based on method2,"{'id': 'analyst88', 'name': 'Internal NLP'}","{'id': 'analyst', 'name': 'Analyst'}","{'id': 'analyst-analyst-ratings', 'name': 'Analyst Ratings'}",EUR,1,TOPCS1600,VECTOR,1.0,0.3673,0,0,1.4,[],analyst88,Internal NLP,analyst,Analyst,analyst-analyst-ratings,Analyst Ratings
anl88_baml_abstract_method3_con,IGNORE,"{'id': 'analyst88', 'name': 'Internal NLP'}","{'id': 'analyst', 'name': 'Analyst'}","{'id': 'analyst-analyst-ratings', 'name': 'Analyst Ratings'}",EUR,1,TOPCS1600,VECTOR,1.0,0.3673,0,0,1.4,[],analyst88,Internal NLP,analyst,Analyst,analyst-analyst-ratings,Analyst Ratings
anl88_baml_abstract_method3_neg,|' separated string of sentence negativity scores in abstract based on method3,"{'id': 'analyst88', 'name': 'Internal NLP'}","{'id': 'analyst', 'name': 'Analyst'}","{'id': 'analyst-analyst-ratings', 'name': 'Analyst Ratings'}",EUR,1,TOPCS1600,VECTOR,1.0,0.3673,0,0,1.4,[],analyst88,Internal NLP,analyst,Analyst,analyst-analyst-ratings,Analyst Ratings
anl88_baml_abstract_method3_neu,IGNORE,"{'id': 'analyst88', 'name': 'Internal NLP'}","{'id': 'analyst', 'name': 'Analyst'}","{'id': 'analyst-analyst-ratings', 'name': 'Analyst Ratings'}",EUR,1,TOPCS1600,VECTOR,1.0,0.3673,0,0,1.4,[],analyst88,Internal NLP,analyst,Analyst,analyst-analyst-ratings,Analyst Ratings
anl88_baml_abstract_method3_obj,|' separated string of sentence objectivity scores in abstract based on method3,"{'id': 'analyst88', 'name': 'Internal NLP'}","{'id': 'analyst', 'name': 'Analyst'}","{'id': 'analyst-analyst-ratings', 'name': 'Analyst Ratings'}",EUR,1,TOPCS1600,VECTOR,1.0,0.3673,0,0,1.4,[],analyst88,Internal NLP,analyst,Analyst,analyst-analyst-ratings,Analyst Ratings
anl88_baml_abstract_method3_pos,|' separated string of sentence positivity scores in abstract based on method3,"{'id': 'analyst88', 'name': 'Internal NLP'}","{'id': 'analyst', 'name': 'Analyst'}","{'id': 'analyst-analyst-ratings', 'name': 'Analyst Ratings'}",EUR,1,TOPCS1600,VECTOR,1.0,0.3673,0,0,1.4,[],analyst88,Internal NLP,analyst,Analyst,analyst-analyst-ratings,Analyst Ratings
anl88_baml_abstract_method3_tok,|' separated string of sentence level token count in abstract based on method3,"{'id': 'analyst88', 'name': 'Internal NLP'}","{'id': 'analyst', 'name': 'Analyst'}","{'id': 'analyst-analyst-ratings', 'name': 'Analyst Ratings'}",EUR,1,TOPCS1600,VECTOR,1.0,0.3673,0,0,1.4,[],analyst88,Internal NLP,analyst,Analyst,analyst-analyst-ratings,Analyst Ratings
anl88_baml_abstract_method4_con,IGNORE,"{'id': 'analyst88', 'name': 'Internal NLP'}","{'id': 'analyst', 'name': 'Analyst'}","{'id': 'analyst-analyst-ratings', 'name': 'Analyst Ratings'}",EUR,1,TOPCS1600,VECTOR,1.0,0.3673,0,0,1.4,[],analyst88,Internal NLP,analyst,Analyst,analyst-analyst-ratings,Analyst Ratings
anl88_baml_abstract_method4_neg,|' separated string of sentence negativity scores in abstract based on method4,"{'id': 'analyst88', 'name': 'Internal NLP'}","{'id': 'analyst', 'name': 'Analyst'}","{'id': 'analyst-analyst-ratings', 'name': 'Analyst Ratings'}",EUR,1,TOPCS1600,VECTOR,1.0,0.3673,0,0,1.4,[],analyst88,Internal NLP,analyst,Analyst,analyst-analyst-ratings,Analyst Ratings
anl88_baml_abstract_method4_neu,IGNORE,"{'id': 'analyst88', 'name': 'Internal NLP'}","{'id': 'analyst', 'name': 'Analyst'}","{'id': 'analyst-analyst-ratings', 'name': 'Analyst Ratings'}",EUR,1,TOPCS1600,VECTOR,1.0,0.3673,0,0,1.4,[],analyst88,Internal NLP,analyst,Analyst,analyst-analyst-ratings,Analyst Ratings
anl88_baml_abstract_method4_obj,|' separated string of sentence objectivity scores in abstract based on method4,"{'id': 'analyst88', 'name': 'Internal NLP'}","{'id': 'analyst', 'name': 'Analyst'}","{'id': 'analyst-analyst-ratings', 'name': 'Analyst Ratings'}",EUR,1,TOPCS1600,VECTOR,1.0,0.3673,0,0,1.4,[],analyst88,Internal NLP,analyst,Analyst,analyst-analyst-ratings,Analyst Ratings
anl88_baml_abstract_method4_pos,|' separated string of sentence positivity scores in abstract based on method4,"{'id': 'analyst88', 'name': 'Internal NLP'}","{'id': 'analyst', 'name': 'Analyst'}","{'id': 'analyst-analyst-ratings', 'name': 'Analyst Ratings'}",EUR,1,TOPCS1600,VECTOR,1.0,0.3673,0,0,1.4,[],analyst88,Internal NLP,analyst,Analyst,analyst-analyst-ratings,Analyst Ratings
anl88_baml_abstract_method4_tok,|' separated string of sentence level token count in abstract based on method4,"{'id': 'analyst88', 'name': 'Internal NLP'}","{'id': 'analyst', 'name': 'Analyst'}","{'id': 'analyst-analyst-ratings', 'name': 'Analyst Ratings'}",EUR,1,TOPCS1600,VECTOR,1.0,0.3673,0,0,1.4,[],analyst88,Internal NLP,analyst,Analyst,analyst-analyst-ratings,Analyst Ratings
anl88_baml_abstract_method5_con,IGNORE,"{'id': 'analyst88', 'name': 'Internal NLP'}","{'id': 'analyst', 'name': 'Analyst'}","{'id': 'analyst-analyst-ratings', 'name': 'Analyst Ratings'}",EUR,1,TOPCS1600,VECTOR,1.0,0.3673,0,0,1.4,[],analyst88,Internal NLP,analyst,Analyst,analyst-analyst-ratings,Analyst Ratings
anl88_baml_abstract_method5_neg,|' separated string of sentence negativity scores in abstract based on method5,"{'id': 'analyst88', 'name': 'Internal NLP'}","{'id': 'analyst', 'name': 'Analyst'}","{'id': 'analyst-analyst-ratings', 'name': 'Analyst Ratings'}",EUR,1,TOPCS1600,VECTOR,1.0,0.3673,0,0,1.4,[],analyst88,Internal NLP,analyst,Analyst,analyst-analyst-ratings,Analyst Ratings
anl88_baml_abstract_method5_neu,|' separated string of sentence neutrality scores in abstract based on method5,"{'id': 'analyst88', 'name': 'Internal NLP'}","{'id': 'analyst', 'name': 'Analyst'}","{'id': 'analyst-analyst-ratings', 'name': 'Analyst Ratings'}",EUR,1,TOPCS1600,VECTOR,1.0,0.3673,0,0,1.4,[],analyst88,Internal NLP,analyst,Analyst,analyst-analyst-ratings,Analyst Ratings
anl88_baml_abstract_method5_obj,IGNORE,"{'id': 'analyst88', 'name': 'Internal NLP'}","{'id': 'analyst', 'name': 'Analyst'}","{'id': 'analyst-analyst-ratings', 'name': 'Analyst Ratings'}",EUR,1,TOPCS1600,VECTOR,1.0,0.3673,0,0,1.4,[],analyst88,Internal NLP,analyst,Analyst,analyst-analyst-ratings,Analyst Ratings
anl88_baml_abstract_method5_pos,|' separated string of sentence positivity scores in abstract based on method5,"{'id': 'analyst88', 'name': 'Internal NLP'}","{'id': 'analyst', 'name': 'Analyst'}","{'id': 'analyst-analyst-ratings', 'name': 'Analyst Ratings'}",EUR,1,TOPCS1600,VECTOR,1.0,0.3673,0,0,1.4,[],analyst88,Internal NLP,analyst,Analyst,analyst-analyst-ratings,Analyst Ratings
anl88_baml_abstract_method5_tok,|' separated string of sentence level token count in abstract based on method5,"{'id': 'analyst88', 'name': 'Internal NLP'}","{'id': 'analyst', 'name': 'Analyst'}","{'id': 'analyst-analyst-ratings', 'name': 'Analyst Ratings'}",EUR,1,TOPCS1600,VECTOR,1.0,0.3673,0,0,1.4,[],analyst88,Internal NLP,analyst,Analyst,analyst-analyst-ratings,Analyst Ratings
anl88_baml_abstract_start,|' separated string of sentence start position (character) in abstract,"{'id': 'analyst88', 'name': 'Internal NLP'}","{'id': 'analyst', 'name': 'Analyst'}","{'id': 'analyst-analyst-ratings', 'name': 'Analyst Ratings'}",EUR,1,TOPCS1600,VECTOR,1.0,0.3673,0,0,1.4,[],analyst88,Internal NLP,analyst,Analyst,analyst-analyst-ratings,Analyst Ratings
anl88_baml_modifytimeutc,Modify date of the file in UTC,"{'id': 'analyst88', 'name': 'Internal NLP'}","{'id': 'analyst', 'name': 'Analyst'}","{'id': 'analyst-analyst-ratings', 'name': 'Analyst Ratings'}",EUR,1,TOPCS1600,VECTOR,1.0,0.3285,0,0,1.4,[],analyst88,Internal NLP,analyst,Analyst,analyst-analyst-ratings,Analyst Ratings
anl88_baml_modifytimeutctime,Modify time of the file in UTC,"{'id': 'analyst88', 'name': 'Internal NLP'}","{'id': 'analyst', 'name': 'Analyst'}","{'id': 'analyst-analyst-ratings', 'name': 'Analyst Ratings'}",EUR,1,TOPCS1600,VECTOR,1.0,0.3285,0,0,1.4,[],analyst88,Internal NLP,analyst,Analyst,analyst-analyst-ratings,Analyst Ratings
anl88_baml_publicationtime,Publication time of the report,"{'id': 'analyst88', 'name': 'Internal NLP'}","{'id': 'analyst', 'name': 'Analyst'}","{'id': 'analyst-analyst-ratings', 'name': 'Analyst Ratings'}",EUR,1,TOPCS1600,VECTOR,1.0,0.3673,0,0,1.4,[],analyst88,Internal NLP,analyst,Analyst,analyst-analyst-ratings,Analyst Ratings
anl88_baml_statustime,Time at which the report was updated,"{'id': 'analyst88', 'name': 'Internal NLP'}","{'id': 'analyst', 'name': 'Analyst'}","{'id': 'analyst-analyst-ratings', 'name': 'Analyst Ratings'}",EUR,1,TOPCS1600,VECTOR,1.0,0.3673,0,0,1.4,[],analyst88,Internal NLP,analyst,Analyst,analyst-analyst-ratings,Analyst Ratings
anl88_baml_synopsis,"Synopsis of the report, brokers have different conventions for providing the content as either abstract or synopsis, or both","{'id': 'analyst88', 'name': 'Internal NLP'}","{'id': 'analyst', 'name': 'Analyst'}","{'id': 'analyst-analyst-ratings', 'name': 'Analyst Ratings'}",EUR,1,TOPCS1600,VECTOR,1.0,0.3673,0,0,1.4,[],analyst88,Internal NLP,analyst,Analyst,analyst-analyst-ratings,Analyst Ratings
anl88_baml_synopsis_end,|' separated string of sentence end position (character) in synopsis,"{'id': 'analyst88', 'name': 'Internal NLP'}","{'id': 'analyst', 'name': 'Analyst'}","{'id': 'analyst-analyst-ratings', 'name': 'Analyst Ratings'}",EUR,1,TOPCS1600,VECTOR,1.0,0.3673,0,0,1.4,[],analyst88,Internal NLP,analyst,Analyst,analyst-analyst-ratings,Analyst Ratings
anl88_baml_synopsis_method1_con,IGNORE,"{'id': 'analyst88', 'name': 'Internal NLP'}","{'id': 'analyst', 'name': 'Analyst'}","{'id': 'analyst-analyst-ratings', 'name': 'Analyst Ratings'}",EUR,1,TOPCS1600,VECTOR,1.0,0.3673,0,0,1.4,[],analyst88,Internal NLP,analyst,Analyst,analyst-analyst-ratings,Analyst Ratings
anl88_baml_synopsis_method1_neg,|' separated string of sentence negativity scores in synopsis based on method1,"{'id': 'analyst88', 'name': 'Internal NLP'}","{'id': 'analyst', 'name': 'Analyst'}","{'id': 'analyst-analyst-ratings', 'name': 'Analyst Ratings'}",EUR,1,TOPCS1600,VECTOR,1.0,0.3673,0,0,1.4,[],analyst88,Internal NLP,analyst,Analyst,analyst-analyst-ratings,Analyst Ratings
anl88_baml_synopsis_method1_neu,|' separated string of sentence neutrality scores in synopsis based on method1,"{'id': 'analyst88', 'name': 'Internal NLP'}","{'id': 'analyst', 'name': 'Analyst'}","{'id': 'analyst-analyst-ratings', 'name': 'Analyst Ratings'}",EUR,1,TOPCS1600,VECTOR,1.0,0.3673,0,0,1.4,[],analyst88,Internal NLP,analyst,Analyst,analyst-analyst-ratings,Analyst Ratings
anl88_baml_synopsis_method1_obj,IGNORE,"{'id': 'analyst88', 'name': 'Internal NLP'}","{'id': 'analyst', 'name': 'Analyst'}","{'id': 'analyst-analyst-ratings', 'name': 'Analyst Ratings'}",EUR,1,TOPCS1600,VECTOR,1.0,0.3673,0,0,1.4,[],analyst88,Internal NLP,analyst,Analyst,analyst-analyst-ratings,Analyst Ratings
anl88_baml_synopsis_method1_pos,|' separated string of sentence positivity scores in synopsis based on method1,"{'id': 'analyst88', 'name': 'Internal NLP'}","{'id': 'analyst', 'name': 'Analyst'}","{'id': 'analyst-analyst-ratings', 'name': 'Analyst Ratings'}",EUR,1,TOPCS1600,VECTOR,1.0,0.3673,0,0,1.4,[],analyst88,Internal NLP,analyst,Analyst,analyst-analyst-ratings,Analyst Ratings
anl88_baml_synopsis_method1_tok,|' separated string of sentence level token count in synopsis based on method1,"{'id': 'analyst88', 'name': 'Internal NLP'}","{'id': 'analyst', 'name': 'Analyst'}","{'id': 'analyst-analyst-ratings', 'name': 'Analyst Ratings'}",EUR,1,TOPCS1600,VECTOR,1.0,0.3673,0,0,1.4,[],analyst88,Internal NLP,analyst,Analyst,analyst-analyst-ratings,Analyst Ratings
anl88_baml_synopsis_method1_tone,tone in synopsis based on method1,"{'id': 'analyst88', 'name': 'Internal NLP'}","{'id': 'analyst', 'name': 'Analyst'}","{'id': 'analyst-analyst-ratings', 'name': 'Analyst Ratings'}",EUR,1,TOPCS1600,VECTOR,1.0,0.3276,0,0,1.4,[],analyst88,Internal NLP,analyst,Analyst,analyst-analyst-ratings,Analyst Ratings
anl88_baml_synopsis_method2_con,IGNORE,"{'id': 'analyst88', 'name': 'Internal NLP'}","{'id': 'analyst', 'name': 'Analyst'}","{'id': 'analyst-analyst-ratings', 'name': 'Analyst Ratings'}",EUR,1,TOPCS1600,VECTOR,1.0,0.3673,0,0,1.4,[],analyst88,Internal NLP,analyst,Analyst,analyst-analyst-ratings,Analyst Ratings
anl88_baml_synopsis_method2_neg,|' separated string of sentence negativity scores in synopsis based on method2,"{'id': 'analyst88', 'name': 'Internal NLP'}","{'id': 'analyst', 'name': 'Analyst'}","{'id': 'analyst-analyst-ratings', 'name': 'Analyst Ratings'}",EUR,1,TOPCS1600,VECTOR,1.0,0.3673,0,0,1.4,[],analyst88,Internal NLP,analyst,Analyst,analyst-analyst-ratings,Analyst Ratings
anl88_baml_synopsis_method2_neu,IGNORE,"{'id': 'analyst88', 'name': 'Internal NLP'}","{'id': 'analyst', 'name': 'Analyst'}","{'id': 'analyst-analyst-ratings', 'name': 'Analyst Ratings'}",EUR,1,TOPCS1600,VECTOR,1.0,0.3673,0,0,1.4,[],analyst88,Internal NLP,analyst,Analyst,analyst-analyst-ratings,Analyst Ratings
anl88_baml_synopsis_method2_obj,|' separated string of sentence objectivity scores in synopsis based on method2,"{'id': 'analyst88', 'name': 'Internal NLP'}","{'id': 'analyst', 'name': 'Analyst'}","{'id': 'analyst-analyst-ratings', 'name': 'Analyst Ratings'}",EUR,1,TOPCS1600,VECTOR,1.0,0.3673,0,0,1.4,[],analyst88,Internal NLP,analyst,Analyst,analyst-analyst-ratings,Analyst Ratings
anl88_baml_synopsis_method2_pos,|' separated string of sentence positivity scores in synopsis based on method2,"{'id': 'analyst88', 'name': 'Internal NLP'}","{'id': 'analyst', 'name': 'Analyst'}","{'id': 'analyst-analyst-ratings', 'name': 'Analyst Ratings'}",EUR,1,TOPCS1600,VECTOR,1.0,0.3673,0,0,1.4,[],analyst88,Internal NLP,analyst,Analyst,analyst-analyst-ratings,Analyst Ratings
anl88_baml_synopsis_method2_tok,|' separated string of sentence level token count in synopsis based on method2,"{'id': 'analyst88', 'name': 'Internal NLP'}","{'id': 'analyst', 'name': 'Analyst'}","{'id': 'analyst-analyst-ratings', 'name': 'Analyst Ratings'}",EUR,1,TOPCS1600,VECTOR,1.0,0.3673,0,0,1.4,[],analyst88,Internal NLP,analyst,Analyst,analyst-analyst-ratings,Analyst Ratings
anl88_baml_synopsis_method2_tone,tone in synopsis based on method2,"{'id': 'analyst88', 'name': 'Internal NLP'}","{'id': 'analyst', 'name': 'Analyst'}","{'id': 'analyst-analyst-ratings', 'name': 'Analyst Ratings'}",EUR,1,TOPCS1600,VECTOR,1.0,0.3671,0,0,1.4,[],analyst88,Internal NLP,analyst,Analyst,analyst-analyst-ratings,Analyst Ratings
anl88_baml_synopsis_method3_con,IGNORE,"{'id': 'analyst88', 'name': 'Internal NLP'}","{'id': 'analyst', 'name': 'Analyst'}","{'id': 'analyst-analyst-ratings', 'name': 'Analyst Ratings'}",EUR,1,TOPCS1600,VECTOR,1.0,0.3673,0,0,1.4,[],analyst88,Internal NLP,analyst,Analyst,analyst-analyst-ratings,Analyst Ratings
anl88_baml_synopsis_method3_neg,|' separated string of sentence negativity scores in synopsis based on method3,"{'id': 'analyst88', 'name': 'Internal NLP'}","{'id': 'analyst', 'name': 'Analyst'}","{'id': 'analyst-analyst-ratings', 'name': 'Analyst Ratings'}",EUR,1,TOPCS1600,VECTOR,1.0,0.3673,0,0,1.4,[],analyst88,Internal NLP,analyst,Analyst,analyst-analyst-ratings,Analyst Ratings
anl88_baml_synopsis_method3_neu,IGNORE,"{'id': 'analyst88', 'name': 'Internal NLP'}","{'id': 'analyst', 'name': 'Analyst'}","{'id': 'analyst-analyst-ratings', 'name': 'Analyst Ratings'}",EUR,1,TOPCS1600,VECTOR,1.0,0.3673,0,0,1.4,[],analyst88,Internal NLP,analyst,Analyst,analyst-analyst-ratings,Analyst Ratings
anl88_baml_synopsis_method3_obj,|' separated string of sentence objectivity scores in synopsis based on method3,"{'id': 'analyst88', 'name': 'Internal NLP'}","{'id': 'analyst', 'name': 'Analyst'}","{'id': 'analyst-analyst-ratings', 'name': 'Analyst Ratings'}",EUR,1,TOPCS1600,VECTOR,1.0,0.3673,0,0,1.4,[],analyst88,Internal NLP,analyst,Analyst,analyst-analyst-ratings,Analyst Ratings
anl88_baml_synopsis_method3_pos,|' separated string of sentence positivity scores in synopsis based on method3,"{'id': 'analyst88', 'name': 'Internal NLP'}","{'id': 'analyst', 'name': 'Analyst'}","{'id': 'analyst-analyst-ratings', 'name': 'Analyst Ratings'}",EUR,1,TOPCS1600,VECTOR,1.0,0.3673,0,0,1.4,[],analyst88,Internal NLP,analyst,Analyst,analyst-analyst-ratings,Analyst Ratings
anl88_baml_synopsis_method3_tok,|' separated string of sentence level token count in synopsis based on method3,"{'id': 'analyst88', 'name': 'Internal NLP'}","{'id': 'analyst', 'name': 'Analyst'}","{'id': 'analyst-analyst-ratings', 'name': 'Analyst Ratings'}",EUR,1,TOPCS1600,VECTOR,1.0,0.3673,0,0,1.4,[],analyst88,Internal NLP,analyst,Analyst,analyst-analyst-ratings,Analyst Ratings
anl88_baml_synopsis_method3_tone,tone in synopsis based on method3,"{'id': 'analyst88', 'name': 'Internal NLP'}","{'id': 'analyst', 'name': 'Analyst'}","{'id': 'analyst-analyst-ratings', 'name': 'Analyst Ratings'}",EUR,1,TOPCS1600,VECTOR,1.0,0.3671,0,0,1.4,[],analyst88,Internal NLP,analyst,Analyst,analyst-analyst-ratings,Analyst Ratings
anl88_baml_synopsis_method4_con,IGNORE,"{'id': 'analyst88', 'name': 'Internal NLP'}","{'id': 'analyst', 'name': 'Analyst'}","{'id': 'analyst-analyst-ratings', 'name': 'Analyst Ratings'}",EUR,1,TOPCS1600,VECTOR,1.0,0.3673,0,0,1.4,[],analyst88,Internal NLP,analyst,Analyst,analyst-analyst-ratings,Analyst Ratings
anl88_baml_synopsis_method4_neg,|' separated string of sentence negativity scores in synopsis based on method4,"{'id': 'analyst88', 'name': 'Internal NLP'}","{'id': 'analyst', 'name': 'Analyst'}","{'id': 'analyst-analyst-ratings', 'name': 'Analyst Ratings'}",EUR,1,TOPCS1600,VECTOR,1.0,0.3673,0,0,1.4,[],analyst88,Internal NLP,analyst,Analyst,analyst-analyst-ratings,Analyst Ratings
anl88_baml_synopsis_method4_neu,IGNORE,"{'id': 'analyst88', 'name': 'Internal NLP'}","{'id': 'analyst', 'name': 'Analyst'}","{'id': 'analyst-analyst-ratings', 'name': 'Analyst Ratings'}",EUR,1,TOPCS1600,VECTOR,1.0,0.3673,0,0,1.4,[],analyst88,Internal NLP,analyst,Analyst,analyst-analyst-ratings,Analyst Ratings
anl88_baml_synopsis_method4_obj,|' separated string of sentence objectivity scores in synopsis based on method4,"{'id': 'analyst88', 'name': 'Internal NLP'}","{'id': 'analyst', 'name': 'Analyst'}","{'id': 'analyst-analyst-ratings', 'name': 'Analyst Ratings'}",EUR,1,TOPCS1600,VECTOR,1.0,0.3673,0,0,1.4,[],analyst88,Internal NLP,analyst,Analyst,analyst-analyst-ratings,Analyst Ratings
anl88_baml_synopsis_method4_pos,|' separated string of sentence positivity scores in synopsis based on method4,"{'id': 'analyst88', 'name': 'Internal NLP'}","{'id': 'analyst', 'name': 'Analyst'}","{'id': 'analyst-analyst-ratings', 'name': 'Analyst Ratings'}",EUR,1,TOPCS1600,VECTOR,1.0,0.3673,0,0,1.4,[],analyst88,Internal NLP,analyst,Analyst,analyst-analyst-ratings,Analyst Ratings
anl88_baml_synopsis_method4_tok,|' separated string of sentence level token count in synopsis based on method4,"{'id': 'analyst88', 'name': 'Internal NLP'}","{'id': 'analyst', 'name': 'Analyst'}","{'id': 'analyst-analyst-ratings', 'name': 'Analyst Ratings'}",EUR,1,TOPCS1600,VECTOR,1.0,0.3673,0,0,1.4,[],analyst88,Internal NLP,analyst,Analyst,analyst-analyst-ratings,Analyst Ratings
anl88_baml_synopsis_method4_tone,tone in synopsis based on method4,"{'id': 'analyst88', 'name': 'Internal NLP'}","{'id': 'analyst', 'name': 'Analyst'}","{'id': 'analyst-analyst-ratings', 'name': 'Analyst Ratings'}",EUR,1,TOPCS1600,VECTOR,1.0,0.362,0,0,1.4,[],analyst88,Internal NLP,analyst,Analyst,analyst-analyst-ratings,Analyst Ratings
anl88_baml_synopsis_method5_con,IGNORE,"{'id': 'analyst88', 'name': 'Internal NLP'}","{'id': 'analyst', 'name': 'Analyst'}","{'id': 'analyst-analyst-ratings', 'name': 'Analyst Ratings'}",EUR,1,TOPCS1600,VECTOR,1.0,0.3673,0,0,1.4,[],analyst88,Internal NLP,analyst,Analyst,analyst-analyst-ratings,Analyst Ratings
anl88_baml_synopsis_method5_neg,|' separated string of sentence negativity scores in synopsis based on method5,"{'id': 'analyst88', 'name': 'Internal NLP'}","{'id': 'analyst', 'name': 'Analyst'}","{'id': 'analyst-analyst-ratings', 'name': 'Analyst Ratings'}",EUR,1,TOPCS1600,VECTOR,1.0,0.3673,0,0,1.4,[],analyst88,Internal NLP,analyst,Analyst,analyst-analyst-ratings,Analyst Ratings
anl88_baml_synopsis_method5_neu,|' separated string of sentence neutrality scores in synopsis based on method5,"{'id': 'analyst88', 'name': 'Internal NLP'}","{'id': 'analyst', 'name': 'Analyst'}","{'id': 'analyst-analyst-ratings', 'name': 'Analyst Ratings'}",EUR,1,TOPCS1600,VECTOR,1.0,0.3673,0,0,1.4,[],analyst88,Internal NLP,analyst,Analyst,analyst-analyst-ratings,Analyst Ratings
anl88_baml_synopsis_method5_obj,IGNORE,"{'id': 'analyst88', 'name': 'Internal NLP'}","{'id': 'analyst', 'name': 'Analyst'}","{'id': 'analyst-analyst-ratings', 'name': 'Analyst Ratings'}",EUR,1,TOPCS1600,VECTOR,1.0,0.3673,0,0,1.4,[],analyst88,Internal NLP,analyst,Analyst,analyst-analyst-ratings,Analyst Ratings
anl88_baml_synopsis_method5_pos,|' separated string of sentence positivity scores in synopsis based on method5,"{'id': 'analyst88', 'name': 'Internal NLP'}","{'id': 'analyst', 'name': 'Analyst'}","{'id': 'analyst-analyst-ratings', 'name': 'Analyst Ratings'}",EUR,1,TOPCS1600,VECTOR,1.0,0.3673,0,0,1.4,[],analyst88,Internal NLP,analyst,Analyst,analyst-analyst-ratings,Analyst Ratings
anl88_baml_synopsis_method5_tok,|' separated string of sentence level token count in synopsis based on method5,"{'id': 'analyst88', 'name': 'Internal NLP'}","{'id': 'analyst', 'name': 'Analyst'}","{'id': 'analyst-analyst-ratings', 'name': 'Analyst Ratings'}",EUR,1,TOPCS1600,VECTOR,1.0,0.3673,0,0,1.4,[],analyst88,Internal NLP,analyst,Analyst,analyst-analyst-ratings,Analyst Ratings
anl88_baml_synopsis_method5_tone,tone in synopsis based on method5,"{'id': 'analyst88', 'name': 'Internal NLP'}","{'id': 'analyst', 'name': 'Analyst'}","{'id': 'analyst-analyst-ratings', 'name': 'Analyst Ratings'}",EUR,1,TOPCS1600,VECTOR,1.0,0.3673,0,0,1.4,[],analyst88,Internal NLP,analyst,Analyst,analyst-analyst-ratings,Analyst Ratings
anl88_baml_synopsis_start,|' separated string of sentence start position (character) in synopsis,"{'id': 'analyst88', 'name': 'Internal NLP'}","{'id': 'analyst', 'name': 'Analyst'}","{'id': 'analyst-analyst-ratings', 'name': 'Analyst Ratings'}",EUR,1,TOPCS1600,VECTOR,1.0,0.3673,0,0,1.4,[],analyst88,Internal NLP,analyst,Analyst,analyst-analyst-ratings,Analyst Ratings
anl88_baml_title,Title of the report,"{'id': 'analyst88', 'name': 'Internal NLP'}","{'id': 'analyst', 'name': 'Analyst'}","{'id': 'analyst-analyst-ratings', 'name': 'Analyst Ratings'}",EUR,1,TOPCS1600,VECTOR,1.0,0.3673,0,0,1.4,[],analyst88,Internal NLP,analyst,Analyst,analyst-analyst-ratings,Analyst Ratings
anl88_baml_title_end,|' separated string of sentence end position (character) in title,"{'id': 'analyst88', 'name': 'Internal NLP'}","{'id': 'analyst', 'name': 'Analyst'}","{'id': 'analyst-analyst-ratings', 'name': 'Analyst Ratings'}",EUR,1,TOPCS1600,VECTOR,1.0,0.3673,0,0,1.4,[],analyst88,Internal NLP,analyst,Analyst,analyst-analyst-ratings,Analyst Ratings
anl88_baml_title_method1_con,IGNORE,"{'id': 'analyst88', 'name': 'Internal NLP'}","{'id': 'analyst', 'name': 'Analyst'}","{'id': 'analyst-analyst-ratings', 'name': 'Analyst Ratings'}",EUR,1,TOPCS1600,VECTOR,1.0,0.3673,0,0,1.4,[],analyst88,Internal NLP,analyst,Analyst,analyst-analyst-ratings,Analyst Ratings
anl88_baml_title_method1_neg,|' separated string of sentence negativity scores in title based on method1,"{'id': 'analyst88', 'name': 'Internal NLP'}","{'id': 'analyst', 'name': 'Analyst'}","{'id': 'analyst-analyst-ratings', 'name': 'Analyst Ratings'}",EUR,1,TOPCS1600,VECTOR,1.0,0.3673,0,0,1.4,[],analyst88,Internal NLP,analyst,Analyst,analyst-analyst-ratings,Analyst Ratings
anl88_baml_title_method1_neu,|' separated string of sentence neutrality scores in title based on method1,"{'id': 'analyst88', 'name': 'Internal NLP'}","{'id': 'analyst', 'name': 'Analyst'}","{'id': 'analyst-analyst-ratings', 'name': 'Analyst Ratings'}",EUR,1,TOPCS1600,VECTOR,1.0,0.3673,0,0,1.4,[],analyst88,Internal NLP,analyst,Analyst,analyst-analyst-ratings,Analyst Ratings
anl88_baml_title_method1_obj,IGNORE,"{'id': 'analyst88', 'name': 'Internal NLP'}","{'id': 'analyst', 'name': 'Analyst'}","{'id': 'analyst-analyst-ratings', 'name': 'Analyst Ratings'}",EUR,1,TOPCS1600,VECTOR,1.0,0.3673,0,0,1.4,[],analyst88,Internal NLP,analyst,Analyst,analyst-analyst-ratings,Analyst Ratings
anl88_baml_title_method1_pos,|' separated string of sentence positivity scores in title based on method1,"{'id': 'analyst88', 'name': 'Internal NLP'}","{'id': 'analyst', 'name': 'Analyst'}","{'id': 'analyst-analyst-ratings', 'name': 'Analyst Ratings'}",EUR,1,TOPCS1600,VECTOR,1.0,0.3673,0,0,1.4,[],analyst88,Internal NLP,analyst,Analyst,analyst-analyst-ratings,Analyst Ratings
anl88_baml_title_method1_tok,|' separated string of sentence level token count in title based on method1,"{'id': 'analyst88', 'name': 'Internal NLP'}","{'id': 'analyst', 'name': 'Analyst'}","{'id': 'analyst-analyst-ratings', 'name': 'Analyst Ratings'}",EUR,1,TOPCS1600,VECTOR,1.0,0.3673,0,0,1.4,[],analyst88,Internal NLP,analyst,Analyst,analyst-analyst-ratings,Analyst Ratings
anl88_baml_title_method2_con,IGNORE,"{'id': 'analyst88', 'name': 'Internal NLP'}","{'id': 'analyst', 'name': 'Analyst'}","{'id': 'analyst-analyst-ratings', 'name': 'Analyst Ratings'}",EUR,1,TOPCS1600,VECTOR,1.0,0.3673,0,0,1.4,[],analyst88,Internal NLP,analyst,Analyst,analyst-analyst-ratings,Analyst Ratings
anl88_baml_title_method2_neg,|' separated string of sentence negativity scores in title based on method2,"{'id': 'analyst88', 'name': 'Internal NLP'}","{'id': 'analyst', 'name': 'Analyst'}","{'id': 'analyst-analyst-ratings', 'name': 'Analyst Ratings'}",EUR,1,TOPCS1600,VECTOR,1.0,0.3673,0,0,1.4,[],analyst88,Internal NLP,analyst,Analyst,analyst-analyst-ratings,Analyst Ratings
anl88_baml_title_method2_neu,IGNORE,"{'id': 'analyst88', 'name': 'Internal NLP'}","{'id': 'analyst', 'name': 'Analyst'}","{'id': 'analyst-analyst-ratings', 'name': 'Analyst Ratings'}",EUR,1,TOPCS1600,VECTOR,1.0,0.3673,0,0,1.4,[],analyst88,Internal NLP,analyst,Analyst,analyst-analyst-ratings,Analyst Ratings
anl88_baml_title_method2_obj,|' separated string of sentence objectivity scores in title based on method2,"{'id': 'analyst88', 'name': 'Internal NLP'}","{'id': 'analyst', 'name': 'Analyst'}","{'id': 'analyst-analyst-ratings', 'name': 'Analyst Ratings'}",EUR,1,TOPCS1600,VECTOR,1.0,0.3673,0,0,1.4,[],analyst88,Internal NLP,analyst,Analyst,analyst-analyst-ratings,Analyst Ratings
anl88_baml_title_method2_pos,|' separated string of sentence positivity scores in title based on method2,"{'id': 'analyst88', 'name': 'Internal NLP'}","{'id': 'analyst', 'name': 'Analyst'}","{'id': 'analyst-analyst-ratings', 'name': 'Analyst Ratings'}",EUR,1,TOPCS1600,VECTOR,1.0,0.3673,0,0,1.4,[],analyst88,Internal NLP,analyst,Analyst,analyst-analyst-ratings,Analyst Ratings
anl88_baml_title_method2_tok,|' separated string of sentence level token count in title based on method2,"{'id': 'analyst88', 'name': 'Internal NLP'}","{'id': 'analyst', 'name': 'Analyst'}","{'id': 'analyst-analyst-ratings', 'name': 'Analyst Ratings'}",EUR,1,TOPCS1600,VECTOR,1.0,0.3673,0,0,1.4,[],analyst88,Internal NLP,analyst,Analyst,analyst-analyst-ratings,Analyst Ratings
anl88_baml_title_method2_tone,tone in title based on method2,"{'id': 'analyst88', 'name': 'Internal NLP'}","{'id': 'analyst', 'name': 'Analyst'}","{'id': 'analyst-analyst-ratings', 'name': 'Analyst Ratings'}",EUR,1,TOPCS1600,VECTOR,1.0,0.3654,0,0,1.4,[],analyst88,Internal NLP,analyst,Analyst,analyst-analyst-ratings,Analyst Ratings
anl88_baml_title_method3_con,IGNORE,"{'id': 'analyst88', 'name': 'Internal NLP'}","{'id': 'analyst', 'name': 'Analyst'}","{'id': 'analyst-analyst-ratings', 'name': 'Analyst Ratings'}",EUR,1,TOPCS1600,VECTOR,1.0,0.3673,0,0,1.4,[],analyst88,Internal NLP,analyst,Analyst,analyst-analyst-ratings,Analyst Ratings
anl88_baml_title_method3_neg,|' separated string of sentence negativity scores in title based on method3,"{'id': 'analyst88', 'name': 'Internal NLP'}","{'id': 'analyst', 'name': 'Analyst'}","{'id': 'analyst-analyst-ratings', 'name': 'Analyst Ratings'}",EUR,1,TOPCS1600,VECTOR,1.0,0.3673,0,0,1.4,[],analyst88,Internal NLP,analyst,Analyst,analyst-analyst-ratings,Analyst Ratings
anl88_baml_title_method3_neu,IGNORE,"{'id': 'analyst88', 'name': 'Internal NLP'}","{'id': 'analyst', 'name': 'Analyst'}","{'id': 'analyst-analyst-ratings', 'name': 'Analyst Ratings'}",EUR,1,TOPCS1600,VECTOR,1.0,0.3673,0,0,1.4,[],analyst88,Internal NLP,analyst,Analyst,analyst-analyst-ratings,Analyst Ratings
anl88_baml_title_method3_obj,|' separated string of sentence objectivity scores in title based on method3,"{'id': 'analyst88', 'name': 'Internal NLP'}","{'id': 'analyst', 'name': 'Analyst'}","{'id': 'analyst-analyst-ratings', 'name': 'Analyst Ratings'}",EUR,1,TOPCS1600,VECTOR,1.0,0.3673,0,0,1.4,[],analyst88,Internal NLP,analyst,Analyst,analyst-analyst-ratings,Analyst Ratings
anl88_baml_title_method3_pos,|' separated string of sentence positivity scores in title based on method3,"{'id': 'analyst88', 'name': 'Internal NLP'}","{'id': 'analyst', 'name': 'Analyst'}","{'id': 'analyst-analyst-ratings', 'name': 'Analyst Ratings'}",EUR,1,TOPCS1600,VECTOR,1.0,0.3673,0,0,1.4,[],analyst88,Internal NLP,analyst,Analyst,analyst-analyst-ratings,Analyst Ratings
anl88_baml_title_method3_tok,|' separated string of sentence level token count in title based on method3,"{'id': 'analyst88', 'name': 'Internal NLP'}","{'id': 'analyst', 'name': 'Analyst'}","{'id': 'analyst-analyst-ratings', 'name': 'Analyst Ratings'}",EUR,1,TOPCS1600,VECTOR,1.0,0.3673,0,0,1.4,[],analyst88,Internal NLP,analyst,Analyst,analyst-analyst-ratings,Analyst Ratings
anl88_baml_title_method3_tone,tone in title based on method3,"{'id': 'analyst88', 'name': 'Internal NLP'}","{'id': 'analyst', 'name': 'Analyst'}","{'id': 'analyst-analyst-ratings', 'name': 'Analyst Ratings'}",EUR,1,TOPCS1600,VECTOR,1.0,0.3654,0,0,1.4,[],analyst88,Internal NLP,analyst,Analyst,analyst-analyst-ratings,Analyst Ratings
anl88_baml_title_method4_con,IGNORE,"{'id': 'analyst88', 'name': 'Internal NLP'}","{'id': 'analyst', 'name': 'Analyst'}","{'id': 'analyst-analyst-ratings', 'name': 'Analyst Ratings'}",EUR,1,TOPCS1600,VECTOR,1.0,0.3673,0,0,1.4,[],analyst88,Internal NLP,analyst,Analyst,analyst-analyst-ratings,Analyst Ratings
anl88_baml_title_method4_neg,|' separated string of sentence negativity scores in title based on method4,"{'id': 'analyst88', 'name': 'Internal NLP'}","{'id': 'analyst', 'name': 'Analyst'}","{'id': 'analyst-analyst-ratings', 'name': 'Analyst Ratings'}",EUR,1,TOPCS1600,VECTOR,1.0,0.3673,0,0,1.4,[],analyst88,Internal NLP,analyst,Analyst,analyst-analyst-ratings,Analyst Ratings
anl88_baml_title_method4_neu,IGNORE,"{'id': 'analyst88', 'name': 'Internal NLP'}","{'id': 'analyst', 'name': 'Analyst'}","{'id': 'analyst-analyst-ratings', 'name': 'Analyst Ratings'}",EUR,1,TOPCS1600,VECTOR,1.0,0.3673,0,0,1.4,[],analyst88,Internal NLP,analyst,Analyst,analyst-analyst-ratings,Analyst Ratings
anl88_baml_title_method4_obj,|' separated string of sentence objectivity scores in title based on method4,"{'id': 'analyst88', 'name': 'Internal NLP'}","{'id': 'analyst', 'name': 'Analyst'}","{'id': 'analyst-analyst-ratings', 'name': 'Analyst Ratings'}",EUR,1,TOPCS1600,VECTOR,1.0,0.3673,0,0,1.4,[],analyst88,Internal NLP,analyst,Analyst,analyst-analyst-ratings,Analyst Ratings
anl88_baml_title_method4_pos,|' separated string of sentence positivity scores in title based on method4,"{'id': 'analyst88', 'name': 'Internal NLP'}","{'id': 'analyst', 'name': 'Analyst'}","{'id': 'analyst-analyst-ratings', 'name': 'Analyst Ratings'}",EUR,1,TOPCS1600,VECTOR,1.0,0.3673,0,0,1.4,[],analyst88,Internal NLP,analyst,Analyst,analyst-analyst-ratings,Analyst Ratings
anl88_baml_title_method4_tok,|' separated string of sentence level token count in title based on method4,"{'id': 'analyst88', 'name': 'Internal NLP'}","{'id': 'analyst', 'name': 'Analyst'}","{'id': 'analyst-analyst-ratings', 'name': 'Analyst Ratings'}",EUR,1,TOPCS1600,VECTOR,1.0,0.3673,0,0,1.4,[],analyst88,Internal NLP,analyst,Analyst,analyst-analyst-ratings,Analyst Ratings
anl88_baml_title_method4_tone,tone in title based on method4,"{'id': 'analyst88', 'name': 'Internal NLP'}","{'id': 'analyst', 'name': 'Analyst'}","{'id': 'analyst-analyst-ratings', 'name': 'Analyst Ratings'}",EUR,1,TOPCS1600,VECTOR,1.0,0.3166,0,0,1.4,[],analyst88,Internal NLP,analyst,Analyst,analyst-analyst-ratings,Analyst Ratings
anl88_baml_title_method5_con,IGNORE,"{'id': 'analyst88', 'name': 'Internal NLP'}","{'id': 'analyst', 'name': 'Analyst'}","{'id': 'analyst-analyst-ratings', 'name': 'Analyst Ratings'}",EUR,1,TOPCS1600,VECTOR,1.0,0.3673,0,0,1.4,[],analyst88,Internal NLP,analyst,Analyst,analyst-analyst-ratings,Analyst Ratings
anl88_baml_title_method5_neg,|' separated string of sentence negativity scores in title based on method5,"{'id': 'analyst88', 'name': 'Internal NLP'}","{'id': 'analyst', 'name': 'Analyst'}","{'id': 'analyst-analyst-ratings', 'name': 'Analyst Ratings'}",EUR,1,TOPCS1600,VECTOR,1.0,0.3673,0,0,1.4,[],analyst88,Internal NLP,analyst,Analyst,analyst-analyst-ratings,Analyst Ratings
anl88_baml_title_method5_neu,|' separated string of sentence neutrality scores in title based on method5,"{'id': 'analyst88', 'name': 'Internal NLP'}","{'id': 'analyst', 'name': 'Analyst'}","{'id': 'analyst-analyst-ratings', 'name': 'Analyst Ratings'}",EUR,1,TOPCS1600,VECTOR,1.0,0.3673,0,0,1.4,[],analyst88,Internal NLP,analyst,Analyst,analyst-analyst-ratings,Analyst Ratings
anl88_baml_title_method5_obj,IGNORE,"{'id': 'analyst88', 'name': 'Internal NLP'}","{'id': 'analyst', 'name': 'Analyst'}","{'id': 'analyst-analyst-ratings', 'name': 'Analyst Ratings'}",EUR,1,TOPCS1600,VECTOR,1.0,0.3673,0,0,1.4,[],analyst88,Internal NLP,analyst,Analyst,analyst-analyst-ratings,Analyst Ratings
anl88_baml_title_method5_pos,|' separated string of sentence positivity scores in title based on method5,"{'id': 'analyst88', 'name': 'Internal NLP'}","{'id': 'analyst', 'name': 'Analyst'}","{'id': 'analyst-analyst-ratings', 'name': 'Analyst Ratings'}",EUR,1,TOPCS1600,VECTOR,1.0,0.3673,0,0,1.4,[],analyst88,Internal NLP,analyst,Analyst,analyst-analyst-ratings,Analyst Ratings
anl88_baml_title_method5_tok,|' separated string of sentence level token count in title based on method5,"{'id': 'analyst88', 'name': 'Internal NLP'}","{'id': 'analyst', 'name': 'Analyst'}","{'id': 'analyst-analyst-ratings', 'name': 'Analyst Ratings'}",EUR,1,TOPCS1600,VECTOR,1.0,0.3673,0,0,1.4,[],analyst88,Internal NLP,analyst,Analyst,analyst-analyst-ratings,Analyst Ratings
anl88_baml_title_method5_tone,tone in title based on method5,"{'id': 'analyst88', 'name': 'Internal NLP'}","{'id': 'analyst', 'name': 'Analyst'}","{'id': 'analyst-analyst-ratings', 'name': 'Analyst Ratings'}",EUR,1,TOPCS1600,VECTOR,1.0,0.3673,0,0,1.4,[],analyst88,Internal NLP,analyst,Analyst,analyst-analyst-ratings,Analyst Ratings
anl88_baml_title_start,|' separated string of sentence start position (character) in title,"{'id': 'analyst88', 'name': 'Internal NLP'}","{'id': 'analyst', 'name': 'Analyst'}","{'id': 'analyst-analyst-ratings', 'name': 'Analyst Ratings'}",EUR,1,TOPCS1600,VECTOR,1.0,0.3673,0,0,1.4,[],analyst88,Internal NLP,analyst,Analyst,analyst-analyst-ratings,Analyst Ratings
anl88_baml_wqreceivetime,Timestamp at which file is received,"{'id': 'analyst88', 'name': 'Internal NLP'}","{'id': 'analyst', 'name': 'Analyst'}","{'id': 'analyst-analyst-ratings', 'name': 'Analyst Ratings'}",EUR,1,TOPCS1600,VECTOR,1.0,0.3673,0,0,1.4,[],analyst88,Internal NLP,analyst,Analyst,analyst-analyst-ratings,Analyst Ratings
anl88_barclays_abstract,Abstract of the report,"{'id': 'analyst88', 'name': 'Internal NLP'}","{'id': 'analyst', 'name': 'Analyst'}","{'id': 'analyst-analyst-ratings', 'name': 'Analyst Ratings'}",EUR,1,TOPCS1600,VECTOR,1.0,0.524,0,0,1.4,[],analyst88,Internal NLP,analyst,Analyst,analyst-analyst-ratings,Analyst Ratings
anl88_barclays_abstract_end,|' separated string of sentence end position (character) in abstract,"{'id': 'analyst88', 'name': 'Internal NLP'}","{'id': 'analyst', 'name': 'Analyst'}","{'id': 'analyst-analyst-ratings', 'name': 'Analyst Ratings'}",EUR,1,TOPCS1600,VECTOR,1.0,0.524,0,0,1.4,[],analyst88,Internal NLP,analyst,Analyst,analyst-analyst-ratings,Analyst Ratings
anl88_barclays_abstract_method1_con,IGNORE,"{'id': 'analyst88', 'name': 'Internal NLP'}","{'id': 'analyst', 'name': 'Analyst'}","{'id': 'analyst-analyst-ratings', 'name': 'Analyst Ratings'}",EUR,1,TOPCS1600,VECTOR,1.0,0.524,0,0,1.4,[],analyst88,Internal NLP,analyst,Analyst,analyst-analyst-ratings,Analyst Ratings
anl88_barclays_abstract_method1_neg,|' separated string of sentence negativity scores in abstract based on method1,"{'id': 'analyst88', 'name': 'Internal NLP'}","{'id': 'analyst', 'name': 'Analyst'}","{'id': 'analyst-analyst-ratings', 'name': 'Analyst Ratings'}",EUR,1,TOPCS1600,VECTOR,1.0,0.524,0,0,1.4,[],analyst88,Internal NLP,analyst,Analyst,analyst-analyst-ratings,Analyst Ratings
anl88_barclays_abstract_method1_neu,|' separated string of sentence neutrality scores in abstract based on method1,"{'id': 'analyst88', 'name': 'Internal NLP'}","{'id': 'analyst', 'name': 'Analyst'}","{'id': 'analyst-analyst-ratings', 'name': 'Analyst Ratings'}",EUR,1,TOPCS1600,VECTOR,1.0,0.524,0,0,1.4,[],analyst88,Internal NLP,analyst,Analyst,analyst-analyst-ratings,Analyst Ratings
anl88_barclays_abstract_method1_obj,IGNORE,"{'id': 'analyst88', 'name': 'Internal NLP'}","{'id': 'analyst', 'name': 'Analyst'}","{'id': 'analyst-analyst-ratings', 'name': 'Analyst Ratings'}",EUR,1,TOPCS1600,VECTOR,1.0,0.524,0,0,1.4,[],analyst88,Internal NLP,analyst,Analyst,analyst-analyst-ratings,Analyst Ratings
anl88_barclays_abstract_method1_pos,|' separated string of sentence positivity scores in abstract based on method1,"{'id': 'analyst88', 'name': 'Internal NLP'}","{'id': 'analyst', 'name': 'Analyst'}","{'id': 'analyst-analyst-ratings', 'name': 'Analyst Ratings'}",EUR,1,TOPCS1600,VECTOR,1.0,0.524,0,0,1.4,[],analyst88,Internal NLP,analyst,Analyst,analyst-analyst-ratings,Analyst Ratings
anl88_barclays_abstract_method1_tok,|' separated string of sentence level token count in abstract based on method1,"{'id': 'analyst88', 'name': 'Internal NLP'}","{'id': 'analyst', 'name': 'Analyst'}","{'id': 'analyst-analyst-ratings', 'name': 'Analyst Ratings'}",EUR,1,TOPCS1600,VECTOR,1.0,0.524,0,0,1.4,[],analyst88,Internal NLP,analyst,Analyst,analyst-analyst-ratings,Analyst Ratings
anl88_barclays_abstract_method1_tone,tone in abstract based on method1,"{'id': 'analyst88', 'name': 'Internal NLP'}","{'id': 'analyst', 'name': 'Analyst'}","{'id': 'analyst-analyst-ratings', 'name': 'Analyst Ratings'}",EUR,1,TOPCS1600,VECTOR,1.0,0.5139,0,0,1.4,[],analyst88,Internal NLP,analyst,Analyst,analyst-analyst-ratings,Analyst Ratings
anl88_barclays_abstract_method2_con,IGNORE,"{'id': 'analyst88', 'name': 'Internal NLP'}","{'id': 'analyst', 'name': 'Analyst'}","{'id': 'analyst-analyst-ratings', 'name': 'Analyst Ratings'}",EUR,1,TOPCS1600,VECTOR,1.0,0.524,0,0,1.4,[],analyst88,Internal NLP,analyst,Analyst,analyst-analyst-ratings,Analyst Ratings
anl88_barclays_abstract_method2_neg,|' separated string of sentence negativity scores in abstract based on method2,"{'id': 'analyst88', 'name': 'Internal NLP'}","{'id': 'analyst', 'name': 'Analyst'}","{'id': 'analyst-analyst-ratings', 'name': 'Analyst Ratings'}",EUR,1,TOPCS1600,VECTOR,1.0,0.524,0,0,1.4,[],analyst88,Internal NLP,analyst,Analyst,analyst-analyst-ratings,Analyst Ratings
anl88_barclays_abstract_method2_neu,IGNORE,"{'id': 'analyst88', 'name': 'Internal NLP'}","{'id': 'analyst', 'name': 'Analyst'}","{'id': 'analyst-analyst-ratings', 'name': 'Analyst Ratings'}",EUR,1,TOPCS1600,VECTOR,1.0,0.524,0,0,1.4,[],analyst88,Internal NLP,analyst,Analyst,analyst-analyst-ratings,Analyst Ratings
anl88_barclays_abstract_method2_obj,|' separated string of sentence objectivity scores in abstract based on method2,"{'id': 'analyst88', 'name': 'Internal NLP'}","{'id': 'analyst', 'name': 'Analyst'}","{'id': 'analyst-analyst-ratings', 'name': 'Analyst Ratings'}",EUR,1,TOPCS1600,VECTOR,1.0,0.524,0,0,1.4,[],analyst88,Internal NLP,analyst,Analyst,analyst-analyst-ratings,Analyst Ratings
anl88_barclays_abstract_method2_pos,|' separated string of sentence positivity scores in abstract based on method2,"{'id': 'analyst88', 'name': 'Internal NLP'}","{'id': 'analyst', 'name': 'Analyst'}","{'id': 'analyst-analyst-ratings', 'name': 'Analyst Ratings'}",EUR,1,TOPCS1600,VECTOR,1.0,0.524,0,0,1.4,[],analyst88,Internal NLP,analyst,Analyst,analyst-analyst-ratings,Analyst Ratings
anl88_barclays_abstract_method2_tok,|' separated string of sentence level token count in abstract based on method2,"{'id': 'analyst88', 'name': 'Internal NLP'}","{'id': 'analyst', 'name': 'Analyst'}","{'id': 'analyst-analyst-ratings', 'name': 'Analyst Ratings'}",EUR,1,TOPCS1600,VECTOR,1.0,0.524,0,0,1.4,[],analyst88,Internal NLP,analyst,Analyst,analyst-analyst-ratings,Analyst Ratings
anl88_barclays_abstract_method2_tone,tone in abstract based on method2,"{'id': 'analyst88', 'name': 'Internal NLP'}","{'id': 'analyst', 'name': 'Analyst'}","{'id': 'analyst-analyst-ratings', 'name': 'Analyst Ratings'}",EUR,1,TOPCS1600,VECTOR,1.0,0.524,0,0,1.4,[],analyst88,Internal NLP,analyst,Analyst,analyst-analyst-ratings,Analyst Ratings
anl88_barclays_abstract_method3_con,IGNORE,"{'id': 'analyst88', 'name': 'Internal NLP'}","{'id': 'analyst', 'name': 'Analyst'}","{'id': 'analyst-analyst-ratings', 'name': 'Analyst Ratings'}",EUR,1,TOPCS1600,VECTOR,1.0,0.524,0,0,1.4,[],analyst88,Internal NLP,analyst,Analyst,analyst-analyst-ratings,Analyst Ratings
anl88_barclays_abstract_method3_neg,|' separated string of sentence negativity scores in abstract based on method3,"{'id': 'analyst88', 'name': 'Internal NLP'}","{'id': 'analyst', 'name': 'Analyst'}","{'id': 'analyst-analyst-ratings', 'name': 'Analyst Ratings'}",EUR,1,TOPCS1600,VECTOR,1.0,0.524,0,0,1.4,[],analyst88,Internal NLP,analyst,Analyst,analyst-analyst-ratings,Analyst Ratings
anl88_barclays_abstract_method3_neu,IGNORE,"{'id': 'analyst88', 'name': 'Internal NLP'}","{'id': 'analyst', 'name': 'Analyst'}","{'id': 'analyst-analyst-ratings', 'name': 'Analyst Ratings'}",EUR,1,TOPCS1600,VECTOR,1.0,0.524,0,0,1.4,[],analyst88,Internal NLP,analyst,Analyst,analyst-analyst-ratings,Analyst Ratings
anl88_barclays_abstract_method3_obj,|' separated string of sentence objectivity scores in abstract based on method3,"{'id': 'analyst88', 'name': 'Internal NLP'}","{'id': 'analyst', 'name': 'Analyst'}","{'id': 'analyst-analyst-ratings', 'name': 'Analyst Ratings'}",EUR,1,TOPCS1600,VECTOR,1.0,0.524,0,0,1.4,[],analyst88,Internal NLP,analyst,Analyst,analyst-analyst-ratings,Analyst Ratings
anl88_barclays_abstract_method3_pos,|' separated string of sentence positivity scores in abstract based on method3,"{'id': 'analyst88', 'name': 'Internal NLP'}","{'id': 'analyst', 'name': 'Analyst'}","{'id': 'analyst-analyst-ratings', 'name': 'Analyst Ratings'}",EUR,1,TOPCS1600,VECTOR,1.0,0.524,0,0,1.4,[],analyst88,Internal NLP,analyst,Analyst,analyst-analyst-ratings,Analyst Ratings
anl88_barclays_abstract_method3_tok,|' separated string of sentence level token count in abstract based on method3,"{'id': 'analyst88', 'name': 'Internal NLP'}","{'id': 'analyst', 'name': 'Analyst'}","{'id': 'analyst-analyst-ratings', 'name': 'Analyst Ratings'}",EUR,1,TOPCS1600,VECTOR,1.0,0.524,0,0,1.4,[],analyst88,Internal NLP,analyst,Analyst,analyst-analyst-ratings,Analyst Ratings
anl88_barclays_abstract_method3_tone,tone in abstract based on method3,"{'id': 'analyst88', 'name': 'Internal NLP'}","{'id': 'analyst', 'name': 'Analyst'}","{'id': 'analyst-analyst-ratings', 'name': 'Analyst Ratings'}",EUR,1,TOPCS1600,VECTOR,1.0,0.524,0,0,1.4,[],analyst88,Internal NLP,analyst,Analyst,analyst-analyst-ratings,Analyst Ratings
anl88_barclays_abstract_method4_con,IGNORE,"{'id': 'analyst88', 'name': 'Internal NLP'}","{'id': 'analyst', 'name': 'Analyst'}","{'id': 'analyst-analyst-ratings', 'name': 'Analyst Ratings'}",EUR,1,TOPCS1600,VECTOR,1.0,0.524,0,0,1.4,[],analyst88,Internal NLP,analyst,Analyst,analyst-analyst-ratings,Analyst Ratings
anl88_barclays_abstract_method4_neg,|' separated string of sentence negativity scores in abstract based on method4,"{'id': 'analyst88', 'name': 'Internal NLP'}","{'id': 'analyst', 'name': 'Analyst'}","{'id': 'analyst-analyst-ratings', 'name': 'Analyst Ratings'}",EUR,1,TOPCS1600,VECTOR,1.0,0.524,0,0,1.4,[],analyst88,Internal NLP,analyst,Analyst,analyst-analyst-ratings,Analyst Ratings
anl88_barclays_abstract_method4_neu,IGNORE,"{'id': 'analyst88', 'name': 'Internal NLP'}","{'id': 'analyst', 'name': 'Analyst'}","{'id': 'analyst-analyst-ratings', 'name': 'Analyst Ratings'}",EUR,1,TOPCS1600,VECTOR,1.0,0.524,0,0,1.4,[],analyst88,Internal NLP,analyst,Analyst,analyst-analyst-ratings,Analyst Ratings
anl88_barclays_abstract_method4_obj,|' separated string of sentence objectivity scores in abstract based on method4,"{'id': 'analyst88', 'name': 'Internal NLP'}","{'id': 'analyst', 'name': 'Analyst'}","{'id': 'analyst-analyst-ratings', 'name': 'Analyst Ratings'}",EUR,1,TOPCS1600,VECTOR,1.0,0.524,0,0,1.4,[],analyst88,Internal NLP,analyst,Analyst,analyst-analyst-ratings,Analyst Ratings
anl88_barclays_abstract_method4_pos,|' separated string of sentence positivity scores in abstract based on method4,"{'id': 'analyst88', 'name': 'Internal NLP'}","{'id': 'analyst', 'name': 'Analyst'}","{'id': 'analyst-analyst-ratings', 'name': 'Analyst Ratings'}",EUR,1,TOPCS1600,VECTOR,1.0,0.524,0,0,1.4,[],analyst88,Internal NLP,analyst,Analyst,analyst-analyst-ratings,Analyst Ratings
anl88_barclays_abstract_method4_tok,|' separated string of sentence level token count in abstract based on method4,"{'id': 'analyst88', 'name': 'Internal NLP'}","{'id': 'analyst', 'name': 'Analyst'}","{'id': 'analyst-analyst-ratings', 'name': 'Analyst Ratings'}",EUR,1,TOPCS1600,VECTOR,1.0,0.524,0,0,1.4,[],analyst88,Internal NLP,analyst,Analyst,analyst-analyst-ratings,Analyst Ratings
anl88_barclays_abstract_method4_tone,tone in abstract based on method4,"{'id': 'analyst88', 'name': 'Internal NLP'}","{'id': 'analyst', 'name': 'Analyst'}","{'id': 'analyst-analyst-ratings', 'name': 'Analyst Ratings'}",EUR,1,TOPCS1600,VECTOR,1.0,0.5236,0,0,1.4,[],analyst88,Internal NLP,analyst,Analyst,analyst-analyst-ratings,Analyst Ratings
anl88_barclays_abstract_method5_con,IGNORE,"{'id': 'analyst88', 'name': 'Internal NLP'}","{'id': 'analyst', 'name': 'Analyst'}","{'id': 'analyst-analyst-ratings', 'name': 'Analyst Ratings'}",EUR,1,TOPCS1600,VECTOR,1.0,0.524,0,0,1.4,[],analyst88,Internal NLP,analyst,Analyst,analyst-analyst-ratings,Analyst Ratings
anl88_barclays_abstract_method5_neg,|' separated string of sentence negativity scores in abstract based on method5,"{'id': 'analyst88', 'name': 'Internal NLP'}","{'id': 'analyst', 'name': 'Analyst'}","{'id': 'analyst-analyst-ratings', 'name': 'Analyst Ratings'}",EUR,1,TOPCS1600,VECTOR,1.0,0.524,0,0,1.4,[],analyst88,Internal NLP,analyst,Analyst,analyst-analyst-ratings,Analyst Ratings
anl88_barclays_abstract_method5_neu,|' separated string of sentence neutrality scores in abstract based on method5,"{'id': 'analyst88', 'name': 'Internal NLP'}","{'id': 'analyst', 'name': 'Analyst'}","{'id': 'analyst-analyst-ratings', 'name': 'Analyst Ratings'}",EUR,1,TOPCS1600,VECTOR,1.0,0.524,0,0,1.4,[],analyst88,Internal NLP,analyst,Analyst,analyst-analyst-ratings,Analyst Ratings
anl88_barclays_abstract_method5_obj,IGNORE,"{'id': 'analyst88', 'name': 'Internal NLP'}","{'id': 'analyst', 'name': 'Analyst'}","{'id': 'analyst-analyst-ratings', 'name': 'Analyst Ratings'}",EUR,1,TOPCS1600,VECTOR,1.0,0.524,0,0,1.4,[],analyst88,Internal NLP,analyst,Analyst,analyst-analyst-ratings,Analyst Ratings
anl88_barclays_abstract_method5_pos,|' separated string of sentence positivity scores in abstract based on method5,"{'id': 'analyst88', 'name': 'Internal NLP'}","{'id': 'analyst', 'name': 'Analyst'}","{'id': 'analyst-analyst-ratings', 'name': 'Analyst Ratings'}",EUR,1,TOPCS1600,VECTOR,1.0,0.524,0,0,1.4,[],analyst88,Internal NLP,analyst,Analyst,analyst-analyst-ratings,Analyst Ratings
anl88_barclays_abstract_method5_tok,|' separated string of sentence level token count in abstract based on method5,"{'id': 'analyst88', 'name': 'Internal NLP'}","{'id': 'analyst', 'name': 'Analyst'}","{'id': 'analyst-analyst-ratings', 'name': 'Analyst Ratings'}",EUR,1,TOPCS1600,VECTOR,1.0,0.524,0,0,1.4,[],analyst88,Internal NLP,analyst,Analyst,analyst-analyst-ratings,Analyst Ratings
anl88_barclays_abstract_method5_tone,tone in abstract based on method5,"{'id': 'analyst88', 'name': 'Internal NLP'}","{'id': 'analyst', 'name': 'Analyst'}","{'id': 'analyst-analyst-ratings', 'name': 'Analyst Ratings'}",EUR,1,TOPCS1600,VECTOR,1.0,0.524,0,0,1.4,[],analyst88,Internal NLP,analyst,Analyst,analyst-analyst-ratings,Analyst Ratings
anl88_barclays_abstract_start,|' separated string of sentence start position (character) in abstract,"{'id': 'analyst88', 'name': 'Internal NLP'}","{'id': 'analyst', 'name': 'Analyst'}","{'id': 'analyst-analyst-ratings', 'name': 'Analyst Ratings'}",EUR,1,TOPCS1600,VECTOR,1.0,0.524,0,0,1.4,[],analyst88,Internal NLP,analyst,Analyst,analyst-analyst-ratings,Analyst Ratings
anl88_barclays_modifytimeutc,Modify date of the file in UTC,"{'id': 'analyst88', 'name': 'Internal NLP'}","{'id': 'analyst', 'name': 'Analyst'}","{'id': 'analyst-analyst-ratings', 'name': 'Analyst Ratings'}",EUR,1,TOPCS1600,VECTOR,1.0,0.524,0,0,1.4,[],analyst88,Internal NLP,analyst,Analyst,analyst-analyst-ratings,Analyst Ratings
anl88_barclays_modifytimeutctime,Modify time of the file in UTC,"{'id': 'analyst88', 'name': 'Internal NLP'}","{'id': 'analyst', 'name': 'Analyst'}","{'id': 'analyst-analyst-ratings', 'name': 'Analyst Ratings'}",EUR,1,TOPCS1600,VECTOR,1.0,0.524,0,0,1.4,[],analyst88,Internal NLP,analyst,Analyst,analyst-analyst-ratings,Analyst Ratings
anl88_barclays_publicationtime,Publication time of the report,"{'id': 'analyst88', 'name': 'Internal NLP'}","{'id': 'analyst', 'name': 'Analyst'}","{'id': 'analyst-analyst-ratings', 'name': 'Analyst Ratings'}",EUR,1,TOPCS1600,VECTOR,1.0,0.524,0,0,1.4,[],analyst88,Internal NLP,analyst,Analyst,analyst-analyst-ratings,Analyst Ratings
anl88_barclays_statustime,Time at which the report was updated,"{'id': 'analyst88', 'name': 'Internal NLP'}","{'id': 'analyst', 'name': 'Analyst'}","{'id': 'analyst-analyst-ratings', 'name': 'Analyst Ratings'}",EUR,1,TOPCS1600,VECTOR,1.0,0.524,0,0,1.4,[],analyst88,Internal NLP,analyst,Analyst,analyst-analyst-ratings,Analyst Ratings
anl88_barclays_synopsis,"Synopsis of the report, brokers have different conventions for providing the content as either abstract or synopsis, or both","{'id': 'analyst88', 'name': 'Internal NLP'}","{'id': 'analyst', 'name': 'Analyst'}","{'id': 'analyst-analyst-ratings', 'name': 'Analyst Ratings'}",EUR,1,TOPCS1600,VECTOR,1.0,0.524,0,0,1.4,[],analyst88,Internal NLP,analyst,Analyst,analyst-analyst-ratings,Analyst Ratings
anl88_barclays_synopsis_end,|' separated string of sentence end position (character) in synopsis,"{'id': 'analyst88', 'name': 'Internal NLP'}","{'id': 'analyst', 'name': 'Analyst'}","{'id': 'analyst-analyst-ratings', 'name': 'Analyst Ratings'}",EUR,1,TOPCS1600,VECTOR,1.0,0.524,0,0,1.4,[],analyst88,Internal NLP,analyst,Analyst,analyst-analyst-ratings,Analyst Ratings
anl88_barclays_synopsis_method1_con,IGNORE,"{'id': 'analyst88', 'name': 'Internal NLP'}","{'id': 'analyst', 'name': 'Analyst'}","{'id': 'analyst-analyst-ratings', 'name': 'Analyst Ratings'}",EUR,1,TOPCS1600,VECTOR,1.0,0.524,0,0,1.4,[],analyst88,Internal NLP,analyst,Analyst,analyst-analyst-ratings,Analyst Ratings
anl88_barclays_synopsis_method1_neg,|' separated string of sentence negativity scores in synopsis based on method1,"{'id': 'analyst88', 'name': 'Internal NLP'}","{'id': 'analyst', 'name': 'Analyst'}","{'id': 'analyst-analyst-ratings', 'name': 'Analyst Ratings'}",EUR,1,TOPCS1600,VECTOR,1.0,0.524,0,0,1.4,[],analyst88,Internal NLP,analyst,Analyst,analyst-analyst-ratings,Analyst Ratings
anl88_barclays_synopsis_method1_neu,|' separated string of sentence neutrality scores in synopsis based on method1,"{'id': 'analyst88', 'name': 'Internal NLP'}","{'id': 'analyst', 'name': 'Analyst'}","{'id': 'analyst-analyst-ratings', 'name': 'Analyst Ratings'}",EUR,1,TOPCS1600,VECTOR,1.0,0.524,0,0,1.4,[],analyst88,Internal NLP,analyst,Analyst,analyst-analyst-ratings,Analyst Ratings
anl88_barclays_synopsis_method1_obj,IGNORE,"{'id': 'analyst88', 'name': 'Internal NLP'}","{'id': 'analyst', 'name': 'Analyst'}","{'id': 'analyst-analyst-ratings', 'name': 'Analyst Ratings'}",EUR,1,TOPCS1600,VECTOR,1.0,0.524,0,0,1.4,[],analyst88,Internal NLP,analyst,Analyst,analyst-analyst-ratings,Analyst Ratings
anl88_barclays_synopsis_method1_pos,|' separated string of sentence positivity scores in synopsis based on method1,"{'id': 'analyst88', 'name': 'Internal NLP'}","{'id': 'analyst', 'name': 'Analyst'}","{'id': 'analyst-analyst-ratings', 'name': 'Analyst Ratings'}",EUR,1,TOPCS1600,VECTOR,1.0,0.524,0,0,1.4,[],analyst88,Internal NLP,analyst,Analyst,analyst-analyst-ratings,Analyst Ratings
anl88_barclays_synopsis_method1_tok,|' separated string of sentence level token count in synopsis based on method1,"{'id': 'analyst88', 'name': 'Internal NLP'}","{'id': 'analyst', 'name': 'Analyst'}","{'id': 'analyst-analyst-ratings', 'name': 'Analyst Ratings'}",EUR,1,TOPCS1600,VECTOR,1.0,0.524,0,0,1.4,[],analyst88,Internal NLP,analyst,Analyst,analyst-analyst-ratings,Analyst Ratings
anl88_barclays_synopsis_method2_con,IGNORE,"{'id': 'analyst88', 'name': 'Internal NLP'}","{'id': 'analyst', 'name': 'Analyst'}","{'id': 'analyst-analyst-ratings', 'name': 'Analyst Ratings'}",EUR,1,TOPCS1600,VECTOR,1.0,0.524,0,0,1.4,[],analyst88,Internal NLP,analyst,Analyst,analyst-analyst-ratings,Analyst Ratings
anl88_barclays_synopsis_method2_neg,|' separated string of sentence negativity scores in synopsis based on method2,"{'id': 'analyst88', 'name': 'Internal NLP'}","{'id': 'analyst', 'name': 'Analyst'}","{'id': 'analyst-analyst-ratings', 'name': 'Analyst Ratings'}",EUR,1,TOPCS1600,VECTOR,1.0,0.524,0,0,1.4,[],analyst88,Internal NLP,analyst,Analyst,analyst-analyst-ratings,Analyst Ratings
anl88_barclays_synopsis_method2_neu,IGNORE,"{'id': 'analyst88', 'name': 'Internal NLP'}","{'id': 'analyst', 'name': 'Analyst'}","{'id': 'analyst-analyst-ratings', 'name': 'Analyst Ratings'}",EUR,1,TOPCS1600,VECTOR,1.0,0.524,0,0,1.4,[],analyst88,Internal NLP,analyst,Analyst,analyst-analyst-ratings,Analyst Ratings
anl88_barclays_synopsis_method2_obj,|' separated string of sentence objectivity scores in synopsis based on method2,"{'id': 'analyst88', 'name': 'Internal NLP'}","{'id': 'analyst', 'name': 'Analyst'}","{'id': 'analyst-analyst-ratings', 'name': 'Analyst Ratings'}",EUR,1,TOPCS1600,VECTOR,1.0,0.524,0,0,1.4,[],analyst88,Internal NLP,analyst,Analyst,analyst-analyst-ratings,Analyst Ratings
anl88_barclays_synopsis_method2_pos,|' separated string of sentence positivity scores in synopsis based on method2,"{'id': 'analyst88', 'name': 'Internal NLP'}","{'id': 'analyst', 'name': 'Analyst'}","{'id': 'analyst-analyst-ratings', 'name': 'Analyst Ratings'}",EUR,1,TOPCS1600,VECTOR,1.0,0.524,0,0,1.4,[],analyst88,Internal NLP,analyst,Analyst,analyst-analyst-ratings,Analyst Ratings
anl88_barclays_synopsis_method2_tok,|' separated string of sentence level token count in synopsis based on method2,"{'id': 'analyst88', 'name': 'Internal NLP'}","{'id': 'analyst', 'name': 'Analyst'}","{'id': 'analyst-analyst-ratings', 'name': 'Analyst Ratings'}",EUR,1,TOPCS1600,VECTOR,1.0,0.524,0,0,1.4,[],analyst88,Internal NLP,analyst,Analyst,analyst-analyst-ratings,Analyst Ratings
anl88_barclays_synopsis_method3_con,IGNORE,"{'id': 'analyst88', 'name': 'Internal NLP'}","{'id': 'analyst', 'name': 'Analyst'}","{'id': 'analyst-analyst-ratings', 'name': 'Analyst Ratings'}",EUR,1,TOPCS1600,VECTOR,1.0,0.524,0,0,1.4,[],analyst88,Internal NLP,analyst,Analyst,analyst-analyst-ratings,Analyst Ratings
anl88_barclays_synopsis_method3_neg,|' separated string of sentence negativity scores in synopsis based on method3,"{'id': 'analyst88', 'name': 'Internal NLP'}","{'id': 'analyst', 'name': 'Analyst'}","{'id': 'analyst-analyst-ratings', 'name': 'Analyst Ratings'}",EUR,1,TOPCS1600,VECTOR,1.0,0.524,0,0,1.4,[],analyst88,Internal NLP,analyst,Analyst,analyst-analyst-ratings,Analyst Ratings
anl88_barclays_synopsis_method3_neu,IGNORE,"{'id': 'analyst88', 'name': 'Internal NLP'}","{'id': 'analyst', 'name': 'Analyst'}","{'id': 'analyst-analyst-ratings', 'name': 'Analyst Ratings'}",EUR,1,TOPCS1600,VECTOR,1.0,0.524,0,0,1.4,[],analyst88,Internal NLP,analyst,Analyst,analyst-analyst-ratings,Analyst Ratings
anl88_barclays_synopsis_method3_obj,|' separated string of sentence objectivity scores in synopsis based on method3,"{'id': 'analyst88', 'name': 'Internal NLP'}","{'id': 'analyst', 'name': 'Analyst'}","{'id': 'analyst-analyst-ratings', 'name': 'Analyst Ratings'}",EUR,1,TOPCS1600,VECTOR,1.0,0.524,0,0,1.4,[],analyst88,Internal NLP,analyst,Analyst,analyst-analyst-ratings,Analyst Ratings
anl88_barclays_synopsis_method3_pos,|' separated string of sentence positivity scores in synopsis based on method3,"{'id': 'analyst88', 'name': 'Internal NLP'}","{'id': 'analyst', 'name': 'Analyst'}","{'id': 'analyst-analyst-ratings', 'name': 'Analyst Ratings'}",EUR,1,TOPCS1600,VECTOR,1.0,0.524,0,0,1.4,[],analyst88,Internal NLP,analyst,Analyst,analyst-analyst-ratings,Analyst Ratings
anl88_barclays_synopsis_method3_tok,|' separated string of sentence level token count in synopsis based on method3,"{'id': 'analyst88', 'name': 'Internal NLP'}","{'id': 'analyst', 'name': 'Analyst'}","{'id': 'analyst-analyst-ratings', 'name': 'Analyst Ratings'}",EUR,1,TOPCS1600,VECTOR,1.0,0.524,0,0,1.4,[],analyst88,Internal NLP,analyst,Analyst,analyst-analyst-ratings,Analyst Ratings
anl88_barclays_synopsis_method4_con,IGNORE,"{'id': 'analyst88', 'name': 'Internal NLP'}","{'id': 'analyst', 'name': 'Analyst'}","{'id': 'analyst-analyst-ratings', 'name': 'Analyst Ratings'}",EUR,1,TOPCS1600,VECTOR,1.0,0.524,0,0,1.4,[],analyst88,Internal NLP,analyst,Analyst,analyst-analyst-ratings,Analyst Ratings
anl88_barclays_synopsis_method4_neg,|' separated string of sentence negativity scores in synopsis based on method4,"{'id': 'analyst88', 'name': 'Internal NLP'}","{'id': 'analyst', 'name': 'Analyst'}","{'id': 'analyst-analyst-ratings', 'name': 'Analyst Ratings'}",EUR,1,TOPCS1600,VECTOR,1.0,0.524,0,0,1.4,[],analyst88,Internal NLP,analyst,Analyst,analyst-analyst-ratings,Analyst Ratings
anl88_barclays_synopsis_method4_neu,IGNORE,"{'id': 'analyst88', 'name': 'Internal NLP'}","{'id': 'analyst', 'name': 'Analyst'}","{'id': 'analyst-analyst-ratings', 'name': 'Analyst Ratings'}",EUR,1,TOPCS1600,VECTOR,1.0,0.524,0,0,1.4,[],analyst88,Internal NLP,analyst,Analyst,analyst-analyst-ratings,Analyst Ratings
anl88_barclays_synopsis_method4_obj,|' separated string of sentence objectivity scores in synopsis based on method4,"{'id': 'analyst88', 'name': 'Internal NLP'}","{'id': 'analyst', 'name': 'Analyst'}","{'id': 'analyst-analyst-ratings', 'name': 'Analyst Ratings'}",EUR,1,TOPCS1600,VECTOR,1.0,0.524,0,0,1.4,[],analyst88,Internal NLP,analyst,Analyst,analyst-analyst-ratings,Analyst Ratings
anl88_barclays_synopsis_method4_pos,|' separated string of sentence positivity scores in synopsis based on method4,"{'id': 'analyst88', 'name': 'Internal NLP'}","{'id': 'analyst', 'name': 'Analyst'}","{'id': 'analyst-analyst-ratings', 'name': 'Analyst Ratings'}",EUR,1,TOPCS1600,VECTOR,1.0,0.524,0,0,1.4,[],analyst88,Internal NLP,analyst,Analyst,analyst-analyst-ratings,Analyst Ratings
anl88_barclays_synopsis_method4_tok,|' separated string of sentence level token count in synopsis based on method4,"{'id': 'analyst88', 'name': 'Internal NLP'}","{'id': 'analyst', 'name': 'Analyst'}","{'id': 'analyst-analyst-ratings', 'name': 'Analyst Ratings'}",EUR,1,TOPCS1600,VECTOR,1.0,0.524,0,0,1.4,[],analyst88,Internal NLP,analyst,Analyst,analyst-analyst-ratings,Analyst Ratings
anl88_barclays_synopsis_method5_con,IGNORE,"{'id': 'analyst88', 'name': 'Internal NLP'}","{'id': 'analyst', 'name': 'Analyst'}","{'id': 'analyst-analyst-ratings', 'name': 'Analyst Ratings'}",EUR,1,TOPCS1600,VECTOR,1.0,0.524,0,0,1.4,[],analyst88,Internal NLP,analyst,Analyst,analyst-analyst-ratings,Analyst Ratings
anl88_barclays_synopsis_method5_neg,|' separated string of sentence negativity scores in synopsis based on method5,"{'id': 'analyst88', 'name': 'Internal NLP'}","{'id': 'analyst', 'name': 'Analyst'}","{'id': 'analyst-analyst-ratings', 'name': 'Analyst Ratings'}",EUR,1,TOPCS1600,VECTOR,1.0,0.524,0,0,1.4,[],analyst88,Internal NLP,analyst,Analyst,analyst-analyst-ratings,Analyst Ratings
anl88_barclays_synopsis_method5_neu,|' separated string of sentence neutrality scores in synopsis based on method5,"{'id': 'analyst88', 'name': 'Internal NLP'}","{'id': 'analyst', 'name': 'Analyst'}","{'id': 'analyst-analyst-ratings', 'name': 'Analyst Ratings'}",EUR,1,TOPCS1600,VECTOR,1.0,0.524,0,0,1.4,[],analyst88,Internal NLP,analyst,Analyst,analyst-analyst-ratings,Analyst Ratings
anl88_barclays_synopsis_method5_obj,IGNORE,"{'id': 'analyst88', 'name': 'Internal NLP'}","{'id': 'analyst', 'name': 'Analyst'}","{'id': 'analyst-analyst-ratings', 'name': 'Analyst Ratings'}",EUR,1,TOPCS1600,VECTOR,1.0,0.524,0,0,1.4,[],analyst88,Internal NLP,analyst,Analyst,analyst-analyst-ratings,Analyst Ratings
anl88_barclays_synopsis_method5_pos,|' separated string of sentence positivity scores in synopsis based on method5,"{'id': 'analyst88', 'name': 'Internal NLP'}","{'id': 'analyst', 'name': 'Analyst'}","{'id': 'analyst-analyst-ratings', 'name': 'Analyst Ratings'}",EUR,1,TOPCS1600,VECTOR,1.0,0.524,0,0,1.4,[],analyst88,Internal NLP,analyst,Analyst,analyst-analyst-ratings,Analyst Ratings
anl88_barclays_synopsis_method5_tok,|' separated string of sentence level token count in synopsis based on method5,"{'id': 'analyst88', 'name': 'Internal NLP'}","{'id': 'analyst', 'name': 'Analyst'}","{'id': 'analyst-analyst-ratings', 'name': 'Analyst Ratings'}",EUR,1,TOPCS1600,VECTOR,1.0,0.524,0,0,1.4,[],analyst88,Internal NLP,analyst,Analyst,analyst-analyst-ratings,Analyst Ratings
anl88_barclays_synopsis_start,|' separated string of sentence start position (character) in synopsis,"{'id': 'analyst88', 'name': 'Internal NLP'}","{'id': 'analyst', 'name': 'Analyst'}","{'id': 'analyst-analyst-ratings', 'name': 'Analyst Ratings'}",EUR,1,TOPCS1600,VECTOR,1.0,0.524,0,0,1.4,[],analyst88,Internal NLP,analyst,Analyst,analyst-analyst-ratings,Analyst Ratings
anl88_barclays_title,Title of the report,"{'id': 'analyst88', 'name': 'Internal NLP'}","{'id': 'analyst', 'name': 'Analyst'}","{'id': 'analyst-analyst-ratings', 'name': 'Analyst Ratings'}",EUR,1,TOPCS1600,VECTOR,1.0,0.524,0,0,1.4,[],analyst88,Internal NLP,analyst,Analyst,analyst-analyst-ratings,Analyst Ratings
anl88_barclays_title_end,|' separated string of sentence end position (character) in title,"{'id': 'analyst88', 'name': 'Internal NLP'}","{'id': 'analyst', 'name': 'Analyst'}","{'id': 'analyst-analyst-ratings', 'name': 'Analyst Ratings'}",EUR,1,TOPCS1600,VECTOR,1.0,0.524,0,0,1.4,[],analyst88,Internal NLP,analyst,Analyst,analyst-analyst-ratings,Analyst Ratings
anl88_barclays_title_method1_con,IGNORE,"{'id': 'analyst88', 'name': 'Internal NLP'}","{'id': 'analyst', 'name': 'Analyst'}","{'id': 'analyst-analyst-ratings', 'name': 'Analyst Ratings'}",EUR,1,TOPCS1600,VECTOR,1.0,0.524,0,0,1.4,[],analyst88,Internal NLP,analyst,Analyst,analyst-analyst-ratings,Analyst Ratings
anl88_barclays_title_method1_neg,|' separated string of sentence negativity scores in title based on method1,"{'id': 'analyst88', 'name': 'Internal NLP'}","{'id': 'analyst', 'name': 'Analyst'}","{'id': 'analyst-analyst-ratings', 'name': 'Analyst Ratings'}",EUR,1,TOPCS1600,VECTOR,1.0,0.524,0,0,1.4,[],analyst88,Internal NLP,analyst,Analyst,analyst-analyst-ratings,Analyst Ratings
anl88_barclays_title_method1_neu,|' separated string of sentence neutrality scores in title based on method1,"{'id': 'analyst88', 'name': 'Internal NLP'}","{'id': 'analyst', 'name': 'Analyst'}","{'id': 'analyst-analyst-ratings', 'name': 'Analyst Ratings'}",EUR,1,TOPCS1600,VECTOR,1.0,0.524,0,0,1.4,[],analyst88,Internal NLP,analyst,Analyst,analyst-analyst-ratings,Analyst Ratings
anl88_barclays_title_method1_obj,IGNORE,"{'id': 'analyst88', 'name': 'Internal NLP'}","{'id': 'analyst', 'name': 'Analyst'}","{'id': 'analyst-analyst-ratings', 'name': 'Analyst Ratings'}",EUR,1,TOPCS1600,VECTOR,1.0,0.524,0,0,1.4,[],analyst88,Internal NLP,analyst,Analyst,analyst-analyst-ratings,Analyst Ratings
anl88_barclays_title_method1_pos,|' separated string of sentence positivity scores in title based on method1,"{'id': 'analyst88', 'name': 'Internal NLP'}","{'id': 'analyst', 'name': 'Analyst'}","{'id': 'analyst-analyst-ratings', 'name': 'Analyst Ratings'}",EUR,1,TOPCS1600,VECTOR,1.0,0.524,0,0,1.4,[],analyst88,Internal NLP,analyst,Analyst,analyst-analyst-ratings,Analyst Ratings
anl88_barclays_title_method1_tone,tone in title based on method1,"{'id': 'analyst88', 'name': 'Internal NLP'}","{'id': 'analyst', 'name': 'Analyst'}","{'id': 'analyst-analyst-ratings', 'name': 'Analyst Ratings'}",EUR,1,TOPCS1600,VECTOR,1.0,0.3665,0,0,1.4,[],analyst88,Internal NLP,analyst,Analyst,analyst-analyst-ratings,Analyst Ratings
anl88_barclays_title_method2_con,IGNORE,"{'id': 'analyst88', 'name': 'Internal NLP'}","{'id': 'analyst', 'name': 'Analyst'}","{'id': 'analyst-analyst-ratings', 'name': 'Analyst Ratings'}",EUR,1,TOPCS1600,VECTOR,1.0,0.524,0,0,1.4,[],analyst88,Internal NLP,analyst,Analyst,analyst-analyst-ratings,Analyst Ratings
anl88_barclays_title_method2_neg,|' separated string of sentence negativity scores in title based on method2,"{'id': 'analyst88', 'name': 'Internal NLP'}","{'id': 'analyst', 'name': 'Analyst'}","{'id': 'analyst-analyst-ratings', 'name': 'Analyst Ratings'}",EUR,1,TOPCS1600,VECTOR,1.0,0.524,0,0,1.4,[],analyst88,Internal NLP,analyst,Analyst,analyst-analyst-ratings,Analyst Ratings
anl88_barclays_title_method2_neu,IGNORE,"{'id': 'analyst88', 'name': 'Internal NLP'}","{'id': 'analyst', 'name': 'Analyst'}","{'id': 'analyst-analyst-ratings', 'name': 'Analyst Ratings'}",EUR,1,TOPCS1600,VECTOR,1.0,0.524,0,0,1.4,[],analyst88,Internal NLP,analyst,Analyst,analyst-analyst-ratings,Analyst Ratings
anl88_barclays_title_method2_obj,|' separated string of sentence objectivity scores in title based on method2,"{'id': 'analyst88', 'name': 'Internal NLP'}","{'id': 'analyst', 'name': 'Analyst'}","{'id': 'analyst-analyst-ratings', 'name': 'Analyst Ratings'}",EUR,1,TOPCS1600,VECTOR,1.0,0.524,0,0,1.4,[],analyst88,Internal NLP,analyst,Analyst,analyst-analyst-ratings,Analyst Ratings
anl88_barclays_title_method2_pos,|' separated string of sentence positivity scores in title based on method2,"{'id': 'analyst88', 'name': 'Internal NLP'}","{'id': 'analyst', 'name': 'Analyst'}","{'id': 'analyst-analyst-ratings', 'name': 'Analyst Ratings'}",EUR,1,TOPCS1600,VECTOR,1.0,0.524,0,0,1.4,[],analyst88,Internal NLP,analyst,Analyst,analyst-analyst-ratings,Analyst Ratings
anl88_barclays_title_method2_tok,|' separated string of sentence level token count in title based on method2,"{'id': 'analyst88', 'name': 'Internal NLP'}","{'id': 'analyst', 'name': 'Analyst'}","{'id': 'analyst-analyst-ratings', 'name': 'Analyst Ratings'}",EUR,1,TOPCS1600,VECTOR,1.0,0.524,0,0,1.4,[],analyst88,Internal NLP,analyst,Analyst,analyst-analyst-ratings,Analyst Ratings
anl88_barclays_title_method2_tone,tone in title based on method2,"{'id': 'analyst88', 'name': 'Internal NLP'}","{'id': 'analyst', 'name': 'Analyst'}","{'id': 'analyst-analyst-ratings', 'name': 'Analyst Ratings'}",EUR,1,TOPCS1600,VECTOR,1.0,0.5224,0,0,1.4,[],analyst88,Internal NLP,analyst,Analyst,analyst-analyst-ratings,Analyst Ratings
anl88_barclays_title_method3_con,IGNORE,"{'id': 'analyst88', 'name': 'Internal NLP'}","{'id': 'analyst', 'name': 'Analyst'}","{'id': 'analyst-analyst-ratings', 'name': 'Analyst Ratings'}",EUR,1,TOPCS1600,VECTOR,1.0,0.524,0,0,1.4,[],analyst88,Internal NLP,analyst,Analyst,analyst-analyst-ratings,Analyst Ratings
anl88_barclays_title_method3_neg,|' separated string of sentence negativity scores in title based on method3,"{'id': 'analyst88', 'name': 'Internal NLP'}","{'id': 'analyst', 'name': 'Analyst'}","{'id': 'analyst-analyst-ratings', 'name': 'Analyst Ratings'}",EUR,1,TOPCS1600,VECTOR,1.0,0.524,0,0,1.4,[],analyst88,Internal NLP,analyst,Analyst,analyst-analyst-ratings,Analyst Ratings
anl88_barclays_title_method3_neu,IGNORE,"{'id': 'analyst88', 'name': 'Internal NLP'}","{'id': 'analyst', 'name': 'Analyst'}","{'id': 'analyst-analyst-ratings', 'name': 'Analyst Ratings'}",EUR,1,TOPCS1600,VECTOR,1.0,0.524,0,0,1.4,[],analyst88,Internal NLP,analyst,Analyst,analyst-analyst-ratings,Analyst Ratings
anl88_barclays_title_method3_obj,|' separated string of sentence objectivity scores in title based on method3,"{'id': 'analyst88', 'name': 'Internal NLP'}","{'id': 'analyst', 'name': 'Analyst'}","{'id': 'analyst-analyst-ratings', 'name': 'Analyst Ratings'}",EUR,1,TOPCS1600,VECTOR,1.0,0.524,0,0,1.4,[],analyst88,Internal NLP,analyst,Analyst,analyst-analyst-ratings,Analyst Ratings
anl88_barclays_title_method3_pos,|' separated string of sentence positivity scores in title based on method3,"{'id': 'analyst88', 'name': 'Internal NLP'}","{'id': 'analyst', 'name': 'Analyst'}","{'id': 'analyst-analyst-ratings', 'name': 'Analyst Ratings'}",EUR,1,TOPCS1600,VECTOR,1.0,0.524,0,0,1.4,[],analyst88,Internal NLP,analyst,Analyst,analyst-analyst-ratings,Analyst Ratings
anl88_barclays_title_method3_tok,|' separated string of sentence level token count in title based on method3,"{'id': 'analyst88', 'name': 'Internal NLP'}","{'id': 'analyst', 'name': 'Analyst'}","{'id': 'analyst-analyst-ratings', 'name': 'Analyst Ratings'}",EUR,1,TOPCS1600,VECTOR,1.0,0.524,0,0,1.4,[],analyst88,Internal NLP,analyst,Analyst,analyst-analyst-ratings,Analyst Ratings
anl88_barclays_title_method3_tone,tone in title based on method3,"{'id': 'analyst88', 'name': 'Internal NLP'}","{'id': 'analyst', 'name': 'Analyst'}","{'id': 'analyst-analyst-ratings', 'name': 'Analyst Ratings'}",EUR,1,TOPCS1600,VECTOR,1.0,0.5224,0,0,1.4,[],analyst88,Internal NLP,analyst,Analyst,analyst-analyst-ratings,Analyst Ratings
anl88_barclays_title_method4_con,IGNORE,"{'id': 'analyst88', 'name': 'Internal NLP'}","{'id': 'analyst', 'name': 'Analyst'}","{'id': 'analyst-analyst-ratings', 'name': 'Analyst Ratings'}",EUR,1,TOPCS1600,VECTOR,1.0,0.524,0,0,1.4,[],analyst88,Internal NLP,analyst,Analyst,analyst-analyst-ratings,Analyst Ratings
anl88_barclays_title_method4_neg,|' separated string of sentence negativity scores in title based on method4,"{'id': 'analyst88', 'name': 'Internal NLP'}","{'id': 'analyst', 'name': 'Analyst'}","{'id': 'analyst-analyst-ratings', 'name': 'Analyst Ratings'}",EUR,1,TOPCS1600,VECTOR,1.0,0.524,0,0,1.4,[],analyst88,Internal NLP,analyst,Analyst,analyst-analyst-ratings,Analyst Ratings
anl88_barclays_title_method4_neu,IGNORE,"{'id': 'analyst88', 'name': 'Internal NLP'}","{'id': 'analyst', 'name': 'Analyst'}","{'id': 'analyst-analyst-ratings', 'name': 'Analyst Ratings'}",EUR,1,TOPCS1600,VECTOR,1.0,0.524,0,0,1.4,[],analyst88,Internal NLP,analyst,Analyst,analyst-analyst-ratings,Analyst Ratings
anl88_barclays_title_method4_obj,|' separated string of sentence objectivity scores in title based on method4,"{'id': 'analyst88', 'name': 'Internal NLP'}","{'id': 'analyst', 'name': 'Analyst'}","{'id': 'analyst-analyst-ratings', 'name': 'Analyst Ratings'}",EUR,1,TOPCS1600,VECTOR,1.0,0.524,0,0,1.4,[],analyst88,Internal NLP,analyst,Analyst,analyst-analyst-ratings,Analyst Ratings
anl88_barclays_title_method4_pos,|' separated string of sentence positivity scores in title based on method4,"{'id': 'analyst88', 'name': 'Internal NLP'}","{'id': 'analyst', 'name': 'Analyst'}","{'id': 'analyst-analyst-ratings', 'name': 'Analyst Ratings'}",EUR,1,TOPCS1600,VECTOR,1.0,0.524,0,0,1.4,[],analyst88,Internal NLP,analyst,Analyst,analyst-analyst-ratings,Analyst Ratings
anl88_barclays_title_method4_tok,|' separated string of sentence level token count in title based on method4,"{'id': 'analyst88', 'name': 'Internal NLP'}","{'id': 'analyst', 'name': 'Analyst'}","{'id': 'analyst-analyst-ratings', 'name': 'Analyst Ratings'}",EUR,1,TOPCS1600,VECTOR,1.0,0.524,0,0,1.4,[],analyst88,Internal NLP,analyst,Analyst,analyst-analyst-ratings,Analyst Ratings
anl88_barclays_title_method4_tone,tone in title based on method4,"{'id': 'analyst88', 'name': 'Internal NLP'}","{'id': 'analyst', 'name': 'Analyst'}","{'id': 'analyst-analyst-ratings', 'name': 'Analyst Ratings'}",EUR,1,TOPCS1600,VECTOR,1.0,0.4739,0,0,1.4,[],analyst88,Internal NLP,analyst,Analyst,analyst-analyst-ratings,Analyst Ratings
anl88_barclays_title_method5_con,IGNORE,"{'id': 'analyst88', 'name': 'Internal NLP'}","{'id': 'analyst', 'name': 'Analyst'}","{'id': 'analyst-analyst-ratings', 'name': 'Analyst Ratings'}",EUR,1,TOPCS1600,VECTOR,1.0,0.524,0,0,1.4,[],analyst88,Internal NLP,analyst,Analyst,analyst-analyst-ratings,Analyst Ratings
anl88_barclays_title_method5_neg,|' separated string of sentence negativity scores in title based on method5,"{'id': 'analyst88', 'name': 'Internal NLP'}","{'id': 'analyst', 'name': 'Analyst'}","{'id': 'analyst-analyst-ratings', 'name': 'Analyst Ratings'}",EUR,1,TOPCS1600,VECTOR,1.0,0.524,0,0,1.4,[],analyst88,Internal NLP,analyst,Analyst,analyst-analyst-ratings,Analyst Ratings
anl88_barclays_title_method5_neu,|' separated string of sentence neutrality scores in title based on method5,"{'id': 'analyst88', 'name': 'Internal NLP'}","{'id': 'analyst', 'name': 'Analyst'}","{'id': 'analyst-analyst-ratings', 'name': 'Analyst Ratings'}",EUR,1,TOPCS1600,VECTOR,1.0,0.524,0,0,1.4,[],analyst88,Internal NLP,analyst,Analyst,analyst-analyst-ratings,Analyst Ratings
anl88_barclays_title_method5_obj,IGNORE,"{'id': 'analyst88', 'name': 'Internal NLP'}","{'id': 'analyst', 'name': 'Analyst'}","{'id': 'analyst-analyst-ratings', 'name': 'Analyst Ratings'}",EUR,1,TOPCS1600,VECTOR,1.0,0.524,0,0,1.4,[],analyst88,Internal NLP,analyst,Analyst,analyst-analyst-ratings,Analyst Ratings
anl88_barclays_title_method5_pos,|' separated string of sentence positivity scores in title based on method5,"{'id': 'analyst88', 'name': 'Internal NLP'}","{'id': 'analyst', 'name': 'Analyst'}","{'id': 'analyst-analyst-ratings', 'name': 'Analyst Ratings'}",EUR,1,TOPCS1600,VECTOR,1.0,0.524,0,0,1.4,[],analyst88,Internal NLP,analyst,Analyst,analyst-analyst-ratings,Analyst Ratings
anl88_barclays_title_method5_tok,|' separated string of sentence level token count in title based on method5,"{'id': 'analyst88', 'name': 'Internal NLP'}","{'id': 'analyst', 'name': 'Analyst'}","{'id': 'analyst-analyst-ratings', 'name': 'Analyst Ratings'}",EUR,1,TOPCS1600,VECTOR,1.0,0.524,0,0,1.4,[],analyst88,Internal NLP,analyst,Analyst,analyst-analyst-ratings,Analyst Ratings
anl88_barclays_title_method5_tone,tone in title based on method5,"{'id': 'analyst88', 'name': 'Internal NLP'}","{'id': 'analyst', 'name': 'Analyst'}","{'id': 'analyst-analyst-ratings', 'name': 'Analyst Ratings'}",EUR,1,TOPCS1600,VECTOR,1.0,0.524,0,0,1.4,[],analyst88,Internal NLP,analyst,Analyst,analyst-analyst-ratings,Analyst Ratings
anl88_barclays_title_start,|' separated string of sentence start position (character) in title,"{'id': 'analyst88', 'name': 'Internal NLP'}","{'id': 'analyst', 'name': 'Analyst'}","{'id': 'analyst-analyst-ratings', 'name': 'Analyst Ratings'}",EUR,1,TOPCS1600,VECTOR,1.0,0.524,0,0,1.4,[],analyst88,Internal NLP,analyst,Analyst,analyst-analyst-ratings,Analyst Ratings
anl88_barclays_wqreceivetime,Timestamp at which the file is received,"{'id': 'analyst88', 'name': 'Internal NLP'}","{'id': 'analyst', 'name': 'Analyst'}","{'id': 'analyst-analyst-ratings', 'name': 'Analyst Ratings'}",EUR,1,TOPCS1600,VECTOR,1.0,0.524,0,0,1.4,[],analyst88,Internal NLP,analyst,Analyst,analyst-analyst-ratings,Analyst Ratings
anl88_db_abstract,Abstract of the report,"{'id': 'analyst88', 'name': 'Internal NLP'}","{'id': 'analyst', 'name': 'Analyst'}","{'id': 'analyst-analyst-ratings', 'name': 'Analyst Ratings'}",EUR,1,TOPCS1600,VECTOR,1.0,0.3431,0,0,1.4,[],analyst88,Internal NLP,analyst,Analyst,analyst-analyst-ratings,Analyst Ratings
anl88_db_abstract_end,|' separated string of sentence end position (character) in abstract,"{'id': 'analyst88', 'name': 'Internal NLP'}","{'id': 'analyst', 'name': 'Analyst'}","{'id': 'analyst-analyst-ratings', 'name': 'Analyst Ratings'}",EUR,1,TOPCS1600,VECTOR,1.0,0.3431,0,0,1.4,[],analyst88,Internal NLP,analyst,Analyst,analyst-analyst-ratings,Analyst Ratings
anl88_db_abstract_method1_con,IGNORE,"{'id': 'analyst88', 'name': 'Internal NLP'}","{'id': 'analyst', 'name': 'Analyst'}","{'id': 'analyst-analyst-ratings', 'name': 'Analyst Ratings'}",EUR,1,TOPCS1600,VECTOR,1.0,0.3431,0,0,1.4,[],analyst88,Internal NLP,analyst,Analyst,analyst-analyst-ratings,Analyst Ratings
anl88_db_abstract_method1_neg,|' separated string of sentence negativity scores in abstract based on method1,"{'id': 'analyst88', 'name': 'Internal NLP'}","{'id': 'analyst', 'name': 'Analyst'}","{'id': 'analyst-analyst-ratings', 'name': 'Analyst Ratings'}",EUR,1,TOPCS1600,VECTOR,1.0,0.3431,0,0,1.4,[],analyst88,Internal NLP,analyst,Analyst,analyst-analyst-ratings,Analyst Ratings
anl88_db_abstract_method1_neu,|' separated string of sentence neutrality scores in abstract based on method1,"{'id': 'analyst88', 'name': 'Internal NLP'}","{'id': 'analyst', 'name': 'Analyst'}","{'id': 'analyst-analyst-ratings', 'name': 'Analyst Ratings'}",EUR,1,TOPCS1600,VECTOR,1.0,0.3431,0,0,1.4,[],analyst88,Internal NLP,analyst,Analyst,analyst-analyst-ratings,Analyst Ratings
anl88_db_abstract_method1_obj,IGNORE,"{'id': 'analyst88', 'name': 'Internal NLP'}","{'id': 'analyst', 'name': 'Analyst'}","{'id': 'analyst-analyst-ratings', 'name': 'Analyst Ratings'}",EUR,1,TOPCS1600,VECTOR,1.0,0.3431,0,0,1.4,[],analyst88,Internal NLP,analyst,Analyst,analyst-analyst-ratings,Analyst Ratings
anl88_db_abstract_method1_pos,|' separated string of sentence positivity scores in abstract based on method1,"{'id': 'analyst88', 'name': 'Internal NLP'}","{'id': 'analyst', 'name': 'Analyst'}","{'id': 'analyst-analyst-ratings', 'name': 'Analyst Ratings'}",EUR,1,TOPCS1600,VECTOR,1.0,0.3431,0,0,1.4,[],analyst88,Internal NLP,analyst,Analyst,analyst-analyst-ratings,Analyst Ratings
anl88_db_abstract_method1_tok,|' separated string of sentence level token count in abstract based on method1,"{'id': 'analyst88', 'name': 'Internal NLP'}","{'id': 'analyst', 'name': 'Analyst'}","{'id': 'analyst-analyst-ratings', 'name': 'Analyst Ratings'}",EUR,1,TOPCS1600,VECTOR,1.0,0.3431,0,0,1.4,[],analyst88,Internal NLP,analyst,Analyst,analyst-analyst-ratings,Analyst Ratings
anl88_db_abstract_method1_tone,tone in abstract based on method1,"{'id': 'analyst88', 'name': 'Internal NLP'}","{'id': 'analyst', 'name': 'Analyst'}","{'id': 'analyst-analyst-ratings', 'name': 'Analyst Ratings'}",EUR,1,TOPCS1600,VECTOR,1.0,0.3141,0,0,1.4,[],analyst88,Internal NLP,analyst,Analyst,analyst-analyst-ratings,Analyst Ratings
anl88_db_abstract_method2_con,IGNORE,"{'id': 'analyst88', 'name': 'Internal NLP'}","{'id': 'analyst', 'name': 'Analyst'}","{'id': 'analyst-analyst-ratings', 'name': 'Analyst Ratings'}",EUR,1,TOPCS1600,VECTOR,1.0,0.3431,0,0,1.4,[],analyst88,Internal NLP,analyst,Analyst,analyst-analyst-ratings,Analyst Ratings
anl88_db_abstract_method2_neg,|' separated string of sentence negativity scores in abstract based on method2,"{'id': 'analyst88', 'name': 'Internal NLP'}","{'id': 'analyst', 'name': 'Analyst'}","{'id': 'analyst-analyst-ratings', 'name': 'Analyst Ratings'}",EUR,1,TOPCS1600,VECTOR,1.0,0.3431,0,0,1.4,[],analyst88,Internal NLP,analyst,Analyst,analyst-analyst-ratings,Analyst Ratings
anl88_db_abstract_method2_neu,IGNORE,"{'id': 'analyst88', 'name': 'Internal NLP'}","{'id': 'analyst', 'name': 'Analyst'}","{'id': 'analyst-analyst-ratings', 'name': 'Analyst Ratings'}",EUR,1,TOPCS1600,VECTOR,1.0,0.3431,0,0,1.4,[],analyst88,Internal NLP,analyst,Analyst,analyst-analyst-ratings,Analyst Ratings
anl88_db_abstract_method2_obj,|' separated string of sentence objectivity scores in abstract based on method2,"{'id': 'analyst88', 'name': 'Internal NLP'}","{'id': 'analyst', 'name': 'Analyst'}","{'id': 'analyst-analyst-ratings', 'name': 'Analyst Ratings'}",EUR,1,TOPCS1600,VECTOR,1.0,0.3431,0,0,1.4,[],analyst88,Internal NLP,analyst,Analyst,analyst-analyst-ratings,Analyst Ratings
anl88_db_abstract_method2_pos,|' separated string of sentence positivity scores in abstract based on method2,"{'id': 'analyst88', 'name': 'Internal NLP'}","{'id': 'analyst', 'name': 'Analyst'}","{'id': 'analyst-analyst-ratings', 'name': 'Analyst Ratings'}",EUR,1,TOPCS1600,VECTOR,1.0,0.3431,0,0,1.4,[],analyst88,Internal NLP,analyst,Analyst,analyst-analyst-ratings,Analyst Ratings
anl88_db_abstract_method2_tok,|' separated string of sentence level token count in abstract based on method2,"{'id': 'analyst88', 'name': 'Internal NLP'}","{'id': 'analyst', 'name': 'Analyst'}","{'id': 'analyst-analyst-ratings', 'name': 'Analyst Ratings'}",EUR,1,TOPCS1600,VECTOR,1.0,0.3431,0,0,1.4,[],analyst88,Internal NLP,analyst,Analyst,analyst-analyst-ratings,Analyst Ratings
anl88_db_abstract_method2_tone,tone in abstract based on method2,"{'id': 'analyst88', 'name': 'Internal NLP'}","{'id': 'analyst', 'name': 'Analyst'}","{'id': 'analyst-analyst-ratings', 'name': 'Analyst Ratings'}",EUR,1,TOPCS1600,VECTOR,1.0,0.3198,0,0,1.4,[],analyst88,Internal NLP,analyst,Analyst,analyst-analyst-ratings,Analyst Ratings
anl88_db_abstract_method3_con,IGNORE,"{'id': 'analyst88', 'name': 'Internal NLP'}","{'id': 'analyst', 'name': 'Analyst'}","{'id': 'analyst-analyst-ratings', 'name': 'Analyst Ratings'}",EUR,1,TOPCS1600,VECTOR,1.0,0.3431,0,0,1.4,[],analyst88,Internal NLP,analyst,Analyst,analyst-analyst-ratings,Analyst Ratings
anl88_db_abstract_method3_neg,|' separated string of sentence negativity scores in abstract based on method3,"{'id': 'analyst88', 'name': 'Internal NLP'}","{'id': 'analyst', 'name': 'Analyst'}","{'id': 'analyst-analyst-ratings', 'name': 'Analyst Ratings'}",EUR,1,TOPCS1600,VECTOR,1.0,0.3431,0,0,1.4,[],analyst88,Internal NLP,analyst,Analyst,analyst-analyst-ratings,Analyst Ratings
anl88_db_abstract_method3_neu,IGNORE,"{'id': 'analyst88', 'name': 'Internal NLP'}","{'id': 'analyst', 'name': 'Analyst'}","{'id': 'analyst-analyst-ratings', 'name': 'Analyst Ratings'}",EUR,1,TOPCS1600,VECTOR,1.0,0.3431,0,0,1.4,[],analyst88,Internal NLP,analyst,Analyst,analyst-analyst-ratings,Analyst Ratings
anl88_db_abstract_method3_obj,|' separated string of sentence objectivity scores in abstract based on method3,"{'id': 'analyst88', 'name': 'Internal NLP'}","{'id': 'analyst', 'name': 'Analyst'}","{'id': 'analyst-analyst-ratings', 'name': 'Analyst Ratings'}",EUR,1,TOPCS1600,VECTOR,1.0,0.3431,0,0,1.4,[],analyst88,Internal NLP,analyst,Analyst,analyst-analyst-ratings,Analyst Ratings
anl88_db_abstract_method3_pos,|' separated string of sentence positivity scores in abstract based on method3,"{'id': 'analyst88', 'name': 'Internal NLP'}","{'id': 'analyst', 'name': 'Analyst'}","{'id': 'analyst-analyst-ratings', 'name': 'Analyst Ratings'}",EUR,1,TOPCS1600,VECTOR,1.0,0.3431,0,0,1.4,[],analyst88,Internal NLP,analyst,Analyst,analyst-analyst-ratings,Analyst Ratings
anl88_db_abstract_method3_tok,|' separated string of sentence level token count in abstract based on method3,"{'id': 'analyst88', 'name': 'Internal NLP'}","{'id': 'analyst', 'name': 'Analyst'}","{'id': 'analyst-analyst-ratings', 'name': 'Analyst Ratings'}",EUR,1,TOPCS1600,VECTOR,1.0,0.3431,0,0,1.4,[],analyst88,Internal NLP,analyst,Analyst,analyst-analyst-ratings,Analyst Ratings
anl88_db_abstract_method3_tone,tone in abstract based on method3,"{'id': 'analyst88', 'name': 'Internal NLP'}","{'id': 'analyst', 'name': 'Analyst'}","{'id': 'analyst-analyst-ratings', 'name': 'Analyst Ratings'}",EUR,1,TOPCS1600,VECTOR,1.0,0.3198,0,0,1.4,[],analyst88,Internal NLP,analyst,Analyst,analyst-analyst-ratings,Analyst Ratings
anl88_db_abstract_method4_con,IGNORE,"{'id': 'analyst88', 'name': 'Internal NLP'}","{'id': 'analyst', 'name': 'Analyst'}","{'id': 'analyst-analyst-ratings', 'name': 'Analyst Ratings'}",EUR,1,TOPCS1600,VECTOR,1.0,0.3431,0,0,1.4,[],analyst88,Internal NLP,analyst,Analyst,analyst-analyst-ratings,Analyst Ratings
anl88_db_abstract_method4_neg,|' separated string of sentence negativity scores in abstract based on method4,"{'id': 'analyst88', 'name': 'Internal NLP'}","{'id': 'analyst', 'name': 'Analyst'}","{'id': 'analyst-analyst-ratings', 'name': 'Analyst Ratings'}",EUR,1,TOPCS1600,VECTOR,1.0,0.3431,0,0,1.4,[],analyst88,Internal NLP,analyst,Analyst,analyst-analyst-ratings,Analyst Ratings
anl88_db_abstract_method4_neu,IGNORE,"{'id': 'analyst88', 'name': 'Internal NLP'}","{'id': 'analyst', 'name': 'Analyst'}","{'id': 'analyst-analyst-ratings', 'name': 'Analyst Ratings'}",EUR,1,TOPCS1600,VECTOR,1.0,0.3431,0,0,1.4,[],analyst88,Internal NLP,analyst,Analyst,analyst-analyst-ratings,Analyst Ratings
anl88_db_abstract_method4_obj,|' separated string of sentence objectivity scores in abstract based on method4,"{'id': 'analyst88', 'name': 'Internal NLP'}","{'id': 'analyst', 'name': 'Analyst'}","{'id': 'analyst-analyst-ratings', 'name': 'Analyst Ratings'}",EUR,1,TOPCS1600,VECTOR,1.0,0.3431,0,0,1.4,[],analyst88,Internal NLP,analyst,Analyst,analyst-analyst-ratings,Analyst Ratings
anl88_db_abstract_method4_pos,|' separated string of sentence positivity scores in abstract based on method4,"{'id': 'analyst88', 'name': 'Internal NLP'}","{'id': 'analyst', 'name': 'Analyst'}","{'id': 'analyst-analyst-ratings', 'name': 'Analyst Ratings'}",EUR,1,TOPCS1600,VECTOR,1.0,0.3431,0,0,1.4,[],analyst88,Internal NLP,analyst,Analyst,analyst-analyst-ratings,Analyst Ratings
anl88_db_abstract_method4_tok,|' separated string of sentence level token count in abstract based on method4,"{'id': 'analyst88', 'name': 'Internal NLP'}","{'id': 'analyst', 'name': 'Analyst'}","{'id': 'analyst-analyst-ratings', 'name': 'Analyst Ratings'}",EUR,1,TOPCS1600,VECTOR,1.0,0.3431,0,0,1.4,[],analyst88,Internal NLP,analyst,Analyst,analyst-analyst-ratings,Analyst Ratings
anl88_db_abstract_method4_tone,tone in abstract based on method4,"{'id': 'analyst88', 'name': 'Internal NLP'}","{'id': 'analyst', 'name': 'Analyst'}","{'id': 'analyst-analyst-ratings', 'name': 'Analyst Ratings'}",EUR,1,TOPCS1600,VECTOR,1.0,0.3198,0,0,1.4,[],analyst88,Internal NLP,analyst,Analyst,analyst-analyst-ratings,Analyst Ratings
anl88_db_abstract_method5_con,IGNORE,"{'id': 'analyst88', 'name': 'Internal NLP'}","{'id': 'analyst', 'name': 'Analyst'}","{'id': 'analyst-analyst-ratings', 'name': 'Analyst Ratings'}",EUR,1,TOPCS1600,VECTOR,1.0,0.3431,0,0,1.4,[],analyst88,Internal NLP,analyst,Analyst,analyst-analyst-ratings,Analyst Ratings
anl88_db_abstract_method5_neg,|' separated string of sentence negativity scores in abstract based on method5,"{'id': 'analyst88', 'name': 'Internal NLP'}","{'id': 'analyst', 'name': 'Analyst'}","{'id': 'analyst-analyst-ratings', 'name': 'Analyst Ratings'}",EUR,1,TOPCS1600,VECTOR,1.0,0.3431,0,0,1.4,[],analyst88,Internal NLP,analyst,Analyst,analyst-analyst-ratings,Analyst Ratings
anl88_db_abstract_method5_neu,|' separated string of sentence neutrality scores in abstract based on method5,"{'id': 'analyst88', 'name': 'Internal NLP'}","{'id': 'analyst', 'name': 'Analyst'}","{'id': 'analyst-analyst-ratings', 'name': 'Analyst Ratings'}",EUR,1,TOPCS1600,VECTOR,1.0,0.3431,0,0,1.4,[],analyst88,Internal NLP,analyst,Analyst,analyst-analyst-ratings,Analyst Ratings
anl88_db_abstract_method5_obj,IGNORE,"{'id': 'analyst88', 'name': 'Internal NLP'}","{'id': 'analyst', 'name': 'Analyst'}","{'id': 'analyst-analyst-ratings', 'name': 'Analyst Ratings'}",EUR,1,TOPCS1600,VECTOR,1.0,0.3431,0,0,1.4,[],analyst88,Internal NLP,analyst,Analyst,analyst-analyst-ratings,Analyst Ratings
anl88_db_abstract_method5_pos,|' separated string of sentence positivity scores in abstract based on method5,"{'id': 'analyst88', 'name': 'Internal NLP'}","{'id': 'analyst', 'name': 'Analyst'}","{'id': 'analyst-analyst-ratings', 'name': 'Analyst Ratings'}",EUR,1,TOPCS1600,VECTOR,1.0,0.3431,0,0,1.4,[],analyst88,Internal NLP,analyst,Analyst,analyst-analyst-ratings,Analyst Ratings
anl88_db_abstract_method5_tok,|' separated string of sentence level token count in abstract based on method5,"{'id': 'analyst88', 'name': 'Internal NLP'}","{'id': 'analyst', 'name': 'Analyst'}","{'id': 'analyst-analyst-ratings', 'name': 'Analyst Ratings'}",EUR,1,TOPCS1600,VECTOR,1.0,0.3431,0,0,1.4,[],analyst88,Internal NLP,analyst,Analyst,analyst-analyst-ratings,Analyst Ratings
anl88_db_abstract_method5_tone,tone in abstract based on method5,"{'id': 'analyst88', 'name': 'Internal NLP'}","{'id': 'analyst', 'name': 'Analyst'}","{'id': 'analyst-analyst-ratings', 'name': 'Analyst Ratings'}",EUR,1,TOPCS1600,VECTOR,1.0,0.3198,0,0,1.4,[],analyst88,Internal NLP,analyst,Analyst,analyst-analyst-ratings,Analyst Ratings
anl88_db_abstract_start,|' separated string of sentence start position (character) in abstract,"{'id': 'analyst88', 'name': 'Internal NLP'}","{'id': 'analyst', 'name': 'Analyst'}","{'id': 'analyst-analyst-ratings', 'name': 'Analyst Ratings'}",EUR,1,TOPCS1600,VECTOR,1.0,0.3431,0,0,1.4,[],analyst88,Internal NLP,analyst,Analyst,analyst-analyst-ratings,Analyst Ratings
anl88_db_publicationtime,Publication time of the report,"{'id': 'analyst88', 'name': 'Internal NLP'}","{'id': 'analyst', 'name': 'Analyst'}","{'id': 'analyst-analyst-ratings', 'name': 'Analyst Ratings'}",EUR,1,TOPCS1600,VECTOR,1.0,0.3431,0,0,1.4,[],analyst88,Internal NLP,analyst,Analyst,analyst-analyst-ratings,Analyst Ratings
anl88_db_statustime,Time at which the report was updated,"{'id': 'analyst88', 'name': 'Internal NLP'}","{'id': 'analyst', 'name': 'Analyst'}","{'id': 'analyst-analyst-ratings', 'name': 'Analyst Ratings'}",EUR,1,TOPCS1600,VECTOR,1.0,0.3431,0,0,1.4,[],analyst88,Internal NLP,analyst,Analyst,analyst-analyst-ratings,Analyst Ratings
anl88_db_synopsis,"Synopsis of the report, brokers have different conventions for providing the content as either abstract or synopsis, or both","{'id': 'analyst88', 'name': 'Internal NLP'}","{'id': 'analyst', 'name': 'Analyst'}","{'id': 'analyst-analyst-ratings', 'name': 'Analyst Ratings'}",EUR,1,TOPCS1600,VECTOR,1.0,0.3431,0,0,1.4,[],analyst88,Internal NLP,analyst,Analyst,analyst-analyst-ratings,Analyst Ratings
anl88_db_synopsis_end,|' separated string of sentence end position (character) in synopsis,"{'id': 'analyst88', 'name': 'Internal NLP'}","{'id': 'analyst', 'name': 'Analyst'}","{'id': 'analyst-analyst-ratings', 'name': 'Analyst Ratings'}",EUR,1,TOPCS1600,VECTOR,1.0,0.3431,0,0,1.4,[],analyst88,Internal NLP,analyst,Analyst,analyst-analyst-ratings,Analyst Ratings
anl88_db_synopsis_method1_con,IGNORE,"{'id': 'analyst88', 'name': 'Internal NLP'}","{'id': 'analyst', 'name': 'Analyst'}","{'id': 'analyst-analyst-ratings', 'name': 'Analyst Ratings'}",EUR,1,TOPCS1600,VECTOR,1.0,0.3431,0,0,1.4,[],analyst88,Internal NLP,analyst,Analyst,analyst-analyst-ratings,Analyst Ratings
anl88_db_synopsis_method1_neg,|' separated string of sentence negativity scores in synopsis based on method1,"{'id': 'analyst88', 'name': 'Internal NLP'}","{'id': 'analyst', 'name': 'Analyst'}","{'id': 'analyst-analyst-ratings', 'name': 'Analyst Ratings'}",EUR,1,TOPCS1600,VECTOR,1.0,0.3431,0,0,1.4,[],analyst88,Internal NLP,analyst,Analyst,analyst-analyst-ratings,Analyst Ratings
anl88_db_synopsis_method1_neu,|' separated string of sentence neutrality scores in synopsis based on method1,"{'id': 'analyst88', 'name': 'Internal NLP'}","{'id': 'analyst', 'name': 'Analyst'}","{'id': 'analyst-analyst-ratings', 'name': 'Analyst Ratings'}",EUR,1,TOPCS1600,VECTOR,1.0,0.3431,0,0,1.4,[],analyst88,Internal NLP,analyst,Analyst,analyst-analyst-ratings,Analyst Ratings
anl88_db_synopsis_method1_obj,IGNORE,"{'id': 'analyst88', 'name': 'Internal NLP'}","{'id': 'analyst', 'name': 'Analyst'}","{'id': 'analyst-analyst-ratings', 'name': 'Analyst Ratings'}",EUR,1,TOPCS1600,VECTOR,1.0,0.3431,0,0,1.4,[],analyst88,Internal NLP,analyst,Analyst,analyst-analyst-ratings,Analyst Ratings
anl88_db_synopsis_method1_pos,|' separated string of sentence positivity scores in synopsis based on method1,"{'id': 'analyst88', 'name': 'Internal NLP'}","{'id': 'analyst', 'name': 'Analyst'}","{'id': 'analyst-analyst-ratings', 'name': 'Analyst Ratings'}",EUR,1,TOPCS1600,VECTOR,1.0,0.3431,0,0,1.4,[],analyst88,Internal NLP,analyst,Analyst,analyst-analyst-ratings,Analyst Ratings
anl88_db_synopsis_method1_tok,|' separated string of sentence level token count in synopsis based on method1,"{'id': 'analyst88', 'name': 'Internal NLP'}","{'id': 'analyst', 'name': 'Analyst'}","{'id': 'analyst-analyst-ratings', 'name': 'Analyst Ratings'}",EUR,1,TOPCS1600,VECTOR,1.0,0.3431,0,0,1.4,[],analyst88,Internal NLP,analyst,Analyst,analyst-analyst-ratings,Analyst Ratings
anl88_db_synopsis_method1_tone,tone in synopsis based on method1,"{'id': 'analyst88', 'name': 'Internal NLP'}","{'id': 'analyst', 'name': 'Analyst'}","{'id': 'analyst-analyst-ratings', 'name': 'Analyst Ratings'}",EUR,1,TOPCS1600,VECTOR,1.0,0.2827,0,0,1.4,[],analyst88,Internal NLP,analyst,Analyst,analyst-analyst-ratings,Analyst Ratings
anl88_db_synopsis_method2_con,IGNORE,"{'id': 'analyst88', 'name': 'Internal NLP'}","{'id': 'analyst', 'name': 'Analyst'}","{'id': 'analyst-analyst-ratings', 'name': 'Analyst Ratings'}",EUR,1,TOPCS1600,VECTOR,1.0,0.3431,0,0,1.4,[],analyst88,Internal NLP,analyst,Analyst,analyst-analyst-ratings,Analyst Ratings
anl88_db_synopsis_method2_neg,|' separated string of sentence negativity scores in synopsis based on method2,"{'id': 'analyst88', 'name': 'Internal NLP'}","{'id': 'analyst', 'name': 'Analyst'}","{'id': 'analyst-analyst-ratings', 'name': 'Analyst Ratings'}",EUR,1,TOPCS1600,VECTOR,1.0,0.3431,0,0,1.4,[],analyst88,Internal NLP,analyst,Analyst,analyst-analyst-ratings,Analyst Ratings
anl88_db_synopsis_method2_neu,IGNORE,"{'id': 'analyst88', 'name': 'Internal NLP'}","{'id': 'analyst', 'name': 'Analyst'}","{'id': 'analyst-analyst-ratings', 'name': 'Analyst Ratings'}",EUR,1,TOPCS1600,VECTOR,1.0,0.3431,0,0,1.4,[],analyst88,Internal NLP,analyst,Analyst,analyst-analyst-ratings,Analyst Ratings
anl88_db_synopsis_method2_obj,|' separated string of sentence objectivity scores in synopsis based on method2,"{'id': 'analyst88', 'name': 'Internal NLP'}","{'id': 'analyst', 'name': 'Analyst'}","{'id': 'analyst-analyst-ratings', 'name': 'Analyst Ratings'}",EUR,1,TOPCS1600,VECTOR,1.0,0.3431,0,0,1.4,[],analyst88,Internal NLP,analyst,Analyst,analyst-analyst-ratings,Analyst Ratings
anl88_db_synopsis_method2_pos,|' separated string of sentence positivity scores in synopsis based on method2,"{'id': 'analyst88', 'name': 'Internal NLP'}","{'id': 'analyst', 'name': 'Analyst'}","{'id': 'analyst-analyst-ratings', 'name': 'Analyst Ratings'}",EUR,1,TOPCS1600,VECTOR,1.0,0.3431,0,0,1.4,[],analyst88,Internal NLP,analyst,Analyst,analyst-analyst-ratings,Analyst Ratings
anl88_db_synopsis_method2_tok,|' separated string of sentence level token count in synopsis based on method2,"{'id': 'analyst88', 'name': 'Internal NLP'}","{'id': 'analyst', 'name': 'Analyst'}","{'id': 'analyst-analyst-ratings', 'name': 'Analyst Ratings'}",EUR,1,TOPCS1600,VECTOR,1.0,0.3431,0,0,1.4,[],analyst88,Internal NLP,analyst,Analyst,analyst-analyst-ratings,Analyst Ratings
anl88_db_synopsis_method2_tone,tone in synopsis based on method2,"{'id': 'analyst88', 'name': 'Internal NLP'}","{'id': 'analyst', 'name': 'Analyst'}","{'id': 'analyst-analyst-ratings', 'name': 'Analyst Ratings'}",EUR,1,TOPCS1600,VECTOR,1.0,0.3198,0,0,1.4,[],analyst88,Internal NLP,analyst,Analyst,analyst-analyst-ratings,Analyst Ratings
anl88_db_synopsis_method3_con,IGNORE,"{'id': 'analyst88', 'name': 'Internal NLP'}","{'id': 'analyst', 'name': 'Analyst'}","{'id': 'analyst-analyst-ratings', 'name': 'Analyst Ratings'}",EUR,1,TOPCS1600,VECTOR,1.0,0.3431,0,0,1.4,[],analyst88,Internal NLP,analyst,Analyst,analyst-analyst-ratings,Analyst Ratings
anl88_db_synopsis_method3_neg,|' separated string of sentence negativity scores in synopsis based on method3,"{'id': 'analyst88', 'name': 'Internal NLP'}","{'id': 'analyst', 'name': 'Analyst'}","{'id': 'analyst-analyst-ratings', 'name': 'Analyst Ratings'}",EUR,1,TOPCS1600,VECTOR,1.0,0.3431,0,0,1.4,[],analyst88,Internal NLP,analyst,Analyst,analyst-analyst-ratings,Analyst Ratings
anl88_db_synopsis_method3_neu,IGNORE,"{'id': 'analyst88', 'name': 'Internal NLP'}","{'id': 'analyst', 'name': 'Analyst'}","{'id': 'analyst-analyst-ratings', 'name': 'Analyst Ratings'}",EUR,1,TOPCS1600,VECTOR,1.0,0.3431,0,0,1.4,[],analyst88,Internal NLP,analyst,Analyst,analyst-analyst-ratings,Analyst Ratings
anl88_db_synopsis_method3_obj,|' separated string of sentence objectivity scores in synopsis based on method3,"{'id': 'analyst88', 'name': 'Internal NLP'}","{'id': 'analyst', 'name': 'Analyst'}","{'id': 'analyst-analyst-ratings', 'name': 'Analyst Ratings'}",EUR,1,TOPCS1600,VECTOR,1.0,0.3431,0,0,1.4,[],analyst88,Internal NLP,analyst,Analyst,analyst-analyst-ratings,Analyst Ratings
anl88_db_synopsis_method3_pos,|' separated string of sentence positivity scores in synopsis based on method3,"{'id': 'analyst88', 'name': 'Internal NLP'}","{'id': 'analyst', 'name': 'Analyst'}","{'id': 'analyst-analyst-ratings', 'name': 'Analyst Ratings'}",EUR,1,TOPCS1600,VECTOR,1.0,0.3431,0,0,1.4,[],analyst88,Internal NLP,analyst,Analyst,analyst-analyst-ratings,Analyst Ratings
anl88_db_synopsis_method3_tok,|' separated string of sentence level token count in synopsis based on method3,"{'id': 'analyst88', 'name': 'Internal NLP'}","{'id': 'analyst', 'name': 'Analyst'}","{'id': 'analyst-analyst-ratings', 'name': 'Analyst Ratings'}",EUR,1,TOPCS1600,VECTOR,1.0,0.3431,0,0,1.4,[],analyst88,Internal NLP,analyst,Analyst,analyst-analyst-ratings,Analyst Ratings
anl88_db_synopsis_method3_tone,tone in synopsis based on method3,"{'id': 'analyst88', 'name': 'Internal NLP'}","{'id': 'analyst', 'name': 'Analyst'}","{'id': 'analyst-analyst-ratings', 'name': 'Analyst Ratings'}",EUR,1,TOPCS1600,VECTOR,1.0,0.3198,0,0,1.4,[],analyst88,Internal NLP,analyst,Analyst,analyst-analyst-ratings,Analyst Ratings
anl88_db_synopsis_method4_con,IGNORE,"{'id': 'analyst88', 'name': 'Internal NLP'}","{'id': 'analyst', 'name': 'Analyst'}","{'id': 'analyst-analyst-ratings', 'name': 'Analyst Ratings'}",EUR,1,TOPCS1600,VECTOR,1.0,0.3431,0,0,1.4,[],analyst88,Internal NLP,analyst,Analyst,analyst-analyst-ratings,Analyst Ratings
anl88_db_synopsis_method4_neg,|' separated string of sentence negativity scores in synopsis based on method4,"{'id': 'analyst88', 'name': 'Internal NLP'}","{'id': 'analyst', 'name': 'Analyst'}","{'id': 'analyst-analyst-ratings', 'name': 'Analyst Ratings'}",EUR,1,TOPCS1600,VECTOR,1.0,0.3431,0,0,1.4,[],analyst88,Internal NLP,analyst,Analyst,analyst-analyst-ratings,Analyst Ratings
anl88_db_synopsis_method4_neu,IGNORE,"{'id': 'analyst88', 'name': 'Internal NLP'}","{'id': 'analyst', 'name': 'Analyst'}","{'id': 'analyst-analyst-ratings', 'name': 'Analyst Ratings'}",EUR,1,TOPCS1600,VECTOR,1.0,0.3431,0,0,1.4,[],analyst88,Internal NLP,analyst,Analyst,analyst-analyst-ratings,Analyst Ratings
anl88_db_synopsis_method4_obj,|' separated string of sentence objectivity scores in synopsis based on method4,"{'id': 'analyst88', 'name': 'Internal NLP'}","{'id': 'analyst', 'name': 'Analyst'}","{'id': 'analyst-analyst-ratings', 'name': 'Analyst Ratings'}",EUR,1,TOPCS1600,VECTOR,1.0,0.3431,0,0,1.4,[],analyst88,Internal NLP,analyst,Analyst,analyst-analyst-ratings,Analyst Ratings
anl88_db_synopsis_method4_pos,|' separated string of sentence positivity scores in synopsis based on method4,"{'id': 'analyst88', 'name': 'Internal NLP'}","{'id': 'analyst', 'name': 'Analyst'}","{'id': 'analyst-analyst-ratings', 'name': 'Analyst Ratings'}",EUR,1,TOPCS1600,VECTOR,1.0,0.3431,0,0,1.4,[],analyst88,Internal NLP,analyst,Analyst,analyst-analyst-ratings,Analyst Ratings
anl88_db_synopsis_method4_tok,|' separated string of sentence level token count in synopsis based on method4,"{'id': 'analyst88', 'name': 'Internal NLP'}","{'id': 'analyst', 'name': 'Analyst'}","{'id': 'analyst-analyst-ratings', 'name': 'Analyst Ratings'}",EUR,1,TOPCS1600,VECTOR,1.0,0.3431,0,0,1.4,[],analyst88,Internal NLP,analyst,Analyst,analyst-analyst-ratings,Analyst Ratings
anl88_db_synopsis_method4_tone,tone in synopsis based on method4,"{'id': 'analyst88', 'name': 'Internal NLP'}","{'id': 'analyst', 'name': 'Analyst'}","{'id': 'analyst-analyst-ratings', 'name': 'Analyst Ratings'}",EUR,1,TOPCS1600,VECTOR,1.0,0.3169,0,0,1.4,[],analyst88,Internal NLP,analyst,Analyst,analyst-analyst-ratings,Analyst Ratings
anl88_db_synopsis_method5_con,IGNORE,"{'id': 'analyst88', 'name': 'Internal NLP'}","{'id': 'analyst', 'name': 'Analyst'}","{'id': 'analyst-analyst-ratings', 'name': 'Analyst Ratings'}",EUR,1,TOPCS1600,VECTOR,1.0,0.3431,0,0,1.4,[],analyst88,Internal NLP,analyst,Analyst,analyst-analyst-ratings,Analyst Ratings
anl88_db_synopsis_method5_neg,|' separated string of sentence negativity scores in synopsis based on method5,"{'id': 'analyst88', 'name': 'Internal NLP'}","{'id': 'analyst', 'name': 'Analyst'}","{'id': 'analyst-analyst-ratings', 'name': 'Analyst Ratings'}",EUR,1,TOPCS1600,VECTOR,1.0,0.3431,0,0,1.4,[],analyst88,Internal NLP,analyst,Analyst,analyst-analyst-ratings,Analyst Ratings
anl88_db_synopsis_method5_neu,|' separated string of sentence neutrality scores in synopsis based on method5,"{'id': 'analyst88', 'name': 'Internal NLP'}","{'id': 'analyst', 'name': 'Analyst'}","{'id': 'analyst-analyst-ratings', 'name': 'Analyst Ratings'}",EUR,1,TOPCS1600,VECTOR,1.0,0.3431,0,0,1.4,[],analyst88,Internal NLP,analyst,Analyst,analyst-analyst-ratings,Analyst Ratings
anl88_db_synopsis_method5_obj,IGNORE,"{'id': 'analyst88', 'name': 'Internal NLP'}","{'id': 'analyst', 'name': 'Analyst'}","{'id': 'analyst-analyst-ratings', 'name': 'Analyst Ratings'}",EUR,1,TOPCS1600,VECTOR,1.0,0.3431,0,0,1.4,[],analyst88,Internal NLP,analyst,Analyst,analyst-analyst-ratings,Analyst Ratings
anl88_db_synopsis_method5_pos,|' separated string of sentence positivity scores in synopsis based on method5,"{'id': 'analyst88', 'name': 'Internal NLP'}","{'id': 'analyst', 'name': 'Analyst'}","{'id': 'analyst-analyst-ratings', 'name': 'Analyst Ratings'}",EUR,1,TOPCS1600,VECTOR,1.0,0.3431,0,0,1.4,[],analyst88,Internal NLP,analyst,Analyst,analyst-analyst-ratings,Analyst Ratings
anl88_db_synopsis_method5_tok,|' separated string of sentence level token count in synopsis based on method5,"{'id': 'analyst88', 'name': 'Internal NLP'}","{'id': 'analyst', 'name': 'Analyst'}","{'id': 'analyst-analyst-ratings', 'name': 'Analyst Ratings'}",EUR,1,TOPCS1600,VECTOR,1.0,0.3431,0,0,1.4,[],analyst88,Internal NLP,analyst,Analyst,analyst-analyst-ratings,Analyst Ratings
anl88_db_synopsis_method5_tone,tone in synopsis based on method5,"{'id': 'analyst88', 'name': 'Internal NLP'}","{'id': 'analyst', 'name': 'Analyst'}","{'id': 'analyst-analyst-ratings', 'name': 'Analyst Ratings'}",EUR,1,TOPCS1600,VECTOR,1.0,0.3198,0,0,1.4,[],analyst88,Internal NLP,analyst,Analyst,analyst-analyst-ratings,Analyst Ratings
anl88_db_synopsis_start,|' separated string of sentence start position (character) in synopsis,"{'id': 'analyst88', 'name': 'Internal NLP'}","{'id': 'analyst', 'name': 'Analyst'}","{'id': 'analyst-analyst-ratings', 'name': 'Analyst Ratings'}",EUR,1,TOPCS1600,VECTOR,1.0,0.3431,0,0,1.4,[],analyst88,Internal NLP,analyst,Analyst,analyst-analyst-ratings,Analyst Ratings
anl88_db_title,Title of the report,"{'id': 'analyst88', 'name': 'Internal NLP'}","{'id': 'analyst', 'name': 'Analyst'}","{'id': 'analyst-analyst-ratings', 'name': 'Analyst Ratings'}",EUR,1,TOPCS1600,VECTOR,1.0,0.3431,0,0,1.4,[],analyst88,Internal NLP,analyst,Analyst,analyst-analyst-ratings,Analyst Ratings
anl88_db_title_end,|' separated string of sentence end position (character) in title,"{'id': 'analyst88', 'name': 'Internal NLP'}","{'id': 'analyst', 'name': 'Analyst'}","{'id': 'analyst-analyst-ratings', 'name': 'Analyst Ratings'}",EUR,1,TOPCS1600,VECTOR,1.0,0.3431,0,0,1.4,[],analyst88,Internal NLP,analyst,Analyst,analyst-analyst-ratings,Analyst Ratings
anl88_db_title_method1_con,IGNORE,"{'id': 'analyst88', 'name': 'Internal NLP'}","{'id': 'analyst', 'name': 'Analyst'}","{'id': 'analyst-analyst-ratings', 'name': 'Analyst Ratings'}",EUR,1,TOPCS1600,VECTOR,1.0,0.3431,0,0,1.4,[],analyst88,Internal NLP,analyst,Analyst,analyst-analyst-ratings,Analyst Ratings
anl88_db_title_method1_neg,|' separated string of sentence negativity scores in title based on method1,"{'id': 'analyst88', 'name': 'Internal NLP'}","{'id': 'analyst', 'name': 'Analyst'}","{'id': 'analyst-analyst-ratings', 'name': 'Analyst Ratings'}",EUR,1,TOPCS1600,VECTOR,1.0,0.3431,0,0,1.4,[],analyst88,Internal NLP,analyst,Analyst,analyst-analyst-ratings,Analyst Ratings
anl88_db_title_method1_neu,|' separated string of sentence neutrality scores in title based on method1,"{'id': 'analyst88', 'name': 'Internal NLP'}","{'id': 'analyst', 'name': 'Analyst'}","{'id': 'analyst-analyst-ratings', 'name': 'Analyst Ratings'}",EUR,1,TOPCS1600,VECTOR,1.0,0.3431,0,0,1.4,[],analyst88,Internal NLP,analyst,Analyst,analyst-analyst-ratings,Analyst Ratings
anl88_db_title_method1_obj,IGNORE,"{'id': 'analyst88', 'name': 'Internal NLP'}","{'id': 'analyst', 'name': 'Analyst'}","{'id': 'analyst-analyst-ratings', 'name': 'Analyst Ratings'}",EUR,1,TOPCS1600,VECTOR,1.0,0.3431,0,0,1.4,[],analyst88,Internal NLP,analyst,Analyst,analyst-analyst-ratings,Analyst Ratings
anl88_db_title_method1_pos,|' separated string of sentence positivity scores in title based on method1,"{'id': 'analyst88', 'name': 'Internal NLP'}","{'id': 'analyst', 'name': 'Analyst'}","{'id': 'analyst-analyst-ratings', 'name': 'Analyst Ratings'}",EUR,1,TOPCS1600,VECTOR,1.0,0.3431,0,0,1.4,[],analyst88,Internal NLP,analyst,Analyst,analyst-analyst-ratings,Analyst Ratings
anl88_db_title_method1_tok,|' separated string of sentence level token count in title based on method1,"{'id': 'analyst88', 'name': 'Internal NLP'}","{'id': 'analyst', 'name': 'Analyst'}","{'id': 'analyst-analyst-ratings', 'name': 'Analyst Ratings'}",EUR,1,TOPCS1600,VECTOR,1.0,0.3431,0,0,1.4,[],analyst88,Internal NLP,analyst,Analyst,analyst-analyst-ratings,Analyst Ratings
anl88_db_title_method2_con,IGNORE,"{'id': 'analyst88', 'name': 'Internal NLP'}","{'id': 'analyst', 'name': 'Analyst'}","{'id': 'analyst-analyst-ratings', 'name': 'Analyst Ratings'}",EUR,1,TOPCS1600,VECTOR,1.0,0.3431,0,0,1.4,[],analyst88,Internal NLP,analyst,Analyst,analyst-analyst-ratings,Analyst Ratings
anl88_db_title_method2_neg,|' separated string of sentence negativity scores in title based on method2,"{'id': 'analyst88', 'name': 'Internal NLP'}","{'id': 'analyst', 'name': 'Analyst'}","{'id': 'analyst-analyst-ratings', 'name': 'Analyst Ratings'}",EUR,1,TOPCS1600,VECTOR,1.0,0.3431,0,0,1.4,[],analyst88,Internal NLP,analyst,Analyst,analyst-analyst-ratings,Analyst Ratings
anl88_db_title_method2_neu,IGNORE,"{'id': 'analyst88', 'name': 'Internal NLP'}","{'id': 'analyst', 'name': 'Analyst'}","{'id': 'analyst-analyst-ratings', 'name': 'Analyst Ratings'}",EUR,1,TOPCS1600,VECTOR,1.0,0.3431,0,0,1.4,[],analyst88,Internal NLP,analyst,Analyst,analyst-analyst-ratings,Analyst Ratings
anl88_db_title_method2_obj,|' separated string of sentence objectivity scores in title based on method2,"{'id': 'analyst88', 'name': 'Internal NLP'}","{'id': 'analyst', 'name': 'Analyst'}","{'id': 'analyst-analyst-ratings', 'name': 'Analyst Ratings'}",EUR,1,TOPCS1600,VECTOR,1.0,0.3431,0,0,1.4,[],analyst88,Internal NLP,analyst,Analyst,analyst-analyst-ratings,Analyst Ratings
anl88_db_title_method2_pos,|' separated string of sentence positivity scores in title based on method2,"{'id': 'analyst88', 'name': 'Internal NLP'}","{'id': 'analyst', 'name': 'Analyst'}","{'id': 'analyst-analyst-ratings', 'name': 'Analyst Ratings'}",EUR,1,TOPCS1600,VECTOR,1.0,0.3431,0,0,1.4,[],analyst88,Internal NLP,analyst,Analyst,analyst-analyst-ratings,Analyst Ratings
anl88_db_title_method2_tok,|' separated string of sentence level token count in title based on method2,"{'id': 'analyst88', 'name': 'Internal NLP'}","{'id': 'analyst', 'name': 'Analyst'}","{'id': 'analyst-analyst-ratings', 'name': 'Analyst Ratings'}",EUR,1,TOPCS1600,VECTOR,1.0,0.3431,0,0,1.4,[],analyst88,Internal NLP,analyst,Analyst,analyst-analyst-ratings,Analyst Ratings
anl88_db_title_method2_tone,tone in title based on method2,"{'id': 'analyst88', 'name': 'Internal NLP'}","{'id': 'analyst', 'name': 'Analyst'}","{'id': 'analyst-analyst-ratings', 'name': 'Analyst Ratings'}",EUR,1,TOPCS1600,VECTOR,1.0,0.3413,0,0,1.4,[],analyst88,Internal NLP,analyst,Analyst,analyst-analyst-ratings,Analyst Ratings
anl88_db_title_method3_con,IGNORE,"{'id': 'analyst88', 'name': 'Internal NLP'}","{'id': 'analyst', 'name': 'Analyst'}","{'id': 'analyst-analyst-ratings', 'name': 'Analyst Ratings'}",EUR,1,TOPCS1600,VECTOR,1.0,0.3431,0,0,1.4,[],analyst88,Internal NLP,analyst,Analyst,analyst-analyst-ratings,Analyst Ratings
anl88_db_title_method3_neg,|' separated string of sentence negativity scores in title based on method3,"{'id': 'analyst88', 'name': 'Internal NLP'}","{'id': 'analyst', 'name': 'Analyst'}","{'id': 'analyst-analyst-ratings', 'name': 'Analyst Ratings'}",EUR,1,TOPCS1600,VECTOR,1.0,0.3431,0,0,1.4,[],analyst88,Internal NLP,analyst,Analyst,analyst-analyst-ratings,Analyst Ratings
anl88_db_title_method3_neu,IGNORE,"{'id': 'analyst88', 'name': 'Internal NLP'}","{'id': 'analyst', 'name': 'Analyst'}","{'id': 'analyst-analyst-ratings', 'name': 'Analyst Ratings'}",EUR,1,TOPCS1600,VECTOR,1.0,0.3431,0,0,1.4,[],analyst88,Internal NLP,analyst,Analyst,analyst-analyst-ratings,Analyst Ratings
anl88_db_title_method3_obj,|' separated string of sentence objectivity scores in title based on method3,"{'id': 'analyst88', 'name': 'Internal NLP'}","{'id': 'analyst', 'name': 'Analyst'}","{'id': 'analyst-analyst-ratings', 'name': 'Analyst Ratings'}",EUR,1,TOPCS1600,VECTOR,1.0,0.3431,0,0,1.4,[],analyst88,Internal NLP,analyst,Analyst,analyst-analyst-ratings,Analyst Ratings
anl88_db_title_method3_pos,|' separated string of sentence positivity scores in title based on method3,"{'id': 'analyst88', 'name': 'Internal NLP'}","{'id': 'analyst', 'name': 'Analyst'}","{'id': 'analyst-analyst-ratings', 'name': 'Analyst Ratings'}",EUR,1,TOPCS1600,VECTOR,1.0,0.3431,0,0,1.4,[],analyst88,Internal NLP,analyst,Analyst,analyst-analyst-ratings,Analyst Ratings
anl88_db_title_method3_tok,|' separated string of sentence level token count in title based on method3,"{'id': 'analyst88', 'name': 'Internal NLP'}","{'id': 'analyst', 'name': 'Analyst'}","{'id': 'analyst-analyst-ratings', 'name': 'Analyst Ratings'}",EUR,1,TOPCS1600,VECTOR,1.0,0.3431,0,0,1.4,[],analyst88,Internal NLP,analyst,Analyst,analyst-analyst-ratings,Analyst Ratings
anl88_db_title_method3_tone,tone in title based on method3,"{'id': 'analyst88', 'name': 'Internal NLP'}","{'id': 'analyst', 'name': 'Analyst'}","{'id': 'analyst-analyst-ratings', 'name': 'Analyst Ratings'}",EUR,1,TOPCS1600,VECTOR,1.0,0.3413,0,0,1.4,[],analyst88,Internal NLP,analyst,Analyst,analyst-analyst-ratings,Analyst Ratings
anl88_db_title_method4_con,IGNORE,"{'id': 'analyst88', 'name': 'Internal NLP'}","{'id': 'analyst', 'name': 'Analyst'}","{'id': 'analyst-analyst-ratings', 'name': 'Analyst Ratings'}",EUR,1,TOPCS1600,VECTOR,1.0,0.3431,0,0,1.4,[],analyst88,Internal NLP,analyst,Analyst,analyst-analyst-ratings,Analyst Ratings
anl88_db_title_method4_neg,|' separated string of sentence negativity scores in title based on method4,"{'id': 'analyst88', 'name': 'Internal NLP'}","{'id': 'analyst', 'name': 'Analyst'}","{'id': 'analyst-analyst-ratings', 'name': 'Analyst Ratings'}",EUR,1,TOPCS1600,VECTOR,1.0,0.3431,0,0,1.4,[],analyst88,Internal NLP,analyst,Analyst,analyst-analyst-ratings,Analyst Ratings
anl88_db_title_method4_neu,IGNORE,"{'id': 'analyst88', 'name': 'Internal NLP'}","{'id': 'analyst', 'name': 'Analyst'}","{'id': 'analyst-analyst-ratings', 'name': 'Analyst Ratings'}",EUR,1,TOPCS1600,VECTOR,1.0,0.3431,0,0,1.4,[],analyst88,Internal NLP,analyst,Analyst,analyst-analyst-ratings,Analyst Ratings
anl88_db_title_method4_obj,|' separated string of sentence objectivity scores in title based on method4,"{'id': 'analyst88', 'name': 'Internal NLP'}","{'id': 'analyst', 'name': 'Analyst'}","{'id': 'analyst-analyst-ratings', 'name': 'Analyst Ratings'}",EUR,1,TOPCS1600,VECTOR,1.0,0.3431,0,0,1.4,[],analyst88,Internal NLP,analyst,Analyst,analyst-analyst-ratings,Analyst Ratings
anl88_db_title_method4_pos,|' separated string of sentence positivity scores in title based on method4,"{'id': 'analyst88', 'name': 'Internal NLP'}","{'id': 'analyst', 'name': 'Analyst'}","{'id': 'analyst-analyst-ratings', 'name': 'Analyst Ratings'}",EUR,1,TOPCS1600,VECTOR,1.0,0.3431,0,0,1.4,[],analyst88,Internal NLP,analyst,Analyst,analyst-analyst-ratings,Analyst Ratings
anl88_db_title_method4_tok,|' separated string of sentence level token count in title based on method4,"{'id': 'analyst88', 'name': 'Internal NLP'}","{'id': 'analyst', 'name': 'Analyst'}","{'id': 'analyst-analyst-ratings', 'name': 'Analyst Ratings'}",EUR,1,TOPCS1600,VECTOR,1.0,0.3431,0,0,1.4,[],analyst88,Internal NLP,analyst,Analyst,analyst-analyst-ratings,Analyst Ratings
anl88_db_title_method4_tone,tone in title based on method4,"{'id': 'analyst88', 'name': 'Internal NLP'}","{'id': 'analyst', 'name': 'Analyst'}","{'id': 'analyst-analyst-ratings', 'name': 'Analyst Ratings'}",EUR,1,TOPCS1600,VECTOR,1.0,0.2686,0,0,1.4,[],analyst88,Internal NLP,analyst,Analyst,analyst-analyst-ratings,Analyst Ratings
anl88_db_title_method5_con,IGNORE,"{'id': 'analyst88', 'name': 'Internal NLP'}","{'id': 'analyst', 'name': 'Analyst'}","{'id': 'analyst-analyst-ratings', 'name': 'Analyst Ratings'}",EUR,1,TOPCS1600,VECTOR,1.0,0.3431,0,0,1.4,[],analyst88,Internal NLP,analyst,Analyst,analyst-analyst-ratings,Analyst Ratings
anl88_db_title_method5_neg,|' separated string of sentence negativity scores in title based on method5,"{'id': 'analyst88', 'name': 'Internal NLP'}","{'id': 'analyst', 'name': 'Analyst'}","{'id': 'analyst-analyst-ratings', 'name': 'Analyst Ratings'}",EUR,1,TOPCS1600,VECTOR,1.0,0.3431,0,0,1.4,[],analyst88,Internal NLP,analyst,Analyst,analyst-analyst-ratings,Analyst Ratings
anl88_db_title_method5_neu,|' separated string of sentence neutrality scores in title based on method5,"{'id': 'analyst88', 'name': 'Internal NLP'}","{'id': 'analyst', 'name': 'Analyst'}","{'id': 'analyst-analyst-ratings', 'name': 'Analyst Ratings'}",EUR,1,TOPCS1600,VECTOR,1.0,0.3431,0,0,1.4,[],analyst88,Internal NLP,analyst,Analyst,analyst-analyst-ratings,Analyst Ratings
anl88_db_title_method5_obj,IGNORE,"{'id': 'analyst88', 'name': 'Internal NLP'}","{'id': 'analyst', 'name': 'Analyst'}","{'id': 'analyst-analyst-ratings', 'name': 'Analyst Ratings'}",EUR,1,TOPCS1600,VECTOR,1.0,0.3431,0,0,1.4,[],analyst88,Internal NLP,analyst,Analyst,analyst-analyst-ratings,Analyst Ratings
anl88_db_title_method5_pos,|' separated string of sentence positivity scores in title based on method5,"{'id': 'analyst88', 'name': 'Internal NLP'}","{'id': 'analyst', 'name': 'Analyst'}","{'id': 'analyst-analyst-ratings', 'name': 'Analyst Ratings'}",EUR,1,TOPCS1600,VECTOR,1.0,0.3431,0,0,1.4,[],analyst88,Internal NLP,analyst,Analyst,analyst-analyst-ratings,Analyst Ratings
anl88_db_title_method5_tok,|' separated string of sentence level token count in title based on method5,"{'id': 'analyst88', 'name': 'Internal NLP'}","{'id': 'analyst', 'name': 'Analyst'}","{'id': 'analyst-analyst-ratings', 'name': 'Analyst Ratings'}",EUR,1,TOPCS1600,VECTOR,1.0,0.3431,0,0,1.4,[],analyst88,Internal NLP,analyst,Analyst,analyst-analyst-ratings,Analyst Ratings
anl88_db_title_method5_tone,tone in title based on method5,"{'id': 'analyst88', 'name': 'Internal NLP'}","{'id': 'analyst', 'name': 'Analyst'}","{'id': 'analyst-analyst-ratings', 'name': 'Analyst Ratings'}",EUR,1,TOPCS1600,VECTOR,1.0,0.3427,0,0,1.4,[],analyst88,Internal NLP,analyst,Analyst,analyst-analyst-ratings,Analyst Ratings
anl88_db_title_start,|' separated string of sentence start position (character) in title,"{'id': 'analyst88', 'name': 'Internal NLP'}","{'id': 'analyst', 'name': 'Analyst'}","{'id': 'analyst-analyst-ratings', 'name': 'Analyst Ratings'}",EUR,1,TOPCS1600,VECTOR,1.0,0.3431,0,0,1.4,[],analyst88,Internal NLP,analyst,Analyst,analyst-analyst-ratings,Analyst Ratings
anl88_db_wqreceivetime,Timestamp at which the file is received,"{'id': 'analyst88', 'name': 'Internal NLP'}","{'id': 'analyst', 'name': 'Analyst'}","{'id': 'analyst-analyst-ratings', 'name': 'Analyst Ratings'}",EUR,1,TOPCS1600,VECTOR,1.0,0.3431,0,0,1.4,[],analyst88,Internal NLP,analyst,Analyst,analyst-analyst-ratings,Analyst Ratings
anl88_jefferies_abstract,Abstract of the report,"{'id': 'analyst88', 'name': 'Internal NLP'}","{'id': 'analyst', 'name': 'Analyst'}","{'id': 'analyst-analyst-ratings', 'name': 'Analyst Ratings'}",EUR,1,TOPCS1600,VECTOR,1.0,0.393,0,0,1.4,[],analyst88,Internal NLP,analyst,Analyst,analyst-analyst-ratings,Analyst Ratings
anl88_jefferies_abstract_end,|' separated string of sentence end position (character) in abstract,"{'id': 'analyst88', 'name': 'Internal NLP'}","{'id': 'analyst', 'name': 'Analyst'}","{'id': 'analyst-analyst-ratings', 'name': 'Analyst Ratings'}",EUR,1,TOPCS1600,VECTOR,1.0,0.393,0,0,1.4,[],analyst88,Internal NLP,analyst,Analyst,analyst-analyst-ratings,Analyst Ratings
anl88_jefferies_abstract_method1_con,IGNORE,"{'id': 'analyst88', 'name': 'Internal NLP'}","{'id': 'analyst', 'name': 'Analyst'}","{'id': 'analyst-analyst-ratings', 'name': 'Analyst Ratings'}",EUR,1,TOPCS1600,VECTOR,1.0,0.393,0,0,1.4,[],analyst88,Internal NLP,analyst,Analyst,analyst-analyst-ratings,Analyst Ratings
anl88_jefferies_abstract_method1_neg,|' separated string of sentence negativity scores in abstract based on method1,"{'id': 'analyst88', 'name': 'Internal NLP'}","{'id': 'analyst', 'name': 'Analyst'}","{'id': 'analyst-analyst-ratings', 'name': 'Analyst Ratings'}",EUR,1,TOPCS1600,VECTOR,1.0,0.393,0,0,1.4,[],analyst88,Internal NLP,analyst,Analyst,analyst-analyst-ratings,Analyst Ratings
anl88_jefferies_abstract_method1_neu,|' separated string of sentence neutrality scores in abstract based on method1,"{'id': 'analyst88', 'name': 'Internal NLP'}","{'id': 'analyst', 'name': 'Analyst'}","{'id': 'analyst-analyst-ratings', 'name': 'Analyst Ratings'}",EUR,1,TOPCS1600,VECTOR,1.0,0.393,0,0,1.4,[],analyst88,Internal NLP,analyst,Analyst,analyst-analyst-ratings,Analyst Ratings
anl88_jefferies_abstract_method1_obj,IGNORE,"{'id': 'analyst88', 'name': 'Internal NLP'}","{'id': 'analyst', 'name': 'Analyst'}","{'id': 'analyst-analyst-ratings', 'name': 'Analyst Ratings'}",EUR,1,TOPCS1600,VECTOR,1.0,0.393,0,0,1.4,[],analyst88,Internal NLP,analyst,Analyst,analyst-analyst-ratings,Analyst Ratings
anl88_jefferies_abstract_method1_pos,|' separated string of sentence positivity scores in abstract based on method1,"{'id': 'analyst88', 'name': 'Internal NLP'}","{'id': 'analyst', 'name': 'Analyst'}","{'id': 'analyst-analyst-ratings', 'name': 'Analyst Ratings'}",EUR,1,TOPCS1600,VECTOR,1.0,0.393,0,0,1.4,[],analyst88,Internal NLP,analyst,Analyst,analyst-analyst-ratings,Analyst Ratings
anl88_jefferies_abstract_method1_tok,|' separated string of sentence level token count in abstract based on method1,"{'id': 'analyst88', 'name': 'Internal NLP'}","{'id': 'analyst', 'name': 'Analyst'}","{'id': 'analyst-analyst-ratings', 'name': 'Analyst Ratings'}",EUR,1,TOPCS1600,VECTOR,1.0,0.393,0,0,1.4,[],analyst88,Internal NLP,analyst,Analyst,analyst-analyst-ratings,Analyst Ratings
anl88_jefferies_abstract_method2_con,IGNORE,"{'id': 'analyst88', 'name': 'Internal NLP'}","{'id': 'analyst', 'name': 'Analyst'}","{'id': 'analyst-analyst-ratings', 'name': 'Analyst Ratings'}",EUR,1,TOPCS1600,VECTOR,1.0,0.393,0,0,1.4,[],analyst88,Internal NLP,analyst,Analyst,analyst-analyst-ratings,Analyst Ratings
anl88_jefferies_abstract_method2_neg,|' separated string of sentence negativity scores in abstract based on method2,"{'id': 'analyst88', 'name': 'Internal NLP'}","{'id': 'analyst', 'name': 'Analyst'}","{'id': 'analyst-analyst-ratings', 'name': 'Analyst Ratings'}",EUR,1,TOPCS1600,VECTOR,1.0,0.393,0,0,1.4,[],analyst88,Internal NLP,analyst,Analyst,analyst-analyst-ratings,Analyst Ratings
anl88_jefferies_abstract_method2_neu,IGNORE,"{'id': 'analyst88', 'name': 'Internal NLP'}","{'id': 'analyst', 'name': 'Analyst'}","{'id': 'analyst-analyst-ratings', 'name': 'Analyst Ratings'}",EUR,1,TOPCS1600,VECTOR,1.0,0.393,0,0,1.4,[],analyst88,Internal NLP,analyst,Analyst,analyst-analyst-ratings,Analyst Ratings
anl88_jefferies_abstract_method2_obj,|' separated string of sentence objectivity scores in abstract based on method2,"{'id': 'analyst88', 'name': 'Internal NLP'}","{'id': 'analyst', 'name': 'Analyst'}","{'id': 'analyst-analyst-ratings', 'name': 'Analyst Ratings'}",EUR,1,TOPCS1600,VECTOR,1.0,0.393,0,0,1.4,[],analyst88,Internal NLP,analyst,Analyst,analyst-analyst-ratings,Analyst Ratings
anl88_jefferies_abstract_method2_pos,|' separated string of sentence positivity scores in abstract based on method2,"{'id': 'analyst88', 'name': 'Internal NLP'}","{'id': 'analyst', 'name': 'Analyst'}","{'id': 'analyst-analyst-ratings', 'name': 'Analyst Ratings'}",EUR,1,TOPCS1600,VECTOR,1.0,0.393,0,0,1.4,[],analyst88,Internal NLP,analyst,Analyst,analyst-analyst-ratings,Analyst Ratings
anl88_jefferies_abstract_method2_tok,|' separated string of sentence level token count in abstract based on method2,"{'id': 'analyst88', 'name': 'Internal NLP'}","{'id': 'analyst', 'name': 'Analyst'}","{'id': 'analyst-analyst-ratings', 'name': 'Analyst Ratings'}",EUR,1,TOPCS1600,VECTOR,1.0,0.393,0,0,1.4,[],analyst88,Internal NLP,analyst,Analyst,analyst-analyst-ratings,Analyst Ratings
anl88_jefferies_abstract_method3_con,IGNORE,"{'id': 'analyst88', 'name': 'Internal NLP'}","{'id': 'analyst', 'name': 'Analyst'}","{'id': 'analyst-analyst-ratings', 'name': 'Analyst Ratings'}",EUR,1,TOPCS1600,VECTOR,1.0,0.393,0,0,1.4,[],analyst88,Internal NLP,analyst,Analyst,analyst-analyst-ratings,Analyst Ratings
anl88_jefferies_abstract_method3_neg,|' separated string of sentence negativity scores in abstract based on method3,"{'id': 'analyst88', 'name': 'Internal NLP'}","{'id': 'analyst', 'name': 'Analyst'}","{'id': 'analyst-analyst-ratings', 'name': 'Analyst Ratings'}",EUR,1,TOPCS1600,VECTOR,1.0,0.393,0,0,1.4,[],analyst88,Internal NLP,analyst,Analyst,analyst-analyst-ratings,Analyst Ratings
anl88_jefferies_abstract_method3_neu,IGNORE,"{'id': 'analyst88', 'name': 'Internal NLP'}","{'id': 'analyst', 'name': 'Analyst'}","{'id': 'analyst-analyst-ratings', 'name': 'Analyst Ratings'}",EUR,1,TOPCS1600,VECTOR,1.0,0.393,0,0,1.4,[],analyst88,Internal NLP,analyst,Analyst,analyst-analyst-ratings,Analyst Ratings
anl88_jefferies_abstract_method3_obj,|' separated string of sentence objectivity scores in abstract based on method3,"{'id': 'analyst88', 'name': 'Internal NLP'}","{'id': 'analyst', 'name': 'Analyst'}","{'id': 'analyst-analyst-ratings', 'name': 'Analyst Ratings'}",EUR,1,TOPCS1600,VECTOR,1.0,0.393,0,0,1.4,[],analyst88,Internal NLP,analyst,Analyst,analyst-analyst-ratings,Analyst Ratings
anl88_jefferies_abstract_method3_pos,|' separated string of sentence positivity scores in abstract based on method3,"{'id': 'analyst88', 'name': 'Internal NLP'}","{'id': 'analyst', 'name': 'Analyst'}","{'id': 'analyst-analyst-ratings', 'name': 'Analyst Ratings'}",EUR,1,TOPCS1600,VECTOR,1.0,0.393,0,0,1.4,[],analyst88,Internal NLP,analyst,Analyst,analyst-analyst-ratings,Analyst Ratings
anl88_jefferies_abstract_method3_tok,|' separated string of sentence level token count in abstract based on method3,"{'id': 'analyst88', 'name': 'Internal NLP'}","{'id': 'analyst', 'name': 'Analyst'}","{'id': 'analyst-analyst-ratings', 'name': 'Analyst Ratings'}",EUR,1,TOPCS1600,VECTOR,1.0,0.393,0,0,1.4,[],analyst88,Internal NLP,analyst,Analyst,analyst-analyst-ratings,Analyst Ratings
anl88_jefferies_abstract_method4_con,IGNORE,"{'id': 'analyst88', 'name': 'Internal NLP'}","{'id': 'analyst', 'name': 'Analyst'}","{'id': 'analyst-analyst-ratings', 'name': 'Analyst Ratings'}",EUR,1,TOPCS1600,VECTOR,1.0,0.393,0,0,1.4,[],analyst88,Internal NLP,analyst,Analyst,analyst-analyst-ratings,Analyst Ratings
anl88_jefferies_abstract_method4_neg,|' separated string of sentence negativity scores in abstract based on method4,"{'id': 'analyst88', 'name': 'Internal NLP'}","{'id': 'analyst', 'name': 'Analyst'}","{'id': 'analyst-analyst-ratings', 'name': 'Analyst Ratings'}",EUR,1,TOPCS1600,VECTOR,1.0,0.393,0,0,1.4,[],analyst88,Internal NLP,analyst,Analyst,analyst-analyst-ratings,Analyst Ratings
anl88_jefferies_abstract_method4_neu,IGNORE,"{'id': 'analyst88', 'name': 'Internal NLP'}","{'id': 'analyst', 'name': 'Analyst'}","{'id': 'analyst-analyst-ratings', 'name': 'Analyst Ratings'}",EUR,1,TOPCS1600,VECTOR,1.0,0.393,0,0,1.4,[],analyst88,Internal NLP,analyst,Analyst,analyst-analyst-ratings,Analyst Ratings
anl88_jefferies_abstract_method4_obj,|' separated string of sentence objectivity scores in abstract based on method4,"{'id': 'analyst88', 'name': 'Internal NLP'}","{'id': 'analyst', 'name': 'Analyst'}","{'id': 'analyst-analyst-ratings', 'name': 'Analyst Ratings'}",EUR,1,TOPCS1600,VECTOR,1.0,0.393,0,0,1.4,[],analyst88,Internal NLP,analyst,Analyst,analyst-analyst-ratings,Analyst Ratings
anl88_jefferies_abstract_method4_pos,|' separated string of sentence positivity scores in abstract based on method4,"{'id': 'analyst88', 'name': 'Internal NLP'}","{'id': 'analyst', 'name': 'Analyst'}","{'id': 'analyst-analyst-ratings', 'name': 'Analyst Ratings'}",EUR,1,TOPCS1600,VECTOR,1.0,0.393,0,0,1.4,[],analyst88,Internal NLP,analyst,Analyst,analyst-analyst-ratings,Analyst Ratings
anl88_jefferies_abstract_method4_tok,|' separated string of sentence level token count in abstract based on method4,"{'id': 'analyst88', 'name': 'Internal NLP'}","{'id': 'analyst', 'name': 'Analyst'}","{'id': 'analyst-analyst-ratings', 'name': 'Analyst Ratings'}",EUR,1,TOPCS1600,VECTOR,1.0,0.393,0,0,1.4,[],analyst88,Internal NLP,analyst,Analyst,analyst-analyst-ratings,Analyst Ratings
anl88_jefferies_abstract_method5_con,IGNORE,"{'id': 'analyst88', 'name': 'Internal NLP'}","{'id': 'analyst', 'name': 'Analyst'}","{'id': 'analyst-analyst-ratings', 'name': 'Analyst Ratings'}",EUR,1,TOPCS1600,VECTOR,1.0,0.393,0,0,1.4,[],analyst88,Internal NLP,analyst,Analyst,analyst-analyst-ratings,Analyst Ratings
anl88_jefferies_abstract_method5_neg,|' separated string of sentence negativity scores in abstract based on method5,"{'id': 'analyst88', 'name': 'Internal NLP'}","{'id': 'analyst', 'name': 'Analyst'}","{'id': 'analyst-analyst-ratings', 'name': 'Analyst Ratings'}",EUR,1,TOPCS1600,VECTOR,1.0,0.393,0,0,1.4,[],analyst88,Internal NLP,analyst,Analyst,analyst-analyst-ratings,Analyst Ratings
anl88_jefferies_abstract_method5_neu,|' separated string of sentence neutrality scores in abstract based on method5,"{'id': 'analyst88', 'name': 'Internal NLP'}","{'id': 'analyst', 'name': 'Analyst'}","{'id': 'analyst-analyst-ratings', 'name': 'Analyst Ratings'}",EUR,1,TOPCS1600,VECTOR,1.0,0.393,0,0,1.4,[],analyst88,Internal NLP,analyst,Analyst,analyst-analyst-ratings,Analyst Ratings
anl88_jefferies_abstract_method5_obj,IGNORE,"{'id': 'analyst88', 'name': 'Internal NLP'}","{'id': 'analyst', 'name': 'Analyst'}","{'id': 'analyst-analyst-ratings', 'name': 'Analyst Ratings'}",EUR,1,TOPCS1600,VECTOR,1.0,0.393,0,0,1.4,[],analyst88,Internal NLP,analyst,Analyst,analyst-analyst-ratings,Analyst Ratings
anl88_jefferies_abstract_method5_pos,|' separated string of sentence positivity scores in abstract based on method5,"{'id': 'analyst88', 'name': 'Internal NLP'}","{'id': 'analyst', 'name': 'Analyst'}","{'id': 'analyst-analyst-ratings', 'name': 'Analyst Ratings'}",EUR,1,TOPCS1600,VECTOR,1.0,0.393,0,0,1.4,[],analyst88,Internal NLP,analyst,Analyst,analyst-analyst-ratings,Analyst Ratings
anl88_jefferies_abstract_method5_tok,|' separated string of sentence level token count in abstract based on method5,"{'id': 'analyst88', 'name': 'Internal NLP'}","{'id': 'analyst', 'name': 'Analyst'}","{'id': 'analyst-analyst-ratings', 'name': 'Analyst Ratings'}",EUR,1,TOPCS1600,VECTOR,1.0,0.393,0,0,1.4,[],analyst88,Internal NLP,analyst,Analyst,analyst-analyst-ratings,Analyst Ratings
anl88_jefferies_abstract_start,|' separated string of sentence start position (character) in abstract,"{'id': 'analyst88', 'name': 'Internal NLP'}","{'id': 'analyst', 'name': 'Analyst'}","{'id': 'analyst-analyst-ratings', 'name': 'Analyst Ratings'}",EUR,1,TOPCS1600,VECTOR,1.0,0.393,0,0,1.4,[],analyst88,Internal NLP,analyst,Analyst,analyst-analyst-ratings,Analyst Ratings
anl88_jefferies_modifytimeutc,Modify date of the file in UTC,"{'id': 'analyst88', 'name': 'Internal NLP'}","{'id': 'analyst', 'name': 'Analyst'}","{'id': 'analyst-analyst-ratings', 'name': 'Analyst Ratings'}",EUR,1,TOPCS1600,VECTOR,1.0,0.393,0,0,1.4,[],analyst88,Internal NLP,analyst,Analyst,analyst-analyst-ratings,Analyst Ratings
anl88_jefferies_modifytimeutctime,Modify time of the file in UTC,"{'id': 'analyst88', 'name': 'Internal NLP'}","{'id': 'analyst', 'name': 'Analyst'}","{'id': 'analyst-analyst-ratings', 'name': 'Analyst Ratings'}",EUR,1,TOPCS1600,VECTOR,1.0,0.393,0,0,1.4,[],analyst88,Internal NLP,analyst,Analyst,analyst-analyst-ratings,Analyst Ratings
anl88_jefferies_publicationtime,Publication time of the report,"{'id': 'analyst88', 'name': 'Internal NLP'}","{'id': 'analyst', 'name': 'Analyst'}","{'id': 'analyst-analyst-ratings', 'name': 'Analyst Ratings'}",EUR,1,TOPCS1600,VECTOR,1.0,0.393,0,0,1.4,[],analyst88,Internal NLP,analyst,Analyst,analyst-analyst-ratings,Analyst Ratings
anl88_jefferies_statustime,Time at which the report was updated,"{'id': 'analyst88', 'name': 'Internal NLP'}","{'id': 'analyst', 'name': 'Analyst'}","{'id': 'analyst-analyst-ratings', 'name': 'Analyst Ratings'}",EUR,1,TOPCS1600,VECTOR,1.0,0.393,0,0,1.4,[],analyst88,Internal NLP,analyst,Analyst,analyst-analyst-ratings,Analyst Ratings
anl88_jefferies_synopsis,"Synopsis of the report, brokers have different conventions for providing the content as either abstract or synopsis, or both","{'id': 'analyst88', 'name': 'Internal NLP'}","{'id': 'analyst', 'name': 'Analyst'}","{'id': 'analyst-analyst-ratings', 'name': 'Analyst Ratings'}",EUR,1,TOPCS1600,VECTOR,1.0,0.393,0,0,1.4,[],analyst88,Internal NLP,analyst,Analyst,analyst-analyst-ratings,Analyst Ratings
anl88_jefferies_synopsis_end,|' separated string of sentence end position (character) in synopsis,"{'id': 'analyst88', 'name': 'Internal NLP'}","{'id': 'analyst', 'name': 'Analyst'}","{'id': 'analyst-analyst-ratings', 'name': 'Analyst Ratings'}",EUR,1,TOPCS1600,VECTOR,1.0,0.393,0,0,1.4,[],analyst88,Internal NLP,analyst,Analyst,analyst-analyst-ratings,Analyst Ratings
anl88_jefferies_synopsis_method1_con,IGNORE,"{'id': 'analyst88', 'name': 'Internal NLP'}","{'id': 'analyst', 'name': 'Analyst'}","{'id': 'analyst-analyst-ratings', 'name': 'Analyst Ratings'}",EUR,1,TOPCS1600,VECTOR,1.0,0.393,0,0,1.4,[],analyst88,Internal NLP,analyst,Analyst,analyst-analyst-ratings,Analyst Ratings
anl88_jefferies_synopsis_method1_neg,|' separated string of sentence negativity scores in synopsis based on method1,"{'id': 'analyst88', 'name': 'Internal NLP'}","{'id': 'analyst', 'name': 'Analyst'}","{'id': 'analyst-analyst-ratings', 'name': 'Analyst Ratings'}",EUR,1,TOPCS1600,VECTOR,1.0,0.393,0,0,1.4,[],analyst88,Internal NLP,analyst,Analyst,analyst-analyst-ratings,Analyst Ratings
anl88_jefferies_synopsis_method1_neu,|' separated string of sentence neutrality scores in synopsis based on method1,"{'id': 'analyst88', 'name': 'Internal NLP'}","{'id': 'analyst', 'name': 'Analyst'}","{'id': 'analyst-analyst-ratings', 'name': 'Analyst Ratings'}",EUR,1,TOPCS1600,VECTOR,1.0,0.393,0,0,1.4,[],analyst88,Internal NLP,analyst,Analyst,analyst-analyst-ratings,Analyst Ratings
anl88_jefferies_synopsis_method1_obj,IGNORE,"{'id': 'analyst88', 'name': 'Internal NLP'}","{'id': 'analyst', 'name': 'Analyst'}","{'id': 'analyst-analyst-ratings', 'name': 'Analyst Ratings'}",EUR,1,TOPCS1600,VECTOR,1.0,0.393,0,0,1.4,[],analyst88,Internal NLP,analyst,Analyst,analyst-analyst-ratings,Analyst Ratings
anl88_jefferies_synopsis_method1_pos,|' separated string of sentence positivity scores in synopsis based on method1,"{'id': 'analyst88', 'name': 'Internal NLP'}","{'id': 'analyst', 'name': 'Analyst'}","{'id': 'analyst-analyst-ratings', 'name': 'Analyst Ratings'}",EUR,1,TOPCS1600,VECTOR,1.0,0.393,0,0,1.4,[],analyst88,Internal NLP,analyst,Analyst,analyst-analyst-ratings,Analyst Ratings
anl88_jefferies_synopsis_method1_tok,|' separated string of sentence level token count in synopsis based on method1,"{'id': 'analyst88', 'name': 'Internal NLP'}","{'id': 'analyst', 'name': 'Analyst'}","{'id': 'analyst-analyst-ratings', 'name': 'Analyst Ratings'}",EUR,1,TOPCS1600,VECTOR,1.0,0.393,0,0,1.4,[],analyst88,Internal NLP,analyst,Analyst,analyst-analyst-ratings,Analyst Ratings
anl88_jefferies_synopsis_method1_tone,tone in synopsis based on method1,"{'id': 'analyst88', 'name': 'Internal NLP'}","{'id': 'analyst', 'name': 'Analyst'}","{'id': 'analyst-analyst-ratings', 'name': 'Analyst Ratings'}",EUR,1,TOPCS1600,VECTOR,1.0,0.3759,0,0,1.4,[],analyst88,Internal NLP,analyst,Analyst,analyst-analyst-ratings,Analyst Ratings
anl88_jefferies_synopsis_method2_con,IGNORE,"{'id': 'analyst88', 'name': 'Internal NLP'}","{'id': 'analyst', 'name': 'Analyst'}","{'id': 'analyst-analyst-ratings', 'name': 'Analyst Ratings'}",EUR,1,TOPCS1600,VECTOR,1.0,0.393,0,0,1.4,[],analyst88,Internal NLP,analyst,Analyst,analyst-analyst-ratings,Analyst Ratings
anl88_jefferies_synopsis_method2_neg,|' separated string of sentence negativity scores in synopsis based on method2,"{'id': 'analyst88', 'name': 'Internal NLP'}","{'id': 'analyst', 'name': 'Analyst'}","{'id': 'analyst-analyst-ratings', 'name': 'Analyst Ratings'}",EUR,1,TOPCS1600,VECTOR,1.0,0.393,0,0,1.4,[],analyst88,Internal NLP,analyst,Analyst,analyst-analyst-ratings,Analyst Ratings
anl88_jefferies_synopsis_method2_neu,IGNORE,"{'id': 'analyst88', 'name': 'Internal NLP'}","{'id': 'analyst', 'name': 'Analyst'}","{'id': 'analyst-analyst-ratings', 'name': 'Analyst Ratings'}",EUR,1,TOPCS1600,VECTOR,1.0,0.393,0,0,1.4,[],analyst88,Internal NLP,analyst,Analyst,analyst-analyst-ratings,Analyst Ratings
anl88_jefferies_synopsis_method2_obj,|' separated string of sentence objectivity scores in synopsis based on method2,"{'id': 'analyst88', 'name': 'Internal NLP'}","{'id': 'analyst', 'name': 'Analyst'}","{'id': 'analyst-analyst-ratings', 'name': 'Analyst Ratings'}",EUR,1,TOPCS1600,VECTOR,1.0,0.393,0,0,1.4,[],analyst88,Internal NLP,analyst,Analyst,analyst-analyst-ratings,Analyst Ratings
anl88_jefferies_synopsis_method2_pos,|' separated string of sentence positivity scores in synopsis based on method2,"{'id': 'analyst88', 'name': 'Internal NLP'}","{'id': 'analyst', 'name': 'Analyst'}","{'id': 'analyst-analyst-ratings', 'name': 'Analyst Ratings'}",EUR,1,TOPCS1600,VECTOR,1.0,0.393,0,0,1.4,[],analyst88,Internal NLP,analyst,Analyst,analyst-analyst-ratings,Analyst Ratings
anl88_jefferies_synopsis_method2_tok,|' separated string of sentence level token count in synopsis based on method2,"{'id': 'analyst88', 'name': 'Internal NLP'}","{'id': 'analyst', 'name': 'Analyst'}","{'id': 'analyst-analyst-ratings', 'name': 'Analyst Ratings'}",EUR,1,TOPCS1600,VECTOR,1.0,0.393,0,0,1.4,[],analyst88,Internal NLP,analyst,Analyst,analyst-analyst-ratings,Analyst Ratings
anl88_jefferies_synopsis_method2_tone,tone in synopsis based on method2,"{'id': 'analyst88', 'name': 'Internal NLP'}","{'id': 'analyst', 'name': 'Analyst'}","{'id': 'analyst-analyst-ratings', 'name': 'Analyst Ratings'}",EUR,1,TOPCS1600,VECTOR,1.0,0.3896,0,0,1.4,[],analyst88,Internal NLP,analyst,Analyst,analyst-analyst-ratings,Analyst Ratings
anl88_jefferies_synopsis_method3_con,IGNORE,"{'id': 'analyst88', 'name': 'Internal NLP'}","{'id': 'analyst', 'name': 'Analyst'}","{'id': 'analyst-analyst-ratings', 'name': 'Analyst Ratings'}",EUR,1,TOPCS1600,VECTOR,1.0,0.393,0,0,1.4,[],analyst88,Internal NLP,analyst,Analyst,analyst-analyst-ratings,Analyst Ratings
anl88_jefferies_synopsis_method3_neg,|' separated string of sentence negativity scores in synopsis based on method3,"{'id': 'analyst88', 'name': 'Internal NLP'}","{'id': 'analyst', 'name': 'Analyst'}","{'id': 'analyst-analyst-ratings', 'name': 'Analyst Ratings'}",EUR,1,TOPCS1600,VECTOR,1.0,0.393,0,0,1.4,[],analyst88,Internal NLP,analyst,Analyst,analyst-analyst-ratings,Analyst Ratings
anl88_jefferies_synopsis_method3_neu,IGNORE,"{'id': 'analyst88', 'name': 'Internal NLP'}","{'id': 'analyst', 'name': 'Analyst'}","{'id': 'analyst-analyst-ratings', 'name': 'Analyst Ratings'}",EUR,1,TOPCS1600,VECTOR,1.0,0.393,0,0,1.4,[],analyst88,Internal NLP,analyst,Analyst,analyst-analyst-ratings,Analyst Ratings
anl88_jefferies_synopsis_method3_obj,|' separated string of sentence objectivity scores in synopsis based on method3,"{'id': 'analyst88', 'name': 'Internal NLP'}","{'id': 'analyst', 'name': 'Analyst'}","{'id': 'analyst-analyst-ratings', 'name': 'Analyst Ratings'}",EUR,1,TOPCS1600,VECTOR,1.0,0.393,0,0,1.4,[],analyst88,Internal NLP,analyst,Analyst,analyst-analyst-ratings,Analyst Ratings
anl88_jefferies_synopsis_method3_pos,|' separated string of sentence positivity scores in synopsis based on method3,"{'id': 'analyst88', 'name': 'Internal NLP'}","{'id': 'analyst', 'name': 'Analyst'}","{'id': 'analyst-analyst-ratings', 'name': 'Analyst Ratings'}",EUR,1,TOPCS1600,VECTOR,1.0,0.393,0,0,1.4,[],analyst88,Internal NLP,analyst,Analyst,analyst-analyst-ratings,Analyst Ratings
anl88_jefferies_synopsis_method3_tok,|' separated string of sentence level token count in synopsis based on method3,"{'id': 'analyst88', 'name': 'Internal NLP'}","{'id': 'analyst', 'name': 'Analyst'}","{'id': 'analyst-analyst-ratings', 'name': 'Analyst Ratings'}",EUR,1,TOPCS1600,VECTOR,1.0,0.393,0,0,1.4,[],analyst88,Internal NLP,analyst,Analyst,analyst-analyst-ratings,Analyst Ratings
anl88_jefferies_synopsis_method3_tone,tone in synopsis based on method3,"{'id': 'analyst88', 'name': 'Internal NLP'}","{'id': 'analyst', 'name': 'Analyst'}","{'id': 'analyst-analyst-ratings', 'name': 'Analyst Ratings'}",EUR,1,TOPCS1600,VECTOR,1.0,0.3896,0,0,1.4,[],analyst88,Internal NLP,analyst,Analyst,analyst-analyst-ratings,Analyst Ratings
anl88_jefferies_synopsis_method4_con,IGNORE,"{'id': 'analyst88', 'name': 'Internal NLP'}","{'id': 'analyst', 'name': 'Analyst'}","{'id': 'analyst-analyst-ratings', 'name': 'Analyst Ratings'}",EUR,1,TOPCS1600,VECTOR,1.0,0.393,0,0,1.4,[],analyst88,Internal NLP,analyst,Analyst,analyst-analyst-ratings,Analyst Ratings
anl88_jefferies_synopsis_method4_neg,|' separated string of sentence negativity scores in synopsis based on method4,"{'id': 'analyst88', 'name': 'Internal NLP'}","{'id': 'analyst', 'name': 'Analyst'}","{'id': 'analyst-analyst-ratings', 'name': 'Analyst Ratings'}",EUR,1,TOPCS1600,VECTOR,1.0,0.393,0,0,1.4,[],analyst88,Internal NLP,analyst,Analyst,analyst-analyst-ratings,Analyst Ratings
anl88_jefferies_synopsis_method4_neu,IGNORE,"{'id': 'analyst88', 'name': 'Internal NLP'}","{'id': 'analyst', 'name': 'Analyst'}","{'id': 'analyst-analyst-ratings', 'name': 'Analyst Ratings'}",EUR,1,TOPCS1600,VECTOR,1.0,0.393,0,0,1.4,[],analyst88,Internal NLP,analyst,Analyst,analyst-analyst-ratings,Analyst Ratings
anl88_jefferies_synopsis_method4_obj,|' separated string of sentence objectivity scores in synopsis based on method4,"{'id': 'analyst88', 'name': 'Internal NLP'}","{'id': 'analyst', 'name': 'Analyst'}","{'id': 'analyst-analyst-ratings', 'name': 'Analyst Ratings'}",EUR,1,TOPCS1600,VECTOR,1.0,0.393,0,0,1.4,[],analyst88,Internal NLP,analyst,Analyst,analyst-analyst-ratings,Analyst Ratings
anl88_jefferies_synopsis_method4_pos,|' separated string of sentence positivity scores in synopsis based on method4,"{'id': 'analyst88', 'name': 'Internal NLP'}","{'id': 'analyst', 'name': 'Analyst'}","{'id': 'analyst-analyst-ratings', 'name': 'Analyst Ratings'}",EUR,1,TOPCS1600,VECTOR,1.0,0.393,0,0,1.4,[],analyst88,Internal NLP,analyst,Analyst,analyst-analyst-ratings,Analyst Ratings
anl88_jefferies_synopsis_method4_tok,|' separated string of sentence level token count in synopsis based on method4,"{'id': 'analyst88', 'name': 'Internal NLP'}","{'id': 'analyst', 'name': 'Analyst'}","{'id': 'analyst-analyst-ratings', 'name': 'Analyst Ratings'}",EUR,1,TOPCS1600,VECTOR,1.0,0.393,0,0,1.4,[],analyst88,Internal NLP,analyst,Analyst,analyst-analyst-ratings,Analyst Ratings
anl88_jefferies_synopsis_method4_tone,tone in synopsis based on method4,"{'id': 'analyst88', 'name': 'Internal NLP'}","{'id': 'analyst', 'name': 'Analyst'}","{'id': 'analyst-analyst-ratings', 'name': 'Analyst Ratings'}",EUR,1,TOPCS1600,VECTOR,1.0,0.3892,0,0,1.4,[],analyst88,Internal NLP,analyst,Analyst,analyst-analyst-ratings,Analyst Ratings
anl88_jefferies_synopsis_method5_con,IGNORE,"{'id': 'analyst88', 'name': 'Internal NLP'}","{'id': 'analyst', 'name': 'Analyst'}","{'id': 'analyst-analyst-ratings', 'name': 'Analyst Ratings'}",EUR,1,TOPCS1600,VECTOR,1.0,0.393,0,0,1.4,[],analyst88,Internal NLP,analyst,Analyst,analyst-analyst-ratings,Analyst Ratings
anl88_jefferies_synopsis_method5_neg,|' separated string of sentence negativity scores in synopsis based on method5,"{'id': 'analyst88', 'name': 'Internal NLP'}","{'id': 'analyst', 'name': 'Analyst'}","{'id': 'analyst-analyst-ratings', 'name': 'Analyst Ratings'}",EUR,1,TOPCS1600,VECTOR,1.0,0.393,0,0,1.4,[],analyst88,Internal NLP,analyst,Analyst,analyst-analyst-ratings,Analyst Ratings
anl88_jefferies_synopsis_method5_neu,|' separated string of sentence neutrality scores in synopsis based on method5,"{'id': 'analyst88', 'name': 'Internal NLP'}","{'id': 'analyst', 'name': 'Analyst'}","{'id': 'analyst-analyst-ratings', 'name': 'Analyst Ratings'}",EUR,1,TOPCS1600,VECTOR,1.0,0.393,0,0,1.4,[],analyst88,Internal NLP,analyst,Analyst,analyst-analyst-ratings,Analyst Ratings
anl88_jefferies_synopsis_method5_obj,IGNORE,"{'id': 'analyst88', 'name': 'Internal NLP'}","{'id': 'analyst', 'name': 'Analyst'}","{'id': 'analyst-analyst-ratings', 'name': 'Analyst Ratings'}",EUR,1,TOPCS1600,VECTOR,1.0,0.393,0,0,1.4,[],analyst88,Internal NLP,analyst,Analyst,analyst-analyst-ratings,Analyst Ratings
anl88_jefferies_synopsis_method5_pos,|' separated string of sentence positivity scores in synopsis based on method5,"{'id': 'analyst88', 'name': 'Internal NLP'}","{'id': 'analyst', 'name': 'Analyst'}","{'id': 'analyst-analyst-ratings', 'name': 'Analyst Ratings'}",EUR,1,TOPCS1600,VECTOR,1.0,0.393,0,0,1.4,[],analyst88,Internal NLP,analyst,Analyst,analyst-analyst-ratings,Analyst Ratings
anl88_jefferies_synopsis_method5_tok,|' separated string of sentence level token count in synopsis based on method5,"{'id': 'analyst88', 'name': 'Internal NLP'}","{'id': 'analyst', 'name': 'Analyst'}","{'id': 'analyst-analyst-ratings', 'name': 'Analyst Ratings'}",EUR,1,TOPCS1600,VECTOR,1.0,0.393,0,0,1.4,[],analyst88,Internal NLP,analyst,Analyst,analyst-analyst-ratings,Analyst Ratings
anl88_jefferies_synopsis_method5_tone,tone in synopsis based on method5,"{'id': 'analyst88', 'name': 'Internal NLP'}","{'id': 'analyst', 'name': 'Analyst'}","{'id': 'analyst-analyst-ratings', 'name': 'Analyst Ratings'}",EUR,1,TOPCS1600,VECTOR,1.0,0.3896,0,0,1.4,[],analyst88,Internal NLP,analyst,Analyst,analyst-analyst-ratings,Analyst Ratings
anl88_jefferies_synopsis_start,|' separated string of sentence start position (character) in synopsis,"{'id': 'analyst88', 'name': 'Internal NLP'}","{'id': 'analyst', 'name': 'Analyst'}","{'id': 'analyst-analyst-ratings', 'name': 'Analyst Ratings'}",EUR,1,TOPCS1600,VECTOR,1.0,0.393,0,0,1.4,[],analyst88,Internal NLP,analyst,Analyst,analyst-analyst-ratings,Analyst Ratings
anl88_jefferies_title,Title of the report,"{'id': 'analyst88', 'name': 'Internal NLP'}","{'id': 'analyst', 'name': 'Analyst'}","{'id': 'analyst-analyst-ratings', 'name': 'Analyst Ratings'}",EUR,1,TOPCS1600,VECTOR,1.0,0.393,0,0,1.4,[],analyst88,Internal NLP,analyst,Analyst,analyst-analyst-ratings,Analyst Ratings
anl88_jefferies_title_end,|' separated string of sentence end position (character) in title,"{'id': 'analyst88', 'name': 'Internal NLP'}","{'id': 'analyst', 'name': 'Analyst'}","{'id': 'analyst-analyst-ratings', 'name': 'Analyst Ratings'}",EUR,1,TOPCS1600,VECTOR,1.0,0.393,0,0,1.4,[],analyst88,Internal NLP,analyst,Analyst,analyst-analyst-ratings,Analyst Ratings
anl88_jefferies_title_method1_con,IGNORE,"{'id': 'analyst88', 'name': 'Internal NLP'}","{'id': 'analyst', 'name': 'Analyst'}","{'id': 'analyst-analyst-ratings', 'name': 'Analyst Ratings'}",EUR,1,TOPCS1600,VECTOR,1.0,0.393,0,0,1.4,[],analyst88,Internal NLP,analyst,Analyst,analyst-analyst-ratings,Analyst Ratings
anl88_jefferies_title_method1_neg,|' separated string of sentence negativity scores in title based on method1,"{'id': 'analyst88', 'name': 'Internal NLP'}","{'id': 'analyst', 'name': 'Analyst'}","{'id': 'analyst-analyst-ratings', 'name': 'Analyst Ratings'}",EUR,1,TOPCS1600,VECTOR,1.0,0.393,0,0,1.4,[],analyst88,Internal NLP,analyst,Analyst,analyst-analyst-ratings,Analyst Ratings
anl88_jefferies_title_method1_neu,|' separated string of sentence neutrality scores in title based on method1,"{'id': 'analyst88', 'name': 'Internal NLP'}","{'id': 'analyst', 'name': 'Analyst'}","{'id': 'analyst-analyst-ratings', 'name': 'Analyst Ratings'}",EUR,1,TOPCS1600,VECTOR,1.0,0.393,0,0,1.4,[],analyst88,Internal NLP,analyst,Analyst,analyst-analyst-ratings,Analyst Ratings
anl88_jefferies_title_method1_obj,IGNORE,"{'id': 'analyst88', 'name': 'Internal NLP'}","{'id': 'analyst', 'name': 'Analyst'}","{'id': 'analyst-analyst-ratings', 'name': 'Analyst Ratings'}",EUR,1,TOPCS1600,VECTOR,1.0,0.393,0,0,1.4,[],analyst88,Internal NLP,analyst,Analyst,analyst-analyst-ratings,Analyst Ratings
anl88_jefferies_title_method1_tok,|' separated string of sentence level token count in title based on method1,"{'id': 'analyst88', 'name': 'Internal NLP'}","{'id': 'analyst', 'name': 'Analyst'}","{'id': 'analyst-analyst-ratings', 'name': 'Analyst Ratings'}",EUR,1,TOPCS1600,VECTOR,1.0,0.393,0,0,1.4,[],analyst88,Internal NLP,analyst,Analyst,analyst-analyst-ratings,Analyst Ratings
anl88_jefferies_title_method1_tone,tone in title based on method1,"{'id': 'analyst88', 'name': 'Internal NLP'}","{'id': 'analyst', 'name': 'Analyst'}","{'id': 'analyst-analyst-ratings', 'name': 'Analyst Ratings'}",EUR,1,TOPCS1600,VECTOR,1.0,0.3062,0,0,1.4,[],analyst88,Internal NLP,analyst,Analyst,analyst-analyst-ratings,Analyst Ratings
anl88_jefferies_title_method2_con,IGNORE,"{'id': 'analyst88', 'name': 'Internal NLP'}","{'id': 'analyst', 'name': 'Analyst'}","{'id': 'analyst-analyst-ratings', 'name': 'Analyst Ratings'}",EUR,1,TOPCS1600,VECTOR,1.0,0.393,0,0,1.4,[],analyst88,Internal NLP,analyst,Analyst,analyst-analyst-ratings,Analyst Ratings
anl88_jefferies_title_method2_neg,|' separated string of sentence negativity scores in title based on method2,"{'id': 'analyst88', 'name': 'Internal NLP'}","{'id': 'analyst', 'name': 'Analyst'}","{'id': 'analyst-analyst-ratings', 'name': 'Analyst Ratings'}",EUR,1,TOPCS1600,VECTOR,1.0,0.393,0,0,1.4,[],analyst88,Internal NLP,analyst,Analyst,analyst-analyst-ratings,Analyst Ratings
anl88_jefferies_title_method2_neu,IGNORE,"{'id': 'analyst88', 'name': 'Internal NLP'}","{'id': 'analyst', 'name': 'Analyst'}","{'id': 'analyst-analyst-ratings', 'name': 'Analyst Ratings'}",EUR,1,TOPCS1600,VECTOR,1.0,0.393,0,0,1.4,[],analyst88,Internal NLP,analyst,Analyst,analyst-analyst-ratings,Analyst Ratings
anl88_jefferies_title_method2_obj,|' separated string of sentence objectivity scores in title based on method2,"{'id': 'analyst88', 'name': 'Internal NLP'}","{'id': 'analyst', 'name': 'Analyst'}","{'id': 'analyst-analyst-ratings', 'name': 'Analyst Ratings'}",EUR,1,TOPCS1600,VECTOR,1.0,0.393,0,0,1.4,[],analyst88,Internal NLP,analyst,Analyst,analyst-analyst-ratings,Analyst Ratings
anl88_jefferies_title_method2_pos,|' separated string of sentence positivity scores in title based on method2,"{'id': 'analyst88', 'name': 'Internal NLP'}","{'id': 'analyst', 'name': 'Analyst'}","{'id': 'analyst-analyst-ratings', 'name': 'Analyst Ratings'}",EUR,1,TOPCS1600,VECTOR,1.0,0.393,0,0,1.4,[],analyst88,Internal NLP,analyst,Analyst,analyst-analyst-ratings,Analyst Ratings
anl88_jefferies_title_method2_tok,|' separated string of sentence level token count in title based on method2,"{'id': 'analyst88', 'name': 'Internal NLP'}","{'id': 'analyst', 'name': 'Analyst'}","{'id': 'analyst-analyst-ratings', 'name': 'Analyst Ratings'}",EUR,1,TOPCS1600,VECTOR,1.0,0.393,0,0,1.4,[],analyst88,Internal NLP,analyst,Analyst,analyst-analyst-ratings,Analyst Ratings
anl88_jefferies_title_method2_tone,tone in title based on method2,"{'id': 'analyst88', 'name': 'Internal NLP'}","{'id': 'analyst', 'name': 'Analyst'}","{'id': 'analyst-analyst-ratings', 'name': 'Analyst Ratings'}",EUR,1,TOPCS1600,VECTOR,1.0,0.3918,0,0,1.4,[],analyst88,Internal NLP,analyst,Analyst,analyst-analyst-ratings,Analyst Ratings
anl88_jefferies_title_method3_con,IGNORE,"{'id': 'analyst88', 'name': 'Internal NLP'}","{'id': 'analyst', 'name': 'Analyst'}","{'id': 'analyst-analyst-ratings', 'name': 'Analyst Ratings'}",EUR,1,TOPCS1600,VECTOR,1.0,0.393,0,0,1.4,[],analyst88,Internal NLP,analyst,Analyst,analyst-analyst-ratings,Analyst Ratings
anl88_jefferies_title_method3_neg,|' separated string of sentence negativity scores in title based on method3,"{'id': 'analyst88', 'name': 'Internal NLP'}","{'id': 'analyst', 'name': 'Analyst'}","{'id': 'analyst-analyst-ratings', 'name': 'Analyst Ratings'}",EUR,1,TOPCS1600,VECTOR,1.0,0.393,0,0,1.4,[],analyst88,Internal NLP,analyst,Analyst,analyst-analyst-ratings,Analyst Ratings
anl88_jefferies_title_method3_neu,IGNORE,"{'id': 'analyst88', 'name': 'Internal NLP'}","{'id': 'analyst', 'name': 'Analyst'}","{'id': 'analyst-analyst-ratings', 'name': 'Analyst Ratings'}",EUR,1,TOPCS1600,VECTOR,1.0,0.393,0,0,1.4,[],analyst88,Internal NLP,analyst,Analyst,analyst-analyst-ratings,Analyst Ratings
anl88_jefferies_title_method3_obj,|' separated string of sentence objectivity scores in title based on method3,"{'id': 'analyst88', 'name': 'Internal NLP'}","{'id': 'analyst', 'name': 'Analyst'}","{'id': 'analyst-analyst-ratings', 'name': 'Analyst Ratings'}",EUR,1,TOPCS1600,VECTOR,1.0,0.393,0,0,1.4,[],analyst88,Internal NLP,analyst,Analyst,analyst-analyst-ratings,Analyst Ratings
anl88_jefferies_title_method3_pos,|' separated string of sentence positivity scores in title based on method3,"{'id': 'analyst88', 'name': 'Internal NLP'}","{'id': 'analyst', 'name': 'Analyst'}","{'id': 'analyst-analyst-ratings', 'name': 'Analyst Ratings'}",EUR,1,TOPCS1600,VECTOR,1.0,0.393,0,0,1.4,[],analyst88,Internal NLP,analyst,Analyst,analyst-analyst-ratings,Analyst Ratings
anl88_jefferies_title_method3_tok,|' separated string of sentence level token count in title based on method3,"{'id': 'analyst88', 'name': 'Internal NLP'}","{'id': 'analyst', 'name': 'Analyst'}","{'id': 'analyst-analyst-ratings', 'name': 'Analyst Ratings'}",EUR,1,TOPCS1600,VECTOR,1.0,0.393,0,0,1.4,[],analyst88,Internal NLP,analyst,Analyst,analyst-analyst-ratings,Analyst Ratings
anl88_jefferies_title_method3_tone,tone in title based on method3,"{'id': 'analyst88', 'name': 'Internal NLP'}","{'id': 'analyst', 'name': 'Analyst'}","{'id': 'analyst-analyst-ratings', 'name': 'Analyst Ratings'}",EUR,1,TOPCS1600,VECTOR,1.0,0.3918,0,0,1.4,[],analyst88,Internal NLP,analyst,Analyst,analyst-analyst-ratings,Analyst Ratings
anl88_jefferies_title_method4_con,IGNORE,"{'id': 'analyst88', 'name': 'Internal NLP'}","{'id': 'analyst', 'name': 'Analyst'}","{'id': 'analyst-analyst-ratings', 'name': 'Analyst Ratings'}",EUR,1,TOPCS1600,VECTOR,1.0,0.393,0,0,1.4,[],analyst88,Internal NLP,analyst,Analyst,analyst-analyst-ratings,Analyst Ratings
anl88_jefferies_title_method4_neg,|' separated string of sentence negativity scores in title based on method4,"{'id': 'analyst88', 'name': 'Internal NLP'}","{'id': 'analyst', 'name': 'Analyst'}","{'id': 'analyst-analyst-ratings', 'name': 'Analyst Ratings'}",EUR,1,TOPCS1600,VECTOR,1.0,0.393,0,0,1.4,[],analyst88,Internal NLP,analyst,Analyst,analyst-analyst-ratings,Analyst Ratings
anl88_jefferies_title_method4_neu,IGNORE,"{'id': 'analyst88', 'name': 'Internal NLP'}","{'id': 'analyst', 'name': 'Analyst'}","{'id': 'analyst-analyst-ratings', 'name': 'Analyst Ratings'}",EUR,1,TOPCS1600,VECTOR,1.0,0.393,0,0,1.4,[],analyst88,Internal NLP,analyst,Analyst,analyst-analyst-ratings,Analyst Ratings
anl88_jefferies_title_method4_obj,|' separated string of sentence objectivity scores in title based on method4,"{'id': 'analyst88', 'name': 'Internal NLP'}","{'id': 'analyst', 'name': 'Analyst'}","{'id': 'analyst-analyst-ratings', 'name': 'Analyst Ratings'}",EUR,1,TOPCS1600,VECTOR,1.0,0.393,0,0,1.4,[],analyst88,Internal NLP,analyst,Analyst,analyst-analyst-ratings,Analyst Ratings
anl88_jefferies_title_method4_pos,|' separated string of sentence positivity scores in title based on method4,"{'id': 'analyst88', 'name': 'Internal NLP'}","{'id': 'analyst', 'name': 'Analyst'}","{'id': 'analyst-analyst-ratings', 'name': 'Analyst Ratings'}",EUR,1,TOPCS1600,VECTOR,1.0,0.393,0,0,1.4,[],analyst88,Internal NLP,analyst,Analyst,analyst-analyst-ratings,Analyst Ratings
anl88_jefferies_title_method4_tok,|' separated string of sentence level token count in title based on method4,"{'id': 'analyst88', 'name': 'Internal NLP'}","{'id': 'analyst', 'name': 'Analyst'}","{'id': 'analyst-analyst-ratings', 'name': 'Analyst Ratings'}",EUR,1,TOPCS1600,VECTOR,1.0,0.393,0,0,1.4,[],analyst88,Internal NLP,analyst,Analyst,analyst-analyst-ratings,Analyst Ratings
anl88_jefferies_title_method4_tone,tone in title based on method4,"{'id': 'analyst88', 'name': 'Internal NLP'}","{'id': 'analyst', 'name': 'Analyst'}","{'id': 'analyst-analyst-ratings', 'name': 'Analyst Ratings'}",EUR,1,TOPCS1600,VECTOR,1.0,0.3723,0,0,1.4,[],analyst88,Internal NLP,analyst,Analyst,analyst-analyst-ratings,Analyst Ratings
anl88_jefferies_title_method5_con,IGNORE,"{'id': 'analyst88', 'name': 'Internal NLP'}","{'id': 'analyst', 'name': 'Analyst'}","{'id': 'analyst-analyst-ratings', 'name': 'Analyst Ratings'}",EUR,1,TOPCS1600,VECTOR,1.0,0.393,0,0,1.4,[],analyst88,Internal NLP,analyst,Analyst,analyst-analyst-ratings,Analyst Ratings
anl88_jefferies_title_method5_neg,|' separated string of sentence negativity scores in title based on method5,"{'id': 'analyst88', 'name': 'Internal NLP'}","{'id': 'analyst', 'name': 'Analyst'}","{'id': 'analyst-analyst-ratings', 'name': 'Analyst Ratings'}",EUR,1,TOPCS1600,VECTOR,1.0,0.393,0,0,1.4,[],analyst88,Internal NLP,analyst,Analyst,analyst-analyst-ratings,Analyst Ratings
anl88_jefferies_title_method5_neu,|' separated string of sentence neutrality scores in title based on method5,"{'id': 'analyst88', 'name': 'Internal NLP'}","{'id': 'analyst', 'name': 'Analyst'}","{'id': 'analyst-analyst-ratings', 'name': 'Analyst Ratings'}",EUR,1,TOPCS1600,VECTOR,1.0,0.393,0,0,1.4,[],analyst88,Internal NLP,analyst,Analyst,analyst-analyst-ratings,Analyst Ratings
anl88_jefferies_title_method5_obj,IGNORE,"{'id': 'analyst88', 'name': 'Internal NLP'}","{'id': 'analyst', 'name': 'Analyst'}","{'id': 'analyst-analyst-ratings', 'name': 'Analyst Ratings'}",EUR,1,TOPCS1600,VECTOR,1.0,0.393,0,0,1.4,[],analyst88,Internal NLP,analyst,Analyst,analyst-analyst-ratings,Analyst Ratings
anl88_jefferies_title_method5_pos,|' separated string of sentence positivity scores in title based on method5,"{'id': 'analyst88', 'name': 'Internal NLP'}","{'id': 'analyst', 'name': 'Analyst'}","{'id': 'analyst-analyst-ratings', 'name': 'Analyst Ratings'}",EUR,1,TOPCS1600,VECTOR,1.0,0.393,0,0,1.4,[],analyst88,Internal NLP,analyst,Analyst,analyst-analyst-ratings,Analyst Ratings
anl88_jefferies_title_method5_tok,|' separated string of sentence level token count in title based on method5,"{'id': 'analyst88', 'name': 'Internal NLP'}","{'id': 'analyst', 'name': 'Analyst'}","{'id': 'analyst-analyst-ratings', 'name': 'Analyst Ratings'}",EUR,1,TOPCS1600,VECTOR,1.0,0.393,0,0,1.4,[],analyst88,Internal NLP,analyst,Analyst,analyst-analyst-ratings,Analyst Ratings
anl88_jefferies_title_method5_tone,tone in title based on method5,"{'id': 'analyst88', 'name': 'Internal NLP'}","{'id': 'analyst', 'name': 'Analyst'}","{'id': 'analyst-analyst-ratings', 'name': 'Analyst Ratings'}",EUR,1,TOPCS1600,VECTOR,1.0,0.393,0,0,1.4,[],analyst88,Internal NLP,analyst,Analyst,analyst-analyst-ratings,Analyst Ratings
anl88_jefferies_title_start,|' separated string of sentence start position (character) in title,"{'id': 'analyst88', 'name': 'Internal NLP'}","{'id': 'analyst', 'name': 'Analyst'}","{'id': 'analyst-analyst-ratings', 'name': 'Analyst Ratings'}",EUR,1,TOPCS1600,VECTOR,1.0,0.393,0,0,1.4,[],analyst88,Internal NLP,analyst,Analyst,analyst-analyst-ratings,Analyst Ratings
anl88_jefferies_wqreceivetime,Timestamp at which the file is received,"{'id': 'analyst88', 'name': 'Internal NLP'}","{'id': 'analyst', 'name': 'Analyst'}","{'id': 'analyst-analyst-ratings', 'name': 'Analyst Ratings'}",EUR,1,TOPCS1600,VECTOR,1.0,0.393,0,0,1.4,[],analyst88,Internal NLP,analyst,Analyst,analyst-analyst-ratings,Analyst Ratings
anl88_jpm_abstract,Abstract of the report,"{'id': 'analyst88', 'name': 'Internal NLP'}","{'id': 'analyst', 'name': 'Analyst'}","{'id': 'analyst-analyst-ratings', 'name': 'Analyst Ratings'}",EUR,1,TOPCS1600,VECTOR,1.0,0.5378,0,0,1.4,[],analyst88,Internal NLP,analyst,Analyst,analyst-analyst-ratings,Analyst Ratings
anl88_jpm_abstract_end,|' separated string of sentence end position (character) in abstract,"{'id': 'analyst88', 'name': 'Internal NLP'}","{'id': 'analyst', 'name': 'Analyst'}","{'id': 'analyst-analyst-ratings', 'name': 'Analyst Ratings'}",EUR,1,TOPCS1600,VECTOR,1.0,0.5378,0,0,1.4,[],analyst88,Internal NLP,analyst,Analyst,analyst-analyst-ratings,Analyst Ratings
anl88_jpm_abstract_method1_con,IGNORE,"{'id': 'analyst88', 'name': 'Internal NLP'}","{'id': 'analyst', 'name': 'Analyst'}","{'id': 'analyst-analyst-ratings', 'name': 'Analyst Ratings'}",EUR,1,TOPCS1600,VECTOR,1.0,0.5378,0,0,1.4,[],analyst88,Internal NLP,analyst,Analyst,analyst-analyst-ratings,Analyst Ratings
anl88_jpm_abstract_method1_neg,|' separated string of sentence negativity scores in abstract based on method1,"{'id': 'analyst88', 'name': 'Internal NLP'}","{'id': 'analyst', 'name': 'Analyst'}","{'id': 'analyst-analyst-ratings', 'name': 'Analyst Ratings'}",EUR,1,TOPCS1600,VECTOR,1.0,0.5378,0,0,1.4,[],analyst88,Internal NLP,analyst,Analyst,analyst-analyst-ratings,Analyst Ratings
anl88_jpm_abstract_method1_neu,|' separated string of sentence neutrality scores in abstract based on method1,"{'id': 'analyst88', 'name': 'Internal NLP'}","{'id': 'analyst', 'name': 'Analyst'}","{'id': 'analyst-analyst-ratings', 'name': 'Analyst Ratings'}",EUR,1,TOPCS1600,VECTOR,1.0,0.5378,0,0,1.4,[],analyst88,Internal NLP,analyst,Analyst,analyst-analyst-ratings,Analyst Ratings
anl88_jpm_abstract_method1_obj,IGNORE,"{'id': 'analyst88', 'name': 'Internal NLP'}","{'id': 'analyst', 'name': 'Analyst'}","{'id': 'analyst-analyst-ratings', 'name': 'Analyst Ratings'}",EUR,1,TOPCS1600,VECTOR,1.0,0.5378,0,0,1.4,[],analyst88,Internal NLP,analyst,Analyst,analyst-analyst-ratings,Analyst Ratings
anl88_jpm_abstract_method1_pos,|' separated string of sentence positivity scores in abstract based on method1,"{'id': 'analyst88', 'name': 'Internal NLP'}","{'id': 'analyst', 'name': 'Analyst'}","{'id': 'analyst-analyst-ratings', 'name': 'Analyst Ratings'}",EUR,1,TOPCS1600,VECTOR,1.0,0.5378,0,0,1.4,[],analyst88,Internal NLP,analyst,Analyst,analyst-analyst-ratings,Analyst Ratings
anl88_jpm_abstract_method1_tok,|' separated string of sentence level token count in abstract based on method1,"{'id': 'analyst88', 'name': 'Internal NLP'}","{'id': 'analyst', 'name': 'Analyst'}","{'id': 'analyst-analyst-ratings', 'name': 'Analyst Ratings'}",EUR,1,TOPCS1600,VECTOR,1.0,0.5378,0,0,1.4,[],analyst88,Internal NLP,analyst,Analyst,analyst-analyst-ratings,Analyst Ratings
anl88_jpm_abstract_method1_tone,tone in abstract based on method1,"{'id': 'analyst88', 'name': 'Internal NLP'}","{'id': 'analyst', 'name': 'Analyst'}","{'id': 'analyst-analyst-ratings', 'name': 'Analyst Ratings'}",EUR,1,TOPCS1600,VECTOR,1.0,0.5183,0,0,1.4,[],analyst88,Internal NLP,analyst,Analyst,analyst-analyst-ratings,Analyst Ratings
anl88_jpm_abstract_method2_con,IGNORE,"{'id': 'analyst88', 'name': 'Internal NLP'}","{'id': 'analyst', 'name': 'Analyst'}","{'id': 'analyst-analyst-ratings', 'name': 'Analyst Ratings'}",EUR,1,TOPCS1600,VECTOR,1.0,0.5378,0,0,1.4,[],analyst88,Internal NLP,analyst,Analyst,analyst-analyst-ratings,Analyst Ratings
anl88_jpm_abstract_method2_neg,|' separated string of sentence negativity scores in abstract based on method2,"{'id': 'analyst88', 'name': 'Internal NLP'}","{'id': 'analyst', 'name': 'Analyst'}","{'id': 'analyst-analyst-ratings', 'name': 'Analyst Ratings'}",EUR,1,TOPCS1600,VECTOR,1.0,0.5378,0,0,1.4,[],analyst88,Internal NLP,analyst,Analyst,analyst-analyst-ratings,Analyst Ratings
anl88_jpm_abstract_method2_neu,IGNORE,"{'id': 'analyst88', 'name': 'Internal NLP'}","{'id': 'analyst', 'name': 'Analyst'}","{'id': 'analyst-analyst-ratings', 'name': 'Analyst Ratings'}",EUR,1,TOPCS1600,VECTOR,1.0,0.5378,0,0,1.4,[],analyst88,Internal NLP,analyst,Analyst,analyst-analyst-ratings,Analyst Ratings
anl88_jpm_abstract_method2_obj,|' separated string of sentence objectivity scores in abstract based on method2,"{'id': 'analyst88', 'name': 'Internal NLP'}","{'id': 'analyst', 'name': 'Analyst'}","{'id': 'analyst-analyst-ratings', 'name': 'Analyst Ratings'}",EUR,1,TOPCS1600,VECTOR,1.0,0.5378,0,0,1.4,[],analyst88,Internal NLP,analyst,Analyst,analyst-analyst-ratings,Analyst Ratings
anl88_jpm_abstract_method2_pos,|' separated string of sentence positivity scores in abstract based on method2,"{'id': 'analyst88', 'name': 'Internal NLP'}","{'id': 'analyst', 'name': 'Analyst'}","{'id': 'analyst-analyst-ratings', 'name': 'Analyst Ratings'}",EUR,1,TOPCS1600,VECTOR,1.0,0.5378,0,0,1.4,[],analyst88,Internal NLP,analyst,Analyst,analyst-analyst-ratings,Analyst Ratings
anl88_jpm_abstract_method2_tok,|' separated string of sentence level token count in abstract based on method2,"{'id': 'analyst88', 'name': 'Internal NLP'}","{'id': 'analyst', 'name': 'Analyst'}","{'id': 'analyst-analyst-ratings', 'name': 'Analyst Ratings'}",EUR,1,TOPCS1600,VECTOR,1.0,0.5378,0,0,1.4,[],analyst88,Internal NLP,analyst,Analyst,analyst-analyst-ratings,Analyst Ratings
anl88_jpm_abstract_method2_tone,tone in abstract based on method2,"{'id': 'analyst88', 'name': 'Internal NLP'}","{'id': 'analyst', 'name': 'Analyst'}","{'id': 'analyst-analyst-ratings', 'name': 'Analyst Ratings'}",EUR,1,TOPCS1600,VECTOR,1.0,0.5342,0,0,1.4,[],analyst88,Internal NLP,analyst,Analyst,analyst-analyst-ratings,Analyst Ratings
anl88_jpm_abstract_method3_con,IGNORE,"{'id': 'analyst88', 'name': 'Internal NLP'}","{'id': 'analyst', 'name': 'Analyst'}","{'id': 'analyst-analyst-ratings', 'name': 'Analyst Ratings'}",EUR,1,TOPCS1600,VECTOR,1.0,0.5378,0,0,1.4,[],analyst88,Internal NLP,analyst,Analyst,analyst-analyst-ratings,Analyst Ratings
anl88_jpm_abstract_method3_neg,|' separated string of sentence negativity scores in abstract based on method3,"{'id': 'analyst88', 'name': 'Internal NLP'}","{'id': 'analyst', 'name': 'Analyst'}","{'id': 'analyst-analyst-ratings', 'name': 'Analyst Ratings'}",EUR,1,TOPCS1600,VECTOR,1.0,0.5378,0,0,1.4,[],analyst88,Internal NLP,analyst,Analyst,analyst-analyst-ratings,Analyst Ratings
anl88_jpm_abstract_method3_neu,IGNORE,"{'id': 'analyst88', 'name': 'Internal NLP'}","{'id': 'analyst', 'name': 'Analyst'}","{'id': 'analyst-analyst-ratings', 'name': 'Analyst Ratings'}",EUR,1,TOPCS1600,VECTOR,1.0,0.5378,0,0,1.4,[],analyst88,Internal NLP,analyst,Analyst,analyst-analyst-ratings,Analyst Ratings
anl88_jpm_abstract_method3_obj,|' separated string of sentence objectivity scores in abstract based on method3,"{'id': 'analyst88', 'name': 'Internal NLP'}","{'id': 'analyst', 'name': 'Analyst'}","{'id': 'analyst-analyst-ratings', 'name': 'Analyst Ratings'}",EUR,1,TOPCS1600,VECTOR,1.0,0.5378,0,0,1.4,[],analyst88,Internal NLP,analyst,Analyst,analyst-analyst-ratings,Analyst Ratings
anl88_jpm_abstract_method3_pos,|' separated string of sentence positivity scores in abstract based on method3,"{'id': 'analyst88', 'name': 'Internal NLP'}","{'id': 'analyst', 'name': 'Analyst'}","{'id': 'analyst-analyst-ratings', 'name': 'Analyst Ratings'}",EUR,1,TOPCS1600,VECTOR,1.0,0.5378,0,0,1.4,[],analyst88,Internal NLP,analyst,Analyst,analyst-analyst-ratings,Analyst Ratings
anl88_jpm_abstract_method3_tok,|' separated string of sentence level token count in abstract based on method3,"{'id': 'analyst88', 'name': 'Internal NLP'}","{'id': 'analyst', 'name': 'Analyst'}","{'id': 'analyst-analyst-ratings', 'name': 'Analyst Ratings'}",EUR,1,TOPCS1600,VECTOR,1.0,0.5378,0,0,1.4,[],analyst88,Internal NLP,analyst,Analyst,analyst-analyst-ratings,Analyst Ratings
anl88_jpm_abstract_method3_tone,tone in abstract based on method3,"{'id': 'analyst88', 'name': 'Internal NLP'}","{'id': 'analyst', 'name': 'Analyst'}","{'id': 'analyst-analyst-ratings', 'name': 'Analyst Ratings'}",EUR,1,TOPCS1600,VECTOR,1.0,0.5342,0,0,1.4,[],analyst88,Internal NLP,analyst,Analyst,analyst-analyst-ratings,Analyst Ratings
anl88_jpm_abstract_method4_con,IGNORE,"{'id': 'analyst88', 'name': 'Internal NLP'}","{'id': 'analyst', 'name': 'Analyst'}","{'id': 'analyst-analyst-ratings', 'name': 'Analyst Ratings'}",EUR,1,TOPCS1600,VECTOR,1.0,0.5378,0,0,1.4,[],analyst88,Internal NLP,analyst,Analyst,analyst-analyst-ratings,Analyst Ratings
anl88_jpm_abstract_method4_neg,|' separated string of sentence negativity scores in abstract based on method4,"{'id': 'analyst88', 'name': 'Internal NLP'}","{'id': 'analyst', 'name': 'Analyst'}","{'id': 'analyst-analyst-ratings', 'name': 'Analyst Ratings'}",EUR,1,TOPCS1600,VECTOR,1.0,0.5378,0,0,1.4,[],analyst88,Internal NLP,analyst,Analyst,analyst-analyst-ratings,Analyst Ratings
anl88_jpm_abstract_method4_neu,IGNORE,"{'id': 'analyst88', 'name': 'Internal NLP'}","{'id': 'analyst', 'name': 'Analyst'}","{'id': 'analyst-analyst-ratings', 'name': 'Analyst Ratings'}",EUR,1,TOPCS1600,VECTOR,1.0,0.5378,0,0,1.4,[],analyst88,Internal NLP,analyst,Analyst,analyst-analyst-ratings,Analyst Ratings
anl88_jpm_abstract_method4_obj,|' separated string of sentence objectivity scores in abstract based on method4,"{'id': 'analyst88', 'name': 'Internal NLP'}","{'id': 'analyst', 'name': 'Analyst'}","{'id': 'analyst-analyst-ratings', 'name': 'Analyst Ratings'}",EUR,1,TOPCS1600,VECTOR,1.0,0.5378,0,0,1.4,[],analyst88,Internal NLP,analyst,Analyst,analyst-analyst-ratings,Analyst Ratings
anl88_jpm_abstract_method4_pos,|' separated string of sentence positivity scores in abstract based on method4,"{'id': 'analyst88', 'name': 'Internal NLP'}","{'id': 'analyst', 'name': 'Analyst'}","{'id': 'analyst-analyst-ratings', 'name': 'Analyst Ratings'}",EUR,1,TOPCS1600,VECTOR,1.0,0.5378,0,0,1.4,[],analyst88,Internal NLP,analyst,Analyst,analyst-analyst-ratings,Analyst Ratings
anl88_jpm_abstract_method4_tok,|' separated string of sentence level token count in abstract based on method4,"{'id': 'analyst88', 'name': 'Internal NLP'}","{'id': 'analyst', 'name': 'Analyst'}","{'id': 'analyst-analyst-ratings', 'name': 'Analyst Ratings'}",EUR,1,TOPCS1600,VECTOR,1.0,0.5378,0,0,1.4,[],analyst88,Internal NLP,analyst,Analyst,analyst-analyst-ratings,Analyst Ratings
anl88_jpm_abstract_method4_tone,tone in abstract based on method4,"{'id': 'analyst88', 'name': 'Internal NLP'}","{'id': 'analyst', 'name': 'Analyst'}","{'id': 'analyst-analyst-ratings', 'name': 'Analyst Ratings'}",EUR,1,TOPCS1600,VECTOR,1.0,0.534,0,0,1.4,[],analyst88,Internal NLP,analyst,Analyst,analyst-analyst-ratings,Analyst Ratings
anl88_jpm_abstract_method5_con,IGNORE,"{'id': 'analyst88', 'name': 'Internal NLP'}","{'id': 'analyst', 'name': 'Analyst'}","{'id': 'analyst-analyst-ratings', 'name': 'Analyst Ratings'}",EUR,1,TOPCS1600,VECTOR,1.0,0.5378,0,0,1.4,[],analyst88,Internal NLP,analyst,Analyst,analyst-analyst-ratings,Analyst Ratings
anl88_jpm_abstract_method5_neg,|' separated string of sentence negativity scores in abstract based on method5,"{'id': 'analyst88', 'name': 'Internal NLP'}","{'id': 'analyst', 'name': 'Analyst'}","{'id': 'analyst-analyst-ratings', 'name': 'Analyst Ratings'}",EUR,1,TOPCS1600,VECTOR,1.0,0.5378,0,0,1.4,[],analyst88,Internal NLP,analyst,Analyst,analyst-analyst-ratings,Analyst Ratings
anl88_jpm_abstract_method5_neu,|' separated string of sentence neutrality scores in abstract based on method5,"{'id': 'analyst88', 'name': 'Internal NLP'}","{'id': 'analyst', 'name': 'Analyst'}","{'id': 'analyst-analyst-ratings', 'name': 'Analyst Ratings'}",EUR,1,TOPCS1600,VECTOR,1.0,0.5378,0,0,1.4,[],analyst88,Internal NLP,analyst,Analyst,analyst-analyst-ratings,Analyst Ratings
anl88_jpm_abstract_method5_obj,IGNORE,"{'id': 'analyst88', 'name': 'Internal NLP'}","{'id': 'analyst', 'name': 'Analyst'}","{'id': 'analyst-analyst-ratings', 'name': 'Analyst Ratings'}",EUR,1,TOPCS1600,VECTOR,1.0,0.5378,0,0,1.4,[],analyst88,Internal NLP,analyst,Analyst,analyst-analyst-ratings,Analyst Ratings
anl88_jpm_abstract_method5_pos,|' separated string of sentence positivity scores in abstract based on method5,"{'id': 'analyst88', 'name': 'Internal NLP'}","{'id': 'analyst', 'name': 'Analyst'}","{'id': 'analyst-analyst-ratings', 'name': 'Analyst Ratings'}",EUR,1,TOPCS1600,VECTOR,1.0,0.5378,0,0,1.4,[],analyst88,Internal NLP,analyst,Analyst,analyst-analyst-ratings,Analyst Ratings
anl88_jpm_abstract_method5_tok,|' separated string of sentence level token count in abstract based on method5,"{'id': 'analyst88', 'name': 'Internal NLP'}","{'id': 'analyst', 'name': 'Analyst'}","{'id': 'analyst-analyst-ratings', 'name': 'Analyst Ratings'}",EUR,1,TOPCS1600,VECTOR,1.0,0.5378,0,0,1.4,[],analyst88,Internal NLP,analyst,Analyst,analyst-analyst-ratings,Analyst Ratings
anl88_jpm_abstract_method5_tone,tone in abstract based on method5,"{'id': 'analyst88', 'name': 'Internal NLP'}","{'id': 'analyst', 'name': 'Analyst'}","{'id': 'analyst-analyst-ratings', 'name': 'Analyst Ratings'}",EUR,1,TOPCS1600,VECTOR,1.0,0.5342,0,0,1.4,[],analyst88,Internal NLP,analyst,Analyst,analyst-analyst-ratings,Analyst Ratings
anl88_jpm_abstract_start,|' separated string of sentence start position (character) in abstract,"{'id': 'analyst88', 'name': 'Internal NLP'}","{'id': 'analyst', 'name': 'Analyst'}","{'id': 'analyst-analyst-ratings', 'name': 'Analyst Ratings'}",EUR,1,TOPCS1600,VECTOR,1.0,0.5378,0,0,1.4,[],analyst88,Internal NLP,analyst,Analyst,analyst-analyst-ratings,Analyst Ratings
anl88_jpm_modifytimeutc,Modify date of the file in UTC,"{'id': 'analyst88', 'name': 'Internal NLP'}","{'id': 'analyst', 'name': 'Analyst'}","{'id': 'analyst-analyst-ratings', 'name': 'Analyst Ratings'}",EUR,1,TOPCS1600,VECTOR,1.0,0.6089,0,0,1.4,[],analyst88,Internal NLP,analyst,Analyst,analyst-analyst-ratings,Analyst Ratings
anl88_jpm_modifytimeutctime,Modify time of the file in UTC,"{'id': 'analyst88', 'name': 'Internal NLP'}","{'id': 'analyst', 'name': 'Analyst'}","{'id': 'analyst-analyst-ratings', 'name': 'Analyst Ratings'}",EUR,1,TOPCS1600,VECTOR,1.0,0.6089,0,0,1.4,[],analyst88,Internal NLP,analyst,Analyst,analyst-analyst-ratings,Analyst Ratings
anl88_jpm_publicationtime,Publication time of the report,"{'id': 'analyst88', 'name': 'Internal NLP'}","{'id': 'analyst', 'name': 'Analyst'}","{'id': 'analyst-analyst-ratings', 'name': 'Analyst Ratings'}",EUR,1,TOPCS1600,VECTOR,1.0,0.5378,0,0,1.4,[],analyst88,Internal NLP,analyst,Analyst,analyst-analyst-ratings,Analyst Ratings
anl88_jpm_statustime,Time at which the report was updated,"{'id': 'analyst88', 'name': 'Internal NLP'}","{'id': 'analyst', 'name': 'Analyst'}","{'id': 'analyst-analyst-ratings', 'name': 'Analyst Ratings'}",EUR,1,TOPCS1600,VECTOR,1.0,0.5378,0,0,1.4,[],analyst88,Internal NLP,analyst,Analyst,analyst-analyst-ratings,Analyst Ratings
anl88_jpm_synopsis,"Synopsis of the report, brokers have different conventions for providing the content as either abstract or synopsis, or both","{'id': 'analyst88', 'name': 'Internal NLP'}","{'id': 'analyst', 'name': 'Analyst'}","{'id': 'analyst-analyst-ratings', 'name': 'Analyst Ratings'}",EUR,1,TOPCS1600,VECTOR,1.0,0.5378,0,0,1.4,[],analyst88,Internal NLP,analyst,Analyst,analyst-analyst-ratings,Analyst Ratings
anl88_jpm_synopsis_end,|' separated string of sentence end position (character) in synopsis,"{'id': 'analyst88', 'name': 'Internal NLP'}","{'id': 'analyst', 'name': 'Analyst'}","{'id': 'analyst-analyst-ratings', 'name': 'Analyst Ratings'}",EUR,1,TOPCS1600,VECTOR,1.0,0.5378,0,0,1.4,[],analyst88,Internal NLP,analyst,Analyst,analyst-analyst-ratings,Analyst Ratings
anl88_jpm_synopsis_method1_con,IGNORE,"{'id': 'analyst88', 'name': 'Internal NLP'}","{'id': 'analyst', 'name': 'Analyst'}","{'id': 'analyst-analyst-ratings', 'name': 'Analyst Ratings'}",EUR,1,TOPCS1600,VECTOR,1.0,0.5378,0,0,1.4,[],analyst88,Internal NLP,analyst,Analyst,analyst-analyst-ratings,Analyst Ratings
anl88_jpm_synopsis_method1_neg,|' separated string of sentence negativity scores in synopsis based on method1,"{'id': 'analyst88', 'name': 'Internal NLP'}","{'id': 'analyst', 'name': 'Analyst'}","{'id': 'analyst-analyst-ratings', 'name': 'Analyst Ratings'}",EUR,1,TOPCS1600,VECTOR,1.0,0.5378,0,0,1.4,[],analyst88,Internal NLP,analyst,Analyst,analyst-analyst-ratings,Analyst Ratings
anl88_jpm_synopsis_method1_neu,|' separated string of sentence neutrality scores in synopsis based on method1,"{'id': 'analyst88', 'name': 'Internal NLP'}","{'id': 'analyst', 'name': 'Analyst'}","{'id': 'analyst-analyst-ratings', 'name': 'Analyst Ratings'}",EUR,1,TOPCS1600,VECTOR,1.0,0.5378,0,0,1.4,[],analyst88,Internal NLP,analyst,Analyst,analyst-analyst-ratings,Analyst Ratings
anl88_jpm_synopsis_method1_obj,IGNORE,"{'id': 'analyst88', 'name': 'Internal NLP'}","{'id': 'analyst', 'name': 'Analyst'}","{'id': 'analyst-analyst-ratings', 'name': 'Analyst Ratings'}",EUR,1,TOPCS1600,VECTOR,1.0,0.5378,0,0,1.4,[],analyst88,Internal NLP,analyst,Analyst,analyst-analyst-ratings,Analyst Ratings
anl88_jpm_synopsis_method1_pos,|' separated string of sentence positivity scores in synopsis based on method1,"{'id': 'analyst88', 'name': 'Internal NLP'}","{'id': 'analyst', 'name': 'Analyst'}","{'id': 'analyst-analyst-ratings', 'name': 'Analyst Ratings'}",EUR,1,TOPCS1600,VECTOR,1.0,0.5378,0,0,1.4,[],analyst88,Internal NLP,analyst,Analyst,analyst-analyst-ratings,Analyst Ratings
anl88_jpm_synopsis_method1_tok,|' separated string of sentence level token count in synopsis based on method1,"{'id': 'analyst88', 'name': 'Internal NLP'}","{'id': 'analyst', 'name': 'Analyst'}","{'id': 'analyst-analyst-ratings', 'name': 'Analyst Ratings'}",EUR,1,TOPCS1600,VECTOR,1.0,0.5378,0,0,1.4,[],analyst88,Internal NLP,analyst,Analyst,analyst-analyst-ratings,Analyst Ratings
anl88_jpm_synopsis_method1_tone,tone in synopsis based on method1,"{'id': 'analyst88', 'name': 'Internal NLP'}","{'id': 'analyst', 'name': 'Analyst'}","{'id': 'analyst-analyst-ratings', 'name': 'Analyst Ratings'}",EUR,1,TOPCS1600,VECTOR,1.0,0.4895,0,0,1.4,[],analyst88,Internal NLP,analyst,Analyst,analyst-analyst-ratings,Analyst Ratings
anl88_jpm_synopsis_method2_con,IGNORE,"{'id': 'analyst88', 'name': 'Internal NLP'}","{'id': 'analyst', 'name': 'Analyst'}","{'id': 'analyst-analyst-ratings', 'name': 'Analyst Ratings'}",EUR,1,TOPCS1600,VECTOR,1.0,0.5378,0,0,1.4,[],analyst88,Internal NLP,analyst,Analyst,analyst-analyst-ratings,Analyst Ratings
anl88_jpm_synopsis_method2_neg,|' separated string of sentence negativity scores in synopsis based on method2,"{'id': 'analyst88', 'name': 'Internal NLP'}","{'id': 'analyst', 'name': 'Analyst'}","{'id': 'analyst-analyst-ratings', 'name': 'Analyst Ratings'}",EUR,1,TOPCS1600,VECTOR,1.0,0.5378,0,0,1.4,[],analyst88,Internal NLP,analyst,Analyst,analyst-analyst-ratings,Analyst Ratings
anl88_jpm_synopsis_method2_neu,IGNORE,"{'id': 'analyst88', 'name': 'Internal NLP'}","{'id': 'analyst', 'name': 'Analyst'}","{'id': 'analyst-analyst-ratings', 'name': 'Analyst Ratings'}",EUR,1,TOPCS1600,VECTOR,1.0,0.5378,0,0,1.4,[],analyst88,Internal NLP,analyst,Analyst,analyst-analyst-ratings,Analyst Ratings
anl88_jpm_synopsis_method2_obj,|' separated string of sentence objectivity scores in synopsis based on method2,"{'id': 'analyst88', 'name': 'Internal NLP'}","{'id': 'analyst', 'name': 'Analyst'}","{'id': 'analyst-analyst-ratings', 'name': 'Analyst Ratings'}",EUR,1,TOPCS1600,VECTOR,1.0,0.5378,0,0,1.4,[],analyst88,Internal NLP,analyst,Analyst,analyst-analyst-ratings,Analyst Ratings
anl88_jpm_synopsis_method2_pos,|' separated string of sentence positivity scores in synopsis based on method2,"{'id': 'analyst88', 'name': 'Internal NLP'}","{'id': 'analyst', 'name': 'Analyst'}","{'id': 'analyst-analyst-ratings', 'name': 'Analyst Ratings'}",EUR,1,TOPCS1600,VECTOR,1.0,0.5378,0,0,1.4,[],analyst88,Internal NLP,analyst,Analyst,analyst-analyst-ratings,Analyst Ratings
anl88_jpm_synopsis_method2_tok,|' separated string of sentence level token count in synopsis based on method2,"{'id': 'analyst88', 'name': 'Internal NLP'}","{'id': 'analyst', 'name': 'Analyst'}","{'id': 'analyst-analyst-ratings', 'name': 'Analyst Ratings'}",EUR,1,TOPCS1600,VECTOR,1.0,0.5378,0,0,1.4,[],analyst88,Internal NLP,analyst,Analyst,analyst-analyst-ratings,Analyst Ratings
anl88_jpm_synopsis_method2_tone,tone in synopsis based on method2,"{'id': 'analyst88', 'name': 'Internal NLP'}","{'id': 'analyst', 'name': 'Analyst'}","{'id': 'analyst-analyst-ratings', 'name': 'Analyst Ratings'}",EUR,1,TOPCS1600,VECTOR,1.0,0.5342,0,0,1.4,[],analyst88,Internal NLP,analyst,Analyst,analyst-analyst-ratings,Analyst Ratings
anl88_jpm_synopsis_method3_con,IGNORE,"{'id': 'analyst88', 'name': 'Internal NLP'}","{'id': 'analyst', 'name': 'Analyst'}","{'id': 'analyst-analyst-ratings', 'name': 'Analyst Ratings'}",EUR,1,TOPCS1600,VECTOR,1.0,0.5378,0,0,1.4,[],analyst88,Internal NLP,analyst,Analyst,analyst-analyst-ratings,Analyst Ratings
anl88_jpm_synopsis_method3_neg,|' separated string of sentence negativity scores in synopsis based on method3,"{'id': 'analyst88', 'name': 'Internal NLP'}","{'id': 'analyst', 'name': 'Analyst'}","{'id': 'analyst-analyst-ratings', 'name': 'Analyst Ratings'}",EUR,1,TOPCS1600,VECTOR,1.0,0.5378,0,0,1.4,[],analyst88,Internal NLP,analyst,Analyst,analyst-analyst-ratings,Analyst Ratings
anl88_jpm_synopsis_method3_neu,IGNORE,"{'id': 'analyst88', 'name': 'Internal NLP'}","{'id': 'analyst', 'name': 'Analyst'}","{'id': 'analyst-analyst-ratings', 'name': 'Analyst Ratings'}",EUR,1,TOPCS1600,VECTOR,1.0,0.5378,0,0,1.4,[],analyst88,Internal NLP,analyst,Analyst,analyst-analyst-ratings,Analyst Ratings
anl88_jpm_synopsis_method3_obj,|' separated string of sentence objectivity scores in synopsis based on method3,"{'id': 'analyst88', 'name': 'Internal NLP'}","{'id': 'analyst', 'name': 'Analyst'}","{'id': 'analyst-analyst-ratings', 'name': 'Analyst Ratings'}",EUR,1,TOPCS1600,VECTOR,1.0,0.5378,0,0,1.4,[],analyst88,Internal NLP,analyst,Analyst,analyst-analyst-ratings,Analyst Ratings
anl88_jpm_synopsis_method3_pos,|' separated string of sentence positivity scores in synopsis based on method3,"{'id': 'analyst88', 'name': 'Internal NLP'}","{'id': 'analyst', 'name': 'Analyst'}","{'id': 'analyst-analyst-ratings', 'name': 'Analyst Ratings'}",EUR,1,TOPCS1600,VECTOR,1.0,0.5378,0,0,1.4,[],analyst88,Internal NLP,analyst,Analyst,analyst-analyst-ratings,Analyst Ratings
anl88_jpm_synopsis_method3_tok,|' separated string of sentence level token count in synopsis based on method3,"{'id': 'analyst88', 'name': 'Internal NLP'}","{'id': 'analyst', 'name': 'Analyst'}","{'id': 'analyst-analyst-ratings', 'name': 'Analyst Ratings'}",EUR,1,TOPCS1600,VECTOR,1.0,0.5378,0,0,1.4,[],analyst88,Internal NLP,analyst,Analyst,analyst-analyst-ratings,Analyst Ratings
anl88_jpm_synopsis_method3_tone,tone in synopsis based on method3,"{'id': 'analyst88', 'name': 'Internal NLP'}","{'id': 'analyst', 'name': 'Analyst'}","{'id': 'analyst-analyst-ratings', 'name': 'Analyst Ratings'}",EUR,1,TOPCS1600,VECTOR,1.0,0.5342,0,0,1.4,[],analyst88,Internal NLP,analyst,Analyst,analyst-analyst-ratings,Analyst Ratings
anl88_jpm_synopsis_method4_con,IGNORE,"{'id': 'analyst88', 'name': 'Internal NLP'}","{'id': 'analyst', 'name': 'Analyst'}","{'id': 'analyst-analyst-ratings', 'name': 'Analyst Ratings'}",EUR,1,TOPCS1600,VECTOR,1.0,0.5378,0,0,1.4,[],analyst88,Internal NLP,analyst,Analyst,analyst-analyst-ratings,Analyst Ratings
anl88_jpm_synopsis_method4_neg,|' separated string of sentence negativity scores in synopsis based on method4,"{'id': 'analyst88', 'name': 'Internal NLP'}","{'id': 'analyst', 'name': 'Analyst'}","{'id': 'analyst-analyst-ratings', 'name': 'Analyst Ratings'}",EUR,1,TOPCS1600,VECTOR,1.0,0.5378,0,0,1.4,[],analyst88,Internal NLP,analyst,Analyst,analyst-analyst-ratings,Analyst Ratings
anl88_jpm_synopsis_method4_neu,IGNORE,"{'id': 'analyst88', 'name': 'Internal NLP'}","{'id': 'analyst', 'name': 'Analyst'}","{'id': 'analyst-analyst-ratings', 'name': 'Analyst Ratings'}",EUR,1,TOPCS1600,VECTOR,1.0,0.5378,0,0,1.4,[],analyst88,Internal NLP,analyst,Analyst,analyst-analyst-ratings,Analyst Ratings
anl88_jpm_synopsis_method4_obj,|' separated string of sentence objectivity scores in synopsis based on method4,"{'id': 'analyst88', 'name': 'Internal NLP'}","{'id': 'analyst', 'name': 'Analyst'}","{'id': 'analyst-analyst-ratings', 'name': 'Analyst Ratings'}",EUR,1,TOPCS1600,VECTOR,1.0,0.5378,0,0,1.4,[],analyst88,Internal NLP,analyst,Analyst,analyst-analyst-ratings,Analyst Ratings
anl88_jpm_synopsis_method4_pos,|' separated string of sentence positivity scores in synopsis based on method4,"{'id': 'analyst88', 'name': 'Internal NLP'}","{'id': 'analyst', 'name': 'Analyst'}","{'id': 'analyst-analyst-ratings', 'name': 'Analyst Ratings'}",EUR,1,TOPCS1600,VECTOR,1.0,0.5378,0,0,1.4,[],analyst88,Internal NLP,analyst,Analyst,analyst-analyst-ratings,Analyst Ratings
anl88_jpm_synopsis_method4_tok,|' separated string of sentence level token count in synopsis based on method4,"{'id': 'analyst88', 'name': 'Internal NLP'}","{'id': 'analyst', 'name': 'Analyst'}","{'id': 'analyst-analyst-ratings', 'name': 'Analyst Ratings'}",EUR,1,TOPCS1600,VECTOR,1.0,0.5378,0,0,1.4,[],analyst88,Internal NLP,analyst,Analyst,analyst-analyst-ratings,Analyst Ratings
anl88_jpm_synopsis_method4_tone,tone in synopsis based on method4,"{'id': 'analyst88', 'name': 'Internal NLP'}","{'id': 'analyst', 'name': 'Analyst'}","{'id': 'analyst-analyst-ratings', 'name': 'Analyst Ratings'}",EUR,1,TOPCS1600,VECTOR,1.0,0.5332,0,0,1.4,[],analyst88,Internal NLP,analyst,Analyst,analyst-analyst-ratings,Analyst Ratings
anl88_jpm_synopsis_method5_con,IGNORE,"{'id': 'analyst88', 'name': 'Internal NLP'}","{'id': 'analyst', 'name': 'Analyst'}","{'id': 'analyst-analyst-ratings', 'name': 'Analyst Ratings'}",EUR,1,TOPCS1600,VECTOR,1.0,0.5378,0,0,1.4,[],analyst88,Internal NLP,analyst,Analyst,analyst-analyst-ratings,Analyst Ratings
anl88_jpm_synopsis_method5_neg,|' separated string of sentence negativity scores in synopsis based on method5,"{'id': 'analyst88', 'name': 'Internal NLP'}","{'id': 'analyst', 'name': 'Analyst'}","{'id': 'analyst-analyst-ratings', 'name': 'Analyst Ratings'}",EUR,1,TOPCS1600,VECTOR,1.0,0.5378,0,0,1.4,[],analyst88,Internal NLP,analyst,Analyst,analyst-analyst-ratings,Analyst Ratings
anl88_jpm_synopsis_method5_neu,|' separated string of sentence neutrality scores in synopsis based on method5,"{'id': 'analyst88', 'name': 'Internal NLP'}","{'id': 'analyst', 'name': 'Analyst'}","{'id': 'analyst-analyst-ratings', 'name': 'Analyst Ratings'}",EUR,1,TOPCS1600,VECTOR,1.0,0.5378,0,0,1.4,[],analyst88,Internal NLP,analyst,Analyst,analyst-analyst-ratings,Analyst Ratings
anl88_jpm_synopsis_method5_obj,IGNORE,"{'id': 'analyst88', 'name': 'Internal NLP'}","{'id': 'analyst', 'name': 'Analyst'}","{'id': 'analyst-analyst-ratings', 'name': 'Analyst Ratings'}",EUR,1,TOPCS1600,VECTOR,1.0,0.5378,0,0,1.4,[],analyst88,Internal NLP,analyst,Analyst,analyst-analyst-ratings,Analyst Ratings
anl88_jpm_synopsis_method5_pos,|' separated string of sentence positivity scores in synopsis based on method5,"{'id': 'analyst88', 'name': 'Internal NLP'}","{'id': 'analyst', 'name': 'Analyst'}","{'id': 'analyst-analyst-ratings', 'name': 'Analyst Ratings'}",EUR,1,TOPCS1600,VECTOR,1.0,0.5378,0,0,1.4,[],analyst88,Internal NLP,analyst,Analyst,analyst-analyst-ratings,Analyst Ratings
anl88_jpm_synopsis_method5_tok,|' separated string of sentence level token count in synopsis based on method5,"{'id': 'analyst88', 'name': 'Internal NLP'}","{'id': 'analyst', 'name': 'Analyst'}","{'id': 'analyst-analyst-ratings', 'name': 'Analyst Ratings'}",EUR,1,TOPCS1600,VECTOR,1.0,0.5378,0,0,1.4,[],analyst88,Internal NLP,analyst,Analyst,analyst-analyst-ratings,Analyst Ratings
anl88_jpm_synopsis_method5_tone,tone in synopsis based on method5,"{'id': 'analyst88', 'name': 'Internal NLP'}","{'id': 'analyst', 'name': 'Analyst'}","{'id': 'analyst-analyst-ratings', 'name': 'Analyst Ratings'}",EUR,1,TOPCS1600,VECTOR,1.0,0.5342,0,0,1.4,[],analyst88,Internal NLP,analyst,Analyst,analyst-analyst-ratings,Analyst Ratings
anl88_jpm_synopsis_start,|' separated string of sentence start position (character) in synopsis,"{'id': 'analyst88', 'name': 'Internal NLP'}","{'id': 'analyst', 'name': 'Analyst'}","{'id': 'analyst-analyst-ratings', 'name': 'Analyst Ratings'}",EUR,1,TOPCS1600,VECTOR,1.0,0.5378,0,0,1.4,[],analyst88,Internal NLP,analyst,Analyst,analyst-analyst-ratings,Analyst Ratings
anl88_jpm_title,Title of the report,"{'id': 'analyst88', 'name': 'Internal NLP'}","{'id': 'analyst', 'name': 'Analyst'}","{'id': 'analyst-analyst-ratings', 'name': 'Analyst Ratings'}",EUR,1,TOPCS1600,VECTOR,1.0,0.5378,0,0,1.4,[],analyst88,Internal NLP,analyst,Analyst,analyst-analyst-ratings,Analyst Ratings
anl88_jpm_title_end,|' separated string of sentence end position (character) in title,"{'id': 'analyst88', 'name': 'Internal NLP'}","{'id': 'analyst', 'name': 'Analyst'}","{'id': 'analyst-analyst-ratings', 'name': 'Analyst Ratings'}",EUR,1,TOPCS1600,VECTOR,1.0,0.5378,0,0,1.4,[],analyst88,Internal NLP,analyst,Analyst,analyst-analyst-ratings,Analyst Ratings
anl88_jpm_title_method1_con,IGNORE,"{'id': 'analyst88', 'name': 'Internal NLP'}","{'id': 'analyst', 'name': 'Analyst'}","{'id': 'analyst-analyst-ratings', 'name': 'Analyst Ratings'}",EUR,1,TOPCS1600,VECTOR,1.0,0.5378,0,0,1.4,[],analyst88,Internal NLP,analyst,Analyst,analyst-analyst-ratings,Analyst Ratings
anl88_jpm_title_method1_neg,|' separated string of sentence negativity scores in title based on method1,"{'id': 'analyst88', 'name': 'Internal NLP'}","{'id': 'analyst', 'name': 'Analyst'}","{'id': 'analyst-analyst-ratings', 'name': 'Analyst Ratings'}",EUR,1,TOPCS1600,VECTOR,1.0,0.5378,0,0,1.4,[],analyst88,Internal NLP,analyst,Analyst,analyst-analyst-ratings,Analyst Ratings
anl88_jpm_title_method1_neu,|' separated string of sentence neutrality scores in title based on method1,"{'id': 'analyst88', 'name': 'Internal NLP'}","{'id': 'analyst', 'name': 'Analyst'}","{'id': 'analyst-analyst-ratings', 'name': 'Analyst Ratings'}",EUR,1,TOPCS1600,VECTOR,1.0,0.5378,0,0,1.4,[],analyst88,Internal NLP,analyst,Analyst,analyst-analyst-ratings,Analyst Ratings
anl88_jpm_title_method1_obj,IGNORE,"{'id': 'analyst88', 'name': 'Internal NLP'}","{'id': 'analyst', 'name': 'Analyst'}","{'id': 'analyst-analyst-ratings', 'name': 'Analyst Ratings'}",EUR,1,TOPCS1600,VECTOR,1.0,0.5378,0,0,1.4,[],analyst88,Internal NLP,analyst,Analyst,analyst-analyst-ratings,Analyst Ratings
anl88_jpm_title_method1_pos,|' separated string of sentence positivity scores in title based on method1,"{'id': 'analyst88', 'name': 'Internal NLP'}","{'id': 'analyst', 'name': 'Analyst'}","{'id': 'analyst-analyst-ratings', 'name': 'Analyst Ratings'}",EUR,1,TOPCS1600,VECTOR,1.0,0.5378,0,0,1.4,[],analyst88,Internal NLP,analyst,Analyst,analyst-analyst-ratings,Analyst Ratings
anl88_jpm_title_method1_tok,|' separated string of sentence level token count in title based on method1,"{'id': 'analyst88', 'name': 'Internal NLP'}","{'id': 'analyst', 'name': 'Analyst'}","{'id': 'analyst-analyst-ratings', 'name': 'Analyst Ratings'}",EUR,1,TOPCS1600,VECTOR,1.0,0.5378,0,0,1.4,[],analyst88,Internal NLP,analyst,Analyst,analyst-analyst-ratings,Analyst Ratings
anl88_jpm_title_method1_tone,tone in title based on method1,"{'id': 'analyst88', 'name': 'Internal NLP'}","{'id': 'analyst', 'name': 'Analyst'}","{'id': 'analyst-analyst-ratings', 'name': 'Analyst Ratings'}",EUR,1,TOPCS1600,VECTOR,1.0,0.3909,0,0,1.4,[],analyst88,Internal NLP,analyst,Analyst,analyst-analyst-ratings,Analyst Ratings
anl88_jpm_title_method2_con,IGNORE,"{'id': 'analyst88', 'name': 'Internal NLP'}","{'id': 'analyst', 'name': 'Analyst'}","{'id': 'analyst-analyst-ratings', 'name': 'Analyst Ratings'}",EUR,1,TOPCS1600,VECTOR,1.0,0.5378,0,0,1.4,[],analyst88,Internal NLP,analyst,Analyst,analyst-analyst-ratings,Analyst Ratings
anl88_jpm_title_method2_neg,|' separated string of sentence negativity scores in title based on method2,"{'id': 'analyst88', 'name': 'Internal NLP'}","{'id': 'analyst', 'name': 'Analyst'}","{'id': 'analyst-analyst-ratings', 'name': 'Analyst Ratings'}",EUR,1,TOPCS1600,VECTOR,1.0,0.5378,0,0,1.4,[],analyst88,Internal NLP,analyst,Analyst,analyst-analyst-ratings,Analyst Ratings
anl88_jpm_title_method2_neu,IGNORE,"{'id': 'analyst88', 'name': 'Internal NLP'}","{'id': 'analyst', 'name': 'Analyst'}","{'id': 'analyst-analyst-ratings', 'name': 'Analyst Ratings'}",EUR,1,TOPCS1600,VECTOR,1.0,0.5378,0,0,1.4,[],analyst88,Internal NLP,analyst,Analyst,analyst-analyst-ratings,Analyst Ratings
anl88_jpm_title_method2_obj,|' separated string of sentence objectivity scores in title based on method2,"{'id': 'analyst88', 'name': 'Internal NLP'}","{'id': 'analyst', 'name': 'Analyst'}","{'id': 'analyst-analyst-ratings', 'name': 'Analyst Ratings'}",EUR,1,TOPCS1600,VECTOR,1.0,0.5378,0,0,1.4,[],analyst88,Internal NLP,analyst,Analyst,analyst-analyst-ratings,Analyst Ratings
anl88_jpm_title_method2_pos,|' separated string of sentence positivity scores in title based on method2,"{'id': 'analyst88', 'name': 'Internal NLP'}","{'id': 'analyst', 'name': 'Analyst'}","{'id': 'analyst-analyst-ratings', 'name': 'Analyst Ratings'}",EUR,1,TOPCS1600,VECTOR,1.0,0.5378,0,0,1.4,[],analyst88,Internal NLP,analyst,Analyst,analyst-analyst-ratings,Analyst Ratings
anl88_jpm_title_method2_tok,|' separated string of sentence level token count in title based on method2,"{'id': 'analyst88', 'name': 'Internal NLP'}","{'id': 'analyst', 'name': 'Analyst'}","{'id': 'analyst-analyst-ratings', 'name': 'Analyst Ratings'}",EUR,1,TOPCS1600,VECTOR,1.0,0.5378,0,0,1.4,[],analyst88,Internal NLP,analyst,Analyst,analyst-analyst-ratings,Analyst Ratings
anl88_jpm_title_method2_tone,tone in title based on method2,"{'id': 'analyst88', 'name': 'Internal NLP'}","{'id': 'analyst', 'name': 'Analyst'}","{'id': 'analyst-analyst-ratings', 'name': 'Analyst Ratings'}",EUR,1,TOPCS1600,VECTOR,1.0,0.5371,0,0,1.4,[],analyst88,Internal NLP,analyst,Analyst,analyst-analyst-ratings,Analyst Ratings
anl88_jpm_title_method3_con,IGNORE,"{'id': 'analyst88', 'name': 'Internal NLP'}","{'id': 'analyst', 'name': 'Analyst'}","{'id': 'analyst-analyst-ratings', 'name': 'Analyst Ratings'}",EUR,1,TOPCS1600,VECTOR,1.0,0.5378,0,0,1.4,[],analyst88,Internal NLP,analyst,Analyst,analyst-analyst-ratings,Analyst Ratings
anl88_jpm_title_method3_neg,|' separated string of sentence negativity scores in title based on method3,"{'id': 'analyst88', 'name': 'Internal NLP'}","{'id': 'analyst', 'name': 'Analyst'}","{'id': 'analyst-analyst-ratings', 'name': 'Analyst Ratings'}",EUR,1,TOPCS1600,VECTOR,1.0,0.5378,0,0,1.4,[],analyst88,Internal NLP,analyst,Analyst,analyst-analyst-ratings,Analyst Ratings
anl88_jpm_title_method3_neu,IGNORE,"{'id': 'analyst88', 'name': 'Internal NLP'}","{'id': 'analyst', 'name': 'Analyst'}","{'id': 'analyst-analyst-ratings', 'name': 'Analyst Ratings'}",EUR,1,TOPCS1600,VECTOR,1.0,0.5378,0,0,1.4,[],analyst88,Internal NLP,analyst,Analyst,analyst-analyst-ratings,Analyst Ratings
anl88_jpm_title_method3_obj,|' separated string of sentence objectivity scores in title based on method3,"{'id': 'analyst88', 'name': 'Internal NLP'}","{'id': 'analyst', 'name': 'Analyst'}","{'id': 'analyst-analyst-ratings', 'name': 'Analyst Ratings'}",EUR,1,TOPCS1600,VECTOR,1.0,0.5378,0,0,1.4,[],analyst88,Internal NLP,analyst,Analyst,analyst-analyst-ratings,Analyst Ratings
anl88_jpm_title_method3_pos,|' separated string of sentence positivity scores in title based on method3,"{'id': 'analyst88', 'name': 'Internal NLP'}","{'id': 'analyst', 'name': 'Analyst'}","{'id': 'analyst-analyst-ratings', 'name': 'Analyst Ratings'}",EUR,1,TOPCS1600,VECTOR,1.0,0.5378,0,0,1.4,[],analyst88,Internal NLP,analyst,Analyst,analyst-analyst-ratings,Analyst Ratings
anl88_jpm_title_method3_tok,|' separated string of sentence level token count in title based on method3,"{'id': 'analyst88', 'name': 'Internal NLP'}","{'id': 'analyst', 'name': 'Analyst'}","{'id': 'analyst-analyst-ratings', 'name': 'Analyst Ratings'}",EUR,1,TOPCS1600,VECTOR,1.0,0.5378,0,0,1.4,[],analyst88,Internal NLP,analyst,Analyst,analyst-analyst-ratings,Analyst Ratings
anl88_jpm_title_method3_tone,tone in title based on method3,"{'id': 'analyst88', 'name': 'Internal NLP'}","{'id': 'analyst', 'name': 'Analyst'}","{'id': 'analyst-analyst-ratings', 'name': 'Analyst Ratings'}",EUR,1,TOPCS1600,VECTOR,1.0,0.5371,0,0,1.4,[],analyst88,Internal NLP,analyst,Analyst,analyst-analyst-ratings,Analyst Ratings
anl88_jpm_title_method4_con,IGNORE,"{'id': 'analyst88', 'name': 'Internal NLP'}","{'id': 'analyst', 'name': 'Analyst'}","{'id': 'analyst-analyst-ratings', 'name': 'Analyst Ratings'}",EUR,1,TOPCS1600,VECTOR,1.0,0.5378,0,0,1.4,[],analyst88,Internal NLP,analyst,Analyst,analyst-analyst-ratings,Analyst Ratings
anl88_jpm_title_method4_neg,|' separated string of sentence negativity scores in title based on method4,"{'id': 'analyst88', 'name': 'Internal NLP'}","{'id': 'analyst', 'name': 'Analyst'}","{'id': 'analyst-analyst-ratings', 'name': 'Analyst Ratings'}",EUR,1,TOPCS1600,VECTOR,1.0,0.5378,0,0,1.4,[],analyst88,Internal NLP,analyst,Analyst,analyst-analyst-ratings,Analyst Ratings
anl88_jpm_title_method4_neu,IGNORE,"{'id': 'analyst88', 'name': 'Internal NLP'}","{'id': 'analyst', 'name': 'Analyst'}","{'id': 'analyst-analyst-ratings', 'name': 'Analyst Ratings'}",EUR,1,TOPCS1600,VECTOR,1.0,0.5378,0,0,1.4,[],analyst88,Internal NLP,analyst,Analyst,analyst-analyst-ratings,Analyst Ratings
anl88_jpm_title_method4_obj,|' separated string of sentence objectivity scores in title based on method4,"{'id': 'analyst88', 'name': 'Internal NLP'}","{'id': 'analyst', 'name': 'Analyst'}","{'id': 'analyst-analyst-ratings', 'name': 'Analyst Ratings'}",EUR,1,TOPCS1600,VECTOR,1.0,0.5378,0,0,1.4,[],analyst88,Internal NLP,analyst,Analyst,analyst-analyst-ratings,Analyst Ratings
anl88_jpm_title_method4_pos,|' separated string of sentence positivity scores in title based on method4,"{'id': 'analyst88', 'name': 'Internal NLP'}","{'id': 'analyst', 'name': 'Analyst'}","{'id': 'analyst-analyst-ratings', 'name': 'Analyst Ratings'}",EUR,1,TOPCS1600,VECTOR,1.0,0.5378,0,0,1.4,[],analyst88,Internal NLP,analyst,Analyst,analyst-analyst-ratings,Analyst Ratings
anl88_jpm_title_method4_tok,|' separated string of sentence level token count in title based on method4,"{'id': 'analyst88', 'name': 'Internal NLP'}","{'id': 'analyst', 'name': 'Analyst'}","{'id': 'analyst-analyst-ratings', 'name': 'Analyst Ratings'}",EUR,1,TOPCS1600,VECTOR,1.0,0.5378,0,0,1.4,[],analyst88,Internal NLP,analyst,Analyst,analyst-analyst-ratings,Analyst Ratings
anl88_jpm_title_method4_tone,tone in title based on method4,"{'id': 'analyst88', 'name': 'Internal NLP'}","{'id': 'analyst', 'name': 'Analyst'}","{'id': 'analyst-analyst-ratings', 'name': 'Analyst Ratings'}",EUR,1,TOPCS1600,VECTOR,1.0,0.4863,0,0,1.4,[],analyst88,Internal NLP,analyst,Analyst,analyst-analyst-ratings,Analyst Ratings
anl88_jpm_title_method5_con,IGNORE,"{'id': 'analyst88', 'name': 'Internal NLP'}","{'id': 'analyst', 'name': 'Analyst'}","{'id': 'analyst-analyst-ratings', 'name': 'Analyst Ratings'}",EUR,1,TOPCS1600,VECTOR,1.0,0.5378,0,0,1.4,[],analyst88,Internal NLP,analyst,Analyst,analyst-analyst-ratings,Analyst Ratings
anl88_jpm_title_method5_neg,|' separated string of sentence negativity scores in title based on method5,"{'id': 'analyst88', 'name': 'Internal NLP'}","{'id': 'analyst', 'name': 'Analyst'}","{'id': 'analyst-analyst-ratings', 'name': 'Analyst Ratings'}",EUR,1,TOPCS1600,VECTOR,1.0,0.5378,0,0,1.4,[],analyst88,Internal NLP,analyst,Analyst,analyst-analyst-ratings,Analyst Ratings
anl88_jpm_title_method5_neu,|' separated string of sentence neutrality scores in title based on method5,"{'id': 'analyst88', 'name': 'Internal NLP'}","{'id': 'analyst', 'name': 'Analyst'}","{'id': 'analyst-analyst-ratings', 'name': 'Analyst Ratings'}",EUR,1,TOPCS1600,VECTOR,1.0,0.5378,0,0,1.4,[],analyst88,Internal NLP,analyst,Analyst,analyst-analyst-ratings,Analyst Ratings
anl88_jpm_title_method5_obj,IGNORE,"{'id': 'analyst88', 'name': 'Internal NLP'}","{'id': 'analyst', 'name': 'Analyst'}","{'id': 'analyst-analyst-ratings', 'name': 'Analyst Ratings'}",EUR,1,TOPCS1600,VECTOR,1.0,0.5378,0,0,1.4,[],analyst88,Internal NLP,analyst,Analyst,analyst-analyst-ratings,Analyst Ratings
anl88_jpm_title_method5_pos,|' separated string of sentence positivity scores in title based on method5,"{'id': 'analyst88', 'name': 'Internal NLP'}","{'id': 'analyst', 'name': 'Analyst'}","{'id': 'analyst-analyst-ratings', 'name': 'Analyst Ratings'}",EUR,1,TOPCS1600,VECTOR,1.0,0.5378,0,0,1.4,[],analyst88,Internal NLP,analyst,Analyst,analyst-analyst-ratings,Analyst Ratings
anl88_jpm_title_method5_tok,|' separated string of sentence level token count in title based on method5,"{'id': 'analyst88', 'name': 'Internal NLP'}","{'id': 'analyst', 'name': 'Analyst'}","{'id': 'analyst-analyst-ratings', 'name': 'Analyst Ratings'}",EUR,1,TOPCS1600,VECTOR,1.0,0.5378,0,0,1.4,[],analyst88,Internal NLP,analyst,Analyst,analyst-analyst-ratings,Analyst Ratings
anl88_jpm_title_method5_tone,tone in title based on method5,"{'id': 'analyst88', 'name': 'Internal NLP'}","{'id': 'analyst', 'name': 'Analyst'}","{'id': 'analyst-analyst-ratings', 'name': 'Analyst Ratings'}",EUR,1,TOPCS1600,VECTOR,1.0,0.5378,0,0,1.4,[],analyst88,Internal NLP,analyst,Analyst,analyst-analyst-ratings,Analyst Ratings
anl88_jpm_title_start,|' separated string of sentence start position (character) in title,"{'id': 'analyst88', 'name': 'Internal NLP'}","{'id': 'analyst', 'name': 'Analyst'}","{'id': 'analyst-analyst-ratings', 'name': 'Analyst Ratings'}",EUR,1,TOPCS1600,VECTOR,1.0,0.5378,0,0,1.4,[],analyst88,Internal NLP,analyst,Analyst,analyst-analyst-ratings,Analyst Ratings
anl88_jpm_wqreceivetime,Timestamp at which the file is received,"{'id': 'analyst88', 'name': 'Internal NLP'}","{'id': 'analyst', 'name': 'Analyst'}","{'id': 'analyst-analyst-ratings', 'name': 'Analyst Ratings'}",EUR,1,TOPCS1600,VECTOR,1.0,0.5378,0,0,1.4,[],analyst88,Internal NLP,analyst,Analyst,analyst-analyst-ratings,Analyst Ratings
anl88_ms_abstract,Abstract of the report,"{'id': 'analyst88', 'name': 'Internal NLP'}","{'id': 'analyst', 'name': 'Analyst'}","{'id': 'analyst-analyst-ratings', 'name': 'Analyst Ratings'}",EUR,1,TOPCS1600,VECTOR,1.0,0.4638,0,0,1.4,[],analyst88,Internal NLP,analyst,Analyst,analyst-analyst-ratings,Analyst Ratings
anl88_ms_abstract_end,|' separated string of sentence end position (character) in abstract,"{'id': 'analyst88', 'name': 'Internal NLP'}","{'id': 'analyst', 'name': 'Analyst'}","{'id': 'analyst-analyst-ratings', 'name': 'Analyst Ratings'}",EUR,1,TOPCS1600,VECTOR,1.0,0.4638,0,0,1.4,[],analyst88,Internal NLP,analyst,Analyst,analyst-analyst-ratings,Analyst Ratings
anl88_ms_abstract_method1_con,IGNORE,"{'id': 'analyst88', 'name': 'Internal NLP'}","{'id': 'analyst', 'name': 'Analyst'}","{'id': 'analyst-analyst-ratings', 'name': 'Analyst Ratings'}",EUR,1,TOPCS1600,VECTOR,1.0,0.4638,0,0,1.4,[],analyst88,Internal NLP,analyst,Analyst,analyst-analyst-ratings,Analyst Ratings
anl88_ms_abstract_method1_neg,|' separated string of sentence negativity scores in abstract based on method1,"{'id': 'analyst88', 'name': 'Internal NLP'}","{'id': 'analyst', 'name': 'Analyst'}","{'id': 'analyst-analyst-ratings', 'name': 'Analyst Ratings'}",EUR,1,TOPCS1600,VECTOR,1.0,0.4638,0,0,1.4,[],analyst88,Internal NLP,analyst,Analyst,analyst-analyst-ratings,Analyst Ratings
anl88_ms_abstract_method1_neu,|' separated string of sentence neutrality scores in abstract based on method1,"{'id': 'analyst88', 'name': 'Internal NLP'}","{'id': 'analyst', 'name': 'Analyst'}","{'id': 'analyst-analyst-ratings', 'name': 'Analyst Ratings'}",EUR,1,TOPCS1600,VECTOR,1.0,0.4638,0,0,1.4,[],analyst88,Internal NLP,analyst,Analyst,analyst-analyst-ratings,Analyst Ratings
anl88_ms_abstract_method1_obj,IGNORE,"{'id': 'analyst88', 'name': 'Internal NLP'}","{'id': 'analyst', 'name': 'Analyst'}","{'id': 'analyst-analyst-ratings', 'name': 'Analyst Ratings'}",EUR,1,TOPCS1600,VECTOR,1.0,0.4638,0,0,1.4,[],analyst88,Internal NLP,analyst,Analyst,analyst-analyst-ratings,Analyst Ratings
anl88_ms_abstract_method1_pos,|' separated string of sentence positivity scores in abstract based on method1,"{'id': 'analyst88', 'name': 'Internal NLP'}","{'id': 'analyst', 'name': 'Analyst'}","{'id': 'analyst-analyst-ratings', 'name': 'Analyst Ratings'}",EUR,1,TOPCS1600,VECTOR,1.0,0.4638,0,0,1.4,[],analyst88,Internal NLP,analyst,Analyst,analyst-analyst-ratings,Analyst Ratings
anl88_ms_abstract_method1_tok,|' separated string of sentence level token count in abstract based on method1,"{'id': 'analyst88', 'name': 'Internal NLP'}","{'id': 'analyst', 'name': 'Analyst'}","{'id': 'analyst-analyst-ratings', 'name': 'Analyst Ratings'}",EUR,1,TOPCS1600,VECTOR,1.0,0.4638,0,0,1.4,[],analyst88,Internal NLP,analyst,Analyst,analyst-analyst-ratings,Analyst Ratings
anl88_ms_abstract_method1_tone,tone in abstract based on method1,"{'id': 'analyst88', 'name': 'Internal NLP'}","{'id': 'analyst', 'name': 'Analyst'}","{'id': 'analyst-analyst-ratings', 'name': 'Analyst Ratings'}",EUR,1,TOPCS1600,VECTOR,1.0,0.4834,0,0,1.4,[],analyst88,Internal NLP,analyst,Analyst,analyst-analyst-ratings,Analyst Ratings
anl88_ms_abstract_method2_con,IGNORE,"{'id': 'analyst88', 'name': 'Internal NLP'}","{'id': 'analyst', 'name': 'Analyst'}","{'id': 'analyst-analyst-ratings', 'name': 'Analyst Ratings'}",EUR,1,TOPCS1600,VECTOR,1.0,0.4638,0,0,1.4,[],analyst88,Internal NLP,analyst,Analyst,analyst-analyst-ratings,Analyst Ratings
anl88_ms_abstract_method2_neg,|' separated string of sentence negativity scores in abstract based on method2,"{'id': 'analyst88', 'name': 'Internal NLP'}","{'id': 'analyst', 'name': 'Analyst'}","{'id': 'analyst-analyst-ratings', 'name': 'Analyst Ratings'}",EUR,1,TOPCS1600,VECTOR,1.0,0.4638,0,0,1.4,[],analyst88,Internal NLP,analyst,Analyst,analyst-analyst-ratings,Analyst Ratings
anl88_ms_abstract_method2_neu,IGNORE,"{'id': 'analyst88', 'name': 'Internal NLP'}","{'id': 'analyst', 'name': 'Analyst'}","{'id': 'analyst-analyst-ratings', 'name': 'Analyst Ratings'}",EUR,1,TOPCS1600,VECTOR,1.0,0.4638,0,0,1.4,[],analyst88,Internal NLP,analyst,Analyst,analyst-analyst-ratings,Analyst Ratings
anl88_ms_abstract_method2_obj,|' separated string of sentence objectivity scores in abstract based on method2,"{'id': 'analyst88', 'name': 'Internal NLP'}","{'id': 'analyst', 'name': 'Analyst'}","{'id': 'analyst-analyst-ratings', 'name': 'Analyst Ratings'}",EUR,1,TOPCS1600,VECTOR,1.0,0.4638,0,0,1.4,[],analyst88,Internal NLP,analyst,Analyst,analyst-analyst-ratings,Analyst Ratings
anl88_ms_abstract_method2_pos,|' separated string of sentence positivity scores in abstract based on method2,"{'id': 'analyst88', 'name': 'Internal NLP'}","{'id': 'analyst', 'name': 'Analyst'}","{'id': 'analyst-analyst-ratings', 'name': 'Analyst Ratings'}",EUR,1,TOPCS1600,VECTOR,1.0,0.4638,0,0,1.4,[],analyst88,Internal NLP,analyst,Analyst,analyst-analyst-ratings,Analyst Ratings
anl88_ms_abstract_method2_tok,|' separated string of sentence level token count in abstract based on method2,"{'id': 'analyst88', 'name': 'Internal NLP'}","{'id': 'analyst', 'name': 'Analyst'}","{'id': 'analyst-analyst-ratings', 'name': 'Analyst Ratings'}",EUR,1,TOPCS1600,VECTOR,1.0,0.4638,0,0,1.4,[],analyst88,Internal NLP,analyst,Analyst,analyst-analyst-ratings,Analyst Ratings
anl88_ms_abstract_method2_tone,tone in abstract based on method2,"{'id': 'analyst88', 'name': 'Internal NLP'}","{'id': 'analyst', 'name': 'Analyst'}","{'id': 'analyst-analyst-ratings', 'name': 'Analyst Ratings'}",EUR,1,TOPCS1600,VECTOR,1.0,0.4855,0,0,1.4,[],analyst88,Internal NLP,analyst,Analyst,analyst-analyst-ratings,Analyst Ratings
anl88_ms_abstract_method3_con,IGNORE,"{'id': 'analyst88', 'name': 'Internal NLP'}","{'id': 'analyst', 'name': 'Analyst'}","{'id': 'analyst-analyst-ratings', 'name': 'Analyst Ratings'}",EUR,1,TOPCS1600,VECTOR,1.0,0.4638,0,0,1.4,[],analyst88,Internal NLP,analyst,Analyst,analyst-analyst-ratings,Analyst Ratings
anl88_ms_abstract_method3_neg,|' separated string of sentence negativity scores in abstract based on method3,"{'id': 'analyst88', 'name': 'Internal NLP'}","{'id': 'analyst', 'name': 'Analyst'}","{'id': 'analyst-analyst-ratings', 'name': 'Analyst Ratings'}",EUR,1,TOPCS1600,VECTOR,1.0,0.4638,0,0,1.4,[],analyst88,Internal NLP,analyst,Analyst,analyst-analyst-ratings,Analyst Ratings
anl88_ms_abstract_method3_neu,IGNORE,"{'id': 'analyst88', 'name': 'Internal NLP'}","{'id': 'analyst', 'name': 'Analyst'}","{'id': 'analyst-analyst-ratings', 'name': 'Analyst Ratings'}",EUR,1,TOPCS1600,VECTOR,1.0,0.4638,0,0,1.4,[],analyst88,Internal NLP,analyst,Analyst,analyst-analyst-ratings,Analyst Ratings
anl88_ms_abstract_method3_obj,|' separated string of sentence objectivity scores in abstract based on method3,"{'id': 'analyst88', 'name': 'Internal NLP'}","{'id': 'analyst', 'name': 'Analyst'}","{'id': 'analyst-analyst-ratings', 'name': 'Analyst Ratings'}",EUR,1,TOPCS1600,VECTOR,1.0,0.4638,0,0,1.4,[],analyst88,Internal NLP,analyst,Analyst,analyst-analyst-ratings,Analyst Ratings
anl88_ms_abstract_method3_pos,|' separated string of sentence positivity scores in abstract based on method3,"{'id': 'analyst88', 'name': 'Internal NLP'}","{'id': 'analyst', 'name': 'Analyst'}","{'id': 'analyst-analyst-ratings', 'name': 'Analyst Ratings'}",EUR,1,TOPCS1600,VECTOR,1.0,0.4638,0,0,1.4,[],analyst88,Internal NLP,analyst,Analyst,analyst-analyst-ratings,Analyst Ratings
anl88_ms_abstract_method3_tok,|' separated string of sentence level token count in abstract based on method3,"{'id': 'analyst88', 'name': 'Internal NLP'}","{'id': 'analyst', 'name': 'Analyst'}","{'id': 'analyst-analyst-ratings', 'name': 'Analyst Ratings'}",EUR,1,TOPCS1600,VECTOR,1.0,0.4638,0,0,1.4,[],analyst88,Internal NLP,analyst,Analyst,analyst-analyst-ratings,Analyst Ratings
anl88_ms_abstract_method3_tone,tone in abstract based on method3,"{'id': 'analyst88', 'name': 'Internal NLP'}","{'id': 'analyst', 'name': 'Analyst'}","{'id': 'analyst-analyst-ratings', 'name': 'Analyst Ratings'}",EUR,1,TOPCS1600,VECTOR,1.0,0.4855,0,0,1.4,[],analyst88,Internal NLP,analyst,Analyst,analyst-analyst-ratings,Analyst Ratings
anl88_ms_abstract_method4_con,IGNORE,"{'id': 'analyst88', 'name': 'Internal NLP'}","{'id': 'analyst', 'name': 'Analyst'}","{'id': 'analyst-analyst-ratings', 'name': 'Analyst Ratings'}",EUR,1,TOPCS1600,VECTOR,1.0,0.4638,0,0,1.4,[],analyst88,Internal NLP,analyst,Analyst,analyst-analyst-ratings,Analyst Ratings
anl88_ms_abstract_method4_neg,|' separated string of sentence negativity scores in abstract based on method4,"{'id': 'analyst88', 'name': 'Internal NLP'}","{'id': 'analyst', 'name': 'Analyst'}","{'id': 'analyst-analyst-ratings', 'name': 'Analyst Ratings'}",EUR,1,TOPCS1600,VECTOR,1.0,0.4638,0,0,1.4,[],analyst88,Internal NLP,analyst,Analyst,analyst-analyst-ratings,Analyst Ratings
anl88_ms_abstract_method4_neu,IGNORE,"{'id': 'analyst88', 'name': 'Internal NLP'}","{'id': 'analyst', 'name': 'Analyst'}","{'id': 'analyst-analyst-ratings', 'name': 'Analyst Ratings'}",EUR,1,TOPCS1600,VECTOR,1.0,0.4638,0,0,1.4,[],analyst88,Internal NLP,analyst,Analyst,analyst-analyst-ratings,Analyst Ratings
anl88_ms_abstract_method4_obj,|' separated string of sentence objectivity scores in abstract based on method4,"{'id': 'analyst88', 'name': 'Internal NLP'}","{'id': 'analyst', 'name': 'Analyst'}","{'id': 'analyst-analyst-ratings', 'name': 'Analyst Ratings'}",EUR,1,TOPCS1600,VECTOR,1.0,0.4638,0,0,1.4,[],analyst88,Internal NLP,analyst,Analyst,analyst-analyst-ratings,Analyst Ratings
anl88_ms_abstract_method4_pos,|' separated string of sentence positivity scores in abstract based on method4,"{'id': 'analyst88', 'name': 'Internal NLP'}","{'id': 'analyst', 'name': 'Analyst'}","{'id': 'analyst-analyst-ratings', 'name': 'Analyst Ratings'}",EUR,1,TOPCS1600,VECTOR,1.0,0.4638,0,0,1.4,[],analyst88,Internal NLP,analyst,Analyst,analyst-analyst-ratings,Analyst Ratings
anl88_ms_abstract_method4_tok,|' separated string of sentence level token count in abstract based on method4,"{'id': 'analyst88', 'name': 'Internal NLP'}","{'id': 'analyst', 'name': 'Analyst'}","{'id': 'analyst-analyst-ratings', 'name': 'Analyst Ratings'}",EUR,1,TOPCS1600,VECTOR,1.0,0.4638,0,0,1.4,[],analyst88,Internal NLP,analyst,Analyst,analyst-analyst-ratings,Analyst Ratings
anl88_ms_abstract_method4_tone,tone in abstract based on method4,"{'id': 'analyst88', 'name': 'Internal NLP'}","{'id': 'analyst', 'name': 'Analyst'}","{'id': 'analyst-analyst-ratings', 'name': 'Analyst Ratings'}",EUR,1,TOPCS1600,VECTOR,1.0,0.4854,0,0,1.4,[],analyst88,Internal NLP,analyst,Analyst,analyst-analyst-ratings,Analyst Ratings
anl88_ms_abstract_method5_con,IGNORE,"{'id': 'analyst88', 'name': 'Internal NLP'}","{'id': 'analyst', 'name': 'Analyst'}","{'id': 'analyst-analyst-ratings', 'name': 'Analyst Ratings'}",EUR,1,TOPCS1600,VECTOR,1.0,0.4638,0,0,1.4,[],analyst88,Internal NLP,analyst,Analyst,analyst-analyst-ratings,Analyst Ratings
anl88_ms_abstract_method5_neg,|' separated string of sentence negativity scores in abstract based on method5,"{'id': 'analyst88', 'name': 'Internal NLP'}","{'id': 'analyst', 'name': 'Analyst'}","{'id': 'analyst-analyst-ratings', 'name': 'Analyst Ratings'}",EUR,1,TOPCS1600,VECTOR,1.0,0.4638,0,0,1.4,[],analyst88,Internal NLP,analyst,Analyst,analyst-analyst-ratings,Analyst Ratings
anl88_ms_abstract_method5_neu,|' separated string of sentence neutrality scores in abstract based on method5,"{'id': 'analyst88', 'name': 'Internal NLP'}","{'id': 'analyst', 'name': 'Analyst'}","{'id': 'analyst-analyst-ratings', 'name': 'Analyst Ratings'}",EUR,1,TOPCS1600,VECTOR,1.0,0.4638,0,0,1.4,[],analyst88,Internal NLP,analyst,Analyst,analyst-analyst-ratings,Analyst Ratings
anl88_ms_abstract_method5_obj,IGNORE,"{'id': 'analyst88', 'name': 'Internal NLP'}","{'id': 'analyst', 'name': 'Analyst'}","{'id': 'analyst-analyst-ratings', 'name': 'Analyst Ratings'}",EUR,1,TOPCS1600,VECTOR,1.0,0.4638,0,0,1.4,[],analyst88,Internal NLP,analyst,Analyst,analyst-analyst-ratings,Analyst Ratings
anl88_ms_abstract_method5_pos,|' separated string of sentence positivity scores in abstract based on method5,"{'id': 'analyst88', 'name': 'Internal NLP'}","{'id': 'analyst', 'name': 'Analyst'}","{'id': 'analyst-analyst-ratings', 'name': 'Analyst Ratings'}",EUR,1,TOPCS1600,VECTOR,1.0,0.4638,0,0,1.4,[],analyst88,Internal NLP,analyst,Analyst,analyst-analyst-ratings,Analyst Ratings
anl88_ms_abstract_method5_tok,|' separated string of sentence level token count in abstract based on method5,"{'id': 'analyst88', 'name': 'Internal NLP'}","{'id': 'analyst', 'name': 'Analyst'}","{'id': 'analyst-analyst-ratings', 'name': 'Analyst Ratings'}",EUR,1,TOPCS1600,VECTOR,1.0,0.4638,0,0,1.4,[],analyst88,Internal NLP,analyst,Analyst,analyst-analyst-ratings,Analyst Ratings
anl88_ms_abstract_method5_tone,tone in abstract based on method5,"{'id': 'analyst88', 'name': 'Internal NLP'}","{'id': 'analyst', 'name': 'Analyst'}","{'id': 'analyst-analyst-ratings', 'name': 'Analyst Ratings'}",EUR,1,TOPCS1600,VECTOR,1.0,0.4855,0,0,1.4,[],analyst88,Internal NLP,analyst,Analyst,analyst-analyst-ratings,Analyst Ratings
anl88_ms_abstract_start,|' separated string of sentence start position (character) in abstract,"{'id': 'analyst88', 'name': 'Internal NLP'}","{'id': 'analyst', 'name': 'Analyst'}","{'id': 'analyst-analyst-ratings', 'name': 'Analyst Ratings'}",EUR,1,TOPCS1600,VECTOR,1.0,0.4638,0,0,1.4,[],analyst88,Internal NLP,analyst,Analyst,analyst-analyst-ratings,Analyst Ratings
anl88_ms_modifytimeutc,Modify date of the file in UTC,"{'id': 'analyst88', 'name': 'Internal NLP'}","{'id': 'analyst', 'name': 'Analyst'}","{'id': 'analyst-analyst-ratings', 'name': 'Analyst Ratings'}",EUR,1,TOPCS1600,VECTOR,1.0,0.5433,0,0,1.4,[],analyst88,Internal NLP,analyst,Analyst,analyst-analyst-ratings,Analyst Ratings
anl88_ms_modifytimeutctime,Modify time of the file in UTC,"{'id': 'analyst88', 'name': 'Internal NLP'}","{'id': 'analyst', 'name': 'Analyst'}","{'id': 'analyst-analyst-ratings', 'name': 'Analyst Ratings'}",EUR,1,TOPCS1600,VECTOR,1.0,0.5433,0,0,1.4,[],analyst88,Internal NLP,analyst,Analyst,analyst-analyst-ratings,Analyst Ratings
anl88_ms_publicationtime,Publication time of the report,"{'id': 'analyst88', 'name': 'Internal NLP'}","{'id': 'analyst', 'name': 'Analyst'}","{'id': 'analyst-analyst-ratings', 'name': 'Analyst Ratings'}",EUR,1,TOPCS1600,VECTOR,1.0,0.4638,0,0,1.4,[],analyst88,Internal NLP,analyst,Analyst,analyst-analyst-ratings,Analyst Ratings
anl88_ms_statustime,Time at which the report was updated,"{'id': 'analyst88', 'name': 'Internal NLP'}","{'id': 'analyst', 'name': 'Analyst'}","{'id': 'analyst-analyst-ratings', 'name': 'Analyst Ratings'}",EUR,1,TOPCS1600,VECTOR,1.0,0.4638,0,0,1.4,[],analyst88,Internal NLP,analyst,Analyst,analyst-analyst-ratings,Analyst Ratings
anl88_ms_synopsis,"Synopsis of the report, brokers have different conventions for providing the content as either abstract or synopsis, or both","{'id': 'analyst88', 'name': 'Internal NLP'}","{'id': 'analyst', 'name': 'Analyst'}","{'id': 'analyst-analyst-ratings', 'name': 'Analyst Ratings'}",EUR,1,TOPCS1600,VECTOR,1.0,0.4638,0,0,1.4,[],analyst88,Internal NLP,analyst,Analyst,analyst-analyst-ratings,Analyst Ratings
anl88_ms_synopsis_end,|' separated string of sentence end position (character) in synopsis,"{'id': 'analyst88', 'name': 'Internal NLP'}","{'id': 'analyst', 'name': 'Analyst'}","{'id': 'analyst-analyst-ratings', 'name': 'Analyst Ratings'}",EUR,1,TOPCS1600,VECTOR,1.0,0.4638,0,0,1.4,[],analyst88,Internal NLP,analyst,Analyst,analyst-analyst-ratings,Analyst Ratings
anl88_ms_synopsis_method1_con,IGNORE,"{'id': 'analyst88', 'name': 'Internal NLP'}","{'id': 'analyst', 'name': 'Analyst'}","{'id': 'analyst-analyst-ratings', 'name': 'Analyst Ratings'}",EUR,1,TOPCS1600,VECTOR,1.0,0.4638,0,0,1.4,[],analyst88,Internal NLP,analyst,Analyst,analyst-analyst-ratings,Analyst Ratings
anl88_ms_synopsis_method1_neg,|' separated string of sentence negativity scores in synopsis based on method1,"{'id': 'analyst88', 'name': 'Internal NLP'}","{'id': 'analyst', 'name': 'Analyst'}","{'id': 'analyst-analyst-ratings', 'name': 'Analyst Ratings'}",EUR,1,TOPCS1600,VECTOR,1.0,0.4638,0,0,1.4,[],analyst88,Internal NLP,analyst,Analyst,analyst-analyst-ratings,Analyst Ratings
anl88_ms_synopsis_method1_neu,|' separated string of sentence neutrality scores in synopsis based on method1,"{'id': 'analyst88', 'name': 'Internal NLP'}","{'id': 'analyst', 'name': 'Analyst'}","{'id': 'analyst-analyst-ratings', 'name': 'Analyst Ratings'}",EUR,1,TOPCS1600,VECTOR,1.0,0.4638,0,0,1.4,[],analyst88,Internal NLP,analyst,Analyst,analyst-analyst-ratings,Analyst Ratings
anl88_ms_synopsis_method1_obj,IGNORE,"{'id': 'analyst88', 'name': 'Internal NLP'}","{'id': 'analyst', 'name': 'Analyst'}","{'id': 'analyst-analyst-ratings', 'name': 'Analyst Ratings'}",EUR,1,TOPCS1600,VECTOR,1.0,0.4638,0,0,1.4,[],analyst88,Internal NLP,analyst,Analyst,analyst-analyst-ratings,Analyst Ratings
anl88_ms_synopsis_method1_pos,|' separated string of sentence positivity scores in synopsis based on method1,"{'id': 'analyst88', 'name': 'Internal NLP'}","{'id': 'analyst', 'name': 'Analyst'}","{'id': 'analyst-analyst-ratings', 'name': 'Analyst Ratings'}",EUR,1,TOPCS1600,VECTOR,1.0,0.4638,0,0,1.4,[],analyst88,Internal NLP,analyst,Analyst,analyst-analyst-ratings,Analyst Ratings
anl88_ms_synopsis_method1_tok,|' separated string of sentence level token count in synopsis based on method1,"{'id': 'analyst88', 'name': 'Internal NLP'}","{'id': 'analyst', 'name': 'Analyst'}","{'id': 'analyst-analyst-ratings', 'name': 'Analyst Ratings'}",EUR,1,TOPCS1600,VECTOR,1.0,0.4638,0,0,1.4,[],analyst88,Internal NLP,analyst,Analyst,analyst-analyst-ratings,Analyst Ratings
anl88_ms_synopsis_method1_tone,tone in synopsis based on method1,"{'id': 'analyst88', 'name': 'Internal NLP'}","{'id': 'analyst', 'name': 'Analyst'}","{'id': 'analyst-analyst-ratings', 'name': 'Analyst Ratings'}",EUR,1,TOPCS1600,VECTOR,1.0,0.4603,0,0,1.4,[],analyst88,Internal NLP,analyst,Analyst,analyst-analyst-ratings,Analyst Ratings
anl88_ms_synopsis_method2_con,IGNORE,"{'id': 'analyst88', 'name': 'Internal NLP'}","{'id': 'analyst', 'name': 'Analyst'}","{'id': 'analyst-analyst-ratings', 'name': 'Analyst Ratings'}",EUR,1,TOPCS1600,VECTOR,1.0,0.4638,0,0,1.4,[],analyst88,Internal NLP,analyst,Analyst,analyst-analyst-ratings,Analyst Ratings
anl88_ms_synopsis_method2_neg,|' separated string of sentence negativity scores in synopsis based on method2,"{'id': 'analyst88', 'name': 'Internal NLP'}","{'id': 'analyst', 'name': 'Analyst'}","{'id': 'analyst-analyst-ratings', 'name': 'Analyst Ratings'}",EUR,1,TOPCS1600,VECTOR,1.0,0.4638,0,0,1.4,[],analyst88,Internal NLP,analyst,Analyst,analyst-analyst-ratings,Analyst Ratings
anl88_ms_synopsis_method2_neu,IGNORE,"{'id': 'analyst88', 'name': 'Internal NLP'}","{'id': 'analyst', 'name': 'Analyst'}","{'id': 'analyst-analyst-ratings', 'name': 'Analyst Ratings'}",EUR,1,TOPCS1600,VECTOR,1.0,0.4638,0,0,1.4,[],analyst88,Internal NLP,analyst,Analyst,analyst-analyst-ratings,Analyst Ratings
anl88_ms_synopsis_method2_obj,|' separated string of sentence objectivity scores in synopsis based on method2,"{'id': 'analyst88', 'name': 'Internal NLP'}","{'id': 'analyst', 'name': 'Analyst'}","{'id': 'analyst-analyst-ratings', 'name': 'Analyst Ratings'}",EUR,1,TOPCS1600,VECTOR,1.0,0.4638,0,0,1.4,[],analyst88,Internal NLP,analyst,Analyst,analyst-analyst-ratings,Analyst Ratings
anl88_ms_synopsis_method2_pos,|' separated string of sentence positivity scores in synopsis based on method2,"{'id': 'analyst88', 'name': 'Internal NLP'}","{'id': 'analyst', 'name': 'Analyst'}","{'id': 'analyst-analyst-ratings', 'name': 'Analyst Ratings'}",EUR,1,TOPCS1600,VECTOR,1.0,0.4638,0,0,1.4,[],analyst88,Internal NLP,analyst,Analyst,analyst-analyst-ratings,Analyst Ratings
anl88_ms_synopsis_method2_tok,|' separated string of sentence level token count in synopsis based on method2,"{'id': 'analyst88', 'name': 'Internal NLP'}","{'id': 'analyst', 'name': 'Analyst'}","{'id': 'analyst-analyst-ratings', 'name': 'Analyst Ratings'}",EUR,1,TOPCS1600,VECTOR,1.0,0.4638,0,0,1.4,[],analyst88,Internal NLP,analyst,Analyst,analyst-analyst-ratings,Analyst Ratings
anl88_ms_synopsis_method2_tone,tone in synopsis based on method2,"{'id': 'analyst88', 'name': 'Internal NLP'}","{'id': 'analyst', 'name': 'Analyst'}","{'id': 'analyst-analyst-ratings', 'name': 'Analyst Ratings'}",EUR,1,TOPCS1600,VECTOR,1.0,0.4632,0,0,1.4,[],analyst88,Internal NLP,analyst,Analyst,analyst-analyst-ratings,Analyst Ratings
anl88_ms_synopsis_method3_con,IGNORE,"{'id': 'analyst88', 'name': 'Internal NLP'}","{'id': 'analyst', 'name': 'Analyst'}","{'id': 'analyst-analyst-ratings', 'name': 'Analyst Ratings'}",EUR,1,TOPCS1600,VECTOR,1.0,0.4638,0,0,1.4,[],analyst88,Internal NLP,analyst,Analyst,analyst-analyst-ratings,Analyst Ratings
anl88_ms_synopsis_method3_neg,|' separated string of sentence negativity scores in synopsis based on method3,"{'id': 'analyst88', 'name': 'Internal NLP'}","{'id': 'analyst', 'name': 'Analyst'}","{'id': 'analyst-analyst-ratings', 'name': 'Analyst Ratings'}",EUR,1,TOPCS1600,VECTOR,1.0,0.4638,0,0,1.4,[],analyst88,Internal NLP,analyst,Analyst,analyst-analyst-ratings,Analyst Ratings
anl88_ms_synopsis_method3_neu,IGNORE,"{'id': 'analyst88', 'name': 'Internal NLP'}","{'id': 'analyst', 'name': 'Analyst'}","{'id': 'analyst-analyst-ratings', 'name': 'Analyst Ratings'}",EUR,1,TOPCS1600,VECTOR,1.0,0.4638,0,0,1.4,[],analyst88,Internal NLP,analyst,Analyst,analyst-analyst-ratings,Analyst Ratings
anl88_ms_synopsis_method3_obj,|' separated string of sentence objectivity scores in synopsis based on method3,"{'id': 'analyst88', 'name': 'Internal NLP'}","{'id': 'analyst', 'name': 'Analyst'}","{'id': 'analyst-analyst-ratings', 'name': 'Analyst Ratings'}",EUR,1,TOPCS1600,VECTOR,1.0,0.4638,0,0,1.4,[],analyst88,Internal NLP,analyst,Analyst,analyst-analyst-ratings,Analyst Ratings
anl88_ms_synopsis_method3_pos,|' separated string of sentence positivity scores in synopsis based on method3,"{'id': 'analyst88', 'name': 'Internal NLP'}","{'id': 'analyst', 'name': 'Analyst'}","{'id': 'analyst-analyst-ratings', 'name': 'Analyst Ratings'}",EUR,1,TOPCS1600,VECTOR,1.0,0.4638,0,0,1.4,[],analyst88,Internal NLP,analyst,Analyst,analyst-analyst-ratings,Analyst Ratings
anl88_ms_synopsis_method3_tok,|' separated string of sentence level token count in synopsis based on method3,"{'id': 'analyst88', 'name': 'Internal NLP'}","{'id': 'analyst', 'name': 'Analyst'}","{'id': 'analyst-analyst-ratings', 'name': 'Analyst Ratings'}",EUR,1,TOPCS1600,VECTOR,1.0,0.4638,0,0,1.4,[],analyst88,Internal NLP,analyst,Analyst,analyst-analyst-ratings,Analyst Ratings
anl88_ms_synopsis_method3_tone,tone in synopsis based on method3,"{'id': 'analyst88', 'name': 'Internal NLP'}","{'id': 'analyst', 'name': 'Analyst'}","{'id': 'analyst-analyst-ratings', 'name': 'Analyst Ratings'}",EUR,1,TOPCS1600,VECTOR,1.0,0.4632,0,0,1.4,[],analyst88,Internal NLP,analyst,Analyst,analyst-analyst-ratings,Analyst Ratings
anl88_ms_synopsis_method4_con,IGNORE,"{'id': 'analyst88', 'name': 'Internal NLP'}","{'id': 'analyst', 'name': 'Analyst'}","{'id': 'analyst-analyst-ratings', 'name': 'Analyst Ratings'}",EUR,1,TOPCS1600,VECTOR,1.0,0.4638,0,0,1.4,[],analyst88,Internal NLP,analyst,Analyst,analyst-analyst-ratings,Analyst Ratings
anl88_ms_synopsis_method4_neg,|' separated string of sentence negativity scores in synopsis based on method4,"{'id': 'analyst88', 'name': 'Internal NLP'}","{'id': 'analyst', 'name': 'Analyst'}","{'id': 'analyst-analyst-ratings', 'name': 'Analyst Ratings'}",EUR,1,TOPCS1600,VECTOR,1.0,0.4638,0,0,1.4,[],analyst88,Internal NLP,analyst,Analyst,analyst-analyst-ratings,Analyst Ratings
anl88_ms_synopsis_method4_neu,IGNORE,"{'id': 'analyst88', 'name': 'Internal NLP'}","{'id': 'analyst', 'name': 'Analyst'}","{'id': 'analyst-analyst-ratings', 'name': 'Analyst Ratings'}",EUR,1,TOPCS1600,VECTOR,1.0,0.4638,0,0,1.4,[],analyst88,Internal NLP,analyst,Analyst,analyst-analyst-ratings,Analyst Ratings
anl88_ms_synopsis_method4_obj,|' separated string of sentence objectivity scores in synopsis based on method4,"{'id': 'analyst88', 'name': 'Internal NLP'}","{'id': 'analyst', 'name': 'Analyst'}","{'id': 'analyst-analyst-ratings', 'name': 'Analyst Ratings'}",EUR,1,TOPCS1600,VECTOR,1.0,0.4638,0,0,1.4,[],analyst88,Internal NLP,analyst,Analyst,analyst-analyst-ratings,Analyst Ratings
anl88_ms_synopsis_method4_pos,|' separated string of sentence positivity scores in synopsis based on method4,"{'id': 'analyst88', 'name': 'Internal NLP'}","{'id': 'analyst', 'name': 'Analyst'}","{'id': 'analyst-analyst-ratings', 'name': 'Analyst Ratings'}",EUR,1,TOPCS1600,VECTOR,1.0,0.4638,0,0,1.4,[],analyst88,Internal NLP,analyst,Analyst,analyst-analyst-ratings,Analyst Ratings
anl88_ms_synopsis_method4_tok,|' separated string of sentence level token count in synopsis based on method4,"{'id': 'analyst88', 'name': 'Internal NLP'}","{'id': 'analyst', 'name': 'Analyst'}","{'id': 'analyst-analyst-ratings', 'name': 'Analyst Ratings'}",EUR,1,TOPCS1600,VECTOR,1.0,0.4638,0,0,1.4,[],analyst88,Internal NLP,analyst,Analyst,analyst-analyst-ratings,Analyst Ratings
anl88_ms_synopsis_method4_tone,tone in synopsis based on method4,"{'id': 'analyst88', 'name': 'Internal NLP'}","{'id': 'analyst', 'name': 'Analyst'}","{'id': 'analyst-analyst-ratings', 'name': 'Analyst Ratings'}",EUR,1,TOPCS1600,VECTOR,1.0,0.4631,0,0,1.4,[],analyst88,Internal NLP,analyst,Analyst,analyst-analyst-ratings,Analyst Ratings
anl88_ms_synopsis_method5_con,IGNORE,"{'id': 'analyst88', 'name': 'Internal NLP'}","{'id': 'analyst', 'name': 'Analyst'}","{'id': 'analyst-analyst-ratings', 'name': 'Analyst Ratings'}",EUR,1,TOPCS1600,VECTOR,1.0,0.4638,0,0,1.4,[],analyst88,Internal NLP,analyst,Analyst,analyst-analyst-ratings,Analyst Ratings
anl88_ms_synopsis_method5_neg,|' separated string of sentence negativity scores in synopsis based on method5,"{'id': 'analyst88', 'name': 'Internal NLP'}","{'id': 'analyst', 'name': 'Analyst'}","{'id': 'analyst-analyst-ratings', 'name': 'Analyst Ratings'}",EUR,1,TOPCS1600,VECTOR,1.0,0.4638,0,0,1.4,[],analyst88,Internal NLP,analyst,Analyst,analyst-analyst-ratings,Analyst Ratings
anl88_ms_synopsis_method5_neu,|' separated string of sentence neutrality scores in synopsis based on method5,"{'id': 'analyst88', 'name': 'Internal NLP'}","{'id': 'analyst', 'name': 'Analyst'}","{'id': 'analyst-analyst-ratings', 'name': 'Analyst Ratings'}",EUR,1,TOPCS1600,VECTOR,1.0,0.4638,0,0,1.4,[],analyst88,Internal NLP,analyst,Analyst,analyst-analyst-ratings,Analyst Ratings
anl88_ms_synopsis_method5_obj,IGNORE,"{'id': 'analyst88', 'name': 'Internal NLP'}","{'id': 'analyst', 'name': 'Analyst'}","{'id': 'analyst-analyst-ratings', 'name': 'Analyst Ratings'}",EUR,1,TOPCS1600,VECTOR,1.0,0.4638,0,0,1.4,[],analyst88,Internal NLP,analyst,Analyst,analyst-analyst-ratings,Analyst Ratings
anl88_ms_synopsis_method5_pos,|' separated string of sentence positivity scores in synopsis based on method5,"{'id': 'analyst88', 'name': 'Internal NLP'}","{'id': 'analyst', 'name': 'Analyst'}","{'id': 'analyst-analyst-ratings', 'name': 'Analyst Ratings'}",EUR,1,TOPCS1600,VECTOR,1.0,0.4638,0,0,1.4,[],analyst88,Internal NLP,analyst,Analyst,analyst-analyst-ratings,Analyst Ratings
anl88_ms_synopsis_method5_tok,|' separated string of sentence level token count in synopsis based on method5,"{'id': 'analyst88', 'name': 'Internal NLP'}","{'id': 'analyst', 'name': 'Analyst'}","{'id': 'analyst-analyst-ratings', 'name': 'Analyst Ratings'}",EUR,1,TOPCS1600,VECTOR,1.0,0.4638,0,0,1.4,[],analyst88,Internal NLP,analyst,Analyst,analyst-analyst-ratings,Analyst Ratings
anl88_ms_synopsis_method5_tone,tone in synopsis based on method5,"{'id': 'analyst88', 'name': 'Internal NLP'}","{'id': 'analyst', 'name': 'Analyst'}","{'id': 'analyst-analyst-ratings', 'name': 'Analyst Ratings'}",EUR,1,TOPCS1600,VECTOR,1.0,0.4632,0,0,1.4,[],analyst88,Internal NLP,analyst,Analyst,analyst-analyst-ratings,Analyst Ratings
anl88_ms_synopsis_start,|' separated string of sentence start position (character) in synopsis,"{'id': 'analyst88', 'name': 'Internal NLP'}","{'id': 'analyst', 'name': 'Analyst'}","{'id': 'analyst-analyst-ratings', 'name': 'Analyst Ratings'}",EUR,1,TOPCS1600,VECTOR,1.0,0.4638,0,0,1.4,[],analyst88,Internal NLP,analyst,Analyst,analyst-analyst-ratings,Analyst Ratings
anl88_ms_title,Title of the report,"{'id': 'analyst88', 'name': 'Internal NLP'}","{'id': 'analyst', 'name': 'Analyst'}","{'id': 'analyst-analyst-ratings', 'name': 'Analyst Ratings'}",EUR,1,TOPCS1600,VECTOR,1.0,0.4638,0,0,1.4,[],analyst88,Internal NLP,analyst,Analyst,analyst-analyst-ratings,Analyst Ratings
anl88_ms_title_end,|' separated string of sentence end position (character) in title,"{'id': 'analyst88', 'name': 'Internal NLP'}","{'id': 'analyst', 'name': 'Analyst'}","{'id': 'analyst-analyst-ratings', 'name': 'Analyst Ratings'}",EUR,1,TOPCS1600,VECTOR,1.0,0.4638,0,0,1.4,[],analyst88,Internal NLP,analyst,Analyst,analyst-analyst-ratings,Analyst Ratings
anl88_ms_title_method1_con,IGNORE,"{'id': 'analyst88', 'name': 'Internal NLP'}","{'id': 'analyst', 'name': 'Analyst'}","{'id': 'analyst-analyst-ratings', 'name': 'Analyst Ratings'}",EUR,1,TOPCS1600,VECTOR,1.0,0.4638,0,0,1.4,[],analyst88,Internal NLP,analyst,Analyst,analyst-analyst-ratings,Analyst Ratings
anl88_ms_title_method1_neg,|' separated string of sentence negativity scores in title based on method1,"{'id': 'analyst88', 'name': 'Internal NLP'}","{'id': 'analyst', 'name': 'Analyst'}","{'id': 'analyst-analyst-ratings', 'name': 'Analyst Ratings'}",EUR,1,TOPCS1600,VECTOR,1.0,0.4638,0,0,1.4,[],analyst88,Internal NLP,analyst,Analyst,analyst-analyst-ratings,Analyst Ratings
anl88_ms_title_method1_neu,|' separated string of sentence neutrality scores in title based on method1,"{'id': 'analyst88', 'name': 'Internal NLP'}","{'id': 'analyst', 'name': 'Analyst'}","{'id': 'analyst-analyst-ratings', 'name': 'Analyst Ratings'}",EUR,1,TOPCS1600,VECTOR,1.0,0.4638,0,0,1.4,[],analyst88,Internal NLP,analyst,Analyst,analyst-analyst-ratings,Analyst Ratings
anl88_ms_title_method1_obj,IGNORE,"{'id': 'analyst88', 'name': 'Internal NLP'}","{'id': 'analyst', 'name': 'Analyst'}","{'id': 'analyst-analyst-ratings', 'name': 'Analyst Ratings'}",EUR,1,TOPCS1600,VECTOR,1.0,0.4638,0,0,1.4,[],analyst88,Internal NLP,analyst,Analyst,analyst-analyst-ratings,Analyst Ratings
anl88_ms_title_method1_pos,|' separated string of sentence positivity scores in title based on method1,"{'id': 'analyst88', 'name': 'Internal NLP'}","{'id': 'analyst', 'name': 'Analyst'}","{'id': 'analyst-analyst-ratings', 'name': 'Analyst Ratings'}",EUR,1,TOPCS1600,VECTOR,1.0,0.4638,0,0,1.4,[],analyst88,Internal NLP,analyst,Analyst,analyst-analyst-ratings,Analyst Ratings
anl88_ms_title_method1_tok,|' separated string of sentence level token count in title based on method1,"{'id': 'analyst88', 'name': 'Internal NLP'}","{'id': 'analyst', 'name': 'Analyst'}","{'id': 'analyst-analyst-ratings', 'name': 'Analyst Ratings'}",EUR,1,TOPCS1600,VECTOR,1.0,0.4638,0,0,1.4,[],analyst88,Internal NLP,analyst,Analyst,analyst-analyst-ratings,Analyst Ratings
anl88_ms_title_method1_tone,tone in title based on method1,"{'id': 'analyst88', 'name': 'Internal NLP'}","{'id': 'analyst', 'name': 'Analyst'}","{'id': 'analyst-analyst-ratings', 'name': 'Analyst Ratings'}",EUR,1,TOPCS1600,VECTOR,1.0,0.3166,0,0,1.4,[],analyst88,Internal NLP,analyst,Analyst,analyst-analyst-ratings,Analyst Ratings
anl88_ms_title_method2_con,IGNORE,"{'id': 'analyst88', 'name': 'Internal NLP'}","{'id': 'analyst', 'name': 'Analyst'}","{'id': 'analyst-analyst-ratings', 'name': 'Analyst Ratings'}",EUR,1,TOPCS1600,VECTOR,1.0,0.4638,0,0,1.4,[],analyst88,Internal NLP,analyst,Analyst,analyst-analyst-ratings,Analyst Ratings
anl88_ms_title_method2_neg,|' separated string of sentence negativity scores in title based on method2,"{'id': 'analyst88', 'name': 'Internal NLP'}","{'id': 'analyst', 'name': 'Analyst'}","{'id': 'analyst-analyst-ratings', 'name': 'Analyst Ratings'}",EUR,1,TOPCS1600,VECTOR,1.0,0.4638,0,0,1.4,[],analyst88,Internal NLP,analyst,Analyst,analyst-analyst-ratings,Analyst Ratings
anl88_ms_title_method2_neu,IGNORE,"{'id': 'analyst88', 'name': 'Internal NLP'}","{'id': 'analyst', 'name': 'Analyst'}","{'id': 'analyst-analyst-ratings', 'name': 'Analyst Ratings'}",EUR,1,TOPCS1600,VECTOR,1.0,0.4638,0,0,1.4,[],analyst88,Internal NLP,analyst,Analyst,analyst-analyst-ratings,Analyst Ratings
anl88_ms_title_method2_obj,|' separated string of sentence objectivity scores in title based on method2,"{'id': 'analyst88', 'name': 'Internal NLP'}","{'id': 'analyst', 'name': 'Analyst'}","{'id': 'analyst-analyst-ratings', 'name': 'Analyst Ratings'}",EUR,1,TOPCS1600,VECTOR,1.0,0.4638,0,0,1.4,[],analyst88,Internal NLP,analyst,Analyst,analyst-analyst-ratings,Analyst Ratings
anl88_ms_title_method2_pos,|' separated string of sentence positivity scores in title based on method2,"{'id': 'analyst88', 'name': 'Internal NLP'}","{'id': 'analyst', 'name': 'Analyst'}","{'id': 'analyst-analyst-ratings', 'name': 'Analyst Ratings'}",EUR,1,TOPCS1600,VECTOR,1.0,0.4638,0,0,1.4,[],analyst88,Internal NLP,analyst,Analyst,analyst-analyst-ratings,Analyst Ratings
anl88_ms_title_method2_tok,|' separated string of sentence level token count in title based on method2,"{'id': 'analyst88', 'name': 'Internal NLP'}","{'id': 'analyst', 'name': 'Analyst'}","{'id': 'analyst-analyst-ratings', 'name': 'Analyst Ratings'}",EUR,1,TOPCS1600,VECTOR,1.0,0.4638,0,0,1.4,[],analyst88,Internal NLP,analyst,Analyst,analyst-analyst-ratings,Analyst Ratings
anl88_ms_title_method2_tone,tone in title based on method2,"{'id': 'analyst88', 'name': 'Internal NLP'}","{'id': 'analyst', 'name': 'Analyst'}","{'id': 'analyst-analyst-ratings', 'name': 'Analyst Ratings'}",EUR,1,TOPCS1600,VECTOR,1.0,0.4618,0,0,1.4,[],analyst88,Internal NLP,analyst,Analyst,analyst-analyst-ratings,Analyst Ratings
anl88_ms_title_method3_con,IGNORE,"{'id': 'analyst88', 'name': 'Internal NLP'}","{'id': 'analyst', 'name': 'Analyst'}","{'id': 'analyst-analyst-ratings', 'name': 'Analyst Ratings'}",EUR,1,TOPCS1600,VECTOR,1.0,0.4638,0,0,1.4,[],analyst88,Internal NLP,analyst,Analyst,analyst-analyst-ratings,Analyst Ratings
anl88_ms_title_method3_neg,|' separated string of sentence negativity scores in title based on method3,"{'id': 'analyst88', 'name': 'Internal NLP'}","{'id': 'analyst', 'name': 'Analyst'}","{'id': 'analyst-analyst-ratings', 'name': 'Analyst Ratings'}",EUR,1,TOPCS1600,VECTOR,1.0,0.4638,0,0,1.4,[],analyst88,Internal NLP,analyst,Analyst,analyst-analyst-ratings,Analyst Ratings
anl88_ms_title_method3_neu,IGNORE,"{'id': 'analyst88', 'name': 'Internal NLP'}","{'id': 'analyst', 'name': 'Analyst'}","{'id': 'analyst-analyst-ratings', 'name': 'Analyst Ratings'}",EUR,1,TOPCS1600,VECTOR,1.0,0.4638,0,0,1.4,[],analyst88,Internal NLP,analyst,Analyst,analyst-analyst-ratings,Analyst Ratings
anl88_ms_title_method3_obj,|' separated string of sentence objectivity scores in title based on method3,"{'id': 'analyst88', 'name': 'Internal NLP'}","{'id': 'analyst', 'name': 'Analyst'}","{'id': 'analyst-analyst-ratings', 'name': 'Analyst Ratings'}",EUR,1,TOPCS1600,VECTOR,1.0,0.4638,0,0,1.4,[],analyst88,Internal NLP,analyst,Analyst,analyst-analyst-ratings,Analyst Ratings
anl88_ms_title_method3_pos,|' separated string of sentence positivity scores in title based on method3,"{'id': 'analyst88', 'name': 'Internal NLP'}","{'id': 'analyst', 'name': 'Analyst'}","{'id': 'analyst-analyst-ratings', 'name': 'Analyst Ratings'}",EUR,1,TOPCS1600,VECTOR,1.0,0.4638,0,0,1.4,[],analyst88,Internal NLP,analyst,Analyst,analyst-analyst-ratings,Analyst Ratings
anl88_ms_title_method3_tok,|' separated string of sentence level token count in title based on method3,"{'id': 'analyst88', 'name': 'Internal NLP'}","{'id': 'analyst', 'name': 'Analyst'}","{'id': 'analyst-analyst-ratings', 'name': 'Analyst Ratings'}",EUR,1,TOPCS1600,VECTOR,1.0,0.4638,0,0,1.4,[],analyst88,Internal NLP,analyst,Analyst,analyst-analyst-ratings,Analyst Ratings
anl88_ms_title_method3_tone,tone in title based on method3,"{'id': 'analyst88', 'name': 'Internal NLP'}","{'id': 'analyst', 'name': 'Analyst'}","{'id': 'analyst-analyst-ratings', 'name': 'Analyst Ratings'}",EUR,1,TOPCS1600,VECTOR,1.0,0.4618,0,0,1.4,[],analyst88,Internal NLP,analyst,Analyst,analyst-analyst-ratings,Analyst Ratings
anl88_ms_title_method4_con,IGNORE,"{'id': 'analyst88', 'name': 'Internal NLP'}","{'id': 'analyst', 'name': 'Analyst'}","{'id': 'analyst-analyst-ratings', 'name': 'Analyst Ratings'}",EUR,1,TOPCS1600,VECTOR,1.0,0.4638,0,0,1.4,[],analyst88,Internal NLP,analyst,Analyst,analyst-analyst-ratings,Analyst Ratings
anl88_ms_title_method4_neg,|' separated string of sentence negativity scores in title based on method4,"{'id': 'analyst88', 'name': 'Internal NLP'}","{'id': 'analyst', 'name': 'Analyst'}","{'id': 'analyst-analyst-ratings', 'name': 'Analyst Ratings'}",EUR,1,TOPCS1600,VECTOR,1.0,0.4638,0,0,1.4,[],analyst88,Internal NLP,analyst,Analyst,analyst-analyst-ratings,Analyst Ratings
anl88_ms_title_method4_neu,IGNORE,"{'id': 'analyst88', 'name': 'Internal NLP'}","{'id': 'analyst', 'name': 'Analyst'}","{'id': 'analyst-analyst-ratings', 'name': 'Analyst Ratings'}",EUR,1,TOPCS1600,VECTOR,1.0,0.4638,0,0,1.4,[],analyst88,Internal NLP,analyst,Analyst,analyst-analyst-ratings,Analyst Ratings
anl88_ms_title_method4_obj,|' separated string of sentence objectivity scores in title based on method4,"{'id': 'analyst88', 'name': 'Internal NLP'}","{'id': 'analyst', 'name': 'Analyst'}","{'id': 'analyst-analyst-ratings', 'name': 'Analyst Ratings'}",EUR,1,TOPCS1600,VECTOR,1.0,0.4638,0,0,1.4,[],analyst88,Internal NLP,analyst,Analyst,analyst-analyst-ratings,Analyst Ratings
anl88_ms_title_method4_pos,|' separated string of sentence positivity scores in title based on method4,"{'id': 'analyst88', 'name': 'Internal NLP'}","{'id': 'analyst', 'name': 'Analyst'}","{'id': 'analyst-analyst-ratings', 'name': 'Analyst Ratings'}",EUR,1,TOPCS1600,VECTOR,1.0,0.4638,0,0,1.4,[],analyst88,Internal NLP,analyst,Analyst,analyst-analyst-ratings,Analyst Ratings
anl88_ms_title_method4_tok,|' separated string of sentence level token count in title based on method4,"{'id': 'analyst88', 'name': 'Internal NLP'}","{'id': 'analyst', 'name': 'Analyst'}","{'id': 'analyst-analyst-ratings', 'name': 'Analyst Ratings'}",EUR,1,TOPCS1600,VECTOR,1.0,0.4638,0,0,1.4,[],analyst88,Internal NLP,analyst,Analyst,analyst-analyst-ratings,Analyst Ratings
anl88_ms_title_method4_tone,tone in title based on method4,"{'id': 'analyst88', 'name': 'Internal NLP'}","{'id': 'analyst', 'name': 'Analyst'}","{'id': 'analyst-analyst-ratings', 'name': 'Analyst Ratings'}",EUR,1,TOPCS1600,VECTOR,1.0,0.4,0,0,1.4,[],analyst88,Internal NLP,analyst,Analyst,analyst-analyst-ratings,Analyst Ratings
anl88_ms_title_method5_con,IGNORE,"{'id': 'analyst88', 'name': 'Internal NLP'}","{'id': 'analyst', 'name': 'Analyst'}","{'id': 'analyst-analyst-ratings', 'name': 'Analyst Ratings'}",EUR,1,TOPCS1600,VECTOR,1.0,0.4638,0,0,1.4,[],analyst88,Internal NLP,analyst,Analyst,analyst-analyst-ratings,Analyst Ratings
anl88_ms_title_method5_neg,|' separated string of sentence negativity scores in title based on method5,"{'id': 'analyst88', 'name': 'Internal NLP'}","{'id': 'analyst', 'name': 'Analyst'}","{'id': 'analyst-analyst-ratings', 'name': 'Analyst Ratings'}",EUR,1,TOPCS1600,VECTOR,1.0,0.4638,0,0,1.4,[],analyst88,Internal NLP,analyst,Analyst,analyst-analyst-ratings,Analyst Ratings
anl88_ms_title_method5_neu,|' separated string of sentence neutrality scores in title based on method5,"{'id': 'analyst88', 'name': 'Internal NLP'}","{'id': 'analyst', 'name': 'Analyst'}","{'id': 'analyst-analyst-ratings', 'name': 'Analyst Ratings'}",EUR,1,TOPCS1600,VECTOR,1.0,0.4638,0,0,1.4,[],analyst88,Internal NLP,analyst,Analyst,analyst-analyst-ratings,Analyst Ratings
anl88_ms_title_method5_obj,IGNORE,"{'id': 'analyst88', 'name': 'Internal NLP'}","{'id': 'analyst', 'name': 'Analyst'}","{'id': 'analyst-analyst-ratings', 'name': 'Analyst Ratings'}",EUR,1,TOPCS1600,VECTOR,1.0,0.4638,0,0,1.4,[],analyst88,Internal NLP,analyst,Analyst,analyst-analyst-ratings,Analyst Ratings
anl88_ms_title_method5_pos,|' separated string of sentence positivity scores in title based on method5,"{'id': 'analyst88', 'name': 'Internal NLP'}","{'id': 'analyst', 'name': 'Analyst'}","{'id': 'analyst-analyst-ratings', 'name': 'Analyst Ratings'}",EUR,1,TOPCS1600,VECTOR,1.0,0.4638,0,0,1.4,[],analyst88,Internal NLP,analyst,Analyst,analyst-analyst-ratings,Analyst Ratings
anl88_ms_title_method5_tok,|' separated string of sentence level token count in title based on method5,"{'id': 'analyst88', 'name': 'Internal NLP'}","{'id': 'analyst', 'name': 'Analyst'}","{'id': 'analyst-analyst-ratings', 'name': 'Analyst Ratings'}",EUR,1,TOPCS1600,VECTOR,1.0,0.4638,0,0,1.4,[],analyst88,Internal NLP,analyst,Analyst,analyst-analyst-ratings,Analyst Ratings
anl88_ms_title_method5_tone,tone in title based on method5,"{'id': 'analyst88', 'name': 'Internal NLP'}","{'id': 'analyst', 'name': 'Analyst'}","{'id': 'analyst-analyst-ratings', 'name': 'Analyst Ratings'}",EUR,1,TOPCS1600,VECTOR,1.0,0.4638,0,0,1.4,[],analyst88,Internal NLP,analyst,Analyst,analyst-analyst-ratings,Analyst Ratings
anl88_ms_title_start,|' separated string of sentence start position (character) in title,"{'id': 'analyst88', 'name': 'Internal NLP'}","{'id': 'analyst', 'name': 'Analyst'}","{'id': 'analyst-analyst-ratings', 'name': 'Analyst Ratings'}",EUR,1,TOPCS1600,VECTOR,1.0,0.4638,0,0,1.4,[],analyst88,Internal NLP,analyst,Analyst,analyst-analyst-ratings,Analyst Ratings
anl88_ms_wqreceivetime,Timestamp at which the file is received,"{'id': 'analyst88', 'name': 'Internal NLP'}","{'id': 'analyst', 'name': 'Analyst'}","{'id': 'analyst-analyst-ratings', 'name': 'Analyst Ratings'}",EUR,1,TOPCS1600,VECTOR,1.0,0.4638,0,0,1.4,[],analyst88,Internal NLP,analyst,Analyst,analyst-analyst-ratings,Analyst Ratings
anl88_ubs_modifytimeutc,Modify date of the file in UTC,"{'id': 'analyst88', 'name': 'Internal NLP'}","{'id': 'analyst', 'name': 'Analyst'}","{'id': 'analyst-analyst-ratings', 'name': 'Analyst Ratings'}",EUR,1,TOPCS1600,VECTOR,1.0,0.5868,0,0,1.4,[],analyst88,Internal NLP,analyst,Analyst,analyst-analyst-ratings,Analyst Ratings
anl88_ubs_modifytimeutctime,Modify time of the file in UTC,"{'id': 'analyst88', 'name': 'Internal NLP'}","{'id': 'analyst', 'name': 'Analyst'}","{'id': 'analyst-analyst-ratings', 'name': 'Analyst Ratings'}",EUR,1,TOPCS1600,VECTOR,1.0,0.5868,0,0,1.4,[],analyst88,Internal NLP,analyst,Analyst,analyst-analyst-ratings,Analyst Ratings
