id,description,dataset,category,subcategory,region,delay,universe,type,dateCoverage,coverage,userCount,alphaCount,pyramidMultiplier,themes,dataset_id,dataset_name,category_id,category_name,subcategory_id,subcategory_name
anl11_1e,Aggregate KPI for Pollution Prevention  & Environmental Remediation,"{'id': 'analyst11', 'name': 'ESG scores'}","{'id': 'analyst', 'name': 'Analyst'}","{'id': 'analyst-esg', 'name': 'ESG'}",EUR,1,TOPCS1600,MATRIX,1.0,0.906,1,1,1.4,"[{'id': '7yd5mJB', 'name': 'EUR TOPCS1600 ATOM Datasets Theme', 'multiplier': 2.0}]",analyst11,ESG scores,analyst,Analyst,analyst-esg,ESG
anl11_1g,"Aggregate KPI for Board Indepndence, Diversity, & Effectiveness","{'id': 'analyst11', 'name': 'ESG scores'}","{'id': 'analyst', 'name': 'Analyst'}","{'id': 'analyst-esg', 'name': 'ESG'}",EUR,1,TOPCS1600,MATRIX,1.0,0.9005,1,2,1.4,"[{'id': '7yd5mJB', 'name': 'EUR TOPCS1600 ATOM Datasets Theme', 'multiplier': 2.0}]",analyst11,ESG scores,analyst,Analyst,analyst-esg,ESG
anl11_1pme,Aggregate KPI for Compensation & Employee Satisfaction,"{'id': 'analyst11', 'name': 'ESG scores'}","{'id': 'analyst', 'name': 'Analyst'}","{'id': 'analyst-esg', 'name': 'ESG'}",EUR,1,TOPCS1600,MATRIX,1.0,0.8921,3,3,1.4,"[{'id': '7yd5mJB', 'name': 'EUR TOPCS1600 ATOM Datasets Theme', 'multiplier': 2.0}]",analyst11,ESG scores,analyst,Analyst,analyst-esg,ESG
anl11_1tic,Aggregate KPI for Community Engagement & Charitable Activities,"{'id': 'analyst11', 'name': 'ESG scores'}","{'id': 'analyst', 'name': 'Analyst'}","{'id': 'analyst-esg', 'name': 'ESG'}",EUR,1,TOPCS1600,MATRIX,1.0,0.9037,1,1,1.4,"[{'id': '7yd5mJB', 'name': 'EUR TOPCS1600 ATOM Datasets Theme', 'multiplier': 2.0}]",analyst11,ESG scores,analyst,Analyst,analyst-esg,ESG
anl11_2_1e,Aggregate KPI for pollution prevention & environmental remediation,"{'id': 'analyst11', 'name': 'ESG scores'}","{'id': 'analyst', 'name': 'Analyst'}","{'id': 'analyst-esg', 'name': 'ESG'}",EUR,1,TOPCS1600,MATRIX,1.0,0.8073,0,0,1.4,"[{'id': '7yd5mJB', 'name': 'EUR TOPCS1600 ATOM Datasets Theme', 'multiplier': 2.0}]",analyst11,ESG scores,analyst,Analyst,analyst-esg,ESG
anl11_2_1g,"Aggregate KPI for Board Independence, Diversity, & Effectiveness","{'id': 'analyst11', 'name': 'ESG scores'}","{'id': 'analyst', 'name': 'Analyst'}","{'id': 'analyst-esg', 'name': 'ESG'}",EUR,1,TOPCS1600,MATRIX,1.0,0.8031,2,2,1.4,"[{'id': '7yd5mJB', 'name': 'EUR TOPCS1600 ATOM Datasets Theme', 'multiplier': 2.0}]",analyst11,ESG scores,analyst,Analyst,analyst-esg,ESG
anl11_2_1pme,Aggregate KPI for Compensation & Employee Satisfaction,"{'id': 'analyst11', 'name': 'ESG scores'}","{'id': 'analyst', 'name': 'Analyst'}","{'id': 'analyst-esg', 'name': 'ESG'}",EUR,1,TOPCS1600,MATRIX,1.0,0.7923,0,0,1.4,"[{'id': '7yd5mJB', 'name': 'EUR TOPCS1600 ATOM Datasets Theme', 'multiplier': 2.0}]",analyst11,ESG scores,analyst,Analyst,analyst-esg,ESG
anl11_2_1tic,Aggregate KPI for Community Engagement & Charitable Activities,"{'id': 'analyst11', 'name': 'ESG scores'}","{'id': 'analyst', 'name': 'Analyst'}","{'id': 'analyst-esg', 'name': 'ESG'}",EUR,1,TOPCS1600,MATRIX,1.0,0.8097,0,0,1.4,"[{'id': '7yd5mJB', 'name': 'EUR TOPCS1600 ATOM Datasets Theme', 'multiplier': 2.0}]",analyst11,ESG scores,analyst,Analyst,analyst-esg,ESG
anl11_2_2e,Aggregate KPI for Anti-Pollution Policies & Environmental Transparency,"{'id': 'analyst11', 'name': 'ESG scores'}","{'id': 'analyst', 'name': 'Analyst'}","{'id': 'analyst-esg', 'name': 'ESG'}",EUR,1,TOPCS1600,MATRIX,1.0,0.8054,4,4,1.4,"[{'id': '7yd5mJB', 'name': 'EUR TOPCS1600 ATOM Datasets Theme', 'multiplier': 2.0}]",analyst11,ESG scores,analyst,Analyst,analyst-esg,ESG
anl11_2_2g,Aggregate KPI for Management Standards & Ethics,"{'id': 'analyst11', 'name': 'ESG scores'}","{'id': 'analyst', 'name': 'Analyst'}","{'id': 'analyst-esg', 'name': 'ESG'}",EUR,1,TOPCS1600,MATRIX,1.0,0.8172,0,0,1.4,"[{'id': '7yd5mJB', 'name': 'EUR TOPCS1600 ATOM Datasets Theme', 'multiplier': 2.0}]",analyst11,ESG scores,analyst,Analyst,analyst-esg,ESG
anl11_2_2pme,Aggregate KPI for employee diversity treatment & labor rights,"{'id': 'analyst11', 'name': 'ESG scores'}","{'id': 'analyst', 'name': 'Analyst'}","{'id': 'analyst-esg', 'name': 'ESG'}",EUR,1,TOPCS1600,MATRIX,1.0,0.8002,0,0,1.4,"[{'id': '7yd5mJB', 'name': 'EUR TOPCS1600 ATOM Datasets Theme', 'multiplier': 2.0}]",analyst11,ESG scores,analyst,Analyst,analyst-esg,ESG
anl11_2_2tic,"Aggregate KPI for Human Rights Activism, Supply Chain, Labor & Human Rights Policies","{'id': 'analyst11', 'name': 'ESG scores'}","{'id': 'analyst', 'name': 'Analyst'}","{'id': 'analyst-esg', 'name': 'ESG'}",EUR,1,TOPCS1600,MATRIX,1.0,0.8025,0,0,1.4,"[{'id': '7yd5mJB', 'name': 'EUR TOPCS1600 ATOM Datasets Theme', 'multiplier': 2.0}]",analyst11,ESG scores,analyst,Analyst,analyst-esg,ESG
anl11_2_3e,Aggregate KPI for Energy & Resource Efficiency,"{'id': 'analyst11', 'name': 'ESG scores'}","{'id': 'analyst', 'name': 'Analyst'}","{'id': 'analyst-esg', 'name': 'ESG'}",EUR,1,TOPCS1600,MATRIX,1.0,0.8161,0,0,1.4,"[{'id': '7yd5mJB', 'name': 'EUR TOPCS1600 ATOM Datasets Theme', 'multiplier': 2.0}]",analyst11,ESG scores,analyst,Analyst,analyst-esg,ESG
anl11_2_3g,"Aggregate KPI for Disclosure, Transparency, & Stakeholder Accountability","{'id': 'analyst11', 'name': 'ESG scores'}","{'id': 'analyst', 'name': 'Analyst'}","{'id': 'analyst-esg', 'name': 'ESG'}",EUR,1,TOPCS1600,MATRIX,1.0,0.8159,1,1,1.4,"[{'id': '7yd5mJB', 'name': 'EUR TOPCS1600 ATOM Datasets Theme', 'multiplier': 2.0}]",analyst11,ESG scores,analyst,Analyst,analyst-esg,ESG
anl11_2_3pme,"Aggregate KPI for Employee Continuing Education, Training, Work Conditions, Safety & Health","{'id': 'analyst11', 'name': 'ESG scores'}","{'id': 'analyst', 'name': 'Analyst'}","{'id': 'analyst-esg', 'name': 'ESG'}",EUR,1,TOPCS1600,MATRIX,1.0,0.7975,1,1,1.4,"[{'id': '7yd5mJB', 'name': 'EUR TOPCS1600 ATOM Datasets Theme', 'multiplier': 2.0}]",analyst11,ESG scores,analyst,Analyst,analyst-esg,ESG
anl11_2_3tic,Aggregate KPI for Business Model & Products,"{'id': 'analyst11', 'name': 'ESG scores'}","{'id': 'analyst', 'name': 'Analyst'}","{'id': 'analyst-esg', 'name': 'ESG'}",EUR,1,TOPCS1600,MATRIX,1.0,0.7838,0,0,1.4,"[{'id': '7yd5mJB', 'name': 'EUR TOPCS1600 ATOM Datasets Theme', 'multiplier': 2.0}]",analyst11,ESG scores,analyst,Analyst,analyst-esg,ESG
anl11_2_e,"The E Score averages the E1, E2, and E3 scores.","{'id': 'analyst11', 'name': 'ESG scores'}","{'id': 'analyst', 'name': 'Analyst'}","{'id': 'analyst-esg', 'name': 'ESG'}",EUR,1,TOPCS1600,MATRIX,1.0,0.8205,0,0,1.4,"[{'id': '7yd5mJB', 'name': 'EUR TOPCS1600 ATOM Datasets Theme', 'multiplier': 2.0}]",analyst11,ESG scores,analyst,Analyst,analyst-esg,ESG
anl11_2_g,"The G Score averages the G1, G2, and G3 scores.","{'id': 'analyst11', 'name': 'ESG scores'}","{'id': 'analyst', 'name': 'Analyst'}","{'id': 'analyst-esg', 'name': 'ESG'}",EUR,1,TOPCS1600,MATRIX,1.0,0.8201,0,0,1.4,"[{'id': '7yd5mJB', 'name': 'EUR TOPCS1600 ATOM Datasets Theme', 'multiplier': 2.0}]",analyst11,ESG scores,analyst,Analyst,analyst-esg,ESG
anl11_2_gse,"The ESG Score averages the E, S, and G scores.","{'id': 'analyst11', 'name': 'ESG scores'}","{'id': 'analyst', 'name': 'Analyst'}","{'id': 'analyst-esg', 'name': 'ESG'}",EUR,1,TOPCS1600,MATRIX,1.0,0.8235,1,1,1.4,"[{'id': '7yd5mJB', 'name': 'EUR TOPCS1600 ATOM Datasets Theme', 'multiplier': 2.0}]",analyst11,ESG scores,analyst,Analyst,analyst-esg,ESG
anl11_2_pme,The EMP score averages the three EMP scores.,"{'id': 'analyst11', 'name': 'ESG scores'}","{'id': 'analyst', 'name': 'Analyst'}","{'id': 'analyst-esg', 'name': 'ESG'}",EUR,1,TOPCS1600,MATRIX,1.0,0.8104,0,0,1.4,"[{'id': '7yd5mJB', 'name': 'EUR TOPCS1600 ATOM Datasets Theme', 'multiplier': 2.0}]",analyst11,ESG scores,analyst,Analyst,analyst-esg,ESG
anl11_2_region,Region of the world in which the company is headquartered,"{'id': 'analyst11', 'name': 'ESG scores'}","{'id': 'analyst', 'name': 'Analyst'}","{'id': 'analyst-esg', 'name': 'ESG'}",EUR,1,TOPCS1600,MATRIX,1.0,0.8235,1,1,1.4,"[{'id': '7yd5mJB', 'name': 'EUR TOPCS1600 ATOM Datasets Theme', 'multiplier': 2.0}]",analyst11,ESG scores,analyst,Analyst,analyst-esg,ESG
anl11_2_tic,"The CIT Score averages the CIT1, CIT2, and CIT3 scores.","{'id': 'analyst11', 'name': 'ESG scores'}","{'id': 'analyst', 'name': 'Analyst'}","{'id': 'analyst-esg', 'name': 'ESG'}",EUR,1,TOPCS1600,MATRIX,1.0,0.8182,0,0,1.4,"[{'id': '7yd5mJB', 'name': 'EUR TOPCS1600 ATOM Datasets Theme', 'multiplier': 2.0}]",analyst11,ESG scores,analyst,Analyst,analyst-esg,ESG
anl11_2e,Aggregate KPI for Anti-Polution Policies & Environmental Transparency,"{'id': 'analyst11', 'name': 'ESG scores'}","{'id': 'analyst', 'name': 'Analyst'}","{'id': 'analyst-esg', 'name': 'ESG'}",EUR,1,TOPCS1600,MATRIX,1.0,0.9059,1,1,1.4,"[{'id': '7yd5mJB', 'name': 'EUR TOPCS1600 ATOM Datasets Theme', 'multiplier': 2.0}]",analyst11,ESG scores,analyst,Analyst,analyst-esg,ESG
anl11_2g,Aggregate KPI for Management Standards & Ethics,"{'id': 'analyst11', 'name': 'ESG scores'}","{'id': 'analyst', 'name': 'Analyst'}","{'id': 'analyst-esg', 'name': 'ESG'}",EUR,1,TOPCS1600,MATRIX,1.0,0.9056,0,0,1.4,"[{'id': '7yd5mJB', 'name': 'EUR TOPCS1600 ATOM Datasets Theme', 'multiplier': 2.0}]",analyst11,ESG scores,analyst,Analyst,analyst-esg,ESG
anl11_2pme,"Aggregate KPI for Employee Diversity Treatment, & Labor Rights","{'id': 'analyst11', 'name': 'ESG scores'}","{'id': 'analyst', 'name': 'Analyst'}","{'id': 'analyst-esg', 'name': 'ESG'}",EUR,1,TOPCS1600,MATRIX,1.0,0.8985,0,0,1.4,"[{'id': '7yd5mJB', 'name': 'EUR TOPCS1600 ATOM Datasets Theme', 'multiplier': 2.0}]",analyst11,ESG scores,analyst,Analyst,analyst-esg,ESG
anl11_2tic,"Aggregate KPI for Human Rights Activism, Supply Chain, Labor & Human Rights Policies","{'id': 'analyst11', 'name': 'ESG scores'}","{'id': 'analyst', 'name': 'Analyst'}","{'id': 'analyst-esg', 'name': 'ESG'}",EUR,1,TOPCS1600,MATRIX,1.0,0.9024,0,0,1.4,"[{'id': '7yd5mJB', 'name': 'EUR TOPCS1600 ATOM Datasets Theme', 'multiplier': 2.0}]",analyst11,ESG scores,analyst,Analyst,analyst-esg,ESG
anl11_3e,Aggregate KPI for Energy & Resource Efficiency,"{'id': 'analyst11', 'name': 'ESG scores'}","{'id': 'analyst', 'name': 'Analyst'}","{'id': 'analyst-esg', 'name': 'ESG'}",EUR,1,TOPCS1600,MATRIX,1.0,0.906,0,0,1.4,"[{'id': '7yd5mJB', 'name': 'EUR TOPCS1600 ATOM Datasets Theme', 'multiplier': 2.0}]",analyst11,ESG scores,analyst,Analyst,analyst-esg,ESG
anl11_3g,"Aggregate KPI for Disclosure, Transparency, & Stakeholder Accountability","{'id': 'analyst11', 'name': 'ESG scores'}","{'id': 'analyst', 'name': 'Analyst'}","{'id': 'analyst-esg', 'name': 'ESG'}",EUR,1,TOPCS1600,MATRIX,1.0,0.9043,0,0,1.4,"[{'id': '7yd5mJB', 'name': 'EUR TOPCS1600 ATOM Datasets Theme', 'multiplier': 2.0}]",analyst11,ESG scores,analyst,Analyst,analyst-esg,ESG
anl11_3pme,"Aggregate KPI for Employee Continuing Education, Training, Work Conditionsw, Safety & Health","{'id': 'analyst11', 'name': 'ESG scores'}","{'id': 'analyst', 'name': 'Analyst'}","{'id': 'analyst-esg', 'name': 'ESG'}",EUR,1,TOPCS1600,MATRIX,1.0,0.8975,0,0,1.4,"[{'id': '7yd5mJB', 'name': 'EUR TOPCS1600 ATOM Datasets Theme', 'multiplier': 2.0}]",analyst11,ESG scores,analyst,Analyst,analyst-esg,ESG
anl11_3tic,Aggregate KPI for Business Model & Products,"{'id': 'analyst11', 'name': 'ESG scores'}","{'id': 'analyst', 'name': 'Analyst'}","{'id': 'analyst-esg', 'name': 'ESG'}",EUR,1,TOPCS1600,MATRIX,1.0,0.8986,0,0,1.4,"[{'id': '7yd5mJB', 'name': 'EUR TOPCS1600 ATOM Datasets Theme', 'multiplier': 2.0}]",analyst11,ESG scores,analyst,Analyst,analyst-esg,ESG
anl11_cit1reg_industryperc,Industry Percentile on CIT1 100% being the best,"{'id': 'analyst11', 'name': 'ESG scores'}","{'id': 'analyst', 'name': 'Analyst'}","{'id': 'analyst-esg', 'name': 'ESG'}",EUR,1,TOPCS1600,MATRIX,1.0,0.8852,0,0,1.4,"[{'id': '7yd5mJB', 'name': 'EUR TOPCS1600 ATOM Datasets Theme', 'multiplier': 2.0}]",analyst11,ESG scores,analyst,Analyst,analyst-esg,ESG
anl11_cit1reg_industryrnk,Industry Rank on CIT1 1 being the highest rank,"{'id': 'analyst11', 'name': 'ESG scores'}","{'id': 'analyst', 'name': 'Analyst'}","{'id': 'analyst-esg', 'name': 'ESG'}",EUR,1,TOPCS1600,MATRIX,1.0,0.9037,1,1,1.4,"[{'id': '7yd5mJB', 'name': 'EUR TOPCS1600 ATOM Datasets Theme', 'multiplier': 2.0}]",analyst11,ESG scores,analyst,Analyst,analyst-esg,ESG
anl11_cit1regsubsecperc,SubSector Percentile on CIT1 100% being the best,"{'id': 'analyst11', 'name': 'ESG scores'}","{'id': 'analyst', 'name': 'Analyst'}","{'id': 'analyst-esg', 'name': 'ESG'}",EUR,1,TOPCS1600,MATRIX,1.0,0.8852,0,0,1.4,"[{'id': '7yd5mJB', 'name': 'EUR TOPCS1600 ATOM Datasets Theme', 'multiplier': 2.0}]",analyst11,ESG scores,analyst,Analyst,analyst-esg,ESG
anl11_cit1regsubsecrnk,SubSector Rank on CIT1 1 being the highest rank,"{'id': 'analyst11', 'name': 'ESG scores'}","{'id': 'analyst', 'name': 'Analyst'}","{'id': 'analyst-esg', 'name': 'ESG'}",EUR,1,TOPCS1600,MATRIX,1.0,0.9037,0,0,1.4,"[{'id': '7yd5mJB', 'name': 'EUR TOPCS1600 ATOM Datasets Theme', 'multiplier': 2.0}]",analyst11,ESG scores,analyst,Analyst,analyst-esg,ESG
anl11_cit2reg_industryperc,Industry Percentile on CIT2 100% being the best,"{'id': 'analyst11', 'name': 'ESG scores'}","{'id': 'analyst', 'name': 'Analyst'}","{'id': 'analyst-esg', 'name': 'ESG'}",EUR,1,TOPCS1600,MATRIX,1.0,0.8841,0,0,1.4,"[{'id': '7yd5mJB', 'name': 'EUR TOPCS1600 ATOM Datasets Theme', 'multiplier': 2.0}]",analyst11,ESG scores,analyst,Analyst,analyst-esg,ESG
anl11_cit2reg_industryrnk,Industry Rank on CIT2 1 being the highest rank,"{'id': 'analyst11', 'name': 'ESG scores'}","{'id': 'analyst', 'name': 'Analyst'}","{'id': 'analyst-esg', 'name': 'ESG'}",EUR,1,TOPCS1600,MATRIX,1.0,0.9025,0,0,1.4,"[{'id': '7yd5mJB', 'name': 'EUR TOPCS1600 ATOM Datasets Theme', 'multiplier': 2.0}]",analyst11,ESG scores,analyst,Analyst,analyst-esg,ESG
anl11_cit2regsubsecperc,SubSector Percentile on CIT2 100% being the best,"{'id': 'analyst11', 'name': 'ESG scores'}","{'id': 'analyst', 'name': 'Analyst'}","{'id': 'analyst-esg', 'name': 'ESG'}",EUR,1,TOPCS1600,MATRIX,1.0,0.8841,0,0,1.4,"[{'id': '7yd5mJB', 'name': 'EUR TOPCS1600 ATOM Datasets Theme', 'multiplier': 2.0}]",analyst11,ESG scores,analyst,Analyst,analyst-esg,ESG
anl11_cit2regsubsecrnk,SubSector Rank on CIT2 1 being the highest rank,"{'id': 'analyst11', 'name': 'ESG scores'}","{'id': 'analyst', 'name': 'Analyst'}","{'id': 'analyst-esg', 'name': 'ESG'}",EUR,1,TOPCS1600,MATRIX,1.0,0.9025,0,0,1.4,"[{'id': '7yd5mJB', 'name': 'EUR TOPCS1600 ATOM Datasets Theme', 'multiplier': 2.0}]",analyst11,ESG scores,analyst,Analyst,analyst-esg,ESG
anl11_cit3reg_industryperc,Industry Percentile on CIT3 100% being the best,"{'id': 'analyst11', 'name': 'ESG scores'}","{'id': 'analyst', 'name': 'Analyst'}","{'id': 'analyst-esg', 'name': 'ESG'}",EUR,1,TOPCS1600,MATRIX,1.0,0.8812,0,0,1.4,"[{'id': '7yd5mJB', 'name': 'EUR TOPCS1600 ATOM Datasets Theme', 'multiplier': 2.0}]",analyst11,ESG scores,analyst,Analyst,analyst-esg,ESG
anl11_cit3reg_industryrnk,Industry Rank on CIT3 1 being the highest rank,"{'id': 'analyst11', 'name': 'ESG scores'}","{'id': 'analyst', 'name': 'Analyst'}","{'id': 'analyst-esg', 'name': 'ESG'}",EUR,1,TOPCS1600,MATRIX,1.0,0.8986,0,0,1.4,"[{'id': '7yd5mJB', 'name': 'EUR TOPCS1600 ATOM Datasets Theme', 'multiplier': 2.0}]",analyst11,ESG scores,analyst,Analyst,analyst-esg,ESG
anl11_cit3regsubsecperc,SubSector Percentile on CIT3 100% being the best,"{'id': 'analyst11', 'name': 'ESG scores'}","{'id': 'analyst', 'name': 'Analyst'}","{'id': 'analyst-esg', 'name': 'ESG'}",EUR,1,TOPCS1600,MATRIX,1.0,0.8812,0,0,1.4,"[{'id': '7yd5mJB', 'name': 'EUR TOPCS1600 ATOM Datasets Theme', 'multiplier': 2.0}]",analyst11,ESG scores,analyst,Analyst,analyst-esg,ESG
anl11_cit3regsubsecrnk,SubSector Rank on CIT3 1 being the highest rank,"{'id': 'analyst11', 'name': 'ESG scores'}","{'id': 'analyst', 'name': 'Analyst'}","{'id': 'analyst-esg', 'name': 'ESG'}",EUR,1,TOPCS1600,MATRIX,1.0,0.8986,0,0,1.4,"[{'id': '7yd5mJB', 'name': 'EUR TOPCS1600 ATOM Datasets Theme', 'multiplier': 2.0}]",analyst11,ESG scores,analyst,Analyst,analyst-esg,ESG
anl11_cit_totalcor,The CIT Hybrid Score weights the three CIT scores based on which are strongly rank correlated (to the positive) to financial metrics that are strongly rank correlated to 1yr and 3 yr total returns for that company's peer group,"{'id': 'analyst11', 'name': 'ESG scores'}","{'id': 'analyst', 'name': 'Analyst'}","{'id': 'analyst-esg', 'name': 'ESG'}",EUR,1,TOPCS1600,MATRIX,1.0,0.8211,0,0,1.4,"[{'id': '7yd5mJB', 'name': 'EUR TOPCS1600 ATOM Datasets Theme', 'multiplier': 2.0}]",analyst11,ESG scores,analyst,Analyst,analyst-esg,ESG
anl11_cit_totalcorregsectperc,Sector Percentile on CIT Hybrid Score with 100% being the best,"{'id': 'analyst11', 'name': 'ESG scores'}","{'id': 'analyst', 'name': 'Analyst'}","{'id': 'analyst-esg', 'name': 'ESG'}",EUR,1,TOPCS1600,MATRIX,1.0,0.817,0,0,1.4,"[{'id': '7yd5mJB', 'name': 'EUR TOPCS1600 ATOM Datasets Theme', 'multiplier': 2.0}]",analyst11,ESG scores,analyst,Analyst,analyst-esg,ESG
anl11_cit_totalcorregsectrnk,Sector Rank on CIT Hybrid Score with 1 being the highest rank,"{'id': 'analyst11', 'name': 'ESG scores'}","{'id': 'analyst', 'name': 'Analyst'}","{'id': 'analyst-esg', 'name': 'ESG'}",EUR,1,TOPCS1600,MATRIX,1.0,0.8211,0,0,1.4,"[{'id': '7yd5mJB', 'name': 'EUR TOPCS1600 ATOM Datasets Theme', 'multiplier': 2.0}]",analyst11,ESG scores,analyst,Analyst,analyst-esg,ESG
anl11_cit_totalcorregsubsecperc,SubSector Percentile on CIT Hybrid Score with 100% being the best,"{'id': 'analyst11', 'name': 'ESG scores'}","{'id': 'analyst', 'name': 'Analyst'}","{'id': 'analyst-esg', 'name': 'ESG'}",EUR,1,TOPCS1600,MATRIX,1.0,0.817,0,0,1.4,"[{'id': '7yd5mJB', 'name': 'EUR TOPCS1600 ATOM Datasets Theme', 'multiplier': 2.0}]",analyst11,ESG scores,analyst,Analyst,analyst-esg,ESG
anl11_cit_totalcorregsubsecrnk,SubSector Rank on CIT Hybrid Score with 1 being the highest rank,"{'id': 'analyst11', 'name': 'ESG scores'}","{'id': 'analyst', 'name': 'Analyst'}","{'id': 'analyst-esg', 'name': 'ESG'}",EUR,1,TOPCS1600,MATRIX,1.0,0.8211,0,0,1.4,"[{'id': '7yd5mJB', 'name': 'EUR TOPCS1600 ATOM Datasets Theme', 'multiplier': 2.0}]",analyst11,ESG scores,analyst,Analyst,analyst-esg,ESG
anl11_cit_ttcrg_industryperc,Industry Percentile on CIT Hybrid Score with 100% being the best,"{'id': 'analyst11', 'name': 'ESG scores'}","{'id': 'analyst', 'name': 'Analyst'}","{'id': 'analyst-esg', 'name': 'ESG'}",EUR,1,TOPCS1600,MATRIX,1.0,0.817,0,0,1.4,"[{'id': '7yd5mJB', 'name': 'EUR TOPCS1600 ATOM Datasets Theme', 'multiplier': 2.0}]",analyst11,ESG scores,analyst,Analyst,analyst-esg,ESG
anl11_cit_ttcrg_industryrnk,Industry Rank on CIT Hybrid Score with 1 being the highest rank,"{'id': 'analyst11', 'name': 'ESG scores'}","{'id': 'analyst', 'name': 'Analyst'}","{'id': 'analyst-esg', 'name': 'ESG'}",EUR,1,TOPCS1600,MATRIX,1.0,0.8211,1,1,1.4,"[{'id': '7yd5mJB', 'name': 'EUR TOPCS1600 ATOM Datasets Theme', 'multiplier': 2.0}]",analyst11,ESG scores,analyst,Analyst,analyst-esg,ESG
anl11_citposcorreg_industryperc,Industry Percentile on CIT Max Correlation Score with 100% being the best,"{'id': 'analyst11', 'name': 'ESG scores'}","{'id': 'analyst', 'name': 'Analyst'}","{'id': 'analyst-esg', 'name': 'ESG'}",EUR,1,TOPCS1600,MATRIX,1.0,0.7952,0,0,1.4,"[{'id': '7yd5mJB', 'name': 'EUR TOPCS1600 ATOM Datasets Theme', 'multiplier': 2.0}]",analyst11,ESG scores,analyst,Analyst,analyst-esg,ESG
anl11_citposcorreg_industryrnk,Industry Rank on CIT Max Correlation Score with 1 being the highest rank,"{'id': 'analyst11', 'name': 'ESG scores'}","{'id': 'analyst', 'name': 'Analyst'}","{'id': 'analyst-esg', 'name': 'ESG'}",EUR,1,TOPCS1600,MATRIX,1.0,0.7978,0,0,1.4,"[{'id': '7yd5mJB', 'name': 'EUR TOPCS1600 ATOM Datasets Theme', 'multiplier': 2.0}]",analyst11,ESG scores,analyst,Analyst,analyst-esg,ESG
anl11_citposcorregsubsecrnk,SubSector Percentile on CIT Max Correlation Score with 100% being the best,"{'id': 'analyst11', 'name': 'ESG scores'}","{'id': 'analyst', 'name': 'Analyst'}","{'id': 'analyst-esg', 'name': 'ESG'}",EUR,1,TOPCS1600,MATRIX,1.0,0.7978,1,1,1.4,"[{'id': '7yd5mJB', 'name': 'EUR TOPCS1600 ATOM Datasets Theme', 'multiplier': 2.0}]",analyst11,ESG scores,analyst,Analyst,analyst-esg,ESG
anl11_citreg_industryperc,Industry Percentile on CIT Score with 100% being the best,"{'id': 'analyst11', 'name': 'ESG scores'}","{'id': 'analyst', 'name': 'Analyst'}","{'id': 'analyst-esg', 'name': 'ESG'}",EUR,1,TOPCS1600,MATRIX,1.0,0.8888,0,0,1.4,"[{'id': '7yd5mJB', 'name': 'EUR TOPCS1600 ATOM Datasets Theme', 'multiplier': 2.0}]",analyst11,ESG scores,analyst,Analyst,analyst-esg,ESG
anl11_citreg_industryrnk,Industry Rank on CIT Score with 1 being the highest rank,"{'id': 'analyst11', 'name': 'ESG scores'}","{'id': 'analyst', 'name': 'Analyst'}","{'id': 'analyst-esg', 'name': 'ESG'}",EUR,1,TOPCS1600,MATRIX,1.0,0.9075,0,0,1.4,"[{'id': '7yd5mJB', 'name': 'EUR TOPCS1600 ATOM Datasets Theme', 'multiplier': 2.0}]",analyst11,ESG scores,analyst,Analyst,analyst-esg,ESG
anl11_citregsubsecperc,SubSector Percentile on CIT Score with 100% being the best,"{'id': 'analyst11', 'name': 'ESG scores'}","{'id': 'analyst', 'name': 'Analyst'}","{'id': 'analyst-esg', 'name': 'ESG'}",EUR,1,TOPCS1600,MATRIX,1.0,0.8888,0,0,1.4,"[{'id': '7yd5mJB', 'name': 'EUR TOPCS1600 ATOM Datasets Theme', 'multiplier': 2.0}]",analyst11,ESG scores,analyst,Analyst,analyst-esg,ESG
anl11_citregsubsecrnk,SubSector Rank on CIT Score with 1 being the highest rank,"{'id': 'analyst11', 'name': 'ESG scores'}","{'id': 'analyst', 'name': 'Analyst'}","{'id': 'analyst-esg', 'name': 'ESG'}",EUR,1,TOPCS1600,MATRIX,1.0,0.9075,0,0,1.4,"[{'id': '7yd5mJB', 'name': 'EUR TOPCS1600 ATOM Datasets Theme', 'multiplier': 2.0}]",analyst11,ESG scores,analyst,Analyst,analyst-esg,ESG
anl11_company_name,Company name,"{'id': 'analyst11', 'name': 'ESG scores'}","{'id': 'analyst', 'name': 'Analyst'}","{'id': 'analyst-esg', 'name': 'ESG'}",EUR,1,TOPCS1600,MATRIX,1.0,0.8235,0,0,1.4,"[{'id': '7yd5mJB', 'name': 'EUR TOPCS1600 ATOM Datasets Theme', 'multiplier': 2.0}]",analyst11,ESG scores,analyst,Analyst,analyst-esg,ESG
anl11_creptcesger1e,Sector Percentile on E1 100% being the best,"{'id': 'analyst11', 'name': 'ESG scores'}","{'id': 'analyst', 'name': 'Analyst'}","{'id': 'analyst-esg', 'name': 'ESG'}",EUR,1,TOPCS1600,MATRIX,1.0,0.8877,1,1,1.4,"[{'id': '7yd5mJB', 'name': 'EUR TOPCS1600 ATOM Datasets Theme', 'multiplier': 2.0}]",analyst11,ESG scores,analyst,Analyst,analyst-esg,ESG
anl11_creptcesger1g,Sector Percentile on G1 100% being the best,"{'id': 'analyst11', 'name': 'ESG scores'}","{'id': 'analyst', 'name': 'Analyst'}","{'id': 'analyst-esg', 'name': 'ESG'}",EUR,1,TOPCS1600,MATRIX,1.0,0.8825,0,0,1.4,"[{'id': '7yd5mJB', 'name': 'EUR TOPCS1600 ATOM Datasets Theme', 'multiplier': 2.0}]",analyst11,ESG scores,analyst,Analyst,analyst-esg,ESG
anl11_creptcesger1pme,Sector Percentile on EMP1 100% being the best,"{'id': 'analyst11', 'name': 'ESG scores'}","{'id': 'analyst', 'name': 'Analyst'}","{'id': 'analyst-esg', 'name': 'ESG'}",EUR,1,TOPCS1600,MATRIX,1.0,0.8749,0,0,1.4,"[{'id': '7yd5mJB', 'name': 'EUR TOPCS1600 ATOM Datasets Theme', 'multiplier': 2.0}]",analyst11,ESG scores,analyst,Analyst,analyst-esg,ESG
anl11_creptcesger1tic,Sector Percentile on CIT1 100% being the best,"{'id': 'analyst11', 'name': 'ESG scores'}","{'id': 'analyst', 'name': 'Analyst'}","{'id': 'analyst-esg', 'name': 'ESG'}",EUR,1,TOPCS1600,MATRIX,1.0,0.8852,0,0,1.4,"[{'id': '7yd5mJB', 'name': 'EUR TOPCS1600 ATOM Datasets Theme', 'multiplier': 2.0}]",analyst11,ESG scores,analyst,Analyst,analyst-esg,ESG
anl11_creptcesger2e,Sector Percentile on E2 100% being the best,"{'id': 'analyst11', 'name': 'ESG scores'}","{'id': 'analyst', 'name': 'Analyst'}","{'id': 'analyst-esg', 'name': 'ESG'}",EUR,1,TOPCS1600,MATRIX,1.0,0.8874,1,1,1.4,"[{'id': '7yd5mJB', 'name': 'EUR TOPCS1600 ATOM Datasets Theme', 'multiplier': 2.0}]",analyst11,ESG scores,analyst,Analyst,analyst-esg,ESG
anl11_creptcesger2g,Sector Percentile on G2 100% being the best,"{'id': 'analyst11', 'name': 'ESG scores'}","{'id': 'analyst', 'name': 'Analyst'}","{'id': 'analyst-esg', 'name': 'ESG'}",EUR,1,TOPCS1600,MATRIX,1.0,0.8871,0,0,1.4,"[{'id': '7yd5mJB', 'name': 'EUR TOPCS1600 ATOM Datasets Theme', 'multiplier': 2.0}]",analyst11,ESG scores,analyst,Analyst,analyst-esg,ESG
anl11_creptcesger2pme,Sector Percentile on EMP2 100% being the best,"{'id': 'analyst11', 'name': 'ESG scores'}","{'id': 'analyst', 'name': 'Analyst'}","{'id': 'analyst-esg', 'name': 'ESG'}",EUR,1,TOPCS1600,MATRIX,1.0,0.8812,0,0,1.4,"[{'id': '7yd5mJB', 'name': 'EUR TOPCS1600 ATOM Datasets Theme', 'multiplier': 2.0}]",analyst11,ESG scores,analyst,Analyst,analyst-esg,ESG
anl11_creptcesger2tic,Sector Percentile on CIT2 100% being the best,"{'id': 'analyst11', 'name': 'ESG scores'}","{'id': 'analyst', 'name': 'Analyst'}","{'id': 'analyst-esg', 'name': 'ESG'}",EUR,1,TOPCS1600,MATRIX,1.0,0.8841,0,0,1.4,"[{'id': '7yd5mJB', 'name': 'EUR TOPCS1600 ATOM Datasets Theme', 'multiplier': 2.0}]",analyst11,ESG scores,analyst,Analyst,analyst-esg,ESG
anl11_creptcesger3e,Sector Percentile on E3 100% being the best,"{'id': 'analyst11', 'name': 'ESG scores'}","{'id': 'analyst', 'name': 'Analyst'}","{'id': 'analyst-esg', 'name': 'ESG'}",EUR,1,TOPCS1600,MATRIX,1.0,0.8874,0,0,1.4,"[{'id': '7yd5mJB', 'name': 'EUR TOPCS1600 ATOM Datasets Theme', 'multiplier': 2.0}]",analyst11,ESG scores,analyst,Analyst,analyst-esg,ESG
anl11_creptcesger3g,Sector Percentile on G3 100% being the best,"{'id': 'analyst11', 'name': 'ESG scores'}","{'id': 'analyst', 'name': 'Analyst'}","{'id': 'analyst-esg', 'name': 'ESG'}",EUR,1,TOPCS1600,MATRIX,1.0,0.8858,0,0,1.4,"[{'id': '7yd5mJB', 'name': 'EUR TOPCS1600 ATOM Datasets Theme', 'multiplier': 2.0}]",analyst11,ESG scores,analyst,Analyst,analyst-esg,ESG
anl11_creptcesger3pme,Sector Percentile on EMP3 100% being the best,"{'id': 'analyst11', 'name': 'ESG scores'}","{'id': 'analyst', 'name': 'Analyst'}","{'id': 'analyst-esg', 'name': 'ESG'}",EUR,1,TOPCS1600,MATRIX,1.0,0.8798,0,0,1.4,"[{'id': '7yd5mJB', 'name': 'EUR TOPCS1600 ATOM Datasets Theme', 'multiplier': 2.0}]",analyst11,ESG scores,analyst,Analyst,analyst-esg,ESG
anl11_creptcesger3tic,Sector Percentile on CIT3 100% being the best,"{'id': 'analyst11', 'name': 'ESG scores'}","{'id': 'analyst', 'name': 'Analyst'}","{'id': 'analyst-esg', 'name': 'ESG'}",EUR,1,TOPCS1600,MATRIX,1.0,0.8812,0,0,1.4,"[{'id': '7yd5mJB', 'name': 'EUR TOPCS1600 ATOM Datasets Theme', 'multiplier': 2.0}]",analyst11,ESG scores,analyst,Analyst,analyst-esg,ESG
anl11_creptcesgere,Sector Percentile on E Score with 100% being the best,"{'id': 'analyst11', 'name': 'ESG scores'}","{'id': 'analyst', 'name': 'Analyst'}","{'id': 'analyst-esg', 'name': 'ESG'}",EUR,1,TOPCS1600,MATRIX,1.0,0.8892,0,0,1.4,"[{'id': '7yd5mJB', 'name': 'EUR TOPCS1600 ATOM Datasets Theme', 'multiplier': 2.0}]",analyst11,ESG scores,analyst,Analyst,analyst-esg,ESG
anl11_creptcesgerg,Sector Percentile on G Score with 100% being the best,"{'id': 'analyst11', 'name': 'ESG scores'}","{'id': 'analyst', 'name': 'Analyst'}","{'id': 'analyst-esg', 'name': 'ESG'}",EUR,1,TOPCS1600,MATRIX,1.0,0.888,0,0,1.4,"[{'id': '7yd5mJB', 'name': 'EUR TOPCS1600 ATOM Datasets Theme', 'multiplier': 2.0}]",analyst11,ESG scores,analyst,Analyst,analyst-esg,ESG
anl11_creptcesgergse,Sector Percentile on ESG Score with 100% being the best,"{'id': 'analyst11', 'name': 'ESG scores'}","{'id': 'analyst', 'name': 'Analyst'}","{'id': 'analyst-esg', 'name': 'ESG'}",EUR,1,TOPCS1600,MATRIX,1.0,0.89,0,0,1.4,"[{'id': '7yd5mJB', 'name': 'EUR TOPCS1600 ATOM Datasets Theme', 'multiplier': 2.0}]",analyst11,ESG scores,analyst,Analyst,analyst-esg,ESG
anl11_creptcesgerpme,Sector Percentile on EMP Score with 100% being the best,"{'id': 'analyst11', 'name': 'ESG scores'}","{'id': 'analyst', 'name': 'Analyst'}","{'id': 'analyst-esg', 'name': 'ESG'}",EUR,1,TOPCS1600,MATRIX,1.0,0.8842,0,0,1.4,"[{'id': '7yd5mJB', 'name': 'EUR TOPCS1600 ATOM Datasets Theme', 'multiplier': 2.0}]",analyst11,ESG scores,analyst,Analyst,analyst-esg,ESG
anl11_creptcesgerrocsope,Sector Percentile on E Max Correlation Score with 100% being the best,"{'id': 'analyst11', 'name': 'ESG scores'}","{'id': 'analyst', 'name': 'Analyst'}","{'id': 'analyst-esg', 'name': 'ESG'}",EUR,1,TOPCS1600,MATRIX,1.0,0.7799,0,0,1.4,"[{'id': '7yd5mJB', 'name': 'EUR TOPCS1600 ATOM Datasets Theme', 'multiplier': 2.0}]",analyst11,ESG scores,analyst,Analyst,analyst-esg,ESG
anl11_creptcesgerrocsopg,Sector Percentile on G Max Correlation Score with 100% being the best,"{'id': 'analyst11', 'name': 'ESG scores'}","{'id': 'analyst', 'name': 'Analyst'}","{'id': 'analyst-esg', 'name': 'ESG'}",EUR,1,TOPCS1600,MATRIX,1.0,0.8035,0,0,1.4,"[{'id': '7yd5mJB', 'name': 'EUR TOPCS1600 ATOM Datasets Theme', 'multiplier': 2.0}]",analyst11,ESG scores,analyst,Analyst,analyst-esg,ESG
anl11_creptcesgerrocsopgse,Sector Percentile on ESG Max Correlation Score with 100% being the best,"{'id': 'analyst11', 'name': 'ESG scores'}","{'id': 'analyst', 'name': 'Analyst'}","{'id': 'analyst-esg', 'name': 'ESG'}",EUR,1,TOPCS1600,MATRIX,1.0,0.8265,0,0,1.4,"[{'id': '7yd5mJB', 'name': 'EUR TOPCS1600 ATOM Datasets Theme', 'multiplier': 2.0}]",analyst11,ESG scores,analyst,Analyst,analyst-esg,ESG
anl11_creptcesgerrocsoppme,Sector Percentile on EMP Max Correlation Score with 100% being the best,"{'id': 'analyst11', 'name': 'ESG scores'}","{'id': 'analyst', 'name': 'Analyst'}","{'id': 'analyst-esg', 'name': 'ESG'}",EUR,1,TOPCS1600,MATRIX,1.0,0.8064,0,0,1.4,"[{'id': '7yd5mJB', 'name': 'EUR TOPCS1600 ATOM Datasets Theme', 'multiplier': 2.0}]",analyst11,ESG scores,analyst,Analyst,analyst-esg,ESG
anl11_creptcesgertic,Sector Percentile on CIT Score with 100% being the best,"{'id': 'analyst11', 'name': 'ESG scores'}","{'id': 'analyst', 'name': 'Analyst'}","{'id': 'analyst-esg', 'name': 'ESG'}",EUR,1,TOPCS1600,MATRIX,1.0,0.8888,0,0,1.4,"[{'id': '7yd5mJB', 'name': 'EUR TOPCS1600 ATOM Datasets Theme', 'multiplier': 2.0}]",analyst11,ESG scores,analyst,Analyst,analyst-esg,ESG
anl11_crptcsknrtcsgrscptc,Sector Rank on CIT Max Correlation Score with 1 being the highest rank,"{'id': 'analyst11', 'name': 'ESG scores'}","{'id': 'analyst', 'name': 'Analyst'}","{'id': 'analyst-esg', 'name': 'ESG'}",EUR,1,TOPCS1600,MATRIX,1.0,0.7952,0,0,1.4,"[{'id': '7yd5mJB', 'name': 'EUR TOPCS1600 ATOM Datasets Theme', 'multiplier': 2.0}]",analyst11,ESG scores,analyst,Analyst,analyst-esg,ESG
anl11_ctpscrgsbscrnksbscprc,SubSector Rank on CIT Max Correlation Score with 1 being the highest rank,"{'id': 'analyst11', 'name': 'ESG scores'}","{'id': 'analyst', 'name': 'Analyst'}","{'id': 'analyst-esg', 'name': 'ESG'}",EUR,1,TOPCS1600,MATRIX,1.0,0.7952,0,0,1.4,"[{'id': '7yd5mJB', 'name': 'EUR TOPCS1600 ATOM Datasets Theme', 'multiplier': 2.0}]",analyst11,ESG scores,analyst,Analyst,analyst-esg,ESG
anl11_e,"The E Score averages the E1, E2, and E3 scores.","{'id': 'analyst11', 'name': 'ESG scores'}","{'id': 'analyst', 'name': 'Analyst'}","{'id': 'analyst-esg', 'name': 'ESG'}",EUR,1,TOPCS1600,MATRIX,1.0,0.908,1,1,1.4,"[{'id': '7yd5mJB', 'name': 'EUR TOPCS1600 ATOM Datasets Theme', 'multiplier': 2.0}]",analyst11,ESG scores,analyst,Analyst,analyst-esg,ESG
anl11_e1reg_industryperc,Industry Percentile on E1 100% being the best,"{'id': 'analyst11', 'name': 'ESG scores'}","{'id': 'analyst', 'name': 'Analyst'}","{'id': 'analyst-esg', 'name': 'ESG'}",EUR,1,TOPCS1600,MATRIX,1.0,0.8877,0,0,1.4,"[{'id': '7yd5mJB', 'name': 'EUR TOPCS1600 ATOM Datasets Theme', 'multiplier': 2.0}]",analyst11,ESG scores,analyst,Analyst,analyst-esg,ESG
anl11_e1reg_industryrnk,Industry Rank on E1 1 being the highest rank,"{'id': 'analyst11', 'name': 'ESG scores'}","{'id': 'analyst', 'name': 'Analyst'}","{'id': 'analyst-esg', 'name': 'ESG'}",EUR,1,TOPCS1600,MATRIX,1.0,0.906,0,0,1.4,"[{'id': '7yd5mJB', 'name': 'EUR TOPCS1600 ATOM Datasets Theme', 'multiplier': 2.0}]",analyst11,ESG scores,analyst,Analyst,analyst-esg,ESG
anl11_e1regsubsecperc,SubSector Percentile on E1 100% being the best,"{'id': 'analyst11', 'name': 'ESG scores'}","{'id': 'analyst', 'name': 'Analyst'}","{'id': 'analyst-esg', 'name': 'ESG'}",EUR,1,TOPCS1600,MATRIX,1.0,0.8877,0,0,1.4,"[{'id': '7yd5mJB', 'name': 'EUR TOPCS1600 ATOM Datasets Theme', 'multiplier': 2.0}]",analyst11,ESG scores,analyst,Analyst,analyst-esg,ESG
anl11_e1regsubsecrnk,SubSector Rank on E1 1 being the highest rank,"{'id': 'analyst11', 'name': 'ESG scores'}","{'id': 'analyst', 'name': 'Analyst'}","{'id': 'analyst-esg', 'name': 'ESG'}",EUR,1,TOPCS1600,MATRIX,1.0,0.906,0,0,1.4,"[{'id': '7yd5mJB', 'name': 'EUR TOPCS1600 ATOM Datasets Theme', 'multiplier': 2.0}]",analyst11,ESG scores,analyst,Analyst,analyst-esg,ESG
anl11_e2reg_industryperc,Industry Percentile on E2 100% being the best,"{'id': 'analyst11', 'name': 'ESG scores'}","{'id': 'analyst', 'name': 'Analyst'}","{'id': 'analyst-esg', 'name': 'ESG'}",EUR,1,TOPCS1600,MATRIX,1.0,0.8874,1,1,1.4,"[{'id': '7yd5mJB', 'name': 'EUR TOPCS1600 ATOM Datasets Theme', 'multiplier': 2.0}]",analyst11,ESG scores,analyst,Analyst,analyst-esg,ESG
anl11_e2reg_industryrnk,Industry Rank on E2 1 being the highest rank,"{'id': 'analyst11', 'name': 'ESG scores'}","{'id': 'analyst', 'name': 'Analyst'}","{'id': 'analyst-esg', 'name': 'ESG'}",EUR,1,TOPCS1600,MATRIX,1.0,0.9059,0,0,1.4,"[{'id': '7yd5mJB', 'name': 'EUR TOPCS1600 ATOM Datasets Theme', 'multiplier': 2.0}]",analyst11,ESG scores,analyst,Analyst,analyst-esg,ESG
anl11_e2regsubsecperc,SubSector Percentile on E2 100% being the best,"{'id': 'analyst11', 'name': 'ESG scores'}","{'id': 'analyst', 'name': 'Analyst'}","{'id': 'analyst-esg', 'name': 'ESG'}",EUR,1,TOPCS1600,MATRIX,1.0,0.8874,0,0,1.4,"[{'id': '7yd5mJB', 'name': 'EUR TOPCS1600 ATOM Datasets Theme', 'multiplier': 2.0}]",analyst11,ESG scores,analyst,Analyst,analyst-esg,ESG
anl11_e2regsubsecrnk,SubSector Rank on E2 1 being the highest rank,"{'id': 'analyst11', 'name': 'ESG scores'}","{'id': 'analyst', 'name': 'Analyst'}","{'id': 'analyst-esg', 'name': 'ESG'}",EUR,1,TOPCS1600,MATRIX,1.0,0.9059,0,0,1.4,"[{'id': '7yd5mJB', 'name': 'EUR TOPCS1600 ATOM Datasets Theme', 'multiplier': 2.0}]",analyst11,ESG scores,analyst,Analyst,analyst-esg,ESG
anl11_e3reg_industryperc,Industry Percentile on E3 100% being the best,"{'id': 'analyst11', 'name': 'ESG scores'}","{'id': 'analyst', 'name': 'Analyst'}","{'id': 'analyst-esg', 'name': 'ESG'}",EUR,1,TOPCS1600,MATRIX,1.0,0.8874,0,0,1.4,"[{'id': '7yd5mJB', 'name': 'EUR TOPCS1600 ATOM Datasets Theme', 'multiplier': 2.0}]",analyst11,ESG scores,analyst,Analyst,analyst-esg,ESG
anl11_e3reg_industryrnk,Industry Rank on E3 1 being the highest rank,"{'id': 'analyst11', 'name': 'ESG scores'}","{'id': 'analyst', 'name': 'Analyst'}","{'id': 'analyst-esg', 'name': 'ESG'}",EUR,1,TOPCS1600,MATRIX,1.0,0.906,1,1,1.4,"[{'id': '7yd5mJB', 'name': 'EUR TOPCS1600 ATOM Datasets Theme', 'multiplier': 2.0}]",analyst11,ESG scores,analyst,Analyst,analyst-esg,ESG
anl11_e3regsubsecperc,SubSector Percentile on E3 100% being the best,"{'id': 'analyst11', 'name': 'ESG scores'}","{'id': 'analyst', 'name': 'Analyst'}","{'id': 'analyst-esg', 'name': 'ESG'}",EUR,1,TOPCS1600,MATRIX,1.0,0.8874,0,0,1.4,"[{'id': '7yd5mJB', 'name': 'EUR TOPCS1600 ATOM Datasets Theme', 'multiplier': 2.0}]",analyst11,ESG scores,analyst,Analyst,analyst-esg,ESG
anl11_e3regsubsecrnk,SubSector Rank on E3 1 being the highest rank,"{'id': 'analyst11', 'name': 'ESG scores'}","{'id': 'analyst', 'name': 'Analyst'}","{'id': 'analyst-esg', 'name': 'ESG'}",EUR,1,TOPCS1600,MATRIX,1.0,0.906,0,0,1.4,"[{'id': '7yd5mJB', 'name': 'EUR TOPCS1600 ATOM Datasets Theme', 'multiplier': 2.0}]",analyst11,ESG scores,analyst,Analyst,analyst-esg,ESG
anl11_e_totalcor,The E Hybrid Score weights the three E scores based on which are strongly rank correlated (to the positive) to financial metrics related to 1yr and 3 yr total returns for that company's peer group.,"{'id': 'analyst11', 'name': 'ESG scores'}","{'id': 'analyst', 'name': 'Analyst'}","{'id': 'analyst-esg', 'name': 'ESG'}",EUR,1,TOPCS1600,MATRIX,1.0,0.8247,0,0,1.4,"[{'id': '7yd5mJB', 'name': 'EUR TOPCS1600 ATOM Datasets Theme', 'multiplier': 2.0}]",analyst11,ESG scores,analyst,Analyst,analyst-esg,ESG
anl11_e_totalcorregsectperc,Sector Percentile on E Hybrid Score with 100% being the best,"{'id': 'analyst11', 'name': 'ESG scores'}","{'id': 'analyst', 'name': 'Analyst'}","{'id': 'analyst-esg', 'name': 'ESG'}",EUR,1,TOPCS1600,MATRIX,1.0,0.8206,0,0,1.4,"[{'id': '7yd5mJB', 'name': 'EUR TOPCS1600 ATOM Datasets Theme', 'multiplier': 2.0}]",analyst11,ESG scores,analyst,Analyst,analyst-esg,ESG
anl11_e_totalcorregsectrnk,Sector Rank on E Hybrid Score with 1 being the highest rank,"{'id': 'analyst11', 'name': 'ESG scores'}","{'id': 'analyst', 'name': 'Analyst'}","{'id': 'analyst-esg', 'name': 'ESG'}",EUR,1,TOPCS1600,MATRIX,1.0,0.8247,0,0,1.4,"[{'id': '7yd5mJB', 'name': 'EUR TOPCS1600 ATOM Datasets Theme', 'multiplier': 2.0}]",analyst11,ESG scores,analyst,Analyst,analyst-esg,ESG
anl11_e_totalcorregsubsecperc,SubSector Percentile on E Hybrid Score with 100% being the best,"{'id': 'analyst11', 'name': 'ESG scores'}","{'id': 'analyst', 'name': 'Analyst'}","{'id': 'analyst-esg', 'name': 'ESG'}",EUR,1,TOPCS1600,MATRIX,1.0,0.8206,0,0,1.4,"[{'id': '7yd5mJB', 'name': 'EUR TOPCS1600 ATOM Datasets Theme', 'multiplier': 2.0}]",analyst11,ESG scores,analyst,Analyst,analyst-esg,ESG
anl11_e_totalcorregsubsecrnk,SubSector Rank on E Hybrid Score with 1 being the highest rank,"{'id': 'analyst11', 'name': 'ESG scores'}","{'id': 'analyst', 'name': 'Analyst'}","{'id': 'analyst-esg', 'name': 'ESG'}",EUR,1,TOPCS1600,MATRIX,1.0,0.8247,0,0,1.4,"[{'id': '7yd5mJB', 'name': 'EUR TOPCS1600 ATOM Datasets Theme', 'multiplier': 2.0}]",analyst11,ESG scores,analyst,Analyst,analyst-esg,ESG
anl11_e_ttcrg_industryperc,Industry Percentile on E Hybrid Score with 100% being the best,"{'id': 'analyst11', 'name': 'ESG scores'}","{'id': 'analyst', 'name': 'Analyst'}","{'id': 'analyst-esg', 'name': 'ESG'}",EUR,1,TOPCS1600,MATRIX,1.0,0.8206,0,0,1.4,"[{'id': '7yd5mJB', 'name': 'EUR TOPCS1600 ATOM Datasets Theme', 'multiplier': 2.0}]",analyst11,ESG scores,analyst,Analyst,analyst-esg,ESG
anl11_e_ttcrg_industryrnk,Industry Rank on E Hybrid Score with 1 being the highest rank,"{'id': 'analyst11', 'name': 'ESG scores'}","{'id': 'analyst', 'name': 'Analyst'}","{'id': 'analyst-esg', 'name': 'ESG'}",EUR,1,TOPCS1600,MATRIX,1.0,0.8247,0,0,1.4,"[{'id': '7yd5mJB', 'name': 'EUR TOPCS1600 ATOM Datasets Theme', 'multiplier': 2.0}]",analyst11,ESG scores,analyst,Analyst,analyst-esg,ESG
anl11_emp1reg_industryperc,Industry Percentile on EMP1 100% being the best,"{'id': 'analyst11', 'name': 'ESG scores'}","{'id': 'analyst', 'name': 'Analyst'}","{'id': 'analyst-esg', 'name': 'ESG'}",EUR,1,TOPCS1600,MATRIX,1.0,0.8749,0,0,1.4,"[{'id': '7yd5mJB', 'name': 'EUR TOPCS1600 ATOM Datasets Theme', 'multiplier': 2.0}]",analyst11,ESG scores,analyst,Analyst,analyst-esg,ESG
anl11_emp1reg_industryrnk,Industry Rank on the first EMP score with 1 as highest,"{'id': 'analyst11', 'name': 'ESG scores'}","{'id': 'analyst', 'name': 'Analyst'}","{'id': 'analyst-esg', 'name': 'ESG'}",EUR,1,TOPCS1600,MATRIX,1.0,0.8921,0,0,1.4,"[{'id': '7yd5mJB', 'name': 'EUR TOPCS1600 ATOM Datasets Theme', 'multiplier': 2.0}]",analyst11,ESG scores,analyst,Analyst,analyst-esg,ESG
anl11_emp1regsubsecperc,SubSector Percentile on EMP1 100% being the best,"{'id': 'analyst11', 'name': 'ESG scores'}","{'id': 'analyst', 'name': 'Analyst'}","{'id': 'analyst-esg', 'name': 'ESG'}",EUR,1,TOPCS1600,MATRIX,1.0,0.8749,0,0,1.4,"[{'id': '7yd5mJB', 'name': 'EUR TOPCS1600 ATOM Datasets Theme', 'multiplier': 2.0}]",analyst11,ESG scores,analyst,Analyst,analyst-esg,ESG
anl11_emp1regsubsecrnk,SubSector Rank on the first EMP score with 1 as highest,"{'id': 'analyst11', 'name': 'ESG scores'}","{'id': 'analyst', 'name': 'Analyst'}","{'id': 'analyst-esg', 'name': 'ESG'}",EUR,1,TOPCS1600,MATRIX,1.0,0.8921,0,0,1.4,"[{'id': '7yd5mJB', 'name': 'EUR TOPCS1600 ATOM Datasets Theme', 'multiplier': 2.0}]",analyst11,ESG scores,analyst,Analyst,analyst-esg,ESG
anl11_emp2reg_industryperc,Industry Percentile on EMP2 100% being the best,"{'id': 'analyst11', 'name': 'ESG scores'}","{'id': 'analyst', 'name': 'Analyst'}","{'id': 'analyst-esg', 'name': 'ESG'}",EUR,1,TOPCS1600,MATRIX,1.0,0.8812,0,0,1.4,"[{'id': '7yd5mJB', 'name': 'EUR TOPCS1600 ATOM Datasets Theme', 'multiplier': 2.0}]",analyst11,ESG scores,analyst,Analyst,analyst-esg,ESG
anl11_emp2reg_industryrnk,Industry Rank on the second EMP score with 1 as highest,"{'id': 'analyst11', 'name': 'ESG scores'}","{'id': 'analyst', 'name': 'Analyst'}","{'id': 'analyst-esg', 'name': 'ESG'}",EUR,1,TOPCS1600,MATRIX,1.0,0.8985,0,0,1.4,"[{'id': '7yd5mJB', 'name': 'EUR TOPCS1600 ATOM Datasets Theme', 'multiplier': 2.0}]",analyst11,ESG scores,analyst,Analyst,analyst-esg,ESG
anl11_emp2regsubsecperc,SubSector Percentile on EMP2 100% being the best,"{'id': 'analyst11', 'name': 'ESG scores'}","{'id': 'analyst', 'name': 'Analyst'}","{'id': 'analyst-esg', 'name': 'ESG'}",EUR,1,TOPCS1600,MATRIX,1.0,0.8812,0,0,1.4,"[{'id': '7yd5mJB', 'name': 'EUR TOPCS1600 ATOM Datasets Theme', 'multiplier': 2.0}]",analyst11,ESG scores,analyst,Analyst,analyst-esg,ESG
anl11_emp2regsubsecrnk,SubSector Rank on the second EMP score with 1 as highest,"{'id': 'analyst11', 'name': 'ESG scores'}","{'id': 'analyst', 'name': 'Analyst'}","{'id': 'analyst-esg', 'name': 'ESG'}",EUR,1,TOPCS1600,MATRIX,1.0,0.8985,0,0,1.4,"[{'id': '7yd5mJB', 'name': 'EUR TOPCS1600 ATOM Datasets Theme', 'multiplier': 2.0}]",analyst11,ESG scores,analyst,Analyst,analyst-esg,ESG
anl11_emp3reg_industryperc,Industry Percentile on EMP3 100% being the best,"{'id': 'analyst11', 'name': 'ESG scores'}","{'id': 'analyst', 'name': 'Analyst'}","{'id': 'analyst-esg', 'name': 'ESG'}",EUR,1,TOPCS1600,MATRIX,1.0,0.8798,0,0,1.4,"[{'id': '7yd5mJB', 'name': 'EUR TOPCS1600 ATOM Datasets Theme', 'multiplier': 2.0}]",analyst11,ESG scores,analyst,Analyst,analyst-esg,ESG
anl11_emp3reg_industryrnk,Industry Rank on the third EMP score with 1 as highest,"{'id': 'analyst11', 'name': 'ESG scores'}","{'id': 'analyst', 'name': 'Analyst'}","{'id': 'analyst-esg', 'name': 'ESG'}",EUR,1,TOPCS1600,MATRIX,1.0,0.8975,0,0,1.4,"[{'id': '7yd5mJB', 'name': 'EUR TOPCS1600 ATOM Datasets Theme', 'multiplier': 2.0}]",analyst11,ESG scores,analyst,Analyst,analyst-esg,ESG
anl11_emp3regsubsecperc,SubSector Percentile on EMP3 100% being the best,"{'id': 'analyst11', 'name': 'ESG scores'}","{'id': 'analyst', 'name': 'Analyst'}","{'id': 'analyst-esg', 'name': 'ESG'}",EUR,1,TOPCS1600,MATRIX,1.0,0.8798,0,0,1.4,"[{'id': '7yd5mJB', 'name': 'EUR TOPCS1600 ATOM Datasets Theme', 'multiplier': 2.0}]",analyst11,ESG scores,analyst,Analyst,analyst-esg,ESG
anl11_emp3regsubsecrnk,SubSector Rank on the third EMP score with 1 as highest,"{'id': 'analyst11', 'name': 'ESG scores'}","{'id': 'analyst', 'name': 'Analyst'}","{'id': 'analyst-esg', 'name': 'ESG'}",EUR,1,TOPCS1600,MATRIX,1.0,0.8975,1,1,1.4,"[{'id': '7yd5mJB', 'name': 'EUR TOPCS1600 ATOM Datasets Theme', 'multiplier': 2.0}]",analyst11,ESG scores,analyst,Analyst,analyst-esg,ESG
anl11_emp_totalcor,The EMP Hybrid Score weights the three EMP scores based on which are strongly rank correlated (to the positive) to financial metrics related to 1yr and 3 yr total returns for that company's peer group.,"{'id': 'analyst11', 'name': 'ESG scores'}","{'id': 'analyst', 'name': 'Analyst'}","{'id': 'analyst-esg', 'name': 'ESG'}",EUR,1,TOPCS1600,MATRIX,1.0,0.8203,0,0,1.4,"[{'id': '7yd5mJB', 'name': 'EUR TOPCS1600 ATOM Datasets Theme', 'multiplier': 2.0}]",analyst11,ESG scores,analyst,Analyst,analyst-esg,ESG
anl11_emp_totalcorregsectperc,Sector Percentile on EMP Hybrid Score with 100% being the best,"{'id': 'analyst11', 'name': 'ESG scores'}","{'id': 'analyst', 'name': 'Analyst'}","{'id': 'analyst-esg', 'name': 'ESG'}",EUR,1,TOPCS1600,MATRIX,1.0,0.8164,0,0,1.4,"[{'id': '7yd5mJB', 'name': 'EUR TOPCS1600 ATOM Datasets Theme', 'multiplier': 2.0}]",analyst11,ESG scores,analyst,Analyst,analyst-esg,ESG
anl11_emp_totalcorregsectrnk,Sector Rank on EMP Hybrid Score with 1 being the highest rank,"{'id': 'analyst11', 'name': 'ESG scores'}","{'id': 'analyst', 'name': 'Analyst'}","{'id': 'analyst-esg', 'name': 'ESG'}",EUR,1,TOPCS1600,MATRIX,1.0,0.8203,0,0,1.4,"[{'id': '7yd5mJB', 'name': 'EUR TOPCS1600 ATOM Datasets Theme', 'multiplier': 2.0}]",analyst11,ESG scores,analyst,Analyst,analyst-esg,ESG
anl11_emp_totalcorregsubsecperc,SubSector Percentile on EMP Hybrid Score with 100% being the best,"{'id': 'analyst11', 'name': 'ESG scores'}","{'id': 'analyst', 'name': 'Analyst'}","{'id': 'analyst-esg', 'name': 'ESG'}",EUR,1,TOPCS1600,MATRIX,1.0,0.8164,0,0,1.4,"[{'id': '7yd5mJB', 'name': 'EUR TOPCS1600 ATOM Datasets Theme', 'multiplier': 2.0}]",analyst11,ESG scores,analyst,Analyst,analyst-esg,ESG
anl11_emp_totalcorregsubsecrnk,SubSector Rank on EMP Hybrid Score with 1 being the highest rank,"{'id': 'analyst11', 'name': 'ESG scores'}","{'id': 'analyst', 'name': 'Analyst'}","{'id': 'analyst-esg', 'name': 'ESG'}",EUR,1,TOPCS1600,MATRIX,1.0,0.8203,0,0,1.4,"[{'id': '7yd5mJB', 'name': 'EUR TOPCS1600 ATOM Datasets Theme', 'multiplier': 2.0}]",analyst11,ESG scores,analyst,Analyst,analyst-esg,ESG
anl11_emp_ttcrg_industryperc,Industry Percentile on EMP Hybrid Score with 100% being the best,"{'id': 'analyst11', 'name': 'ESG scores'}","{'id': 'analyst', 'name': 'Analyst'}","{'id': 'analyst-esg', 'name': 'ESG'}",EUR,1,TOPCS1600,MATRIX,1.0,0.8164,0,0,1.4,"[{'id': '7yd5mJB', 'name': 'EUR TOPCS1600 ATOM Datasets Theme', 'multiplier': 2.0}]",analyst11,ESG scores,analyst,Analyst,analyst-esg,ESG
anl11_emp_ttcrg_industryrnk,Industry Rank on EMP Hybrid Score with 1 being the highest rank,"{'id': 'analyst11', 'name': 'ESG scores'}","{'id': 'analyst', 'name': 'Analyst'}","{'id': 'analyst-esg', 'name': 'ESG'}",EUR,1,TOPCS1600,MATRIX,1.0,0.8203,0,0,1.4,"[{'id': '7yd5mJB', 'name': 'EUR TOPCS1600 ATOM Datasets Theme', 'multiplier': 2.0}]",analyst11,ESG scores,analyst,Analyst,analyst-esg,ESG
anl11_empposcorreg_industryperc,Industry Percentile on EMP Max Correlation Score with 100% being the best,"{'id': 'analyst11', 'name': 'ESG scores'}","{'id': 'analyst', 'name': 'Analyst'}","{'id': 'analyst-esg', 'name': 'ESG'}",EUR,1,TOPCS1600,MATRIX,1.0,0.8064,0,0,1.4,"[{'id': '7yd5mJB', 'name': 'EUR TOPCS1600 ATOM Datasets Theme', 'multiplier': 2.0}]",analyst11,ESG scores,analyst,Analyst,analyst-esg,ESG
anl11_empposcorreg_industryrnk,Industry Rank on EMP Max Correlation Score with 1 being the highest rank,"{'id': 'analyst11', 'name': 'ESG scores'}","{'id': 'analyst', 'name': 'Analyst'}","{'id': 'analyst-esg', 'name': 'ESG'}",EUR,1,TOPCS1600,MATRIX,1.0,0.8088,0,0,1.4,"[{'id': '7yd5mJB', 'name': 'EUR TOPCS1600 ATOM Datasets Theme', 'multiplier': 2.0}]",analyst11,ESG scores,analyst,Analyst,analyst-esg,ESG
anl11_empposcorregsubsecperc,SubSector Percentile on EMP Max Correlation Score with 100% being the best,"{'id': 'analyst11', 'name': 'ESG scores'}","{'id': 'analyst', 'name': 'Analyst'}","{'id': 'analyst-esg', 'name': 'ESG'}",EUR,1,TOPCS1600,MATRIX,1.0,0.8064,0,0,1.4,"[{'id': '7yd5mJB', 'name': 'EUR TOPCS1600 ATOM Datasets Theme', 'multiplier': 2.0}]",analyst11,ESG scores,analyst,Analyst,analyst-esg,ESG
anl11_empposcorregsubsecrnk,SubSector Rank on EMP Max Correlation Score with 1 being the highest rank,"{'id': 'analyst11', 'name': 'ESG scores'}","{'id': 'analyst', 'name': 'Analyst'}","{'id': 'analyst-esg', 'name': 'ESG'}",EUR,1,TOPCS1600,MATRIX,1.0,0.8088,0,0,1.4,"[{'id': '7yd5mJB', 'name': 'EUR TOPCS1600 ATOM Datasets Theme', 'multiplier': 2.0}]",analyst11,ESG scores,analyst,Analyst,analyst-esg,ESG
anl11_empreg_industryperc,Industry Percentile on EMP Score with 100% being the best,"{'id': 'analyst11', 'name': 'ESG scores'}","{'id': 'analyst', 'name': 'Analyst'}","{'id': 'analyst-esg', 'name': 'ESG'}",EUR,1,TOPCS1600,MATRIX,1.0,0.8842,0,0,1.4,"[{'id': '7yd5mJB', 'name': 'EUR TOPCS1600 ATOM Datasets Theme', 'multiplier': 2.0}]",analyst11,ESG scores,analyst,Analyst,analyst-esg,ESG
anl11_empreg_industryrnk,Industry Rank on EMP Score with 1 being the highest rank,"{'id': 'analyst11', 'name': 'ESG scores'}","{'id': 'analyst', 'name': 'Analyst'}","{'id': 'analyst-esg', 'name': 'ESG'}",EUR,1,TOPCS1600,MATRIX,1.0,0.9023,0,0,1.4,"[{'id': '7yd5mJB', 'name': 'EUR TOPCS1600 ATOM Datasets Theme', 'multiplier': 2.0}]",analyst11,ESG scores,analyst,Analyst,analyst-esg,ESG
anl11_empregsubsecperc,SubSector Percentile on EMP Score with 100% being the best,"{'id': 'analyst11', 'name': 'ESG scores'}","{'id': 'analyst', 'name': 'Analyst'}","{'id': 'analyst-esg', 'name': 'ESG'}",EUR,1,TOPCS1600,MATRIX,1.0,0.8842,0,0,1.4,"[{'id': '7yd5mJB', 'name': 'EUR TOPCS1600 ATOM Datasets Theme', 'multiplier': 2.0}]",analyst11,ESG scores,analyst,Analyst,analyst-esg,ESG
anl11_empregsubsecrnk,SubSector Rank on EMP Score with 1 being the highest rank,"{'id': 'analyst11', 'name': 'ESG scores'}","{'id': 'analyst', 'name': 'Analyst'}","{'id': 'analyst-esg', 'name': 'ESG'}",EUR,1,TOPCS1600,MATRIX,1.0,0.9023,0,0,1.4,"[{'id': '7yd5mJB', 'name': 'EUR TOPCS1600 ATOM Datasets Theme', 'multiplier': 2.0}]",analyst11,ESG scores,analyst,Analyst,analyst-esg,ESG
anl11_eposcorreg_industryperc,Industry Percentile on E Max Correlation Score with 100% being the best,"{'id': 'analyst11', 'name': 'ESG scores'}","{'id': 'analyst', 'name': 'Analyst'}","{'id': 'analyst-esg', 'name': 'ESG'}",EUR,1,TOPCS1600,MATRIX,1.0,0.7799,0,0,1.4,"[{'id': '7yd5mJB', 'name': 'EUR TOPCS1600 ATOM Datasets Theme', 'multiplier': 2.0}]",analyst11,ESG scores,analyst,Analyst,analyst-esg,ESG
anl11_eposcorreg_industryrnk,Industry Rank on E Max Correlation Score with 1 being the highest rank,"{'id': 'analyst11', 'name': 'ESG scores'}","{'id': 'analyst', 'name': 'Analyst'}","{'id': 'analyst-esg', 'name': 'ESG'}",EUR,1,TOPCS1600,MATRIX,1.0,0.7825,0,0,1.4,"[{'id': '7yd5mJB', 'name': 'EUR TOPCS1600 ATOM Datasets Theme', 'multiplier': 2.0}]",analyst11,ESG scores,analyst,Analyst,analyst-esg,ESG
anl11_eposcorregsubsecperc,SubSector Percentile on E Max Correlation Score with 100% being the best,"{'id': 'analyst11', 'name': 'ESG scores'}","{'id': 'analyst', 'name': 'Analyst'}","{'id': 'analyst-esg', 'name': 'ESG'}",EUR,1,TOPCS1600,MATRIX,1.0,0.7799,1,1,1.4,"[{'id': '7yd5mJB', 'name': 'EUR TOPCS1600 ATOM Datasets Theme', 'multiplier': 2.0}]",analyst11,ESG scores,analyst,Analyst,analyst-esg,ESG
anl11_eposcorregsubsecrnk,SubSector Rank on E Max Correlation Score with 1 being the highest rank,"{'id': 'analyst11', 'name': 'ESG scores'}","{'id': 'analyst', 'name': 'Analyst'}","{'id': 'analyst-esg', 'name': 'ESG'}",EUR,1,TOPCS1600,MATRIX,1.0,0.7825,0,0,1.4,"[{'id': '7yd5mJB', 'name': 'EUR TOPCS1600 ATOM Datasets Theme', 'multiplier': 2.0}]",analyst11,ESG scores,analyst,Analyst,analyst-esg,ESG
anl11_ereg_industryperc,Industry Percentile on E Score with 100% being the best,"{'id': 'analyst11', 'name': 'ESG scores'}","{'id': 'analyst', 'name': 'Analyst'}","{'id': 'analyst-esg', 'name': 'ESG'}",EUR,1,TOPCS1600,MATRIX,1.0,0.8892,0,0,1.4,"[{'id': '7yd5mJB', 'name': 'EUR TOPCS1600 ATOM Datasets Theme', 'multiplier': 2.0}]",analyst11,ESG scores,analyst,Analyst,analyst-esg,ESG
anl11_ereg_industryrnk,Industry Rank on E Score with 1 being the highest rank,"{'id': 'analyst11', 'name': 'ESG scores'}","{'id': 'analyst', 'name': 'Analyst'}","{'id': 'analyst-esg', 'name': 'ESG'}",EUR,1,TOPCS1600,MATRIX,1.0,0.908,0,0,1.4,"[{'id': '7yd5mJB', 'name': 'EUR TOPCS1600 ATOM Datasets Theme', 'multiplier': 2.0}]",analyst11,ESG scores,analyst,Analyst,analyst-esg,ESG
anl11_eregsubsecperc,SubSector Percentile on E Score with 100% being the best,"{'id': 'analyst11', 'name': 'ESG scores'}","{'id': 'analyst', 'name': 'Analyst'}","{'id': 'analyst-esg', 'name': 'ESG'}",EUR,1,TOPCS1600,MATRIX,1.0,0.8892,0,0,1.4,"[{'id': '7yd5mJB', 'name': 'EUR TOPCS1600 ATOM Datasets Theme', 'multiplier': 2.0}]",analyst11,ESG scores,analyst,Analyst,analyst-esg,ESG
anl11_eregsubsecrnk,SubSector Rank on E Score with 1 being the highest rank,"{'id': 'analyst11', 'name': 'ESG scores'}","{'id': 'analyst', 'name': 'Analyst'}","{'id': 'analyst-esg', 'name': 'ESG'}",EUR,1,TOPCS1600,MATRIX,1.0,0.908,0,0,1.4,"[{'id': '7yd5mJB', 'name': 'EUR TOPCS1600 ATOM Datasets Theme', 'multiplier': 2.0}]",analyst11,ESG scores,analyst,Analyst,analyst-esg,ESG
anl11_esg_totalcor,The ESG Hybrid Score weights the individual E EMP CIT and G scores based on which are strongly rank correlated (to the positive) to financial metrics related to 1yr and 3 yr total returns for that company's peer group.,"{'id': 'analyst11', 'name': 'ESG scores'}","{'id': 'analyst', 'name': 'Analyst'}","{'id': 'analyst-esg', 'name': 'ESG'}",EUR,1,TOPCS1600,MATRIX,1.0,0.8319,0,0,1.4,"[{'id': '7yd5mJB', 'name': 'EUR TOPCS1600 ATOM Datasets Theme', 'multiplier': 2.0}]",analyst11,ESG scores,analyst,Analyst,analyst-esg,ESG
anl11_esg_totalcorregsectperc,Sector Percentile on ESG Hybrid Score with 100% being the best,"{'id': 'analyst11', 'name': 'ESG scores'}","{'id': 'analyst', 'name': 'Analyst'}","{'id': 'analyst-esg', 'name': 'ESG'}",EUR,1,TOPCS1600,MATRIX,1.0,0.8278,0,0,1.4,"[{'id': '7yd5mJB', 'name': 'EUR TOPCS1600 ATOM Datasets Theme', 'multiplier': 2.0}]",analyst11,ESG scores,analyst,Analyst,analyst-esg,ESG
anl11_esg_totalcorregsectrnk,Sector Rank on ESG Hybrid Score with 1 being the highest rank,"{'id': 'analyst11', 'name': 'ESG scores'}","{'id': 'analyst', 'name': 'Analyst'}","{'id': 'analyst-esg', 'name': 'ESG'}",EUR,1,TOPCS1600,MATRIX,1.0,0.8319,0,0,1.4,"[{'id': '7yd5mJB', 'name': 'EUR TOPCS1600 ATOM Datasets Theme', 'multiplier': 2.0}]",analyst11,ESG scores,analyst,Analyst,analyst-esg,ESG
anl11_esg_totalcorregsubsecperc,SubSector Percentile on ESG Hybrid Score with 100% being the best,"{'id': 'analyst11', 'name': 'ESG scores'}","{'id': 'analyst', 'name': 'Analyst'}","{'id': 'analyst-esg', 'name': 'ESG'}",EUR,1,TOPCS1600,MATRIX,1.0,0.8278,0,0,1.4,"[{'id': '7yd5mJB', 'name': 'EUR TOPCS1600 ATOM Datasets Theme', 'multiplier': 2.0}]",analyst11,ESG scores,analyst,Analyst,analyst-esg,ESG
anl11_esg_totalcorregsubsecrnk,SubSector Rank on ESG Hybrid Score with 1 being the highest rank,"{'id': 'analyst11', 'name': 'ESG scores'}","{'id': 'analyst', 'name': 'Analyst'}","{'id': 'analyst-esg', 'name': 'ESG'}",EUR,1,TOPCS1600,MATRIX,1.0,0.8319,0,0,1.4,"[{'id': '7yd5mJB', 'name': 'EUR TOPCS1600 ATOM Datasets Theme', 'multiplier': 2.0}]",analyst11,ESG scores,analyst,Analyst,analyst-esg,ESG
anl11_esg_ttcrg_industryperc,Industry Percentile on ESG Hybrid Score with 100% being the best,"{'id': 'analyst11', 'name': 'ESG scores'}","{'id': 'analyst', 'name': 'Analyst'}","{'id': 'analyst-esg', 'name': 'ESG'}",EUR,1,TOPCS1600,MATRIX,1.0,0.8278,0,0,1.4,"[{'id': '7yd5mJB', 'name': 'EUR TOPCS1600 ATOM Datasets Theme', 'multiplier': 2.0}]",analyst11,ESG scores,analyst,Analyst,analyst-esg,ESG
anl11_esg_ttcrg_industryrnk,Industry Rank on ESG Hybrid Score with 1 being the highest rank,"{'id': 'analyst11', 'name': 'ESG scores'}","{'id': 'analyst', 'name': 'Analyst'}","{'id': 'analyst-esg', 'name': 'ESG'}",EUR,1,TOPCS1600,MATRIX,1.0,0.8319,0,0,1.4,"[{'id': '7yd5mJB', 'name': 'EUR TOPCS1600 ATOM Datasets Theme', 'multiplier': 2.0}]",analyst11,ESG scores,analyst,Analyst,analyst-esg,ESG
anl11_esgposcorreg_industryperc,Industry Percentile on ESG Max Correlation Score with 100% being the best,"{'id': 'analyst11', 'name': 'ESG scores'}","{'id': 'analyst', 'name': 'Analyst'}","{'id': 'analyst-esg', 'name': 'ESG'}",EUR,1,TOPCS1600,MATRIX,1.0,0.8265,0,0,1.4,"[{'id': '7yd5mJB', 'name': 'EUR TOPCS1600 ATOM Datasets Theme', 'multiplier': 2.0}]",analyst11,ESG scores,analyst,Analyst,analyst-esg,ESG
anl11_esgposcorreg_industryrnk,Industry Rank on ESG Max Correlation Score with 1 being the highest rank,"{'id': 'analyst11', 'name': 'ESG scores'}","{'id': 'analyst', 'name': 'Analyst'}","{'id': 'analyst-esg', 'name': 'ESG'}",EUR,1,TOPCS1600,MATRIX,1.0,0.8306,0,0,1.4,"[{'id': '7yd5mJB', 'name': 'EUR TOPCS1600 ATOM Datasets Theme', 'multiplier': 2.0}]",analyst11,ESG scores,analyst,Analyst,analyst-esg,ESG
anl11_esgposcorregsubsecperc,SubSector Percentile on ESG Max Correlation Score with 100% being the best,"{'id': 'analyst11', 'name': 'ESG scores'}","{'id': 'analyst', 'name': 'Analyst'}","{'id': 'analyst-esg', 'name': 'ESG'}",EUR,1,TOPCS1600,MATRIX,1.0,0.8265,0,0,1.4,"[{'id': '7yd5mJB', 'name': 'EUR TOPCS1600 ATOM Datasets Theme', 'multiplier': 2.0}]",analyst11,ESG scores,analyst,Analyst,analyst-esg,ESG
anl11_esgposcorregsubsecrnk,SubSector Rank on ESG Max Correlation Score with 1 being the highest rank,"{'id': 'analyst11', 'name': 'ESG scores'}","{'id': 'analyst', 'name': 'Analyst'}","{'id': 'analyst-esg', 'name': 'ESG'}",EUR,1,TOPCS1600,MATRIX,1.0,0.8306,0,0,1.4,"[{'id': '7yd5mJB', 'name': 'EUR TOPCS1600 ATOM Datasets Theme', 'multiplier': 2.0}]",analyst11,ESG scores,analyst,Analyst,analyst-esg,ESG
anl11_esgreg_industryperc,Industry Percentile on ESG Score with 100% being the best,"{'id': 'analyst11', 'name': 'ESG scores'}","{'id': 'analyst', 'name': 'Analyst'}","{'id': 'analyst-esg', 'name': 'ESG'}",EUR,1,TOPCS1600,MATRIX,1.0,0.89,0,0,1.4,"[{'id': '7yd5mJB', 'name': 'EUR TOPCS1600 ATOM Datasets Theme', 'multiplier': 2.0}]",analyst11,ESG scores,analyst,Analyst,analyst-esg,ESG
anl11_esgreg_industryrnk,Industry Rank on ESG Score with 1 being the highest rank,"{'id': 'analyst11', 'name': 'ESG scores'}","{'id': 'analyst', 'name': 'Analyst'}","{'id': 'analyst-esg', 'name': 'ESG'}",EUR,1,TOPCS1600,MATRIX,1.0,0.9087,0,0,1.4,"[{'id': '7yd5mJB', 'name': 'EUR TOPCS1600 ATOM Datasets Theme', 'multiplier': 2.0}]",analyst11,ESG scores,analyst,Analyst,analyst-esg,ESG
anl11_esgregsubsecperc,SubSector Percentile on ESG Score with 100% being the best,"{'id': 'analyst11', 'name': 'ESG scores'}","{'id': 'analyst', 'name': 'Analyst'}","{'id': 'analyst-esg', 'name': 'ESG'}",EUR,1,TOPCS1600,MATRIX,1.0,0.89,0,0,1.4,"[{'id': '7yd5mJB', 'name': 'EUR TOPCS1600 ATOM Datasets Theme', 'multiplier': 2.0}]",analyst11,ESG scores,analyst,Analyst,analyst-esg,ESG
anl11_esgregsubsecrnk,SubSector Rank on ESG Score with 1 being the highest rank,"{'id': 'analyst11', 'name': 'ESG scores'}","{'id': 'analyst', 'name': 'Analyst'}","{'id': 'analyst-esg', 'name': 'ESG'}",EUR,1,TOPCS1600,MATRIX,1.0,0.9087,0,0,1.4,"[{'id': '7yd5mJB', 'name': 'EUR TOPCS1600 ATOM Datasets Theme', 'multiplier': 2.0}]",analyst11,ESG scores,analyst,Analyst,analyst-esg,ESG
anl11_g,"The G Score averages the G1, G2, and G3 scores.","{'id': 'analyst11', 'name': 'ESG scores'}","{'id': 'analyst', 'name': 'Analyst'}","{'id': 'analyst-esg', 'name': 'ESG'}",EUR,1,TOPCS1600,MATRIX,1.0,0.9065,0,0,1.4,"[{'id': '7yd5mJB', 'name': 'EUR TOPCS1600 ATOM Datasets Theme', 'multiplier': 2.0}]",analyst11,ESG scores,analyst,Analyst,analyst-esg,ESG
anl11_g1reg_industryperc,Industry Percentile on G1 100% being the best,"{'id': 'analyst11', 'name': 'ESG scores'}","{'id': 'analyst', 'name': 'Analyst'}","{'id': 'analyst-esg', 'name': 'ESG'}",EUR,1,TOPCS1600,MATRIX,1.0,0.8825,0,0,1.4,"[{'id': '7yd5mJB', 'name': 'EUR TOPCS1600 ATOM Datasets Theme', 'multiplier': 2.0}]",analyst11,ESG scores,analyst,Analyst,analyst-esg,ESG
anl11_g1reg_industryrnk,Industry Rank on G1 1 being the highest rank,"{'id': 'analyst11', 'name': 'ESG scores'}","{'id': 'analyst', 'name': 'Analyst'}","{'id': 'analyst-esg', 'name': 'ESG'}",EUR,1,TOPCS1600,MATRIX,1.0,0.9005,0,0,1.4,"[{'id': '7yd5mJB', 'name': 'EUR TOPCS1600 ATOM Datasets Theme', 'multiplier': 2.0}]",analyst11,ESG scores,analyst,Analyst,analyst-esg,ESG
anl11_g1regsubsecperc,SubSector Percentile on G1 100% being the best,"{'id': 'analyst11', 'name': 'ESG scores'}","{'id': 'analyst', 'name': 'Analyst'}","{'id': 'analyst-esg', 'name': 'ESG'}",EUR,1,TOPCS1600,MATRIX,1.0,0.8825,0,0,1.4,"[{'id': '7yd5mJB', 'name': 'EUR TOPCS1600 ATOM Datasets Theme', 'multiplier': 2.0}]",analyst11,ESG scores,analyst,Analyst,analyst-esg,ESG
anl11_g1regsubsecrnk,SubSector Rank on G1 1 being the highest rank,"{'id': 'analyst11', 'name': 'ESG scores'}","{'id': 'analyst', 'name': 'Analyst'}","{'id': 'analyst-esg', 'name': 'ESG'}",EUR,1,TOPCS1600,MATRIX,1.0,0.9005,0,0,1.4,"[{'id': '7yd5mJB', 'name': 'EUR TOPCS1600 ATOM Datasets Theme', 'multiplier': 2.0}]",analyst11,ESG scores,analyst,Analyst,analyst-esg,ESG
anl11_g2reg_industryperc,Industry Percentile on G2 100% being the best,"{'id': 'analyst11', 'name': 'ESG scores'}","{'id': 'analyst', 'name': 'Analyst'}","{'id': 'analyst-esg', 'name': 'ESG'}",EUR,1,TOPCS1600,MATRIX,1.0,0.8871,0,0,1.4,"[{'id': '7yd5mJB', 'name': 'EUR TOPCS1600 ATOM Datasets Theme', 'multiplier': 2.0}]",analyst11,ESG scores,analyst,Analyst,analyst-esg,ESG
anl11_g2reg_industryrnk,Industry Rank on G2 1 being the highest rank,"{'id': 'analyst11', 'name': 'ESG scores'}","{'id': 'analyst', 'name': 'Analyst'}","{'id': 'analyst-esg', 'name': 'ESG'}",EUR,1,TOPCS1600,MATRIX,1.0,0.9056,0,0,1.4,"[{'id': '7yd5mJB', 'name': 'EUR TOPCS1600 ATOM Datasets Theme', 'multiplier': 2.0}]",analyst11,ESG scores,analyst,Analyst,analyst-esg,ESG
anl11_g2regsubsecperc,SubSector Percentile on G2 100% being the best,"{'id': 'analyst11', 'name': 'ESG scores'}","{'id': 'analyst', 'name': 'Analyst'}","{'id': 'analyst-esg', 'name': 'ESG'}",EUR,1,TOPCS1600,MATRIX,1.0,0.8871,0,0,1.4,"[{'id': '7yd5mJB', 'name': 'EUR TOPCS1600 ATOM Datasets Theme', 'multiplier': 2.0}]",analyst11,ESG scores,analyst,Analyst,analyst-esg,ESG
anl11_g2regsubsecrnk,SubSector Rank on G2 1 being the highest rank,"{'id': 'analyst11', 'name': 'ESG scores'}","{'id': 'analyst', 'name': 'Analyst'}","{'id': 'analyst-esg', 'name': 'ESG'}",EUR,1,TOPCS1600,MATRIX,1.0,0.9056,1,1,1.4,"[{'id': '7yd5mJB', 'name': 'EUR TOPCS1600 ATOM Datasets Theme', 'multiplier': 2.0}]",analyst11,ESG scores,analyst,Analyst,analyst-esg,ESG
anl11_g3reg_industryperc,Industry Percentile on G3 100% being the best,"{'id': 'analyst11', 'name': 'ESG scores'}","{'id': 'analyst', 'name': 'Analyst'}","{'id': 'analyst-esg', 'name': 'ESG'}",EUR,1,TOPCS1600,MATRIX,1.0,0.8859,0,0,1.4,"[{'id': '7yd5mJB', 'name': 'EUR TOPCS1600 ATOM Datasets Theme', 'multiplier': 2.0}]",analyst11,ESG scores,analyst,Analyst,analyst-esg,ESG
anl11_g3reg_industryrnk,Industry Rank on G3 1 being the highest rank,"{'id': 'analyst11', 'name': 'ESG scores'}","{'id': 'analyst', 'name': 'Analyst'}","{'id': 'analyst-esg', 'name': 'ESG'}",EUR,1,TOPCS1600,MATRIX,1.0,0.9043,0,0,1.4,"[{'id': '7yd5mJB', 'name': 'EUR TOPCS1600 ATOM Datasets Theme', 'multiplier': 2.0}]",analyst11,ESG scores,analyst,Analyst,analyst-esg,ESG
anl11_g3regsubsecperc,SubSector Percentile on G3 100% being the best,"{'id': 'analyst11', 'name': 'ESG scores'}","{'id': 'analyst', 'name': 'Analyst'}","{'id': 'analyst-esg', 'name': 'ESG'}",EUR,1,TOPCS1600,MATRIX,1.0,0.8858,0,0,1.4,"[{'id': '7yd5mJB', 'name': 'EUR TOPCS1600 ATOM Datasets Theme', 'multiplier': 2.0}]",analyst11,ESG scores,analyst,Analyst,analyst-esg,ESG
anl11_g3regsubsecrnk,SubSector Rank on G3 1 being the highest rank,"{'id': 'analyst11', 'name': 'ESG scores'}","{'id': 'analyst', 'name': 'Analyst'}","{'id': 'analyst-esg', 'name': 'ESG'}",EUR,1,TOPCS1600,MATRIX,1.0,0.9043,0,0,1.4,"[{'id': '7yd5mJB', 'name': 'EUR TOPCS1600 ATOM Datasets Theme', 'multiplier': 2.0}]",analyst11,ESG scores,analyst,Analyst,analyst-esg,ESG
anl11_g_totalcor,The G Hybrid Score weights the three G scores based on which are strongly rank correlated (to the positive) to financial metrics related to 1yr and 3 yr total returns for that company's peer group.,"{'id': 'analyst11', 'name': 'ESG scores'}","{'id': 'analyst', 'name': 'Analyst'}","{'id': 'analyst-esg', 'name': 'ESG'}",EUR,1,TOPCS1600,MATRIX,1.0,0.823,0,0,1.4,"[{'id': '7yd5mJB', 'name': 'EUR TOPCS1600 ATOM Datasets Theme', 'multiplier': 2.0}]",analyst11,ESG scores,analyst,Analyst,analyst-esg,ESG
anl11_g_totalcorregsectperc,Sector Percentile on G Hybrid Score with 100% being the best,"{'id': 'analyst11', 'name': 'ESG scores'}","{'id': 'analyst', 'name': 'Analyst'}","{'id': 'analyst-esg', 'name': 'ESG'}",EUR,1,TOPCS1600,MATRIX,1.0,0.819,0,0,1.4,"[{'id': '7yd5mJB', 'name': 'EUR TOPCS1600 ATOM Datasets Theme', 'multiplier': 2.0}]",analyst11,ESG scores,analyst,Analyst,analyst-esg,ESG
anl11_g_totalcorregsectrnk,Sector Rank on G Hybrid Score with 1 being the highest rank,"{'id': 'analyst11', 'name': 'ESG scores'}","{'id': 'analyst', 'name': 'Analyst'}","{'id': 'analyst-esg', 'name': 'ESG'}",EUR,1,TOPCS1600,MATRIX,1.0,0.823,0,0,1.4,"[{'id': '7yd5mJB', 'name': 'EUR TOPCS1600 ATOM Datasets Theme', 'multiplier': 2.0}]",analyst11,ESG scores,analyst,Analyst,analyst-esg,ESG
anl11_g_totalcorregsubsecperc,SubSector Percentile on G Hybrid Score with 100% being the best,"{'id': 'analyst11', 'name': 'ESG scores'}","{'id': 'analyst', 'name': 'Analyst'}","{'id': 'analyst-esg', 'name': 'ESG'}",EUR,1,TOPCS1600,MATRIX,1.0,0.819,0,0,1.4,"[{'id': '7yd5mJB', 'name': 'EUR TOPCS1600 ATOM Datasets Theme', 'multiplier': 2.0}]",analyst11,ESG scores,analyst,Analyst,analyst-esg,ESG
anl11_g_totalcorregsubsecrnk,SubSector Rank on G Hybrid Score with 1 being the highest rank,"{'id': 'analyst11', 'name': 'ESG scores'}","{'id': 'analyst', 'name': 'Analyst'}","{'id': 'analyst-esg', 'name': 'ESG'}",EUR,1,TOPCS1600,MATRIX,1.0,0.823,0,0,1.4,"[{'id': '7yd5mJB', 'name': 'EUR TOPCS1600 ATOM Datasets Theme', 'multiplier': 2.0}]",analyst11,ESG scores,analyst,Analyst,analyst-esg,ESG
anl11_g_ttcrg_industryperc,Industry Percentile on G Hybrid Score with 100% being the best,"{'id': 'analyst11', 'name': 'ESG scores'}","{'id': 'analyst', 'name': 'Analyst'}","{'id': 'analyst-esg', 'name': 'ESG'}",EUR,1,TOPCS1600,MATRIX,1.0,0.819,1,1,1.4,"[{'id': '7yd5mJB', 'name': 'EUR TOPCS1600 ATOM Datasets Theme', 'multiplier': 2.0}]",analyst11,ESG scores,analyst,Analyst,analyst-esg,ESG
anl11_g_ttcrg_industryrnk,Industry Rank on G Hybrid Score with 1 being the highest rank,"{'id': 'analyst11', 'name': 'ESG scores'}","{'id': 'analyst', 'name': 'Analyst'}","{'id': 'analyst-esg', 'name': 'ESG'}",EUR,1,TOPCS1600,MATRIX,1.0,0.823,0,0,1.4,"[{'id': '7yd5mJB', 'name': 'EUR TOPCS1600 ATOM Datasets Theme', 'multiplier': 2.0}]",analyst11,ESG scores,analyst,Analyst,analyst-esg,ESG
anl11_global_industrycount,Global Industry Count,"{'id': 'analyst11', 'name': 'ESG scores'}","{'id': 'analyst', 'name': 'Analyst'}","{'id': 'analyst-esg', 'name': 'ESG'}",EUR,1,TOPCS1600,MATRIX,1.0,0.8774,0,0,1.4,"[{'id': '7yd5mJB', 'name': 'EUR TOPCS1600 ATOM Datasets Theme', 'multiplier': 2.0}]",analyst11,ESG scores,analyst,Analyst,analyst-esg,ESG
anl11_globalsectcount,Global Sector Count,"{'id': 'analyst11', 'name': 'ESG scores'}","{'id': 'analyst', 'name': 'Analyst'}","{'id': 'analyst-esg', 'name': 'ESG'}",EUR,1,TOPCS1600,MATRIX,1.0,0.8774,0,0,1.4,"[{'id': '7yd5mJB', 'name': 'EUR TOPCS1600 ATOM Datasets Theme', 'multiplier': 2.0}]",analyst11,ESG scores,analyst,Analyst,analyst-esg,ESG
anl11_globalsubseccount,Global SubSector Count,"{'id': 'analyst11', 'name': 'ESG scores'}","{'id': 'analyst', 'name': 'Analyst'}","{'id': 'analyst-esg', 'name': 'ESG'}",EUR,1,TOPCS1600,MATRIX,1.0,0.8774,0,0,1.4,"[{'id': '7yd5mJB', 'name': 'EUR TOPCS1600 ATOM Datasets Theme', 'multiplier': 2.0}]",analyst11,ESG scores,analyst,Analyst,analyst-esg,ESG
anl11_gposcorreg_industryperc,Industry Percentile on G Max Correlation Score with 100% being the best,"{'id': 'analyst11', 'name': 'ESG scores'}","{'id': 'analyst', 'name': 'Analyst'}","{'id': 'analyst-esg', 'name': 'ESG'}",EUR,1,TOPCS1600,MATRIX,1.0,0.8035,0,0,1.4,"[{'id': '7yd5mJB', 'name': 'EUR TOPCS1600 ATOM Datasets Theme', 'multiplier': 2.0}]",analyst11,ESG scores,analyst,Analyst,analyst-esg,ESG
anl11_gposcorreg_industryrnk,Industry Rank on G Max Correlation Score with 1 being the highest rank,"{'id': 'analyst11', 'name': 'ESG scores'}","{'id': 'analyst', 'name': 'Analyst'}","{'id': 'analyst-esg', 'name': 'ESG'}",EUR,1,TOPCS1600,MATRIX,1.0,0.8061,0,0,1.4,"[{'id': '7yd5mJB', 'name': 'EUR TOPCS1600 ATOM Datasets Theme', 'multiplier': 2.0}]",analyst11,ESG scores,analyst,Analyst,analyst-esg,ESG
anl11_gposcorregsubsecperc,SubSector Percentile on G Max Correlation Score with 100% being the best,"{'id': 'analyst11', 'name': 'ESG scores'}","{'id': 'analyst', 'name': 'Analyst'}","{'id': 'analyst-esg', 'name': 'ESG'}",EUR,1,TOPCS1600,MATRIX,1.0,0.8035,0,0,1.4,"[{'id': '7yd5mJB', 'name': 'EUR TOPCS1600 ATOM Datasets Theme', 'multiplier': 2.0}]",analyst11,ESG scores,analyst,Analyst,analyst-esg,ESG
anl11_gposcorregsubsecrnk,SubSector Rank on G Max Correlation Score with 1 being the highest rank,"{'id': 'analyst11', 'name': 'ESG scores'}","{'id': 'analyst', 'name': 'Analyst'}","{'id': 'analyst-esg', 'name': 'ESG'}",EUR,1,TOPCS1600,MATRIX,1.0,0.8061,0,0,1.4,"[{'id': '7yd5mJB', 'name': 'EUR TOPCS1600 ATOM Datasets Theme', 'multiplier': 2.0}]",analyst11,ESG scores,analyst,Analyst,analyst-esg,ESG
anl11_greg_industryperc,Industry Percentile on G Score with 100% being the best,"{'id': 'analyst11', 'name': 'ESG scores'}","{'id': 'analyst', 'name': 'Analyst'}","{'id': 'analyst-esg', 'name': 'ESG'}",EUR,1,TOPCS1600,MATRIX,1.0,0.888,0,0,1.4,"[{'id': '7yd5mJB', 'name': 'EUR TOPCS1600 ATOM Datasets Theme', 'multiplier': 2.0}]",analyst11,ESG scores,analyst,Analyst,analyst-esg,ESG
anl11_greg_industryrnk,Industry Rank on G Score with 1 being the highest rank,"{'id': 'analyst11', 'name': 'ESG scores'}","{'id': 'analyst', 'name': 'Analyst'}","{'id': 'analyst-esg', 'name': 'ESG'}",EUR,1,TOPCS1600,MATRIX,1.0,0.9065,0,0,1.4,"[{'id': '7yd5mJB', 'name': 'EUR TOPCS1600 ATOM Datasets Theme', 'multiplier': 2.0}]",analyst11,ESG scores,analyst,Analyst,analyst-esg,ESG
anl11_gregsubsecperc,SubSector Percentile on G Score with 100% being the best,"{'id': 'analyst11', 'name': 'ESG scores'}","{'id': 'analyst', 'name': 'Analyst'}","{'id': 'analyst-esg', 'name': 'ESG'}",EUR,1,TOPCS1600,MATRIX,1.0,0.888,0,0,1.4,"[{'id': '7yd5mJB', 'name': 'EUR TOPCS1600 ATOM Datasets Theme', 'multiplier': 2.0}]",analyst11,ESG scores,analyst,Analyst,analyst-esg,ESG
anl11_gregsubsecrnk,SubSector Rank on G Score with 1 being the highest rank,"{'id': 'analyst11', 'name': 'ESG scores'}","{'id': 'analyst', 'name': 'Analyst'}","{'id': 'analyst-esg', 'name': 'ESG'}",EUR,1,TOPCS1600,MATRIX,1.0,0.9065,0,0,1.4,"[{'id': '7yd5mJB', 'name': 'EUR TOPCS1600 ATOM Datasets Theme', 'multiplier': 2.0}]",analyst11,ESG scores,analyst,Analyst,analyst-esg,ESG
anl11_gse,"The ESG Score averages the E, S, and G scores.","{'id': 'analyst11', 'name': 'ESG scores'}","{'id': 'analyst', 'name': 'Analyst'}","{'id': 'analyst-esg', 'name': 'ESG'}",EUR,1,TOPCS1600,MATRIX,1.0,0.9087,0,0,1.4,"[{'id': '7yd5mJB', 'name': 'EUR TOPCS1600 ATOM Datasets Theme', 'multiplier': 2.0}]",analyst11,ESG scores,analyst,Analyst,analyst-esg,ESG
anl11_knrtcesger1e,Sector Rank on E1 1 being the highest rank,"{'id': 'analyst11', 'name': 'ESG scores'}","{'id': 'analyst', 'name': 'Analyst'}","{'id': 'analyst-esg', 'name': 'ESG'}",EUR,1,TOPCS1600,MATRIX,1.0,0.906,0,0,1.4,"[{'id': '7yd5mJB', 'name': 'EUR TOPCS1600 ATOM Datasets Theme', 'multiplier': 2.0}]",analyst11,ESG scores,analyst,Analyst,analyst-esg,ESG
anl11_knrtcesger1g,Sector Rank on G1 1 being the highest rank,"{'id': 'analyst11', 'name': 'ESG scores'}","{'id': 'analyst', 'name': 'Analyst'}","{'id': 'analyst-esg', 'name': 'ESG'}",EUR,1,TOPCS1600,MATRIX,1.0,0.9005,0,0,1.4,"[{'id': '7yd5mJB', 'name': 'EUR TOPCS1600 ATOM Datasets Theme', 'multiplier': 2.0}]",analyst11,ESG scores,analyst,Analyst,analyst-esg,ESG
anl11_knrtcesger1pme,Sector Rank on the first EMP score with 1 as highest,"{'id': 'analyst11', 'name': 'ESG scores'}","{'id': 'analyst', 'name': 'Analyst'}","{'id': 'analyst-esg', 'name': 'ESG'}",EUR,1,TOPCS1600,MATRIX,1.0,0.8921,0,0,1.4,"[{'id': '7yd5mJB', 'name': 'EUR TOPCS1600 ATOM Datasets Theme', 'multiplier': 2.0}]",analyst11,ESG scores,analyst,Analyst,analyst-esg,ESG
anl11_knrtcesger1tic,Sector Rank on CIT1 1 being the highest rank,"{'id': 'analyst11', 'name': 'ESG scores'}","{'id': 'analyst', 'name': 'Analyst'}","{'id': 'analyst-esg', 'name': 'ESG'}",EUR,1,TOPCS1600,MATRIX,1.0,0.9037,0,0,1.4,"[{'id': '7yd5mJB', 'name': 'EUR TOPCS1600 ATOM Datasets Theme', 'multiplier': 2.0}]",analyst11,ESG scores,analyst,Analyst,analyst-esg,ESG
anl11_knrtcesger2e,Sector Rank on E2 1 being the highest rank,"{'id': 'analyst11', 'name': 'ESG scores'}","{'id': 'analyst', 'name': 'Analyst'}","{'id': 'analyst-esg', 'name': 'ESG'}",EUR,1,TOPCS1600,MATRIX,1.0,0.9059,0,0,1.4,"[{'id': '7yd5mJB', 'name': 'EUR TOPCS1600 ATOM Datasets Theme', 'multiplier': 2.0}]",analyst11,ESG scores,analyst,Analyst,analyst-esg,ESG
anl11_knrtcesger2g,Sector Rank on G2 1 being the highest rank,"{'id': 'analyst11', 'name': 'ESG scores'}","{'id': 'analyst', 'name': 'Analyst'}","{'id': 'analyst-esg', 'name': 'ESG'}",EUR,1,TOPCS1600,MATRIX,1.0,0.9056,0,0,1.4,"[{'id': '7yd5mJB', 'name': 'EUR TOPCS1600 ATOM Datasets Theme', 'multiplier': 2.0}]",analyst11,ESG scores,analyst,Analyst,analyst-esg,ESG
anl11_knrtcesger2pme,Sector Rank on the second EMP score with 1 as highest,"{'id': 'analyst11', 'name': 'ESG scores'}","{'id': 'analyst', 'name': 'Analyst'}","{'id': 'analyst-esg', 'name': 'ESG'}",EUR,1,TOPCS1600,MATRIX,1.0,0.8985,0,0,1.4,"[{'id': '7yd5mJB', 'name': 'EUR TOPCS1600 ATOM Datasets Theme', 'multiplier': 2.0}]",analyst11,ESG scores,analyst,Analyst,analyst-esg,ESG
anl11_knrtcesger2tic,Sector Rank on CIT2 1 being the highest rank,"{'id': 'analyst11', 'name': 'ESG scores'}","{'id': 'analyst', 'name': 'Analyst'}","{'id': 'analyst-esg', 'name': 'ESG'}",EUR,1,TOPCS1600,MATRIX,1.0,0.9024,0,0,1.4,"[{'id': '7yd5mJB', 'name': 'EUR TOPCS1600 ATOM Datasets Theme', 'multiplier': 2.0}]",analyst11,ESG scores,analyst,Analyst,analyst-esg,ESG
anl11_knrtcesger3e,Sector Rank on E3 1 being the highest rank,"{'id': 'analyst11', 'name': 'ESG scores'}","{'id': 'analyst', 'name': 'Analyst'}","{'id': 'analyst-esg', 'name': 'ESG'}",EUR,1,TOPCS1600,MATRIX,1.0,0.906,0,0,1.4,"[{'id': '7yd5mJB', 'name': 'EUR TOPCS1600 ATOM Datasets Theme', 'multiplier': 2.0}]",analyst11,ESG scores,analyst,Analyst,analyst-esg,ESG
anl11_knrtcesger3g,Sector Rank on G3 1 being the highest rank,"{'id': 'analyst11', 'name': 'ESG scores'}","{'id': 'analyst', 'name': 'Analyst'}","{'id': 'analyst-esg', 'name': 'ESG'}",EUR,1,TOPCS1600,MATRIX,1.0,0.9043,0,0,1.4,"[{'id': '7yd5mJB', 'name': 'EUR TOPCS1600 ATOM Datasets Theme', 'multiplier': 2.0}]",analyst11,ESG scores,analyst,Analyst,analyst-esg,ESG
anl11_knrtcesger3pme,Sector Rank on the third EMP score with 1 as highest,"{'id': 'analyst11', 'name': 'ESG scores'}","{'id': 'analyst', 'name': 'Analyst'}","{'id': 'analyst-esg', 'name': 'ESG'}",EUR,1,TOPCS1600,MATRIX,1.0,0.8975,0,0,1.4,"[{'id': '7yd5mJB', 'name': 'EUR TOPCS1600 ATOM Datasets Theme', 'multiplier': 2.0}]",analyst11,ESG scores,analyst,Analyst,analyst-esg,ESG
anl11_knrtcesger3tic,Sector Rank on CIT3 1 being the highest rank,"{'id': 'analyst11', 'name': 'ESG scores'}","{'id': 'analyst', 'name': 'Analyst'}","{'id': 'analyst-esg', 'name': 'ESG'}",EUR,1,TOPCS1600,MATRIX,1.0,0.8986,0,0,1.4,"[{'id': '7yd5mJB', 'name': 'EUR TOPCS1600 ATOM Datasets Theme', 'multiplier': 2.0}]",analyst11,ESG scores,analyst,Analyst,analyst-esg,ESG
anl11_knrtcesgere,Sector Rank on E Score with 1 being the highest rank,"{'id': 'analyst11', 'name': 'ESG scores'}","{'id': 'analyst', 'name': 'Analyst'}","{'id': 'analyst-esg', 'name': 'ESG'}",EUR,1,TOPCS1600,MATRIX,1.0,0.908,1,1,1.4,"[{'id': '7yd5mJB', 'name': 'EUR TOPCS1600 ATOM Datasets Theme', 'multiplier': 2.0}]",analyst11,ESG scores,analyst,Analyst,analyst-esg,ESG
anl11_knrtcesgerg,Sector Rank on G Score with 1 being the highest rank,"{'id': 'analyst11', 'name': 'ESG scores'}","{'id': 'analyst', 'name': 'Analyst'}","{'id': 'analyst-esg', 'name': 'ESG'}",EUR,1,TOPCS1600,MATRIX,1.0,0.9065,0,0,1.4,"[{'id': '7yd5mJB', 'name': 'EUR TOPCS1600 ATOM Datasets Theme', 'multiplier': 2.0}]",analyst11,ESG scores,analyst,Analyst,analyst-esg,ESG
anl11_knrtcesgergse,Sector Rank on ESG Score with 1 being the highest rank,"{'id': 'analyst11', 'name': 'ESG scores'}","{'id': 'analyst', 'name': 'Analyst'}","{'id': 'analyst-esg', 'name': 'ESG'}",EUR,1,TOPCS1600,MATRIX,1.0,0.9087,0,0,1.4,"[{'id': '7yd5mJB', 'name': 'EUR TOPCS1600 ATOM Datasets Theme', 'multiplier': 2.0}]",analyst11,ESG scores,analyst,Analyst,analyst-esg,ESG
anl11_knrtcesgerpme,Sector Rank on EMP Score with 1 being the highest rank,"{'id': 'analyst11', 'name': 'ESG scores'}","{'id': 'analyst', 'name': 'Analyst'}","{'id': 'analyst-esg', 'name': 'ESG'}",EUR,1,TOPCS1600,MATRIX,1.0,0.9023,0,0,1.4,"[{'id': '7yd5mJB', 'name': 'EUR TOPCS1600 ATOM Datasets Theme', 'multiplier': 2.0}]",analyst11,ESG scores,analyst,Analyst,analyst-esg,ESG
anl11_knrtcesgerrocsope,Sector Rank on E Max Correlation Score with 1 being the highest rank,"{'id': 'analyst11', 'name': 'ESG scores'}","{'id': 'analyst', 'name': 'Analyst'}","{'id': 'analyst-esg', 'name': 'ESG'}",EUR,1,TOPCS1600,MATRIX,1.0,0.7825,1,1,1.4,"[{'id': '7yd5mJB', 'name': 'EUR TOPCS1600 ATOM Datasets Theme', 'multiplier': 2.0}]",analyst11,ESG scores,analyst,Analyst,analyst-esg,ESG
anl11_knrtcesgerrocsopg,Sector Rank on G Max Correlation Score with 1 being the highest rank,"{'id': 'analyst11', 'name': 'ESG scores'}","{'id': 'analyst', 'name': 'Analyst'}","{'id': 'analyst-esg', 'name': 'ESG'}",EUR,1,TOPCS1600,MATRIX,1.0,0.8061,0,0,1.4,"[{'id': '7yd5mJB', 'name': 'EUR TOPCS1600 ATOM Datasets Theme', 'multiplier': 2.0}]",analyst11,ESG scores,analyst,Analyst,analyst-esg,ESG
anl11_knrtcesgerrocsopgse,Sector Rank on ESG Max Correlation Score with 1 being the highest rank,"{'id': 'analyst11', 'name': 'ESG scores'}","{'id': 'analyst', 'name': 'Analyst'}","{'id': 'analyst-esg', 'name': 'ESG'}",EUR,1,TOPCS1600,MATRIX,1.0,0.8306,0,0,1.4,"[{'id': '7yd5mJB', 'name': 'EUR TOPCS1600 ATOM Datasets Theme', 'multiplier': 2.0}]",analyst11,ESG scores,analyst,Analyst,analyst-esg,ESG
anl11_knrtcesgerrocsoppme,Sector Rank on EMP Max Correlation Score with 1 being the highest rank,"{'id': 'analyst11', 'name': 'ESG scores'}","{'id': 'analyst', 'name': 'Analyst'}","{'id': 'analyst-esg', 'name': 'ESG'}",EUR,1,TOPCS1600,MATRIX,1.0,0.8088,0,0,1.4,"[{'id': '7yd5mJB', 'name': 'EUR TOPCS1600 ATOM Datasets Theme', 'multiplier': 2.0}]",analyst11,ESG scores,analyst,Analyst,analyst-esg,ESG
anl11_knrtcesgerrocsoptic,Sector Percentile on CIT Max Correlation Score with 100% being the best,"{'id': 'analyst11', 'name': 'ESG scores'}","{'id': 'analyst', 'name': 'Analyst'}","{'id': 'analyst-esg', 'name': 'ESG'}",EUR,1,TOPCS1600,MATRIX,1.0,0.7978,0,0,1.4,"[{'id': '7yd5mJB', 'name': 'EUR TOPCS1600 ATOM Datasets Theme', 'multiplier': 2.0}]",analyst11,ESG scores,analyst,Analyst,analyst-esg,ESG
anl11_knrtcesgertic,Sector Rank on CIT Score with 1 being the highest rank,"{'id': 'analyst11', 'name': 'ESG scores'}","{'id': 'analyst', 'name': 'Analyst'}","{'id': 'analyst-esg', 'name': 'ESG'}",EUR,1,TOPCS1600,MATRIX,1.0,0.9075,0,0,1.4,"[{'id': '7yd5mJB', 'name': 'EUR TOPCS1600 ATOM Datasets Theme', 'multiplier': 2.0}]",analyst11,ESG scores,analyst,Analyst,analyst-esg,ESG
anl11_pme,The EMP Score averages the three EMP scores .,"{'id': 'analyst11', 'name': 'ESG scores'}","{'id': 'analyst', 'name': 'Analyst'}","{'id': 'analyst-esg', 'name': 'ESG'}",EUR,1,TOPCS1600,MATRIX,1.0,0.9023,0,0,1.4,"[{'id': '7yd5mJB', 'name': 'EUR TOPCS1600 ATOM Datasets Theme', 'multiplier': 2.0}]",analyst11,ESG scores,analyst,Analyst,analyst-esg,ESG
anl11_region_industrycount,Region Industry Count,"{'id': 'analyst11', 'name': 'ESG scores'}","{'id': 'analyst', 'name': 'Analyst'}","{'id': 'analyst-esg', 'name': 'ESG'}",EUR,1,TOPCS1600,MATRIX,1.0,0.9049,0,0,1.4,"[{'id': '7yd5mJB', 'name': 'EUR TOPCS1600 ATOM Datasets Theme', 'multiplier': 2.0}]",analyst11,ESG scores,analyst,Analyst,analyst-esg,ESG
anl11_regionsectcount,Region Sector Count,"{'id': 'analyst11', 'name': 'ESG scores'}","{'id': 'analyst', 'name': 'Analyst'}","{'id': 'analyst-esg', 'name': 'ESG'}",EUR,1,TOPCS1600,MATRIX,1.0,0.9049,0,0,1.4,"[{'id': '7yd5mJB', 'name': 'EUR TOPCS1600 ATOM Datasets Theme', 'multiplier': 2.0}]",analyst11,ESG scores,analyst,Analyst,analyst-esg,ESG
anl11_regionsubseccount,Region SubSector Count,"{'id': 'analyst11', 'name': 'ESG scores'}","{'id': 'analyst', 'name': 'Analyst'}","{'id': 'analyst-esg', 'name': 'ESG'}",EUR,1,TOPCS1600,MATRIX,1.0,0.9049,0,0,1.4,"[{'id': '7yd5mJB', 'name': 'EUR TOPCS1600 ATOM Datasets Theme', 'multiplier': 2.0}]",analyst11,ESG scores,analyst,Analyst,analyst-esg,ESG
anl11_rocsope,The E Max Correlation Score weights the three E scores based on which are strongly rank correlated (to the positive and negative) to financial metrics related to 1yr and 3 yr total returns for that company's peers.,"{'id': 'analyst11', 'name': 'ESG scores'}","{'id': 'analyst', 'name': 'Analyst'}","{'id': 'analyst-esg', 'name': 'ESG'}",EUR,1,TOPCS1600,MATRIX,1.0,0.7825,0,0,1.4,"[{'id': '7yd5mJB', 'name': 'EUR TOPCS1600 ATOM Datasets Theme', 'multiplier': 2.0}]",analyst11,ESG scores,analyst,Analyst,analyst-esg,ESG
anl11_rocsopg,The G Max Correlation Score weights the three G scores based on which are strongly rank correlated (to the positive and negative) to financial metrics related to 1yr and 3 yr total returns for that company's peer group.,"{'id': 'analyst11', 'name': 'ESG scores'}","{'id': 'analyst', 'name': 'Analyst'}","{'id': 'analyst-esg', 'name': 'ESG'}",EUR,1,TOPCS1600,MATRIX,1.0,0.8061,0,0,1.4,"[{'id': '7yd5mJB', 'name': 'EUR TOPCS1600 ATOM Datasets Theme', 'multiplier': 2.0}]",analyst11,ESG scores,analyst,Analyst,analyst-esg,ESG
anl11_rocsopgse,The ESG Max Correlation Score weights the individual E EMP CIT and G scores based on which are strongly rank correlated (to the positive and negative) to financial metrics related to 1yr and 3 yr total returns for that company's peer group.,"{'id': 'analyst11', 'name': 'ESG scores'}","{'id': 'analyst', 'name': 'Analyst'}","{'id': 'analyst-esg', 'name': 'ESG'}",EUR,1,TOPCS1600,MATRIX,1.0,0.8306,0,0,1.4,"[{'id': '7yd5mJB', 'name': 'EUR TOPCS1600 ATOM Datasets Theme', 'multiplier': 2.0}]",analyst11,ESG scores,analyst,Analyst,analyst-esg,ESG
anl11_rocsoppme,The EMP Max Correlation Score weights the three EMP scores based on which are strongly rank correlated (to the positive and negative) to financial metrics related to 1yr and 3 yr total returns for that company's peer group.,"{'id': 'analyst11', 'name': 'ESG scores'}","{'id': 'analyst', 'name': 'Analyst'}","{'id': 'analyst-esg', 'name': 'ESG'}",EUR,1,TOPCS1600,MATRIX,1.0,0.8088,0,0,1.4,"[{'id': '7yd5mJB', 'name': 'EUR TOPCS1600 ATOM Datasets Theme', 'multiplier': 2.0}]",analyst11,ESG scores,analyst,Analyst,analyst-esg,ESG
anl11_rocsoptic,The CIT Max Correlation Score weights the three CIT scores based on which are strongly rank correlated (to the positive and negative) to financial metrics related to 1yr and 3 yr total returns for that company's peer group,"{'id': 'analyst11', 'name': 'ESG scores'}","{'id': 'analyst', 'name': 'Analyst'}","{'id': 'analyst-esg', 'name': 'ESG'}",EUR,1,TOPCS1600,MATRIX,1.0,0.7978,0,0,1.4,"[{'id': '7yd5mJB', 'name': 'EUR TOPCS1600 ATOM Datasets Theme', 'multiplier': 2.0}]",analyst11,ESG scores,analyst,Analyst,analyst-esg,ESG
anl11_tic,"The CIT Score averages the CIT1, CIT2, and CIT3 scores.","{'id': 'analyst11', 'name': 'ESG scores'}","{'id': 'analyst', 'name': 'Analyst'}","{'id': 'analyst-esg', 'name': 'ESG'}",EUR,1,TOPCS1600,MATRIX,1.0,0.9075,0,0,1.4,"[{'id': '7yd5mJB', 'name': 'EUR TOPCS1600 ATOM Datasets Theme', 'multiplier': 2.0}]",analyst11,ESG scores,analyst,Analyst,analyst-esg,ESG
antipollution_policy_industry_percentile,Percentile ranking within industry peer group for anti-pollution policy score.,"{'id': 'analyst11', 'name': 'ESG scores'}","{'id': 'analyst', 'name': 'Analyst'}","{'id': 'analyst-esg', 'name': 'ESG'}",EUR,1,TOPCS1600,MATRIX,1.0,0.8868,0,0,1.4,"[{'id': '7yd5mJB', 'name': 'EUR TOPCS1600 ATOM Datasets Theme', 'multiplier': 2.0}]",analyst11,ESG scores,analyst,Analyst,analyst-esg,ESG
antipollution_policy_industry_position,Company’s position within industry peer group for anti-pollution policy score.,"{'id': 'analyst11', 'name': 'ESG scores'}","{'id': 'analyst', 'name': 'Analyst'}","{'id': 'analyst-esg', 'name': 'ESG'}",EUR,1,TOPCS1600,MATRIX,1.0,0.8907,0,0,1.4,"[{'id': '7yd5mJB', 'name': 'EUR TOPCS1600 ATOM Datasets Theme', 'multiplier': 2.0}]",analyst11,ESG scores,analyst,Analyst,analyst-esg,ESG
antipollution_policy_score,Score measuring company policies to reduce pollution and commitment to environmental reporting.,"{'id': 'analyst11', 'name': 'ESG scores'}","{'id': 'analyst', 'name': 'Analyst'}","{'id': 'analyst-esg', 'name': 'ESG'}",EUR,1,TOPCS1600,MATRIX,1.0,0.9094,0,0,1.4,"[{'id': '7yd5mJB', 'name': 'EUR TOPCS1600 ATOM Datasets Theme', 'multiplier': 2.0}]",analyst11,ESG scores,analyst,Analyst,analyst-esg,ESG
antipollution_policy_sector_percentile,Percentile ranking within sector peer group for anti-pollution policy score.,"{'id': 'analyst11', 'name': 'ESG scores'}","{'id': 'analyst', 'name': 'Analyst'}","{'id': 'analyst-esg', 'name': 'ESG'}",EUR,1,TOPCS1600,MATRIX,1.0,0.8868,0,0,1.4,"[{'id': '7yd5mJB', 'name': 'EUR TOPCS1600 ATOM Datasets Theme', 'multiplier': 2.0}]",analyst11,ESG scores,analyst,Analyst,analyst-esg,ESG
antipollution_policy_sector_position,Company’s position within sector peer group for anti-pollution policy score.,"{'id': 'analyst11', 'name': 'ESG scores'}","{'id': 'analyst', 'name': 'Analyst'}","{'id': 'analyst-esg', 'name': 'ESG'}",EUR,1,TOPCS1600,MATRIX,1.0,0.8907,0,0,1.4,"[{'id': '7yd5mJB', 'name': 'EUR TOPCS1600 ATOM Datasets Theme', 'multiplier': 2.0}]",analyst11,ESG scores,analyst,Analyst,analyst-esg,ESG
antipollution_policy_subsector_percentile,Percentile ranking within subsector peer group for anti-pollution policy score.,"{'id': 'analyst11', 'name': 'ESG scores'}","{'id': 'analyst', 'name': 'Analyst'}","{'id': 'analyst-esg', 'name': 'ESG'}",EUR,1,TOPCS1600,MATRIX,1.0,0.8868,1,1,1.4,"[{'id': '7yd5mJB', 'name': 'EUR TOPCS1600 ATOM Datasets Theme', 'multiplier': 2.0}]",analyst11,ESG scores,analyst,Analyst,analyst-esg,ESG
antipollution_policy_subsector_position,Company’s position within subsector peer group for anti-pollution policy score.,"{'id': 'analyst11', 'name': 'ESG scores'}","{'id': 'analyst', 'name': 'Analyst'}","{'id': 'analyst-esg', 'name': 'ESG'}",EUR,1,TOPCS1600,MATRIX,1.0,0.8907,0,0,1.4,"[{'id': '7yd5mJB', 'name': 'EUR TOPCS1600 ATOM Datasets Theme', 'multiplier': 2.0}]",analyst11,ESG scores,analyst,Analyst,analyst-esg,ESG
board_independence_effectiveness_score,"Score measuring board independence, diversity, and alignment with governance best practices.","{'id': 'analyst11', 'name': 'ESG scores'}","{'id': 'analyst', 'name': 'Analyst'}","{'id': 'analyst-esg', 'name': 'ESG'}",EUR,1,TOPCS1600,MATRIX,1.0,0.904,0,0,1.4,"[{'id': '7yd5mJB', 'name': 'EUR TOPCS1600 ATOM Datasets Theme', 'multiplier': 2.0}]",analyst11,ESG scores,analyst,Analyst,analyst-esg,ESG
board_independence_industry_percentile_score,Percentile ranking within industry peer group for board independence and effectiveness.,"{'id': 'analyst11', 'name': 'ESG scores'}","{'id': 'analyst', 'name': 'Analyst'}","{'id': 'analyst-esg', 'name': 'ESG'}",EUR,1,TOPCS1600,MATRIX,1.0,0.8814,0,0,1.4,"[{'id': '7yd5mJB', 'name': 'EUR TOPCS1600 ATOM Datasets Theme', 'multiplier': 2.0}]",analyst11,ESG scores,analyst,Analyst,analyst-esg,ESG
board_independence_industry_position,Company’s rank within its industry peer group for board independence and effectiveness.,"{'id': 'analyst11', 'name': 'ESG scores'}","{'id': 'analyst', 'name': 'Analyst'}","{'id': 'analyst-esg', 'name': 'ESG'}",EUR,1,TOPCS1600,MATRIX,1.0,0.8853,0,0,1.4,"[{'id': '7yd5mJB', 'name': 'EUR TOPCS1600 ATOM Datasets Theme', 'multiplier': 2.0}]",analyst11,ESG scores,analyst,Analyst,analyst-esg,ESG
board_independence_sector_percentile_score,Percentile ranking within sector peer group for board independence and effectiveness.,"{'id': 'analyst11', 'name': 'ESG scores'}","{'id': 'analyst', 'name': 'Analyst'}","{'id': 'analyst-esg', 'name': 'ESG'}",EUR,1,TOPCS1600,MATRIX,1.0,0.8814,0,0,1.4,"[{'id': '7yd5mJB', 'name': 'EUR TOPCS1600 ATOM Datasets Theme', 'multiplier': 2.0}]",analyst11,ESG scores,analyst,Analyst,analyst-esg,ESG
board_independence_sector_position,Company’s rank within its sector peer group for board independence and effectiveness.,"{'id': 'analyst11', 'name': 'ESG scores'}","{'id': 'analyst', 'name': 'Analyst'}","{'id': 'analyst-esg', 'name': 'ESG'}",EUR,1,TOPCS1600,MATRIX,1.0,0.8853,0,0,1.4,"[{'id': '7yd5mJB', 'name': 'EUR TOPCS1600 ATOM Datasets Theme', 'multiplier': 2.0}]",analyst11,ESG scores,analyst,Analyst,analyst-esg,ESG
board_independence_subsector_percentile_score,Percentile ranking within subsector peer group for board independence and effectiveness.,"{'id': 'analyst11', 'name': 'ESG scores'}","{'id': 'analyst', 'name': 'Analyst'}","{'id': 'analyst-esg', 'name': 'ESG'}",EUR,1,TOPCS1600,MATRIX,1.0,0.8814,0,0,1.4,"[{'id': '7yd5mJB', 'name': 'EUR TOPCS1600 ATOM Datasets Theme', 'multiplier': 2.0}]",analyst11,ESG scores,analyst,Analyst,analyst-esg,ESG
board_independence_subsector_position,Company’s rank within its subsector peer group for board independence and effectiveness.,"{'id': 'analyst11', 'name': 'ESG scores'}","{'id': 'analyst', 'name': 'Analyst'}","{'id': 'analyst-esg', 'name': 'ESG'}",EUR,1,TOPCS1600,MATRIX,1.0,0.8853,0,0,1.4,"[{'id': '7yd5mJB', 'name': 'EUR TOPCS1600 ATOM Datasets Theme', 'multiplier': 2.0}]",analyst11,ESG scores,analyst,Analyst,analyst-esg,ESG
citizenship_hybrid_industry_percentile_score,Percentile ranking within industry peer group for citizenship score weighted by positively correlated KPIs.,"{'id': 'analyst11', 'name': 'ESG scores'}","{'id': 'analyst', 'name': 'Analyst'}","{'id': 'analyst-esg', 'name': 'ESG'}",EUR,1,TOPCS1600,MATRIX,1.0,0.7269,3,3,1.4,"[{'id': '7yd5mJB', 'name': 'EUR TOPCS1600 ATOM Datasets Theme', 'multiplier': 2.0}]",analyst11,ESG scores,analyst,Analyst,analyst-esg,ESG
citizenship_hybrid_industry_position,Company’s rank within industry peer group for citizenship score weighted by positively correlated KPIs.,"{'id': 'analyst11', 'name': 'ESG scores'}","{'id': 'analyst', 'name': 'Analyst'}","{'id': 'analyst-esg', 'name': 'ESG'}",EUR,1,TOPCS1600,MATRIX,1.0,0.7308,0,0,1.4,"[{'id': '7yd5mJB', 'name': 'EUR TOPCS1600 ATOM Datasets Theme', 'multiplier': 2.0}]",analyst11,ESG scores,analyst,Analyst,analyst-esg,ESG
citizenship_hybrid_sector_percentile_score,Percentile ranking within sector peer group for citizenship score weighted by positively correlated KPIs.,"{'id': 'analyst11', 'name': 'ESG scores'}","{'id': 'analyst', 'name': 'Analyst'}","{'id': 'analyst-esg', 'name': 'ESG'}",EUR,1,TOPCS1600,MATRIX,1.0,0.7269,0,0,1.4,"[{'id': '7yd5mJB', 'name': 'EUR TOPCS1600 ATOM Datasets Theme', 'multiplier': 2.0}]",analyst11,ESG scores,analyst,Analyst,analyst-esg,ESG
citizenship_hybrid_sector_position,Company’s rank within sector peer group for citizenship score weighted by positively correlated KPIs.,"{'id': 'analyst11', 'name': 'ESG scores'}","{'id': 'analyst', 'name': 'Analyst'}","{'id': 'analyst-esg', 'name': 'ESG'}",EUR,1,TOPCS1600,MATRIX,1.0,0.7308,0,0,1.4,"[{'id': '7yd5mJB', 'name': 'EUR TOPCS1600 ATOM Datasets Theme', 'multiplier': 2.0}]",analyst11,ESG scores,analyst,Analyst,analyst-esg,ESG
citizenship_hybrid_subsector_percentile_score,Percentile ranking within subsector peer group for citizenship score weighted by positively correlated KPIs.,"{'id': 'analyst11', 'name': 'ESG scores'}","{'id': 'analyst', 'name': 'Analyst'}","{'id': 'analyst-esg', 'name': 'ESG'}",EUR,1,TOPCS1600,MATRIX,1.0,0.7269,0,0,1.4,"[{'id': '7yd5mJB', 'name': 'EUR TOPCS1600 ATOM Datasets Theme', 'multiplier': 2.0}]",analyst11,ESG scores,analyst,Analyst,analyst-esg,ESG
citizenship_hybrid_subsector_position,Company’s rank within subsector peer group for citizenship score weighted by positively correlated KPIs.,"{'id': 'analyst11', 'name': 'ESG scores'}","{'id': 'analyst', 'name': 'Analyst'}","{'id': 'analyst-esg', 'name': 'ESG'}",EUR,1,TOPCS1600,MATRIX,1.0,0.7308,0,0,1.4,"[{'id': '7yd5mJB', 'name': 'EUR TOPCS1600 ATOM Datasets Theme', 'multiplier': 2.0}]",analyst11,ESG scores,analyst,Analyst,analyst-esg,ESG
citizenship_hybrid_weighted_score,Citizenship score weighted by KPIs most strongly positively correlated to financial returns.,"{'id': 'analyst11', 'name': 'ESG scores'}","{'id': 'analyst', 'name': 'Analyst'}","{'id': 'analyst-esg', 'name': 'ESG'}",EUR,1,TOPCS1600,MATRIX,1.0,0.7308,0,0,1.4,"[{'id': '7yd5mJB', 'name': 'EUR TOPCS1600 ATOM Datasets Theme', 'multiplier': 2.0}]",analyst11,ESG scores,analyst,Analyst,analyst-esg,ESG
citizenship_industry_percentile_score,"Percentile ranking within industry peer group for citizenship metrics, with higher values indicating better performance.","{'id': 'analyst11', 'name': 'ESG scores'}","{'id': 'analyst', 'name': 'Analyst'}","{'id': 'analyst-esg', 'name': 'ESG'}",EUR,1,TOPCS1600,MATRIX,1.0,0.8884,0,0,1.4,"[{'id': '7yd5mJB', 'name': 'EUR TOPCS1600 ATOM Datasets Theme', 'multiplier': 2.0}]",analyst11,ESG scores,analyst,Analyst,analyst-esg,ESG
citizenship_industry_position,"Company’s rank within industry peer group for citizenship metrics, with 1 being the highest.","{'id': 'analyst11', 'name': 'ESG scores'}","{'id': 'analyst', 'name': 'Analyst'}","{'id': 'analyst-esg', 'name': 'ESG'}",EUR,1,TOPCS1600,MATRIX,1.0,0.8924,0,0,1.4,"[{'id': '7yd5mJB', 'name': 'EUR TOPCS1600 ATOM Datasets Theme', 'multiplier': 2.0}]",analyst11,ESG scores,analyst,Analyst,analyst-esg,ESG
citizenship_maxcorr_industry_percentile_score,Percentile ranking within industry peer group for citizenship score weighted by strongest correlations to financial returns.,"{'id': 'analyst11', 'name': 'ESG scores'}","{'id': 'analyst', 'name': 'Analyst'}","{'id': 'analyst-esg', 'name': 'ESG'}",EUR,1,TOPCS1600,MATRIX,1.0,0.7543,0,0,1.4,"[{'id': '7yd5mJB', 'name': 'EUR TOPCS1600 ATOM Datasets Theme', 'multiplier': 2.0}]",analyst11,ESG scores,analyst,Analyst,analyst-esg,ESG
citizenship_maxcorr_industry_position,Company’s rank within industry peer group for citizenship score weighted by strongest correlations to financial returns.,"{'id': 'analyst11', 'name': 'ESG scores'}","{'id': 'analyst', 'name': 'Analyst'}","{'id': 'analyst-esg', 'name': 'ESG'}",EUR,1,TOPCS1600,MATRIX,1.0,0.7572,0,0,1.4,"[{'id': '7yd5mJB', 'name': 'EUR TOPCS1600 ATOM Datasets Theme', 'multiplier': 2.0}]",analyst11,ESG scores,analyst,Analyst,analyst-esg,ESG
citizenship_maxcorr_sector_percentile_score,Percentile ranking within sector peer group for citizenship score weighted by strongest correlations to financial returns.,"{'id': 'analyst11', 'name': 'ESG scores'}","{'id': 'analyst', 'name': 'Analyst'}","{'id': 'analyst-esg', 'name': 'ESG'}",EUR,1,TOPCS1600,MATRIX,1.0,0.7543,0,0,1.4,"[{'id': '7yd5mJB', 'name': 'EUR TOPCS1600 ATOM Datasets Theme', 'multiplier': 2.0}]",analyst11,ESG scores,analyst,Analyst,analyst-esg,ESG
citizenship_maxcorr_sector_position,Company’s rank within sector peer group for citizenship score weighted by strongest correlations to financial returns.,"{'id': 'analyst11', 'name': 'ESG scores'}","{'id': 'analyst', 'name': 'Analyst'}","{'id': 'analyst-esg', 'name': 'ESG'}",EUR,1,TOPCS1600,MATRIX,1.0,0.7572,0,0,1.4,"[{'id': '7yd5mJB', 'name': 'EUR TOPCS1600 ATOM Datasets Theme', 'multiplier': 2.0}]",analyst11,ESG scores,analyst,Analyst,analyst-esg,ESG
citizenship_maxcorr_subsector_percentile_score,Percentile ranking within subsector peer group for citizenship score weighted by strongest correlations to financial returns.,"{'id': 'analyst11', 'name': 'ESG scores'}","{'id': 'analyst', 'name': 'Analyst'}","{'id': 'analyst-esg', 'name': 'ESG'}",EUR,1,TOPCS1600,MATRIX,1.0,0.7543,0,0,1.4,"[{'id': '7yd5mJB', 'name': 'EUR TOPCS1600 ATOM Datasets Theme', 'multiplier': 2.0}]",analyst11,ESG scores,analyst,Analyst,analyst-esg,ESG
citizenship_maxcorr_subsector_position,Company’s rank within subsector peer group for citizenship score weighted by strongest correlations to financial returns.,"{'id': 'analyst11', 'name': 'ESG scores'}","{'id': 'analyst', 'name': 'Analyst'}","{'id': 'analyst-esg', 'name': 'ESG'}",EUR,1,TOPCS1600,MATRIX,1.0,0.7572,0,0,1.4,"[{'id': '7yd5mJB', 'name': 'EUR TOPCS1600 ATOM Datasets Theme', 'multiplier': 2.0}]",analyst11,ESG scores,analyst,Analyst,analyst-esg,ESG
citizenship_maxcorr_weighted_score,"Citizenship score weighted by KPIs most strongly correlated to financial returns, both positive and negative.","{'id': 'analyst11', 'name': 'ESG scores'}","{'id': 'analyst', 'name': 'Analyst'}","{'id': 'analyst-esg', 'name': 'ESG'}",EUR,1,TOPCS1600,MATRIX,1.0,0.7572,0,0,1.4,"[{'id': '7yd5mJB', 'name': 'EUR TOPCS1600 ATOM Datasets Theme', 'multiplier': 2.0}]",analyst11,ESG scores,analyst,Analyst,analyst-esg,ESG
citizenship_pillar_score,"Aggregated score reflecting company performance on community engagement, human rights, and sustainable products.","{'id': 'analyst11', 'name': 'ESG scores'}","{'id': 'analyst', 'name': 'Analyst'}","{'id': 'analyst-esg', 'name': 'ESG'}",EUR,1,TOPCS1600,MATRIX,1.0,0.9111,0,0,1.4,"[{'id': '7yd5mJB', 'name': 'EUR TOPCS1600 ATOM Datasets Theme', 'multiplier': 2.0}]",analyst11,ESG scores,analyst,Analyst,analyst-esg,ESG
citizenship_sector_percentile_score,"Percentile ranking within sector peer group for citizenship metrics, with higher values indicating better performance.","{'id': 'analyst11', 'name': 'ESG scores'}","{'id': 'analyst', 'name': 'Analyst'}","{'id': 'analyst-esg', 'name': 'ESG'}",EUR,1,TOPCS1600,MATRIX,1.0,0.8884,0,0,1.4,"[{'id': '7yd5mJB', 'name': 'EUR TOPCS1600 ATOM Datasets Theme', 'multiplier': 2.0}]",analyst11,ESG scores,analyst,Analyst,analyst-esg,ESG
citizenship_sector_position,"Company’s rank within sector peer group for citizenship metrics, with 1 being the highest.","{'id': 'analyst11', 'name': 'ESG scores'}","{'id': 'analyst', 'name': 'Analyst'}","{'id': 'analyst-esg', 'name': 'ESG'}",EUR,1,TOPCS1600,MATRIX,1.0,0.8924,0,0,1.4,"[{'id': '7yd5mJB', 'name': 'EUR TOPCS1600 ATOM Datasets Theme', 'multiplier': 2.0}]",analyst11,ESG scores,analyst,Analyst,analyst-esg,ESG
citizenship_subsector_percentile_score,"Percentile ranking within subsector peer group for citizenship metrics, with higher values indicating better performance.","{'id': 'analyst11', 'name': 'ESG scores'}","{'id': 'analyst', 'name': 'Analyst'}","{'id': 'analyst-esg', 'name': 'ESG'}",EUR,1,TOPCS1600,MATRIX,1.0,0.8884,0,0,1.4,"[{'id': '7yd5mJB', 'name': 'EUR TOPCS1600 ATOM Datasets Theme', 'multiplier': 2.0}]",analyst11,ESG scores,analyst,Analyst,analyst-esg,ESG
citizenship_subsector_position,"Company’s rank within subsector peer group for citizenship metrics, with 1 being the highest.","{'id': 'analyst11', 'name': 'ESG scores'}","{'id': 'analyst', 'name': 'Analyst'}","{'id': 'analyst-esg', 'name': 'ESG'}",EUR,1,TOPCS1600,MATRIX,1.0,0.8924,0,0,1.4,"[{'id': '7yd5mJB', 'name': 'EUR TOPCS1600 ATOM Datasets Theme', 'multiplier': 2.0}]",analyst11,ESG scores,analyst,Analyst,analyst-esg,ESG
community_engagement_industry_percentile_score,Percentile ranking of company’s community engagement within its industry peer group.,"{'id': 'analyst11', 'name': 'ESG scores'}","{'id': 'analyst', 'name': 'Analyst'}","{'id': 'analyst-esg', 'name': 'ESG'}",EUR,1,TOPCS1600,MATRIX,1.0,0.8846,0,0,1.4,"[{'id': '7yd5mJB', 'name': 'EUR TOPCS1600 ATOM Datasets Theme', 'multiplier': 2.0}]",analyst11,ESG scores,analyst,Analyst,analyst-esg,ESG
community_engagement_industry_position,Company’s rank within its industry peer group for community engagement and charitable activities.,"{'id': 'analyst11', 'name': 'ESG scores'}","{'id': 'analyst', 'name': 'Analyst'}","{'id': 'analyst-esg', 'name': 'ESG'}",EUR,1,TOPCS1600,MATRIX,1.0,0.8885,0,0,1.4,"[{'id': '7yd5mJB', 'name': 'EUR TOPCS1600 ATOM Datasets Theme', 'multiplier': 2.0}]",analyst11,ESG scores,analyst,Analyst,analyst-esg,ESG
community_engagement_score_2,Score reflecting company’s contributions to local communities and charitable activities.,"{'id': 'analyst11', 'name': 'ESG scores'}","{'id': 'analyst', 'name': 'Analyst'}","{'id': 'analyst-esg', 'name': 'ESG'}",EUR,1,TOPCS1600,MATRIX,1.0,0.9073,0,0,1.4,"[{'id': '7yd5mJB', 'name': 'EUR TOPCS1600 ATOM Datasets Theme', 'multiplier': 2.0}]",analyst11,ESG scores,analyst,Analyst,analyst-esg,ESG
community_engagement_sector_percentile_score,Percentile ranking of company’s community engagement within its sector peer group.,"{'id': 'analyst11', 'name': 'ESG scores'}","{'id': 'analyst', 'name': 'Analyst'}","{'id': 'analyst-esg', 'name': 'ESG'}",EUR,1,TOPCS1600,MATRIX,1.0,0.8846,0,0,1.4,"[{'id': '7yd5mJB', 'name': 'EUR TOPCS1600 ATOM Datasets Theme', 'multiplier': 2.0}]",analyst11,ESG scores,analyst,Analyst,analyst-esg,ESG
community_engagement_sector_position,Company’s rank within its sector peer group for community engagement and charitable activities.,"{'id': 'analyst11', 'name': 'ESG scores'}","{'id': 'analyst', 'name': 'Analyst'}","{'id': 'analyst-esg', 'name': 'ESG'}",EUR,1,TOPCS1600,MATRIX,1.0,0.8885,0,0,1.4,"[{'id': '7yd5mJB', 'name': 'EUR TOPCS1600 ATOM Datasets Theme', 'multiplier': 2.0}]",analyst11,ESG scores,analyst,Analyst,analyst-esg,ESG
community_engagement_subsector_percentile_score,Percentile ranking of company’s community engagement within its subsector peer group.,"{'id': 'analyst11', 'name': 'ESG scores'}","{'id': 'analyst', 'name': 'Analyst'}","{'id': 'analyst-esg', 'name': 'ESG'}",EUR,1,TOPCS1600,MATRIX,1.0,0.8846,0,0,1.4,"[{'id': '7yd5mJB', 'name': 'EUR TOPCS1600 ATOM Datasets Theme', 'multiplier': 2.0}]",analyst11,ESG scores,analyst,Analyst,analyst-esg,ESG
community_engagement_subsector_position,Company’s rank within its subsector peer group for community engagement and charitable activities.,"{'id': 'analyst11', 'name': 'ESG scores'}","{'id': 'analyst', 'name': 'Analyst'}","{'id': 'analyst-esg', 'name': 'ESG'}",EUR,1,TOPCS1600,MATRIX,1.0,0.8885,0,0,1.4,"[{'id': '7yd5mJB', 'name': 'EUR TOPCS1600 ATOM Datasets Theme', 'multiplier': 2.0}]",analyst11,ESG scores,analyst,Analyst,analyst-esg,ESG
employee_diversity_industry_percentile_score,Percentile ranking of company’s diversity and labor rights within its industry peer group.,"{'id': 'analyst11', 'name': 'ESG scores'}","{'id': 'analyst', 'name': 'Analyst'}","{'id': 'analyst-esg', 'name': 'ESG'}",EUR,1,TOPCS1600,MATRIX,1.0,0.8795,0,0,1.4,"[{'id': '7yd5mJB', 'name': 'EUR TOPCS1600 ATOM Datasets Theme', 'multiplier': 2.0}]",analyst11,ESG scores,analyst,Analyst,analyst-esg,ESG
employee_diversity_industry_position,Company’s standing within its industry peer group for workplace diversity and labor rights.,"{'id': 'analyst11', 'name': 'ESG scores'}","{'id': 'analyst', 'name': 'Analyst'}","{'id': 'analyst-esg', 'name': 'ESG'}",EUR,1,TOPCS1600,MATRIX,1.0,0.8834,0,0,1.4,"[{'id': '7yd5mJB', 'name': 'EUR TOPCS1600 ATOM Datasets Theme', 'multiplier': 2.0}]",analyst11,ESG scores,analyst,Analyst,analyst-esg,ESG
employee_diversity_sector_percentile_score,Percentile ranking of company’s diversity and labor rights within its sector peer group.,"{'id': 'analyst11', 'name': 'ESG scores'}","{'id': 'analyst', 'name': 'Analyst'}","{'id': 'analyst-esg', 'name': 'ESG'}",EUR,1,TOPCS1600,MATRIX,1.0,0.8795,0,0,1.4,"[{'id': '7yd5mJB', 'name': 'EUR TOPCS1600 ATOM Datasets Theme', 'multiplier': 2.0}]",analyst11,ESG scores,analyst,Analyst,analyst-esg,ESG
employee_diversity_subsector_percentile_score,Percentile ranking of company’s diversity and labor rights within its subsector peer group.,"{'id': 'analyst11', 'name': 'ESG scores'}","{'id': 'analyst', 'name': 'Analyst'}","{'id': 'analyst-esg', 'name': 'ESG'}",EUR,1,TOPCS1600,MATRIX,1.0,0.8795,0,0,1.4,"[{'id': '7yd5mJB', 'name': 'EUR TOPCS1600 ATOM Datasets Theme', 'multiplier': 2.0}]",analyst11,ESG scores,analyst,Analyst,analyst-esg,ESG
employee_satisfaction_industry_percentile,Percentile ranking within industry peer group for employee satisfaction score.,"{'id': 'analyst11', 'name': 'ESG scores'}","{'id': 'analyst', 'name': 'Analyst'}","{'id': 'analyst-esg', 'name': 'ESG'}",EUR,1,TOPCS1600,MATRIX,1.0,0.873,0,0,1.4,"[{'id': '7yd5mJB', 'name': 'EUR TOPCS1600 ATOM Datasets Theme', 'multiplier': 2.0}]",analyst11,ESG scores,analyst,Analyst,analyst-esg,ESG
employee_satisfaction_industry_position,Company’s position within industry peer group for employee satisfaction score.,"{'id': 'analyst11', 'name': 'ESG scores'}","{'id': 'analyst', 'name': 'Analyst'}","{'id': 'analyst-esg', 'name': 'ESG'}",EUR,1,TOPCS1600,MATRIX,1.0,0.8769,0,0,1.4,"[{'id': '7yd5mJB', 'name': 'EUR TOPCS1600 ATOM Datasets Theme', 'multiplier': 2.0}]",analyst11,ESG scores,analyst,Analyst,analyst-esg,ESG
employee_satisfaction_score,"Score measuring fair pay, benefits, and practices for employee satisfaction.","{'id': 'analyst11', 'name': 'ESG scores'}","{'id': 'analyst', 'name': 'Analyst'}","{'id': 'analyst-esg', 'name': 'ESG'}",EUR,1,TOPCS1600,MATRIX,1.0,0.8956,0,0,1.4,"[{'id': '7yd5mJB', 'name': 'EUR TOPCS1600 ATOM Datasets Theme', 'multiplier': 2.0}]",analyst11,ESG scores,analyst,Analyst,analyst-esg,ESG
employee_satisfaction_sector_percentile,Percentile ranking within sector peer group for employee satisfaction score.,"{'id': 'analyst11', 'name': 'ESG scores'}","{'id': 'analyst', 'name': 'Analyst'}","{'id': 'analyst-esg', 'name': 'ESG'}",EUR,1,TOPCS1600,MATRIX,1.0,0.873,0,0,1.4,"[{'id': '7yd5mJB', 'name': 'EUR TOPCS1600 ATOM Datasets Theme', 'multiplier': 2.0}]",analyst11,ESG scores,analyst,Analyst,analyst-esg,ESG
employee_satisfaction_sector_position,Company’s position within sector peer group for employee satisfaction score.,"{'id': 'analyst11', 'name': 'ESG scores'}","{'id': 'analyst', 'name': 'Analyst'}","{'id': 'analyst-esg', 'name': 'ESG'}",EUR,1,TOPCS1600,MATRIX,1.0,0.8769,0,0,1.4,"[{'id': '7yd5mJB', 'name': 'EUR TOPCS1600 ATOM Datasets Theme', 'multiplier': 2.0}]",analyst11,ESG scores,analyst,Analyst,analyst-esg,ESG
employee_satisfaction_subsector_percentile,Percentile ranking within subsector peer group for employee satisfaction score.,"{'id': 'analyst11', 'name': 'ESG scores'}","{'id': 'analyst', 'name': 'Analyst'}","{'id': 'analyst-esg', 'name': 'ESG'}",EUR,1,TOPCS1600,MATRIX,1.0,0.873,0,0,1.4,"[{'id': '7yd5mJB', 'name': 'EUR TOPCS1600 ATOM Datasets Theme', 'multiplier': 2.0}]",analyst11,ESG scores,analyst,Analyst,analyst-esg,ESG
employee_satisfaction_subsector_position,Company’s position within subsector peer group for employee satisfaction score.,"{'id': 'analyst11', 'name': 'ESG scores'}","{'id': 'analyst', 'name': 'Analyst'}","{'id': 'analyst-esg', 'name': 'ESG'}",EUR,1,TOPCS1600,MATRIX,1.0,0.8769,0,0,1.4,"[{'id': '7yd5mJB', 'name': 'EUR TOPCS1600 ATOM Datasets Theme', 'multiplier': 2.0}]",analyst11,ESG scores,analyst,Analyst,analyst-esg,ESG
employer_hybrid_industry_percentile_score,Percentile ranking within industry peer group for employer score weighted by positively correlated KPIs.,"{'id': 'analyst11', 'name': 'ESG scores'}","{'id': 'analyst', 'name': 'Analyst'}","{'id': 'analyst-esg', 'name': 'ESG'}",EUR,1,TOPCS1600,MATRIX,1.0,0.7217,0,0,1.4,"[{'id': '7yd5mJB', 'name': 'EUR TOPCS1600 ATOM Datasets Theme', 'multiplier': 2.0}]",analyst11,ESG scores,analyst,Analyst,analyst-esg,ESG
employer_hybrid_industry_position,Company’s rank within industry peer group for employer score weighted by positively correlated KPIs.,"{'id': 'analyst11', 'name': 'ESG scores'}","{'id': 'analyst', 'name': 'Analyst'}","{'id': 'analyst-esg', 'name': 'ESG'}",EUR,1,TOPCS1600,MATRIX,1.0,0.7257,1,1,1.4,"[{'id': '7yd5mJB', 'name': 'EUR TOPCS1600 ATOM Datasets Theme', 'multiplier': 2.0}]",analyst11,ESG scores,analyst,Analyst,analyst-esg,ESG
employer_hybrid_sector_percentile_score,Percentile ranking within sector peer group for employer score weighted by positively correlated KPIs.,"{'id': 'analyst11', 'name': 'ESG scores'}","{'id': 'analyst', 'name': 'Analyst'}","{'id': 'analyst-esg', 'name': 'ESG'}",EUR,1,TOPCS1600,MATRIX,1.0,0.7217,0,0,1.4,"[{'id': '7yd5mJB', 'name': 'EUR TOPCS1600 ATOM Datasets Theme', 'multiplier': 2.0}]",analyst11,ESG scores,analyst,Analyst,analyst-esg,ESG
employer_hybrid_sector_position,Company’s rank within sector peer group for employer score weighted by positively correlated KPIs.,"{'id': 'analyst11', 'name': 'ESG scores'}","{'id': 'analyst', 'name': 'Analyst'}","{'id': 'analyst-esg', 'name': 'ESG'}",EUR,1,TOPCS1600,MATRIX,1.0,0.7257,0,0,1.4,"[{'id': '7yd5mJB', 'name': 'EUR TOPCS1600 ATOM Datasets Theme', 'multiplier': 2.0}]",analyst11,ESG scores,analyst,Analyst,analyst-esg,ESG
employer_hybrid_subsector_percentile_score,Percentile ranking within subsector peer group for employer score weighted by positively correlated KPIs.,"{'id': 'analyst11', 'name': 'ESG scores'}","{'id': 'analyst', 'name': 'Analyst'}","{'id': 'analyst-esg', 'name': 'ESG'}",EUR,1,TOPCS1600,MATRIX,1.0,0.7217,0,0,1.4,"[{'id': '7yd5mJB', 'name': 'EUR TOPCS1600 ATOM Datasets Theme', 'multiplier': 2.0}]",analyst11,ESG scores,analyst,Analyst,analyst-esg,ESG
employer_hybrid_subsector_position,Company’s rank within subsector peer group for employer score weighted by positively correlated KPIs.,"{'id': 'analyst11', 'name': 'ESG scores'}","{'id': 'analyst', 'name': 'Analyst'}","{'id': 'analyst-esg', 'name': 'ESG'}",EUR,1,TOPCS1600,MATRIX,1.0,0.7257,0,0,1.4,"[{'id': '7yd5mJB', 'name': 'EUR TOPCS1600 ATOM Datasets Theme', 'multiplier': 2.0}]",analyst11,ESG scores,analyst,Analyst,analyst-esg,ESG
employer_hybrid_weighted_score,Employer score weighted by KPIs most strongly positively correlated to financial returns.,"{'id': 'analyst11', 'name': 'ESG scores'}","{'id': 'analyst', 'name': 'Analyst'}","{'id': 'analyst-esg', 'name': 'ESG'}",EUR,1,TOPCS1600,MATRIX,1.0,0.7257,0,0,1.4,"[{'id': '7yd5mJB', 'name': 'EUR TOPCS1600 ATOM Datasets Theme', 'multiplier': 2.0}]",analyst11,ESG scores,analyst,Analyst,analyst-esg,ESG
employer_industry_percentile_score,"Percentile ranking within industry peer group for employer metrics, with higher values indicating better performance.","{'id': 'analyst11', 'name': 'ESG scores'}","{'id': 'analyst', 'name': 'Analyst'}","{'id': 'analyst-esg', 'name': 'ESG'}",EUR,1,TOPCS1600,MATRIX,1.0,0.8832,0,0,1.4,"[{'id': '7yd5mJB', 'name': 'EUR TOPCS1600 ATOM Datasets Theme', 'multiplier': 2.0}]",analyst11,ESG scores,analyst,Analyst,analyst-esg,ESG
employer_industry_position,"Company’s rank within industry peer group for employer metrics, with 1 being the highest.","{'id': 'analyst11', 'name': 'ESG scores'}","{'id': 'analyst', 'name': 'Analyst'}","{'id': 'analyst-esg', 'name': 'ESG'}",EUR,1,TOPCS1600,MATRIX,1.0,0.8871,0,0,1.4,"[{'id': '7yd5mJB', 'name': 'EUR TOPCS1600 ATOM Datasets Theme', 'multiplier': 2.0}]",analyst11,ESG scores,analyst,Analyst,analyst-esg,ESG
employer_maxcorr_industry_percentile_score,Percentile ranking within industry peer group for employer score weighted by strongest correlations to financial returns.,"{'id': 'analyst11', 'name': 'ESG scores'}","{'id': 'analyst', 'name': 'Analyst'}","{'id': 'analyst-esg', 'name': 'ESG'}",EUR,1,TOPCS1600,MATRIX,1.0,0.7692,0,0,1.4,"[{'id': '7yd5mJB', 'name': 'EUR TOPCS1600 ATOM Datasets Theme', 'multiplier': 2.0}]",analyst11,ESG scores,analyst,Analyst,analyst-esg,ESG
employer_maxcorr_industry_position,Company’s rank within industry peer group for employer score weighted by strongest correlations to financial returns.,"{'id': 'analyst11', 'name': 'ESG scores'}","{'id': 'analyst', 'name': 'Analyst'}","{'id': 'analyst-esg', 'name': 'ESG'}",EUR,1,TOPCS1600,MATRIX,1.0,0.772,0,0,1.4,"[{'id': '7yd5mJB', 'name': 'EUR TOPCS1600 ATOM Datasets Theme', 'multiplier': 2.0}]",analyst11,ESG scores,analyst,Analyst,analyst-esg,ESG
employer_maxcorr_sector_percentile_score,Percentile ranking within sector peer group for employer score weighted by strongest correlations to financial returns.,"{'id': 'analyst11', 'name': 'ESG scores'}","{'id': 'analyst', 'name': 'Analyst'}","{'id': 'analyst-esg', 'name': 'ESG'}",EUR,1,TOPCS1600,MATRIX,1.0,0.7692,0,0,1.4,"[{'id': '7yd5mJB', 'name': 'EUR TOPCS1600 ATOM Datasets Theme', 'multiplier': 2.0}]",analyst11,ESG scores,analyst,Analyst,analyst-esg,ESG
employer_maxcorr_sector_position,Company’s rank within sector peer group for employer score weighted by strongest correlations to financial returns.,"{'id': 'analyst11', 'name': 'ESG scores'}","{'id': 'analyst', 'name': 'Analyst'}","{'id': 'analyst-esg', 'name': 'ESG'}",EUR,1,TOPCS1600,MATRIX,1.0,0.772,0,0,1.4,"[{'id': '7yd5mJB', 'name': 'EUR TOPCS1600 ATOM Datasets Theme', 'multiplier': 2.0}]",analyst11,ESG scores,analyst,Analyst,analyst-esg,ESG
employer_maxcorr_subsector_percentile_score,Percentile ranking within subsector peer group for employer score weighted by strongest correlations to financial returns.,"{'id': 'analyst11', 'name': 'ESG scores'}","{'id': 'analyst', 'name': 'Analyst'}","{'id': 'analyst-esg', 'name': 'ESG'}",EUR,1,TOPCS1600,MATRIX,1.0,0.7692,0,0,1.4,"[{'id': '7yd5mJB', 'name': 'EUR TOPCS1600 ATOM Datasets Theme', 'multiplier': 2.0}]",analyst11,ESG scores,analyst,Analyst,analyst-esg,ESG
employer_maxcorr_subsector_position,Company’s rank within subsector peer group for employer score weighted by strongest correlations to financial returns.,"{'id': 'analyst11', 'name': 'ESG scores'}","{'id': 'analyst', 'name': 'Analyst'}","{'id': 'analyst-esg', 'name': 'ESG'}",EUR,1,TOPCS1600,MATRIX,1.0,0.772,0,0,1.4,"[{'id': '7yd5mJB', 'name': 'EUR TOPCS1600 ATOM Datasets Theme', 'multiplier': 2.0}]",analyst11,ESG scores,analyst,Analyst,analyst-esg,ESG
employer_maxcorr_weighted_score,"Employer score weighted by KPIs most strongly correlated to financial returns, both positive and negative.","{'id': 'analyst11', 'name': 'ESG scores'}","{'id': 'analyst', 'name': 'Analyst'}","{'id': 'analyst-esg', 'name': 'ESG'}",EUR,1,TOPCS1600,MATRIX,1.0,0.772,0,0,1.4,"[{'id': '7yd5mJB', 'name': 'EUR TOPCS1600 ATOM Datasets Theme', 'multiplier': 2.0}]",analyst11,ESG scores,analyst,Analyst,analyst-esg,ESG
employer_pillar_score,"Aggregated score reflecting company performance on employee-related metrics such as satisfaction, diversity, and safety.","{'id': 'analyst11', 'name': 'ESG scores'}","{'id': 'analyst', 'name': 'Analyst'}","{'id': 'analyst-esg', 'name': 'ESG'}",EUR,1,TOPCS1600,MATRIX,1.0,0.9058,0,0,1.4,"[{'id': '7yd5mJB', 'name': 'EUR TOPCS1600 ATOM Datasets Theme', 'multiplier': 2.0}]",analyst11,ESG scores,analyst,Analyst,analyst-esg,ESG
employer_sector_percentile_score,"Percentile ranking within sector peer group for employer metrics, with higher values indicating better performance.","{'id': 'analyst11', 'name': 'ESG scores'}","{'id': 'analyst', 'name': 'Analyst'}","{'id': 'analyst-esg', 'name': 'ESG'}",EUR,1,TOPCS1600,MATRIX,1.0,0.8832,0,0,1.4,"[{'id': '7yd5mJB', 'name': 'EUR TOPCS1600 ATOM Datasets Theme', 'multiplier': 2.0}]",analyst11,ESG scores,analyst,Analyst,analyst-esg,ESG
employer_sector_position,"Company’s rank within sector peer group for employer metrics, with 1 being the highest.","{'id': 'analyst11', 'name': 'ESG scores'}","{'id': 'analyst', 'name': 'Analyst'}","{'id': 'analyst-esg', 'name': 'ESG'}",EUR,1,TOPCS1600,MATRIX,1.0,0.8871,0,0,1.4,"[{'id': '7yd5mJB', 'name': 'EUR TOPCS1600 ATOM Datasets Theme', 'multiplier': 2.0}]",analyst11,ESG scores,analyst,Analyst,analyst-esg,ESG
employer_subsector_percentile_score,"Percentile ranking within subsector peer group for employer metrics, with higher values indicating better performance.","{'id': 'analyst11', 'name': 'ESG scores'}","{'id': 'analyst', 'name': 'Analyst'}","{'id': 'analyst-esg', 'name': 'ESG'}",EUR,1,TOPCS1600,MATRIX,1.0,0.8832,0,0,1.4,"[{'id': '7yd5mJB', 'name': 'EUR TOPCS1600 ATOM Datasets Theme', 'multiplier': 2.0}]",analyst11,ESG scores,analyst,Analyst,analyst-esg,ESG
employer_subsector_position,"Company’s rank within subsector peer group for employer metrics, with 1 being the highest.","{'id': 'analyst11', 'name': 'ESG scores'}","{'id': 'analyst', 'name': 'Analyst'}","{'id': 'analyst-esg', 'name': 'ESG'}",EUR,1,TOPCS1600,MATRIX,1.0,0.8871,0,0,1.4,"[{'id': '7yd5mJB', 'name': 'EUR TOPCS1600 ATOM Datasets Theme', 'multiplier': 2.0}]",analyst11,ESG scores,analyst,Analyst,analyst-esg,ESG
environmental_hybrid_industry_percentile_score,Percentile within industry peer group for environmental score weighted by hybrid metrics.,"{'id': 'analyst11', 'name': 'ESG scores'}","{'id': 'analyst', 'name': 'Analyst'}","{'id': 'analyst-esg', 'name': 'ESG'}",EUR,1,TOPCS1600,MATRIX,1.0,0.6958,0,0,1.4,"[{'id': '7yd5mJB', 'name': 'EUR TOPCS1600 ATOM Datasets Theme', 'multiplier': 2.0}]",analyst11,ESG scores,analyst,Analyst,analyst-esg,ESG
environmental_hybrid_industry_position,Rank within industry peer group for environmental score weighted by hybrid metrics.,"{'id': 'analyst11', 'name': 'ESG scores'}","{'id': 'analyst', 'name': 'Analyst'}","{'id': 'analyst-esg', 'name': 'ESG'}",EUR,1,TOPCS1600,MATRIX,1.0,0.6998,1,1,1.4,"[{'id': '7yd5mJB', 'name': 'EUR TOPCS1600 ATOM Datasets Theme', 'multiplier': 2.0}]",analyst11,ESG scores,analyst,Analyst,analyst-esg,ESG
environmental_hybrid_sector_percentile_score,Percentile within sector peer group for environmental score weighted by hybrid metrics.,"{'id': 'analyst11', 'name': 'ESG scores'}","{'id': 'analyst', 'name': 'Analyst'}","{'id': 'analyst-esg', 'name': 'ESG'}",EUR,1,TOPCS1600,MATRIX,1.0,0.6958,0,0,1.4,"[{'id': '7yd5mJB', 'name': 'EUR TOPCS1600 ATOM Datasets Theme', 'multiplier': 2.0}]",analyst11,ESG scores,analyst,Analyst,analyst-esg,ESG
environmental_hybrid_sector_position,Rank within sector peer group for environmental score weighted by hybrid metrics.,"{'id': 'analyst11', 'name': 'ESG scores'}","{'id': 'analyst', 'name': 'Analyst'}","{'id': 'analyst-esg', 'name': 'ESG'}",EUR,1,TOPCS1600,MATRIX,1.0,0.6998,0,0,1.4,"[{'id': '7yd5mJB', 'name': 'EUR TOPCS1600 ATOM Datasets Theme', 'multiplier': 2.0}]",analyst11,ESG scores,analyst,Analyst,analyst-esg,ESG
environmental_hybrid_subsector_percentile_score,Percentile within subsector peer group for environmental score weighted by hybrid metrics.,"{'id': 'analyst11', 'name': 'ESG scores'}","{'id': 'analyst', 'name': 'Analyst'}","{'id': 'analyst-esg', 'name': 'ESG'}",EUR,1,TOPCS1600,MATRIX,1.0,0.6958,0,0,1.4,"[{'id': '7yd5mJB', 'name': 'EUR TOPCS1600 ATOM Datasets Theme', 'multiplier': 2.0}]",analyst11,ESG scores,analyst,Analyst,analyst-esg,ESG
environmental_hybrid_subsector_position,Rank within subsector peer group for environmental score weighted by hybrid metrics.,"{'id': 'analyst11', 'name': 'ESG scores'}","{'id': 'analyst', 'name': 'Analyst'}","{'id': 'analyst-esg', 'name': 'ESG'}",EUR,1,TOPCS1600,MATRIX,1.0,0.6998,0,0,1.4,"[{'id': '7yd5mJB', 'name': 'EUR TOPCS1600 ATOM Datasets Theme', 'multiplier': 2.0}]",analyst11,ESG scores,analyst,Analyst,analyst-esg,ESG
environmental_hybrid_weighted_score,Environmental score weighted by metrics most strongly positively correlated to financial returns.,"{'id': 'analyst11', 'name': 'ESG scores'}","{'id': 'analyst', 'name': 'Analyst'}","{'id': 'analyst-esg', 'name': 'ESG'}",EUR,1,TOPCS1600,MATRIX,1.0,0.6998,0,0,1.4,"[{'id': '7yd5mJB', 'name': 'EUR TOPCS1600 ATOM Datasets Theme', 'multiplier': 2.0}]",analyst11,ESG scores,analyst,Analyst,analyst-esg,ESG
environmental_industry_percentile_score,Percentile ranking within industry peer group for environmental score.,"{'id': 'analyst11', 'name': 'ESG scores'}","{'id': 'analyst', 'name': 'Analyst'}","{'id': 'analyst-esg', 'name': 'ESG'}",EUR,1,TOPCS1600,MATRIX,1.0,0.8888,0,0,1.4,"[{'id': '7yd5mJB', 'name': 'EUR TOPCS1600 ATOM Datasets Theme', 'multiplier': 2.0}]",analyst11,ESG scores,analyst,Analyst,analyst-esg,ESG
environmental_industry_position_2,Company’s rank within its industry peer group for environmental score.,"{'id': 'analyst11', 'name': 'ESG scores'}","{'id': 'analyst', 'name': 'Analyst'}","{'id': 'analyst-esg', 'name': 'ESG'}",EUR,1,TOPCS1600,MATRIX,1.0,0.8928,0,0,1.4,"[{'id': '7yd5mJB', 'name': 'EUR TOPCS1600 ATOM Datasets Theme', 'multiplier': 2.0}]",analyst11,ESG scores,analyst,Analyst,analyst-esg,ESG
environmental_max_correlation_weighted_score,Environmental score weighted by metrics most strongly correlated to financial returns.,"{'id': 'analyst11', 'name': 'ESG scores'}","{'id': 'analyst', 'name': 'Analyst'}","{'id': 'analyst-esg', 'name': 'ESG'}",EUR,1,TOPCS1600,MATRIX,1.0,0.7601,0,0,1.4,"[{'id': '7yd5mJB', 'name': 'EUR TOPCS1600 ATOM Datasets Theme', 'multiplier': 2.0}]",analyst11,ESG scores,analyst,Analyst,analyst-esg,ESG
environmental_maxcorr_industry_percentile_score,Percentile within industry peer group for environmental score weighted by max correlation metrics.,"{'id': 'analyst11', 'name': 'ESG scores'}","{'id': 'analyst', 'name': 'Analyst'}","{'id': 'analyst-esg', 'name': 'ESG'}",EUR,1,TOPCS1600,MATRIX,1.0,0.7572,0,0,1.4,"[{'id': '7yd5mJB', 'name': 'EUR TOPCS1600 ATOM Datasets Theme', 'multiplier': 2.0}]",analyst11,ESG scores,analyst,Analyst,analyst-esg,ESG
environmental_maxcorr_industry_position,Rank within industry peer group for environmental score weighted by max correlation metrics.,"{'id': 'analyst11', 'name': 'ESG scores'}","{'id': 'analyst', 'name': 'Analyst'}","{'id': 'analyst-esg', 'name': 'ESG'}",EUR,1,TOPCS1600,MATRIX,1.0,0.7601,0,0,1.4,"[{'id': '7yd5mJB', 'name': 'EUR TOPCS1600 ATOM Datasets Theme', 'multiplier': 2.0}]",analyst11,ESG scores,analyst,Analyst,analyst-esg,ESG
environmental_maxcorr_sector_percentile_score,Percentile within sector peer group for environmental score weighted by max correlation metrics.,"{'id': 'analyst11', 'name': 'ESG scores'}","{'id': 'analyst', 'name': 'Analyst'}","{'id': 'analyst-esg', 'name': 'ESG'}",EUR,1,TOPCS1600,MATRIX,1.0,0.7572,0,0,1.4,"[{'id': '7yd5mJB', 'name': 'EUR TOPCS1600 ATOM Datasets Theme', 'multiplier': 2.0}]",analyst11,ESG scores,analyst,Analyst,analyst-esg,ESG
environmental_maxcorr_sector_position,Rank within sector peer group for environmental score weighted by max correlation metrics.,"{'id': 'analyst11', 'name': 'ESG scores'}","{'id': 'analyst', 'name': 'Analyst'}","{'id': 'analyst-esg', 'name': 'ESG'}",EUR,1,TOPCS1600,MATRIX,1.0,0.7601,0,0,1.4,"[{'id': '7yd5mJB', 'name': 'EUR TOPCS1600 ATOM Datasets Theme', 'multiplier': 2.0}]",analyst11,ESG scores,analyst,Analyst,analyst-esg,ESG
environmental_maxcorr_subsector_percentile_score,Percentile within subsector peer group for environmental score weighted by max correlation metrics.,"{'id': 'analyst11', 'name': 'ESG scores'}","{'id': 'analyst', 'name': 'Analyst'}","{'id': 'analyst-esg', 'name': 'ESG'}",EUR,1,TOPCS1600,MATRIX,1.0,0.7572,0,0,1.4,"[{'id': '7yd5mJB', 'name': 'EUR TOPCS1600 ATOM Datasets Theme', 'multiplier': 2.0}]",analyst11,ESG scores,analyst,Analyst,analyst-esg,ESG
environmental_maxcorr_subsector_position,Rank within subsector peer group for environmental score weighted by max correlation metrics.,"{'id': 'analyst11', 'name': 'ESG scores'}","{'id': 'analyst', 'name': 'Analyst'}","{'id': 'analyst-esg', 'name': 'ESG'}",EUR,1,TOPCS1600,MATRIX,1.0,0.7601,0,0,1.4,"[{'id': '7yd5mJB', 'name': 'EUR TOPCS1600 ATOM Datasets Theme', 'multiplier': 2.0}]",analyst11,ESG scores,analyst,Analyst,analyst-esg,ESG
environmental_pillar_score,Aggregated score reflecting company performance on environmental metrics.,"{'id': 'analyst11', 'name': 'ESG scores'}","{'id': 'analyst', 'name': 'Analyst'}","{'id': 'analyst-esg', 'name': 'ESG'}",EUR,1,TOPCS1600,MATRIX,1.0,0.9115,0,0,1.4,"[{'id': '7yd5mJB', 'name': 'EUR TOPCS1600 ATOM Datasets Theme', 'multiplier': 2.0}]",analyst11,ESG scores,analyst,Analyst,analyst-esg,ESG
environmental_sector_percentile_score,Percentile ranking within sector peer group for environmental score.,"{'id': 'analyst11', 'name': 'ESG scores'}","{'id': 'analyst', 'name': 'Analyst'}","{'id': 'analyst-esg', 'name': 'ESG'}",EUR,1,TOPCS1600,MATRIX,1.0,0.8888,0,0,1.4,"[{'id': '7yd5mJB', 'name': 'EUR TOPCS1600 ATOM Datasets Theme', 'multiplier': 2.0}]",analyst11,ESG scores,analyst,Analyst,analyst-esg,ESG
environmental_sector_position_2,Company’s rank within its sector peer group for environmental score.,"{'id': 'analyst11', 'name': 'ESG scores'}","{'id': 'analyst', 'name': 'Analyst'}","{'id': 'analyst-esg', 'name': 'ESG'}",EUR,1,TOPCS1600,MATRIX,1.0,0.8928,0,0,1.4,"[{'id': '7yd5mJB', 'name': 'EUR TOPCS1600 ATOM Datasets Theme', 'multiplier': 2.0}]",analyst11,ESG scores,analyst,Analyst,analyst-esg,ESG
environmental_subsector_percentile_score,Percentile ranking within subsector peer group for environmental score.,"{'id': 'analyst11', 'name': 'ESG scores'}","{'id': 'analyst', 'name': 'Analyst'}","{'id': 'analyst-esg', 'name': 'ESG'}",EUR,1,TOPCS1600,MATRIX,1.0,0.8888,0,0,1.4,"[{'id': '7yd5mJB', 'name': 'EUR TOPCS1600 ATOM Datasets Theme', 'multiplier': 2.0}]",analyst11,ESG scores,analyst,Analyst,analyst-esg,ESG
environmental_subsector_position_2,Company’s rank within its subsector peer group for environmental score.,"{'id': 'analyst11', 'name': 'ESG scores'}","{'id': 'analyst', 'name': 'Analyst'}","{'id': 'analyst-esg', 'name': 'ESG'}",EUR,1,TOPCS1600,MATRIX,1.0,0.8928,0,0,1.4,"[{'id': '7yd5mJB', 'name': 'EUR TOPCS1600 ATOM Datasets Theme', 'multiplier': 2.0}]",analyst11,ESG scores,analyst,Analyst,analyst-esg,ESG
governance_hybrid_industry_percentile_score,Percentile ranking within industry peer group for governance score weighted by positively correlated KPIs.,"{'id': 'analyst11', 'name': 'ESG scores'}","{'id': 'analyst', 'name': 'Analyst'}","{'id': 'analyst-esg', 'name': 'ESG'}",EUR,1,TOPCS1600,MATRIX,1.0,0.7435,0,0,1.4,"[{'id': '7yd5mJB', 'name': 'EUR TOPCS1600 ATOM Datasets Theme', 'multiplier': 2.0}]",analyst11,ESG scores,analyst,Analyst,analyst-esg,ESG
governance_hybrid_industry_position,Company’s rank within industry peer group for governance score weighted by positively correlated KPIs.,"{'id': 'analyst11', 'name': 'ESG scores'}","{'id': 'analyst', 'name': 'Analyst'}","{'id': 'analyst-esg', 'name': 'ESG'}",EUR,1,TOPCS1600,MATRIX,1.0,0.7474,0,0,1.4,"[{'id': '7yd5mJB', 'name': 'EUR TOPCS1600 ATOM Datasets Theme', 'multiplier': 2.0}]",analyst11,ESG scores,analyst,Analyst,analyst-esg,ESG
governance_hybrid_sector_percentile_score,Percentile ranking within sector peer group for governance score weighted by positively correlated KPIs.,"{'id': 'analyst11', 'name': 'ESG scores'}","{'id': 'analyst', 'name': 'Analyst'}","{'id': 'analyst-esg', 'name': 'ESG'}",EUR,1,TOPCS1600,MATRIX,1.0,0.7435,0,0,1.4,"[{'id': '7yd5mJB', 'name': 'EUR TOPCS1600 ATOM Datasets Theme', 'multiplier': 2.0}]",analyst11,ESG scores,analyst,Analyst,analyst-esg,ESG
governance_hybrid_sector_position,Company’s rank within sector peer group for governance score weighted by positively correlated KPIs.,"{'id': 'analyst11', 'name': 'ESG scores'}","{'id': 'analyst', 'name': 'Analyst'}","{'id': 'analyst-esg', 'name': 'ESG'}",EUR,1,TOPCS1600,MATRIX,1.0,0.7474,0,0,1.4,"[{'id': '7yd5mJB', 'name': 'EUR TOPCS1600 ATOM Datasets Theme', 'multiplier': 2.0}]",analyst11,ESG scores,analyst,Analyst,analyst-esg,ESG
governance_hybrid_subsector_percentile_score,Percentile ranking within subsector peer group for governance score weighted by positively correlated KPIs.,"{'id': 'analyst11', 'name': 'ESG scores'}","{'id': 'analyst', 'name': 'Analyst'}","{'id': 'analyst-esg', 'name': 'ESG'}",EUR,1,TOPCS1600,MATRIX,1.0,0.7435,0,0,1.4,"[{'id': '7yd5mJB', 'name': 'EUR TOPCS1600 ATOM Datasets Theme', 'multiplier': 2.0}]",analyst11,ESG scores,analyst,Analyst,analyst-esg,ESG
governance_hybrid_subsector_position,Company’s rank within subsector peer group for governance score weighted by positively correlated KPIs.,"{'id': 'analyst11', 'name': 'ESG scores'}","{'id': 'analyst', 'name': 'Analyst'}","{'id': 'analyst-esg', 'name': 'ESG'}",EUR,1,TOPCS1600,MATRIX,1.0,0.7474,0,0,1.4,"[{'id': '7yd5mJB', 'name': 'EUR TOPCS1600 ATOM Datasets Theme', 'multiplier': 2.0}]",analyst11,ESG scores,analyst,Analyst,analyst-esg,ESG
governance_hybrid_weighted_score,Governance score weighted by metrics most strongly positively correlated to financial returns.,"{'id': 'analyst11', 'name': 'ESG scores'}","{'id': 'analyst', 'name': 'Analyst'}","{'id': 'analyst-esg', 'name': 'ESG'}",EUR,1,TOPCS1600,MATRIX,1.0,0.7474,0,0,1.4,"[{'id': '7yd5mJB', 'name': 'EUR TOPCS1600 ATOM Datasets Theme', 'multiplier': 2.0}]",analyst11,ESG scores,analyst,Analyst,analyst-esg,ESG
governance_industry_percentile_score,"Percentile ranking of governance score within industry peer group, with higher values indicating better performance.","{'id': 'analyst11', 'name': 'ESG scores'}","{'id': 'analyst', 'name': 'Analyst'}","{'id': 'analyst-esg', 'name': 'ESG'}",EUR,1,TOPCS1600,MATRIX,1.0,0.8874,0,0,1.4,"[{'id': '7yd5mJB', 'name': 'EUR TOPCS1600 ATOM Datasets Theme', 'multiplier': 2.0}]",analyst11,ESG scores,analyst,Analyst,analyst-esg,ESG
governance_industry_position_2,"Company’s standing within its industry peer group for governance metrics, with 1 being the highest.","{'id': 'analyst11', 'name': 'ESG scores'}","{'id': 'analyst', 'name': 'Analyst'}","{'id': 'analyst-esg', 'name': 'ESG'}",EUR,1,TOPCS1600,MATRIX,1.0,0.8914,0,0,1.4,"[{'id': '7yd5mJB', 'name': 'EUR TOPCS1600 ATOM Datasets Theme', 'multiplier': 2.0}]",analyst11,ESG scores,analyst,Analyst,analyst-esg,ESG
governance_max_correlation_weighted_score,Governance score weighted by metrics most strongly correlated to financial returns.,"{'id': 'analyst11', 'name': 'ESG scores'}","{'id': 'analyst', 'name': 'Analyst'}","{'id': 'analyst-esg', 'name': 'ESG'}",EUR,1,TOPCS1600,MATRIX,1.0,0.7774,1,1,1.4,"[{'id': '7yd5mJB', 'name': 'EUR TOPCS1600 ATOM Datasets Theme', 'multiplier': 2.0}]",analyst11,ESG scores,analyst,Analyst,analyst-esg,ESG
governance_maxcorr_industry_percentile_score,Percentile ranking within industry peer group for governance score weighted by strongest correlations to financial returns.,"{'id': 'analyst11', 'name': 'ESG scores'}","{'id': 'analyst', 'name': 'Analyst'}","{'id': 'analyst-esg', 'name': 'ESG'}",EUR,1,TOPCS1600,MATRIX,1.0,0.7745,0,0,1.4,"[{'id': '7yd5mJB', 'name': 'EUR TOPCS1600 ATOM Datasets Theme', 'multiplier': 2.0}]",analyst11,ESG scores,analyst,Analyst,analyst-esg,ESG
governance_maxcorr_industry_position,Company’s rank within industry peer group based on governance score weighted by strongest correlations to financial returns.,"{'id': 'analyst11', 'name': 'ESG scores'}","{'id': 'analyst', 'name': 'Analyst'}","{'id': 'analyst-esg', 'name': 'ESG'}",EUR,1,TOPCS1600,MATRIX,1.0,0.7774,1,1,1.4,"[{'id': '7yd5mJB', 'name': 'EUR TOPCS1600 ATOM Datasets Theme', 'multiplier': 2.0}]",analyst11,ESG scores,analyst,Analyst,analyst-esg,ESG
governance_maxcorr_sector_percentile_score,Percentile ranking within sector peer group for governance score weighted by strongest correlations to financial returns.,"{'id': 'analyst11', 'name': 'ESG scores'}","{'id': 'analyst', 'name': 'Analyst'}","{'id': 'analyst-esg', 'name': 'ESG'}",EUR,1,TOPCS1600,MATRIX,1.0,0.7745,0,0,1.4,"[{'id': '7yd5mJB', 'name': 'EUR TOPCS1600 ATOM Datasets Theme', 'multiplier': 2.0}]",analyst11,ESG scores,analyst,Analyst,analyst-esg,ESG
governance_maxcorr_sector_position,Company’s rank within sector peer group based on governance score weighted by strongest correlations to financial returns.,"{'id': 'analyst11', 'name': 'ESG scores'}","{'id': 'analyst', 'name': 'Analyst'}","{'id': 'analyst-esg', 'name': 'ESG'}",EUR,1,TOPCS1600,MATRIX,1.0,0.7774,0,0,1.4,"[{'id': '7yd5mJB', 'name': 'EUR TOPCS1600 ATOM Datasets Theme', 'multiplier': 2.0}]",analyst11,ESG scores,analyst,Analyst,analyst-esg,ESG
governance_maxcorr_subsector_percentile_score,Percentile ranking within subsector peer group for governance score weighted by strongest correlations to financial returns.,"{'id': 'analyst11', 'name': 'ESG scores'}","{'id': 'analyst', 'name': 'Analyst'}","{'id': 'analyst-esg', 'name': 'ESG'}",EUR,1,TOPCS1600,MATRIX,1.0,0.7745,0,0,1.4,"[{'id': '7yd5mJB', 'name': 'EUR TOPCS1600 ATOM Datasets Theme', 'multiplier': 2.0}]",analyst11,ESG scores,analyst,Analyst,analyst-esg,ESG
governance_maxcorr_subsector_position,Company’s rank within subsector peer group based on governance score weighted by strongest correlations to financial returns.,"{'id': 'analyst11', 'name': 'ESG scores'}","{'id': 'analyst', 'name': 'Analyst'}","{'id': 'analyst-esg', 'name': 'ESG'}",EUR,1,TOPCS1600,MATRIX,1.0,0.7774,0,0,1.4,"[{'id': '7yd5mJB', 'name': 'EUR TOPCS1600 ATOM Datasets Theme', 'multiplier': 2.0}]",analyst11,ESG scores,analyst,Analyst,analyst-esg,ESG
governance_pillar_score,Aggregated score reflecting company performance on governance metrics.,"{'id': 'analyst11', 'name': 'ESG scores'}","{'id': 'analyst', 'name': 'Analyst'}","{'id': 'analyst-esg', 'name': 'ESG'}",EUR,1,TOPCS1600,MATRIX,1.0,0.9101,1,1,1.4,"[{'id': '7yd5mJB', 'name': 'EUR TOPCS1600 ATOM Datasets Theme', 'multiplier': 2.0}]",analyst11,ESG scores,analyst,Analyst,analyst-esg,ESG
governance_sector_percentile_score,"Percentile ranking of governance score within sector peer group, with higher values indicating better performance.","{'id': 'analyst11', 'name': 'ESG scores'}","{'id': 'analyst', 'name': 'Analyst'}","{'id': 'analyst-esg', 'name': 'ESG'}",EUR,1,TOPCS1600,MATRIX,1.0,0.8874,0,0,1.4,"[{'id': '7yd5mJB', 'name': 'EUR TOPCS1600 ATOM Datasets Theme', 'multiplier': 2.0}]",analyst11,ESG scores,analyst,Analyst,analyst-esg,ESG
governance_sector_position_2,Company’s rank within its sector peer group for governance score.,"{'id': 'analyst11', 'name': 'ESG scores'}","{'id': 'analyst', 'name': 'Analyst'}","{'id': 'analyst-esg', 'name': 'ESG'}",EUR,1,TOPCS1600,MATRIX,1.0,0.8914,0,0,1.4,"[{'id': '7yd5mJB', 'name': 'EUR TOPCS1600 ATOM Datasets Theme', 'multiplier': 2.0}]",analyst11,ESG scores,analyst,Analyst,analyst-esg,ESG
governance_subsector_percentile_score,"Percentile ranking of governance score within subsector peer group, with higher values indicating better performance.","{'id': 'analyst11', 'name': 'ESG scores'}","{'id': 'analyst', 'name': 'Analyst'}","{'id': 'analyst-esg', 'name': 'ESG'}",EUR,1,TOPCS1600,MATRIX,1.0,0.8874,0,0,1.4,"[{'id': '7yd5mJB', 'name': 'EUR TOPCS1600 ATOM Datasets Theme', 'multiplier': 2.0}]",analyst11,ESG scores,analyst,Analyst,analyst-esg,ESG
governance_subsector_position_2,Company’s rank within its subsector peer group for governance score.,"{'id': 'analyst11', 'name': 'ESG scores'}","{'id': 'analyst', 'name': 'Analyst'}","{'id': 'analyst-esg', 'name': 'ESG'}",EUR,1,TOPCS1600,MATRIX,1.0,0.8914,0,0,1.4,"[{'id': '7yd5mJB', 'name': 'EUR TOPCS1600 ATOM Datasets Theme', 'multiplier': 2.0}]",analyst11,ESG scores,analyst,Analyst,analyst-esg,ESG
human_rights_industry_percentile_score,Percentile ranking within industry peer group for human rights and labor practices.,"{'id': 'analyst11', 'name': 'ESG scores'}","{'id': 'analyst', 'name': 'Analyst'}","{'id': 'analyst-esg', 'name': 'ESG'}",EUR,1,TOPCS1600,MATRIX,1.0,0.8833,0,0,1.4,"[{'id': '7yd5mJB', 'name': 'EUR TOPCS1600 ATOM Datasets Theme', 'multiplier': 2.0}]",analyst11,ESG scores,analyst,Analyst,analyst-esg,ESG
human_rights_industry_position,Company’s standing within its industry peer group for human rights and labor practices.,"{'id': 'analyst11', 'name': 'ESG scores'}","{'id': 'analyst', 'name': 'Analyst'}","{'id': 'analyst-esg', 'name': 'ESG'}",EUR,1,TOPCS1600,MATRIX,1.0,0.8872,0,0,1.4,"[{'id': '7yd5mJB', 'name': 'EUR TOPCS1600 ATOM Datasets Theme', 'multiplier': 2.0}]",analyst11,ESG scores,analyst,Analyst,analyst-esg,ESG
human_rights_sector_percentile_score,Percentile ranking within sector peer group for human rights and labor policies.,"{'id': 'analyst11', 'name': 'ESG scores'}","{'id': 'analyst', 'name': 'Analyst'}","{'id': 'analyst-esg', 'name': 'ESG'}",EUR,1,TOPCS1600,MATRIX,1.0,0.8833,0,0,1.4,"[{'id': '7yd5mJB', 'name': 'EUR TOPCS1600 ATOM Datasets Theme', 'multiplier': 2.0}]",analyst11,ESG scores,analyst,Analyst,analyst-esg,ESG
human_rights_sector_position,Company’s rank within its sector peer group for human rights and supply chain labor practices.,"{'id': 'analyst11', 'name': 'ESG scores'}","{'id': 'analyst', 'name': 'Analyst'}","{'id': 'analyst-esg', 'name': 'ESG'}",EUR,1,TOPCS1600,MATRIX,1.0,0.8872,0,0,1.4,"[{'id': '7yd5mJB', 'name': 'EUR TOPCS1600 ATOM Datasets Theme', 'multiplier': 2.0}]",analyst11,ESG scores,analyst,Analyst,analyst-esg,ESG
human_rights_subsector_percentile_score,Percentile ranking within subsector peer group for human rights and labor standards.,"{'id': 'analyst11', 'name': 'ESG scores'}","{'id': 'analyst', 'name': 'Analyst'}","{'id': 'analyst-esg', 'name': 'ESG'}",EUR,1,TOPCS1600,MATRIX,1.0,0.8833,0,0,1.4,"[{'id': '7yd5mJB', 'name': 'EUR TOPCS1600 ATOM Datasets Theme', 'multiplier': 2.0}]",analyst11,ESG scores,analyst,Analyst,analyst-esg,ESG
human_rights_subsector_position,Company’s rank within its subsector peer group for human rights and supply chain labor practices.,"{'id': 'analyst11', 'name': 'ESG scores'}","{'id': 'analyst', 'name': 'Analyst'}","{'id': 'analyst-esg', 'name': 'ESG'}",EUR,1,TOPCS1600,MATRIX,1.0,0.8872,0,0,1.4,"[{'id': '7yd5mJB', 'name': 'EUR TOPCS1600 ATOM Datasets Theme', 'multiplier': 2.0}]",analyst11,ESG scores,analyst,Analyst,analyst-esg,ESG
human_rights_supply_chain_score_2,Score reflecting company’s performance on human rights activism and supply chain labor policies.,"{'id': 'analyst11', 'name': 'ESG scores'}","{'id': 'analyst', 'name': 'Analyst'}","{'id': 'analyst-esg', 'name': 'ESG'}",EUR,1,TOPCS1600,MATRIX,1.0,0.9059,0,0,1.4,"[{'id': '7yd5mJB', 'name': 'EUR TOPCS1600 ATOM Datasets Theme', 'multiplier': 2.0}]",analyst11,ESG scores,analyst,Analyst,analyst-esg,ESG
management_ethics_industry_percentile_score,Percentile ranking within industry peer group for management standards and ethics.,"{'id': 'analyst11', 'name': 'ESG scores'}","{'id': 'analyst', 'name': 'Analyst'}","{'id': 'analyst-esg', 'name': 'ESG'}",EUR,1,TOPCS1600,MATRIX,1.0,0.8865,1,1,1.4,"[{'id': '7yd5mJB', 'name': 'EUR TOPCS1600 ATOM Datasets Theme', 'multiplier': 2.0}]",analyst11,ESG scores,analyst,Analyst,analyst-esg,ESG
management_ethics_industry_position,Company’s rank within its industry peer group for management standards and ethics.,"{'id': 'analyst11', 'name': 'ESG scores'}","{'id': 'analyst', 'name': 'Analyst'}","{'id': 'analyst-esg', 'name': 'ESG'}",EUR,1,TOPCS1600,MATRIX,1.0,0.8904,0,0,1.4,"[{'id': '7yd5mJB', 'name': 'EUR TOPCS1600 ATOM Datasets Theme', 'multiplier': 2.0}]",analyst11,ESG scores,analyst,Analyst,analyst-esg,ESG
management_ethics_sector_percentile_score,Percentile ranking within sector peer group for management standards and ethics.,"{'id': 'analyst11', 'name': 'ESG scores'}","{'id': 'analyst', 'name': 'Analyst'}","{'id': 'analyst-esg', 'name': 'ESG'}",EUR,1,TOPCS1600,MATRIX,1.0,0.8865,2,2,1.4,"[{'id': '7yd5mJB', 'name': 'EUR TOPCS1600 ATOM Datasets Theme', 'multiplier': 2.0}]",analyst11,ESG scores,analyst,Analyst,analyst-esg,ESG
management_ethics_sector_position,Company’s rank within its sector peer group for management standards and ethics.,"{'id': 'analyst11', 'name': 'ESG scores'}","{'id': 'analyst', 'name': 'Analyst'}","{'id': 'analyst-esg', 'name': 'ESG'}",EUR,1,TOPCS1600,MATRIX,1.0,0.8904,1,1,1.4,"[{'id': '7yd5mJB', 'name': 'EUR TOPCS1600 ATOM Datasets Theme', 'multiplier': 2.0}]",analyst11,ESG scores,analyst,Analyst,analyst-esg,ESG
management_ethics_standards_score_2,"Score measuring management’s ethical standards, stakeholder engagement, and governance integration.","{'id': 'analyst11', 'name': 'ESG scores'}","{'id': 'analyst', 'name': 'Analyst'}","{'id': 'analyst-esg', 'name': 'ESG'}",EUR,1,TOPCS1600,MATRIX,1.0,0.9092,1,1,1.4,"[{'id': '7yd5mJB', 'name': 'EUR TOPCS1600 ATOM Datasets Theme', 'multiplier': 2.0}]",analyst11,ESG scores,analyst,Analyst,analyst-esg,ESG
management_ethics_subsector_percentile_score,Percentile ranking within subsector peer group for management standards and ethics.,"{'id': 'analyst11', 'name': 'ESG scores'}","{'id': 'analyst', 'name': 'Analyst'}","{'id': 'analyst-esg', 'name': 'ESG'}",EUR,1,TOPCS1600,MATRIX,1.0,0.8865,1,1,1.4,"[{'id': '7yd5mJB', 'name': 'EUR TOPCS1600 ATOM Datasets Theme', 'multiplier': 2.0}]",analyst11,ESG scores,analyst,Analyst,analyst-esg,ESG
management_ethics_subsector_position,Company’s rank within its subsector peer group for management standards and ethics.,"{'id': 'analyst11', 'name': 'ESG scores'}","{'id': 'analyst', 'name': 'Analyst'}","{'id': 'analyst-esg', 'name': 'ESG'}",EUR,1,TOPCS1600,MATRIX,1.0,0.8904,0,0,1.4,"[{'id': '7yd5mJB', 'name': 'EUR TOPCS1600 ATOM Datasets Theme', 'multiplier': 2.0}]",analyst11,ESG scores,analyst,Analyst,analyst-esg,ESG
overall_sustainability_score_2,"Aggregated score reflecting company performance across environmental, social, and governance pillars.","{'id': 'analyst11', 'name': 'ESG scores'}","{'id': 'analyst', 'name': 'Analyst'}","{'id': 'analyst-esg', 'name': 'ESG'}",EUR,1,TOPCS1600,MATRIX,1.0,0.9123,0,0,1.4,"[{'id': '7yd5mJB', 'name': 'EUR TOPCS1600 ATOM Datasets Theme', 'multiplier': 2.0}]",analyst11,ESG scores,analyst,Analyst,analyst-esg,ESG
pollution_prevention_industry_percentile_2,Percentile ranking within industry peer group for pollution prevention score.,"{'id': 'analyst11', 'name': 'ESG scores'}","{'id': 'analyst', 'name': 'Analyst'}","{'id': 'analyst-esg', 'name': 'ESG'}",EUR,1,TOPCS1600,MATRIX,1.0,0.8869,0,0,1.4,"[{'id': '7yd5mJB', 'name': 'EUR TOPCS1600 ATOM Datasets Theme', 'multiplier': 2.0}]",analyst11,ESG scores,analyst,Analyst,analyst-esg,ESG
pollution_prevention_industry_position,Company’s position within industry peer group for pollution prevention score.,"{'id': 'analyst11', 'name': 'ESG scores'}","{'id': 'analyst', 'name': 'Analyst'}","{'id': 'analyst-esg', 'name': 'ESG'}",EUR,1,TOPCS1600,MATRIX,1.0,0.8908,0,0,1.4,"[{'id': '7yd5mJB', 'name': 'EUR TOPCS1600 ATOM Datasets Theme', 'multiplier': 2.0}]",analyst11,ESG scores,analyst,Analyst,analyst-esg,ESG
pollution_prevention_score_2,Score measuring company efforts to reduce pollution and transition to cleaner technologies.,"{'id': 'analyst11', 'name': 'ESG scores'}","{'id': 'analyst', 'name': 'Analyst'}","{'id': 'analyst-esg', 'name': 'ESG'}",EUR,1,TOPCS1600,MATRIX,1.0,0.9095,0,0,1.4,"[{'id': '7yd5mJB', 'name': 'EUR TOPCS1600 ATOM Datasets Theme', 'multiplier': 2.0}]",analyst11,ESG scores,analyst,Analyst,analyst-esg,ESG
pollution_prevention_sector_percentile_2,Percentile ranking within sector peer group for pollution prevention score.,"{'id': 'analyst11', 'name': 'ESG scores'}","{'id': 'analyst', 'name': 'Analyst'}","{'id': 'analyst-esg', 'name': 'ESG'}",EUR,1,TOPCS1600,MATRIX,1.0,0.8869,0,0,1.4,"[{'id': '7yd5mJB', 'name': 'EUR TOPCS1600 ATOM Datasets Theme', 'multiplier': 2.0}]",analyst11,ESG scores,analyst,Analyst,analyst-esg,ESG
pollution_prevention_sector_position,Company’s position within sector peer group for pollution prevention score.,"{'id': 'analyst11', 'name': 'ESG scores'}","{'id': 'analyst', 'name': 'Analyst'}","{'id': 'analyst-esg', 'name': 'ESG'}",EUR,1,TOPCS1600,MATRIX,1.0,0.8908,0,0,1.4,"[{'id': '7yd5mJB', 'name': 'EUR TOPCS1600 ATOM Datasets Theme', 'multiplier': 2.0}]",analyst11,ESG scores,analyst,Analyst,analyst-esg,ESG
pollution_prevention_subsector_percentile_2,Percentile ranking within subsector peer group for pollution prevention score.,"{'id': 'analyst11', 'name': 'ESG scores'}","{'id': 'analyst', 'name': 'Analyst'}","{'id': 'analyst-esg', 'name': 'ESG'}",EUR,1,TOPCS1600,MATRIX,1.0,0.8869,0,0,1.4,"[{'id': '7yd5mJB', 'name': 'EUR TOPCS1600 ATOM Datasets Theme', 'multiplier': 2.0}]",analyst11,ESG scores,analyst,Analyst,analyst-esg,ESG
pollution_prevention_subsector_position,Company’s position within subsector peer group for pollution prevention score.,"{'id': 'analyst11', 'name': 'ESG scores'}","{'id': 'analyst', 'name': 'Analyst'}","{'id': 'analyst-esg', 'name': 'ESG'}",EUR,1,TOPCS1600,MATRIX,1.0,0.8908,1,1,1.4,"[{'id': '7yd5mJB', 'name': 'EUR TOPCS1600 ATOM Datasets Theme', 'multiplier': 2.0}]",analyst11,ESG scores,analyst,Analyst,analyst-esg,ESG
resource_efficiency_industry_percentile_2,Percentile ranking within industry peer group for resource efficiency score.,"{'id': 'analyst11', 'name': 'ESG scores'}","{'id': 'analyst', 'name': 'Analyst'}","{'id': 'analyst-esg', 'name': 'ESG'}",EUR,1,TOPCS1600,MATRIX,1.0,0.8869,0,0,1.4,"[{'id': '7yd5mJB', 'name': 'EUR TOPCS1600 ATOM Datasets Theme', 'multiplier': 2.0}]",analyst11,ESG scores,analyst,Analyst,analyst-esg,ESG
resource_efficiency_industry_position,Company’s position within industry peer group for resource efficiency score.,"{'id': 'analyst11', 'name': 'ESG scores'}","{'id': 'analyst', 'name': 'Analyst'}","{'id': 'analyst-esg', 'name': 'ESG'}",EUR,1,TOPCS1600,MATRIX,1.0,0.8908,0,0,1.4,"[{'id': '7yd5mJB', 'name': 'EUR TOPCS1600 ATOM Datasets Theme', 'multiplier': 2.0}]",analyst11,ESG scores,analyst,Analyst,analyst-esg,ESG
resource_efficiency_score_2,Score measuring company efforts to reduce resource consumption and improve recycling.,"{'id': 'analyst11', 'name': 'ESG scores'}","{'id': 'analyst', 'name': 'Analyst'}","{'id': 'analyst-esg', 'name': 'ESG'}",EUR,1,TOPCS1600,MATRIX,1.0,0.9095,0,0,1.4,"[{'id': '7yd5mJB', 'name': 'EUR TOPCS1600 ATOM Datasets Theme', 'multiplier': 2.0}]",analyst11,ESG scores,analyst,Analyst,analyst-esg,ESG
resource_efficiency_sector_percentile_2,Percentile ranking within sector peer group for resource efficiency score.,"{'id': 'analyst11', 'name': 'ESG scores'}","{'id': 'analyst', 'name': 'Analyst'}","{'id': 'analyst-esg', 'name': 'ESG'}",EUR,1,TOPCS1600,MATRIX,1.0,0.8869,0,0,1.4,"[{'id': '7yd5mJB', 'name': 'EUR TOPCS1600 ATOM Datasets Theme', 'multiplier': 2.0}]",analyst11,ESG scores,analyst,Analyst,analyst-esg,ESG
resource_efficiency_sector_position,Company’s position within sector peer group for resource efficiency score.,"{'id': 'analyst11', 'name': 'ESG scores'}","{'id': 'analyst', 'name': 'Analyst'}","{'id': 'analyst-esg', 'name': 'ESG'}",EUR,1,TOPCS1600,MATRIX,1.0,0.8908,0,0,1.4,"[{'id': '7yd5mJB', 'name': 'EUR TOPCS1600 ATOM Datasets Theme', 'multiplier': 2.0}]",analyst11,ESG scores,analyst,Analyst,analyst-esg,ESG
resource_efficiency_subsector_percentile_2,Percentile ranking within subsector peer group for resource efficiency score.,"{'id': 'analyst11', 'name': 'ESG scores'}","{'id': 'analyst', 'name': 'Analyst'}","{'id': 'analyst-esg', 'name': 'ESG'}",EUR,1,TOPCS1600,MATRIX,1.0,0.8869,0,0,1.4,"[{'id': '7yd5mJB', 'name': 'EUR TOPCS1600 ATOM Datasets Theme', 'multiplier': 2.0}]",analyst11,ESG scores,analyst,Analyst,analyst-esg,ESG
resource_efficiency_subsector_position,Company’s position within subsector peer group for resource efficiency score.,"{'id': 'analyst11', 'name': 'ESG scores'}","{'id': 'analyst', 'name': 'Analyst'}","{'id': 'analyst-esg', 'name': 'ESG'}",EUR,1,TOPCS1600,MATRIX,1.0,0.8908,0,0,1.4,"[{'id': '7yd5mJB', 'name': 'EUR TOPCS1600 ATOM Datasets Theme', 'multiplier': 2.0}]",analyst11,ESG scores,analyst,Analyst,analyst-esg,ESG
social_hybrid_industry_percentile_score,Percentile within industry peer group for social score weighted by hybrid metrics.,"{'id': 'analyst11', 'name': 'ESG scores'}","{'id': 'analyst', 'name': 'Analyst'}","{'id': 'analyst-esg', 'name': 'ESG'}",EUR,1,TOPCS1600,MATRIX,1.0,0.7671,0,0,1.4,"[{'id': '7yd5mJB', 'name': 'EUR TOPCS1600 ATOM Datasets Theme', 'multiplier': 2.0}]",analyst11,ESG scores,analyst,Analyst,analyst-esg,ESG
social_hybrid_industry_position,Rank within industry peer group for social score weighted by hybrid metrics.,"{'id': 'analyst11', 'name': 'ESG scores'}","{'id': 'analyst', 'name': 'Analyst'}","{'id': 'analyst-esg', 'name': 'ESG'}",EUR,1,TOPCS1600,MATRIX,1.0,0.771,0,0,1.4,"[{'id': '7yd5mJB', 'name': 'EUR TOPCS1600 ATOM Datasets Theme', 'multiplier': 2.0}]",analyst11,ESG scores,analyst,Analyst,analyst-esg,ESG
social_hybrid_sector_percentile_score,Percentile within sector peer group for social score weighted by hybrid metrics.,"{'id': 'analyst11', 'name': 'ESG scores'}","{'id': 'analyst', 'name': 'Analyst'}","{'id': 'analyst-esg', 'name': 'ESG'}",EUR,1,TOPCS1600,MATRIX,1.0,0.7671,0,0,1.4,"[{'id': '7yd5mJB', 'name': 'EUR TOPCS1600 ATOM Datasets Theme', 'multiplier': 2.0}]",analyst11,ESG scores,analyst,Analyst,analyst-esg,ESG
social_hybrid_sector_position,Rank within sector peer group for social score weighted by hybrid metrics.,"{'id': 'analyst11', 'name': 'ESG scores'}","{'id': 'analyst', 'name': 'Analyst'}","{'id': 'analyst-esg', 'name': 'ESG'}",EUR,1,TOPCS1600,MATRIX,1.0,0.771,0,0,1.4,"[{'id': '7yd5mJB', 'name': 'EUR TOPCS1600 ATOM Datasets Theme', 'multiplier': 2.0}]",analyst11,ESG scores,analyst,Analyst,analyst-esg,ESG
social_hybrid_subsector_percentile_score,Percentile within subsector peer group for social score weighted by hybrid metrics.,"{'id': 'analyst11', 'name': 'ESG scores'}","{'id': 'analyst', 'name': 'Analyst'}","{'id': 'analyst-esg', 'name': 'ESG'}",EUR,1,TOPCS1600,MATRIX,1.0,0.7671,0,0,1.4,"[{'id': '7yd5mJB', 'name': 'EUR TOPCS1600 ATOM Datasets Theme', 'multiplier': 2.0}]",analyst11,ESG scores,analyst,Analyst,analyst-esg,ESG
social_hybrid_subsector_position,Rank within subsector peer group for social score weighted by hybrid metrics.,"{'id': 'analyst11', 'name': 'ESG scores'}","{'id': 'analyst', 'name': 'Analyst'}","{'id': 'analyst-esg', 'name': 'ESG'}",EUR,1,TOPCS1600,MATRIX,1.0,0.771,0,0,1.4,"[{'id': '7yd5mJB', 'name': 'EUR TOPCS1600 ATOM Datasets Theme', 'multiplier': 2.0}]",analyst11,ESG scores,analyst,Analyst,analyst-esg,ESG
social_hybrid_weighted_score,Social score weighted by metrics most strongly positively correlated to financial returns.,"{'id': 'analyst11', 'name': 'ESG scores'}","{'id': 'analyst', 'name': 'Analyst'}","{'id': 'analyst-esg', 'name': 'ESG'}",EUR,1,TOPCS1600,MATRIX,1.0,0.771,0,0,1.4,"[{'id': '7yd5mJB', 'name': 'EUR TOPCS1600 ATOM Datasets Theme', 'multiplier': 2.0}]",analyst11,ESG scores,analyst,Analyst,analyst-esg,ESG
social_industry_percentile_score,Percentile ranking within industry peer group for social score.,"{'id': 'analyst11', 'name': 'ESG scores'}","{'id': 'analyst', 'name': 'Analyst'}","{'id': 'analyst-esg', 'name': 'ESG'}",EUR,1,TOPCS1600,MATRIX,1.0,0.8888,0,0,1.4,"[{'id': '7yd5mJB', 'name': 'EUR TOPCS1600 ATOM Datasets Theme', 'multiplier': 2.0}]",analyst11,ESG scores,analyst,Analyst,analyst-esg,ESG
social_industry_position_2,Company’s rank within its industry peer group for social score.,"{'id': 'analyst11', 'name': 'ESG scores'}","{'id': 'analyst', 'name': 'Analyst'}","{'id': 'analyst-esg', 'name': 'ESG'}",EUR,1,TOPCS1600,MATRIX,1.0,0.8927,0,0,1.4,"[{'id': '7yd5mJB', 'name': 'EUR TOPCS1600 ATOM Datasets Theme', 'multiplier': 2.0}]",analyst11,ESG scores,analyst,Analyst,analyst-esg,ESG
social_max_correlation_weighted_score,Social score weighted by metrics most strongly correlated to financial returns.,"{'id': 'analyst11', 'name': 'ESG scores'}","{'id': 'analyst', 'name': 'Analyst'}","{'id': 'analyst-esg', 'name': 'ESG'}",EUR,1,TOPCS1600,MATRIX,1.0,0.7893,0,0,1.4,"[{'id': '7yd5mJB', 'name': 'EUR TOPCS1600 ATOM Datasets Theme', 'multiplier': 2.0}]",analyst11,ESG scores,analyst,Analyst,analyst-esg,ESG
social_maxcorr_industry_percentile_score,Percentile within industry peer group for social score weighted by max correlation metrics.,"{'id': 'analyst11', 'name': 'ESG scores'}","{'id': 'analyst', 'name': 'Analyst'}","{'id': 'analyst-esg', 'name': 'ESG'}",EUR,1,TOPCS1600,MATRIX,1.0,0.7865,0,0,1.4,"[{'id': '7yd5mJB', 'name': 'EUR TOPCS1600 ATOM Datasets Theme', 'multiplier': 2.0}]",analyst11,ESG scores,analyst,Analyst,analyst-esg,ESG
social_maxcorr_industry_position,Rank within industry peer group for social score weighted by max correlation metrics.,"{'id': 'analyst11', 'name': 'ESG scores'}","{'id': 'analyst', 'name': 'Analyst'}","{'id': 'analyst-esg', 'name': 'ESG'}",EUR,1,TOPCS1600,MATRIX,1.0,0.7893,0,0,1.4,"[{'id': '7yd5mJB', 'name': 'EUR TOPCS1600 ATOM Datasets Theme', 'multiplier': 2.0}]",analyst11,ESG scores,analyst,Analyst,analyst-esg,ESG
social_maxcorr_sector_percentile_score,Percentile within sector peer group for social score weighted by max correlation metrics.,"{'id': 'analyst11', 'name': 'ESG scores'}","{'id': 'analyst', 'name': 'Analyst'}","{'id': 'analyst-esg', 'name': 'ESG'}",EUR,1,TOPCS1600,MATRIX,1.0,0.7865,0,0,1.4,"[{'id': '7yd5mJB', 'name': 'EUR TOPCS1600 ATOM Datasets Theme', 'multiplier': 2.0}]",analyst11,ESG scores,analyst,Analyst,analyst-esg,ESG
social_maxcorr_sector_position,Rank within sector peer group for social score weighted by max correlation metrics.,"{'id': 'analyst11', 'name': 'ESG scores'}","{'id': 'analyst', 'name': 'Analyst'}","{'id': 'analyst-esg', 'name': 'ESG'}",EUR,1,TOPCS1600,MATRIX,1.0,0.7893,0,0,1.4,"[{'id': '7yd5mJB', 'name': 'EUR TOPCS1600 ATOM Datasets Theme', 'multiplier': 2.0}]",analyst11,ESG scores,analyst,Analyst,analyst-esg,ESG
social_maxcorr_subsector_percentile_score,Percentile within subsector peer group for social score weighted by max correlation metrics.,"{'id': 'analyst11', 'name': 'ESG scores'}","{'id': 'analyst', 'name': 'Analyst'}","{'id': 'analyst-esg', 'name': 'ESG'}",EUR,1,TOPCS1600,MATRIX,1.0,0.7865,0,0,1.4,"[{'id': '7yd5mJB', 'name': 'EUR TOPCS1600 ATOM Datasets Theme', 'multiplier': 2.0}]",analyst11,ESG scores,analyst,Analyst,analyst-esg,ESG
social_maxcorr_subsector_position,Rank within subsector peer group for social score weighted by max correlation metrics.,"{'id': 'analyst11', 'name': 'ESG scores'}","{'id': 'analyst', 'name': 'Analyst'}","{'id': 'analyst-esg', 'name': 'ESG'}",EUR,1,TOPCS1600,MATRIX,1.0,0.7893,0,0,1.4,"[{'id': '7yd5mJB', 'name': 'EUR TOPCS1600 ATOM Datasets Theme', 'multiplier': 2.0}]",analyst11,ESG scores,analyst,Analyst,analyst-esg,ESG
social_pillar_score,Aggregated score representing company performance on social factors.,"{'id': 'analyst11', 'name': 'ESG scores'}","{'id': 'analyst', 'name': 'Analyst'}","{'id': 'analyst-esg', 'name': 'ESG'}",EUR,1,TOPCS1600,MATRIX,1.0,0.9079,0,0,1.4,"[{'id': '7yd5mJB', 'name': 'EUR TOPCS1600 ATOM Datasets Theme', 'multiplier': 2.0}]",analyst11,ESG scores,analyst,Analyst,analyst-esg,ESG
social_pillar_score_2,Aggregated score reflecting company performance on social metrics.,"{'id': 'analyst11', 'name': 'ESG scores'}","{'id': 'analyst', 'name': 'Analyst'}","{'id': 'analyst-esg', 'name': 'ESG'}",EUR,1,TOPCS1600,MATRIX,1.0,0.9115,1,1,1.4,"[{'id': '7yd5mJB', 'name': 'EUR TOPCS1600 ATOM Datasets Theme', 'multiplier': 2.0}]",analyst11,ESG scores,analyst,Analyst,analyst-esg,ESG
social_poscorr_industry_percentile,Percentile ranking within industry peer group for social score weighted by positive correlation to financial returns.,"{'id': 'analyst11', 'name': 'ESG scores'}","{'id': 'analyst', 'name': 'Analyst'}","{'id': 'analyst-esg', 'name': 'ESG'}",EUR,1,TOPCS1600,MATRIX,1.0,0.8206,0,0,1.4,"[{'id': '7yd5mJB', 'name': 'EUR TOPCS1600 ATOM Datasets Theme', 'multiplier': 2.0}]",analyst11,ESG scores,analyst,Analyst,analyst-esg,ESG
social_poscorr_industry_position,Company’s position within industry peer group for social score weighted by positive correlation to financial returns.,"{'id': 'analyst11', 'name': 'ESG scores'}","{'id': 'analyst', 'name': 'Analyst'}","{'id': 'analyst-esg', 'name': 'ESG'}",EUR,1,TOPCS1600,MATRIX,1.0,0.8233,0,0,1.4,"[{'id': '7yd5mJB', 'name': 'EUR TOPCS1600 ATOM Datasets Theme', 'multiplier': 2.0}]",analyst11,ESG scores,analyst,Analyst,analyst-esg,ESG
social_poscorr_sector_percentile,Percentile ranking within sector peer group for social score weighted by positive correlation to financial returns.,"{'id': 'analyst11', 'name': 'ESG scores'}","{'id': 'analyst', 'name': 'Analyst'}","{'id': 'analyst-esg', 'name': 'ESG'}",EUR,1,TOPCS1600,MATRIX,1.0,0.8206,0,0,1.4,"[{'id': '7yd5mJB', 'name': 'EUR TOPCS1600 ATOM Datasets Theme', 'multiplier': 2.0}]",analyst11,ESG scores,analyst,Analyst,analyst-esg,ESG
social_poscorr_sector_position,Company’s position within sector peer group for social score weighted by positive correlation to financial returns.,"{'id': 'analyst11', 'name': 'ESG scores'}","{'id': 'analyst', 'name': 'Analyst'}","{'id': 'analyst-esg', 'name': 'ESG'}",EUR,1,TOPCS1600,MATRIX,1.0,0.8233,0,0,1.4,"[{'id': '7yd5mJB', 'name': 'EUR TOPCS1600 ATOM Datasets Theme', 'multiplier': 2.0}]",analyst11,ESG scores,analyst,Analyst,analyst-esg,ESG
social_poscorr_subsector_percentile,Percentile ranking within subsector peer group for social score weighted by positive correlation to financial returns.,"{'id': 'analyst11', 'name': 'ESG scores'}","{'id': 'analyst', 'name': 'Analyst'}","{'id': 'analyst-esg', 'name': 'ESG'}",EUR,1,TOPCS1600,MATRIX,1.0,0.8206,0,0,1.4,"[{'id': '7yd5mJB', 'name': 'EUR TOPCS1600 ATOM Datasets Theme', 'multiplier': 2.0}]",analyst11,ESG scores,analyst,Analyst,analyst-esg,ESG
social_poscorr_subsector_position,Company’s position within subsector peer group for social score weighted by positive correlation to financial returns.,"{'id': 'analyst11', 'name': 'ESG scores'}","{'id': 'analyst', 'name': 'Analyst'}","{'id': 'analyst-esg', 'name': 'ESG'}",EUR,1,TOPCS1600,MATRIX,1.0,0.8233,0,0,1.4,"[{'id': '7yd5mJB', 'name': 'EUR TOPCS1600 ATOM Datasets Theme', 'multiplier': 2.0}]",analyst11,ESG scores,analyst,Analyst,analyst-esg,ESG
social_score_industry_percentile,Percentile ranking within industry peer group for social score.,"{'id': 'analyst11', 'name': 'ESG scores'}","{'id': 'analyst', 'name': 'Analyst'}","{'id': 'analyst-esg', 'name': 'ESG'}",EUR,1,TOPCS1600,MATRIX,1.0,0.8892,0,0,1.4,"[{'id': '7yd5mJB', 'name': 'EUR TOPCS1600 ATOM Datasets Theme', 'multiplier': 2.0}]",analyst11,ESG scores,analyst,Analyst,analyst-esg,ESG
social_score_industry_position,Company’s position within industry peer group for social score.,"{'id': 'analyst11', 'name': 'ESG scores'}","{'id': 'analyst', 'name': 'Analyst'}","{'id': 'analyst-esg', 'name': 'ESG'}",EUR,1,TOPCS1600,MATRIX,1.0,0.9079,0,0,1.4,"[{'id': '7yd5mJB', 'name': 'EUR TOPCS1600 ATOM Datasets Theme', 'multiplier': 2.0}]",analyst11,ESG scores,analyst,Analyst,analyst-esg,ESG
social_score_positive_correlation,Social score weighted by metrics most positively correlated to financial returns.,"{'id': 'analyst11', 'name': 'ESG scores'}","{'id': 'analyst', 'name': 'Analyst'}","{'id': 'analyst-esg', 'name': 'ESG'}",EUR,1,TOPCS1600,MATRIX,1.0,0.8233,0,0,1.4,"[{'id': '7yd5mJB', 'name': 'EUR TOPCS1600 ATOM Datasets Theme', 'multiplier': 2.0}]",analyst11,ESG scores,analyst,Analyst,analyst-esg,ESG
social_score_sector_percentile,Percentile ranking within sector peer group for social score.,"{'id': 'analyst11', 'name': 'ESG scores'}","{'id': 'analyst', 'name': 'Analyst'}","{'id': 'analyst-esg', 'name': 'ESG'}",EUR,1,TOPCS1600,MATRIX,1.0,0.8892,0,0,1.4,"[{'id': '7yd5mJB', 'name': 'EUR TOPCS1600 ATOM Datasets Theme', 'multiplier': 2.0}]",analyst11,ESG scores,analyst,Analyst,analyst-esg,ESG
social_score_sector_position,Company’s position within sector peer group for social score.,"{'id': 'analyst11', 'name': 'ESG scores'}","{'id': 'analyst', 'name': 'Analyst'}","{'id': 'analyst-esg', 'name': 'ESG'}",EUR,1,TOPCS1600,MATRIX,1.0,0.9079,0,0,1.4,"[{'id': '7yd5mJB', 'name': 'EUR TOPCS1600 ATOM Datasets Theme', 'multiplier': 2.0}]",analyst11,ESG scores,analyst,Analyst,analyst-esg,ESG
social_score_subsector_percentile,Percentile ranking within subsector peer group for social score.,"{'id': 'analyst11', 'name': 'ESG scores'}","{'id': 'analyst', 'name': 'Analyst'}","{'id': 'analyst-esg', 'name': 'ESG'}",EUR,1,TOPCS1600,MATRIX,1.0,0.8892,0,0,1.4,"[{'id': '7yd5mJB', 'name': 'EUR TOPCS1600 ATOM Datasets Theme', 'multiplier': 2.0}]",analyst11,ESG scores,analyst,Analyst,analyst-esg,ESG
social_score_subsector_position,Company’s position within subsector peer group for social score.,"{'id': 'analyst11', 'name': 'ESG scores'}","{'id': 'analyst', 'name': 'Analyst'}","{'id': 'analyst-esg', 'name': 'ESG'}",EUR,1,TOPCS1600,MATRIX,1.0,0.9079,0,0,1.4,"[{'id': '7yd5mJB', 'name': 'EUR TOPCS1600 ATOM Datasets Theme', 'multiplier': 2.0}]",analyst11,ESG scores,analyst,Analyst,analyst-esg,ESG
social_score_total_correlation,Social score weighted by metrics most strongly correlated (positive and negative) to financial returns.,"{'id': 'analyst11', 'name': 'ESG scores'}","{'id': 'analyst', 'name': 'Analyst'}","{'id': 'analyst-esg', 'name': 'ESG'}",EUR,1,TOPCS1600,MATRIX,1.0,0.8284,0,0,1.4,"[{'id': '7yd5mJB', 'name': 'EUR TOPCS1600 ATOM Datasets Theme', 'multiplier': 2.0}]",analyst11,ESG scores,analyst,Analyst,analyst-esg,ESG
social_sector_percentile_score,Percentile ranking within sector peer group for social score.,"{'id': 'analyst11', 'name': 'ESG scores'}","{'id': 'analyst', 'name': 'Analyst'}","{'id': 'analyst-esg', 'name': 'ESG'}",EUR,1,TOPCS1600,MATRIX,1.0,0.8888,0,0,1.4,"[{'id': '7yd5mJB', 'name': 'EUR TOPCS1600 ATOM Datasets Theme', 'multiplier': 2.0}]",analyst11,ESG scores,analyst,Analyst,analyst-esg,ESG
social_sector_position_2,Company’s rank within its sector peer group for social score.,"{'id': 'analyst11', 'name': 'ESG scores'}","{'id': 'analyst', 'name': 'Analyst'}","{'id': 'analyst-esg', 'name': 'ESG'}",EUR,1,TOPCS1600,MATRIX,1.0,0.8927,0,0,1.4,"[{'id': '7yd5mJB', 'name': 'EUR TOPCS1600 ATOM Datasets Theme', 'multiplier': 2.0}]",analyst11,ESG scores,analyst,Analyst,analyst-esg,ESG
social_subsector_percentile_score,Percentile ranking within subsector peer group for social score.,"{'id': 'analyst11', 'name': 'ESG scores'}","{'id': 'analyst', 'name': 'Analyst'}","{'id': 'analyst-esg', 'name': 'ESG'}",EUR,1,TOPCS1600,MATRIX,1.0,0.8888,0,0,1.4,"[{'id': '7yd5mJB', 'name': 'EUR TOPCS1600 ATOM Datasets Theme', 'multiplier': 2.0}]",analyst11,ESG scores,analyst,Analyst,analyst-esg,ESG
social_subsector_position_2,Company’s rank within its subsector peer group for social score.,"{'id': 'analyst11', 'name': 'ESG scores'}","{'id': 'analyst', 'name': 'Analyst'}","{'id': 'analyst-esg', 'name': 'ESG'}",EUR,1,TOPCS1600,MATRIX,1.0,0.8927,0,0,1.4,"[{'id': '7yd5mJB', 'name': 'EUR TOPCS1600 ATOM Datasets Theme', 'multiplier': 2.0}]",analyst11,ESG scores,analyst,Analyst,analyst-esg,ESG
social_totalcorr_industry_percentile,Percentile ranking within industry peer group for social score weighted by total correlation to financial returns.,"{'id': 'analyst11', 'name': 'ESG scores'}","{'id': 'analyst', 'name': 'Analyst'}","{'id': 'analyst-esg', 'name': 'ESG'}",EUR,1,TOPCS1600,MATRIX,1.0,0.8244,0,0,1.4,"[{'id': '7yd5mJB', 'name': 'EUR TOPCS1600 ATOM Datasets Theme', 'multiplier': 2.0}]",analyst11,ESG scores,analyst,Analyst,analyst-esg,ESG
social_totalcorr_industry_position,Company’s position within industry peer group for social score weighted by total correlation to financial returns.,"{'id': 'analyst11', 'name': 'ESG scores'}","{'id': 'analyst', 'name': 'Analyst'}","{'id': 'analyst-esg', 'name': 'ESG'}",EUR,1,TOPCS1600,MATRIX,1.0,0.8284,0,0,1.4,"[{'id': '7yd5mJB', 'name': 'EUR TOPCS1600 ATOM Datasets Theme', 'multiplier': 2.0}]",analyst11,ESG scores,analyst,Analyst,analyst-esg,ESG
social_totalcorr_sector_percentile,Percentile ranking within sector peer group for social score weighted by total correlation to financial returns.,"{'id': 'analyst11', 'name': 'ESG scores'}","{'id': 'analyst', 'name': 'Analyst'}","{'id': 'analyst-esg', 'name': 'ESG'}",EUR,1,TOPCS1600,MATRIX,1.0,0.8244,0,0,1.4,"[{'id': '7yd5mJB', 'name': 'EUR TOPCS1600 ATOM Datasets Theme', 'multiplier': 2.0}]",analyst11,ESG scores,analyst,Analyst,analyst-esg,ESG
social_totalcorr_sector_position,Company’s position within sector peer group for social score weighted by total correlation to financial returns.,"{'id': 'analyst11', 'name': 'ESG scores'}","{'id': 'analyst', 'name': 'Analyst'}","{'id': 'analyst-esg', 'name': 'ESG'}",EUR,1,TOPCS1600,MATRIX,1.0,0.8284,0,0,1.4,"[{'id': '7yd5mJB', 'name': 'EUR TOPCS1600 ATOM Datasets Theme', 'multiplier': 2.0}]",analyst11,ESG scores,analyst,Analyst,analyst-esg,ESG
social_totalcorr_subsector_percentile,Percentile ranking within subsector peer group for social score weighted by total correlation to financial returns.,"{'id': 'analyst11', 'name': 'ESG scores'}","{'id': 'analyst', 'name': 'Analyst'}","{'id': 'analyst-esg', 'name': 'ESG'}",EUR,1,TOPCS1600,MATRIX,1.0,0.8244,0,0,1.4,"[{'id': '7yd5mJB', 'name': 'EUR TOPCS1600 ATOM Datasets Theme', 'multiplier': 2.0}]",analyst11,ESG scores,analyst,Analyst,analyst-esg,ESG
social_totalcorr_subsector_position,Company’s position within subsector peer group for social score weighted by total correlation to financial returns.,"{'id': 'analyst11', 'name': 'ESG scores'}","{'id': 'analyst', 'name': 'Analyst'}","{'id': 'analyst-esg', 'name': 'ESG'}",EUR,1,TOPCS1600,MATRIX,1.0,0.8284,0,0,1.4,"[{'id': '7yd5mJB', 'name': 'EUR TOPCS1600 ATOM Datasets Theme', 'multiplier': 2.0}]",analyst11,ESG scores,analyst,Analyst,analyst-esg,ESG
sustainability_hybrid_industry_percentile_score,Percentile within industry peer group for sustainability score weighted by hybrid metrics.,"{'id': 'analyst11', 'name': 'ESG scores'}","{'id': 'analyst', 'name': 'Analyst'}","{'id': 'analyst-esg', 'name': 'ESG'}",EUR,1,TOPCS1600,MATRIX,1.0,0.7862,0,0,1.4,"[{'id': '7yd5mJB', 'name': 'EUR TOPCS1600 ATOM Datasets Theme', 'multiplier': 2.0}]",analyst11,ESG scores,analyst,Analyst,analyst-esg,ESG
sustainability_hybrid_industry_position,Rank within industry peer group for sustainability score weighted by hybrid metrics.,"{'id': 'analyst11', 'name': 'ESG scores'}","{'id': 'analyst', 'name': 'Analyst'}","{'id': 'analyst-esg', 'name': 'ESG'}",EUR,1,TOPCS1600,MATRIX,1.0,0.79,0,0,1.4,"[{'id': '7yd5mJB', 'name': 'EUR TOPCS1600 ATOM Datasets Theme', 'multiplier': 2.0}]",analyst11,ESG scores,analyst,Analyst,analyst-esg,ESG
sustainability_hybrid_sector_percentile_score,Percentile within sector peer group for sustainability score weighted by hybrid metrics.,"{'id': 'analyst11', 'name': 'ESG scores'}","{'id': 'analyst', 'name': 'Analyst'}","{'id': 'analyst-esg', 'name': 'ESG'}",EUR,1,TOPCS1600,MATRIX,1.0,0.7862,1,1,1.4,"[{'id': '7yd5mJB', 'name': 'EUR TOPCS1600 ATOM Datasets Theme', 'multiplier': 2.0}]",analyst11,ESG scores,analyst,Analyst,analyst-esg,ESG
sustainability_hybrid_sector_position,Rank within sector peer group for sustainability score weighted by hybrid metrics.,"{'id': 'analyst11', 'name': 'ESG scores'}","{'id': 'analyst', 'name': 'Analyst'}","{'id': 'analyst-esg', 'name': 'ESG'}",EUR,1,TOPCS1600,MATRIX,1.0,0.79,0,0,1.4,"[{'id': '7yd5mJB', 'name': 'EUR TOPCS1600 ATOM Datasets Theme', 'multiplier': 2.0}]",analyst11,ESG scores,analyst,Analyst,analyst-esg,ESG
sustainability_hybrid_subsector_percentile_score,Percentile within subsector peer group for sustainability score weighted by hybrid metrics.,"{'id': 'analyst11', 'name': 'ESG scores'}","{'id': 'analyst', 'name': 'Analyst'}","{'id': 'analyst-esg', 'name': 'ESG'}",EUR,1,TOPCS1600,MATRIX,1.0,0.7862,0,0,1.4,"[{'id': '7yd5mJB', 'name': 'EUR TOPCS1600 ATOM Datasets Theme', 'multiplier': 2.0}]",analyst11,ESG scores,analyst,Analyst,analyst-esg,ESG
sustainability_hybrid_subsector_position,Rank within subsector peer group for sustainability score weighted by hybrid metrics.,"{'id': 'analyst11', 'name': 'ESG scores'}","{'id': 'analyst', 'name': 'Analyst'}","{'id': 'analyst-esg', 'name': 'ESG'}",EUR,1,TOPCS1600,MATRIX,1.0,0.79,0,0,1.4,"[{'id': '7yd5mJB', 'name': 'EUR TOPCS1600 ATOM Datasets Theme', 'multiplier': 2.0}]",analyst11,ESG scores,analyst,Analyst,analyst-esg,ESG
sustainability_hybrid_weighted_score,Sustainability score weighted by metrics most strongly positively correlated to financial returns in peer group.,"{'id': 'analyst11', 'name': 'ESG scores'}","{'id': 'analyst', 'name': 'Analyst'}","{'id': 'analyst-esg', 'name': 'ESG'}",EUR,1,TOPCS1600,MATRIX,1.0,0.79,0,0,1.4,"[{'id': '7yd5mJB', 'name': 'EUR TOPCS1600 ATOM Datasets Theme', 'multiplier': 2.0}]",analyst11,ESG scores,analyst,Analyst,analyst-esg,ESG
sustainability_industry_percentile_score,Percentile ranking within industry peer group for overall sustainability score.,"{'id': 'analyst11', 'name': 'ESG scores'}","{'id': 'analyst', 'name': 'Analyst'}","{'id': 'analyst-esg', 'name': 'ESG'}",EUR,1,TOPCS1600,MATRIX,1.0,0.8896,0,0,1.4,"[{'id': '7yd5mJB', 'name': 'EUR TOPCS1600 ATOM Datasets Theme', 'multiplier': 2.0}]",analyst11,ESG scores,analyst,Analyst,analyst-esg,ESG
sustainability_industry_position,Company’s rank within its industry peer group for overall sustainability score.,"{'id': 'analyst11', 'name': 'ESG scores'}","{'id': 'analyst', 'name': 'Analyst'}","{'id': 'analyst-esg', 'name': 'ESG'}",EUR,1,TOPCS1600,MATRIX,1.0,0.8936,0,0,1.4,"[{'id': '7yd5mJB', 'name': 'EUR TOPCS1600 ATOM Datasets Theme', 'multiplier': 2.0}]",analyst11,ESG scores,analyst,Analyst,analyst-esg,ESG
sustainability_max_correlation_weighted_score,Sustainability score weighted by metrics most strongly correlated to financial returns in peer group.,"{'id': 'analyst11', 'name': 'ESG scores'}","{'id': 'analyst', 'name': 'Analyst'}","{'id': 'analyst-esg', 'name': 'ESG'}",EUR,1,TOPCS1600,MATRIX,1.0,0.7921,0,0,1.4,"[{'id': '7yd5mJB', 'name': 'EUR TOPCS1600 ATOM Datasets Theme', 'multiplier': 2.0}]",analyst11,ESG scores,analyst,Analyst,analyst-esg,ESG
sustainability_maxcorr_industry_percentile_score,Percentile within industry peer group for sustainability score weighted by max correlation metrics.,"{'id': 'analyst11', 'name': 'ESG scores'}","{'id': 'analyst', 'name': 'Analyst'}","{'id': 'analyst-esg', 'name': 'ESG'}",EUR,1,TOPCS1600,MATRIX,1.0,0.7893,0,0,1.4,"[{'id': '7yd5mJB', 'name': 'EUR TOPCS1600 ATOM Datasets Theme', 'multiplier': 2.0}]",analyst11,ESG scores,analyst,Analyst,analyst-esg,ESG
sustainability_maxcorr_industry_position,Rank within industry peer group for sustainability score weighted by max correlation metrics.,"{'id': 'analyst11', 'name': 'ESG scores'}","{'id': 'analyst', 'name': 'Analyst'}","{'id': 'analyst-esg', 'name': 'ESG'}",EUR,1,TOPCS1600,MATRIX,1.0,0.7921,0,0,1.4,"[{'id': '7yd5mJB', 'name': 'EUR TOPCS1600 ATOM Datasets Theme', 'multiplier': 2.0}]",analyst11,ESG scores,analyst,Analyst,analyst-esg,ESG
sustainability_maxcorr_sector_percentile_score,Percentile within sector peer group for sustainability score weighted by max correlation metrics.,"{'id': 'analyst11', 'name': 'ESG scores'}","{'id': 'analyst', 'name': 'Analyst'}","{'id': 'analyst-esg', 'name': 'ESG'}",EUR,1,TOPCS1600,MATRIX,1.0,0.7893,0,0,1.4,"[{'id': '7yd5mJB', 'name': 'EUR TOPCS1600 ATOM Datasets Theme', 'multiplier': 2.0}]",analyst11,ESG scores,analyst,Analyst,analyst-esg,ESG
sustainability_maxcorr_sector_position,Rank within sector peer group for sustainability score weighted by max correlation metrics.,"{'id': 'analyst11', 'name': 'ESG scores'}","{'id': 'analyst', 'name': 'Analyst'}","{'id': 'analyst-esg', 'name': 'ESG'}",EUR,1,TOPCS1600,MATRIX,1.0,0.7921,0,0,1.4,"[{'id': '7yd5mJB', 'name': 'EUR TOPCS1600 ATOM Datasets Theme', 'multiplier': 2.0}]",analyst11,ESG scores,analyst,Analyst,analyst-esg,ESG
sustainability_maxcorr_subsector_percentile_score,Percentile within subsector peer group for sustainability score weighted by max correlation metrics.,"{'id': 'analyst11', 'name': 'ESG scores'}","{'id': 'analyst', 'name': 'Analyst'}","{'id': 'analyst-esg', 'name': 'ESG'}",EUR,1,TOPCS1600,MATRIX,1.0,0.7893,0,0,1.4,"[{'id': '7yd5mJB', 'name': 'EUR TOPCS1600 ATOM Datasets Theme', 'multiplier': 2.0}]",analyst11,ESG scores,analyst,Analyst,analyst-esg,ESG
sustainability_maxcorr_subsector_position,Rank within subsector peer group for sustainability score weighted by max correlation metrics.,"{'id': 'analyst11', 'name': 'ESG scores'}","{'id': 'analyst', 'name': 'Analyst'}","{'id': 'analyst-esg', 'name': 'ESG'}",EUR,1,TOPCS1600,MATRIX,1.0,0.7921,0,0,1.4,"[{'id': '7yd5mJB', 'name': 'EUR TOPCS1600 ATOM Datasets Theme', 'multiplier': 2.0}]",analyst11,ESG scores,analyst,Analyst,analyst-esg,ESG
sustainability_sector_percentile_score,Percentile ranking within sector peer group for overall sustainability score.,"{'id': 'analyst11', 'name': 'ESG scores'}","{'id': 'analyst', 'name': 'Analyst'}","{'id': 'analyst-esg', 'name': 'ESG'}",EUR,1,TOPCS1600,MATRIX,1.0,0.8896,0,0,1.4,"[{'id': '7yd5mJB', 'name': 'EUR TOPCS1600 ATOM Datasets Theme', 'multiplier': 2.0}]",analyst11,ESG scores,analyst,Analyst,analyst-esg,ESG
sustainability_sector_position,Company’s rank within its sector peer group for overall sustainability score.,"{'id': 'analyst11', 'name': 'ESG scores'}","{'id': 'analyst', 'name': 'Analyst'}","{'id': 'analyst-esg', 'name': 'ESG'}",EUR,1,TOPCS1600,MATRIX,1.0,0.8936,0,0,1.4,"[{'id': '7yd5mJB', 'name': 'EUR TOPCS1600 ATOM Datasets Theme', 'multiplier': 2.0}]",analyst11,ESG scores,analyst,Analyst,analyst-esg,ESG
sustainability_subsector_percentile_score,Percentile ranking within subsector peer group for overall sustainability score.,"{'id': 'analyst11', 'name': 'ESG scores'}","{'id': 'analyst', 'name': 'Analyst'}","{'id': 'analyst-esg', 'name': 'ESG'}",EUR,1,TOPCS1600,MATRIX,1.0,0.8896,0,0,1.4,"[{'id': '7yd5mJB', 'name': 'EUR TOPCS1600 ATOM Datasets Theme', 'multiplier': 2.0}]",analyst11,ESG scores,analyst,Analyst,analyst-esg,ESG
sustainability_subsector_position,Company’s rank within its subsector peer group for overall sustainability score.,"{'id': 'analyst11', 'name': 'ESG scores'}","{'id': 'analyst', 'name': 'Analyst'}","{'id': 'analyst-esg', 'name': 'ESG'}",EUR,1,TOPCS1600,MATRIX,1.0,0.8936,0,0,1.4,"[{'id': '7yd5mJB', 'name': 'EUR TOPCS1600 ATOM Datasets Theme', 'multiplier': 2.0}]",analyst11,ESG scores,analyst,Analyst,analyst-esg,ESG
sustainable_product_industry_percentile_score,Percentile ranking within industry peer group for sustainable product and business model practices.,"{'id': 'analyst11', 'name': 'ESG scores'}","{'id': 'analyst', 'name': 'Analyst'}","{'id': 'analyst-esg', 'name': 'ESG'}",EUR,1,TOPCS1600,MATRIX,1.0,0.8794,1,1,1.4,"[{'id': '7yd5mJB', 'name': 'EUR TOPCS1600 ATOM Datasets Theme', 'multiplier': 2.0}]",analyst11,ESG scores,analyst,Analyst,analyst-esg,ESG
sustainable_product_industry_position,Company’s rank within its industry peer group for sustainable product and business model practices.,"{'id': 'analyst11', 'name': 'ESG scores'}","{'id': 'analyst', 'name': 'Analyst'}","{'id': 'analyst-esg', 'name': 'ESG'}",EUR,1,TOPCS1600,MATRIX,1.0,0.8834,0,0,1.4,"[{'id': '7yd5mJB', 'name': 'EUR TOPCS1600 ATOM Datasets Theme', 'multiplier': 2.0}]",analyst11,ESG scores,analyst,Analyst,analyst-esg,ESG
sustainable_product_innovation_score,Score reflecting company efforts to create sustainable products and reduce social or environmental impact.,"{'id': 'analyst11', 'name': 'ESG scores'}","{'id': 'analyst', 'name': 'Analyst'}","{'id': 'analyst-esg', 'name': 'ESG'}",EUR,1,TOPCS1600,MATRIX,1.0,0.9021,0,0,1.4,"[{'id': '7yd5mJB', 'name': 'EUR TOPCS1600 ATOM Datasets Theme', 'multiplier': 2.0}]",analyst11,ESG scores,analyst,Analyst,analyst-esg,ESG
sustainable_product_sector_percentile_score,Percentile ranking within sector peer group for sustainable product and business model practices.,"{'id': 'analyst11', 'name': 'ESG scores'}","{'id': 'analyst', 'name': 'Analyst'}","{'id': 'analyst-esg', 'name': 'ESG'}",EUR,1,TOPCS1600,MATRIX,1.0,0.8794,0,0,1.4,"[{'id': '7yd5mJB', 'name': 'EUR TOPCS1600 ATOM Datasets Theme', 'multiplier': 2.0}]",analyst11,ESG scores,analyst,Analyst,analyst-esg,ESG
sustainable_product_sector_position,Company’s rank within its sector peer group for sustainable product and business model practices.,"{'id': 'analyst11', 'name': 'ESG scores'}","{'id': 'analyst', 'name': 'Analyst'}","{'id': 'analyst-esg', 'name': 'ESG'}",EUR,1,TOPCS1600,MATRIX,1.0,0.8834,0,0,1.4,"[{'id': '7yd5mJB', 'name': 'EUR TOPCS1600 ATOM Datasets Theme', 'multiplier': 2.0}]",analyst11,ESG scores,analyst,Analyst,analyst-esg,ESG
sustainable_product_subsector_percentile_score,Percentile ranking within subsector peer group for sustainable product and business model practices.,"{'id': 'analyst11', 'name': 'ESG scores'}","{'id': 'analyst', 'name': 'Analyst'}","{'id': 'analyst-esg', 'name': 'ESG'}",EUR,1,TOPCS1600,MATRIX,1.0,0.8794,0,0,1.4,"[{'id': '7yd5mJB', 'name': 'EUR TOPCS1600 ATOM Datasets Theme', 'multiplier': 2.0}]",analyst11,ESG scores,analyst,Analyst,analyst-esg,ESG
sustainable_product_subsector_position,Company’s rank within its subsector peer group for sustainable product and business model practices.,"{'id': 'analyst11', 'name': 'ESG scores'}","{'id': 'analyst', 'name': 'Analyst'}","{'id': 'analyst-esg', 'name': 'ESG'}",EUR,1,TOPCS1600,MATRIX,1.0,0.8834,0,0,1.4,"[{'id': '7yd5mJB', 'name': 'EUR TOPCS1600 ATOM Datasets Theme', 'multiplier': 2.0}]",analyst11,ESG scores,analyst,Analyst,analyst-esg,ESG
transparency_accountability_score,"Score measuring quality of reporting, transparency, and stakeholder accountability.","{'id': 'analyst11', 'name': 'ESG scores'}","{'id': 'analyst', 'name': 'Analyst'}","{'id': 'analyst-esg', 'name': 'ESG'}",EUR,1,TOPCS1600,MATRIX,1.0,0.9079,0,0,1.4,"[{'id': '7yd5mJB', 'name': 'EUR TOPCS1600 ATOM Datasets Theme', 'multiplier': 2.0}]",analyst11,ESG scores,analyst,Analyst,analyst-esg,ESG
transparency_industry_percentile_score,Percentile ranking within industry peer group for transparency and stakeholder accountability.,"{'id': 'analyst11', 'name': 'ESG scores'}","{'id': 'analyst', 'name': 'Analyst'}","{'id': 'analyst-esg', 'name': 'ESG'}",EUR,1,TOPCS1600,MATRIX,1.0,0.8852,0,0,1.4,"[{'id': '7yd5mJB', 'name': 'EUR TOPCS1600 ATOM Datasets Theme', 'multiplier': 2.0}]",analyst11,ESG scores,analyst,Analyst,analyst-esg,ESG
transparency_industry_position,Company’s rank within its industry peer group for transparency and stakeholder accountability.,"{'id': 'analyst11', 'name': 'ESG scores'}","{'id': 'analyst', 'name': 'Analyst'}","{'id': 'analyst-esg', 'name': 'ESG'}",EUR,1,TOPCS1600,MATRIX,1.0,0.8891,0,0,1.4,"[{'id': '7yd5mJB', 'name': 'EUR TOPCS1600 ATOM Datasets Theme', 'multiplier': 2.0}]",analyst11,ESG scores,analyst,Analyst,analyst-esg,ESG
transparency_sector_percentile_score,Percentile ranking within sector peer group for transparency and stakeholder accountability.,"{'id': 'analyst11', 'name': 'ESG scores'}","{'id': 'analyst', 'name': 'Analyst'}","{'id': 'analyst-esg', 'name': 'ESG'}",EUR,1,TOPCS1600,MATRIX,1.0,0.8852,0,0,1.4,"[{'id': '7yd5mJB', 'name': 'EUR TOPCS1600 ATOM Datasets Theme', 'multiplier': 2.0}]",analyst11,ESG scores,analyst,Analyst,analyst-esg,ESG
transparency_sector_position,Company’s rank within its sector peer group for transparency and stakeholder accountability.,"{'id': 'analyst11', 'name': 'ESG scores'}","{'id': 'analyst', 'name': 'Analyst'}","{'id': 'analyst-esg', 'name': 'ESG'}",EUR,1,TOPCS1600,MATRIX,1.0,0.8891,0,0,1.4,"[{'id': '7yd5mJB', 'name': 'EUR TOPCS1600 ATOM Datasets Theme', 'multiplier': 2.0}]",analyst11,ESG scores,analyst,Analyst,analyst-esg,ESG
transparency_subsector_percentile_score,Percentile ranking within subsector peer group for transparency and stakeholder accountability.,"{'id': 'analyst11', 'name': 'ESG scores'}","{'id': 'analyst', 'name': 'Analyst'}","{'id': 'analyst-esg', 'name': 'ESG'}",EUR,1,TOPCS1600,MATRIX,1.0,0.8852,0,0,1.4,"[{'id': '7yd5mJB', 'name': 'EUR TOPCS1600 ATOM Datasets Theme', 'multiplier': 2.0}]",analyst11,ESG scores,analyst,Analyst,analyst-esg,ESG
transparency_subsector_position,Company’s rank within its subsector peer group for transparency and stakeholder accountability.,"{'id': 'analyst11', 'name': 'ESG scores'}","{'id': 'analyst', 'name': 'Analyst'}","{'id': 'analyst-esg', 'name': 'ESG'}",EUR,1,TOPCS1600,MATRIX,1.0,0.8891,0,0,1.4,"[{'id': '7yd5mJB', 'name': 'EUR TOPCS1600 ATOM Datasets Theme', 'multiplier': 2.0}]",analyst11,ESG scores,analyst,Analyst,analyst-esg,ESG
workplace_diversity_score,"Score measuring workplace diversity, labor relations, and employee rights.","{'id': 'analyst11', 'name': 'ESG scores'}","{'id': 'analyst', 'name': 'Analyst'}","{'id': 'analyst-esg', 'name': 'ESG'}",EUR,1,TOPCS1600,MATRIX,1.0,0.9021,0,0,1.4,"[{'id': '7yd5mJB', 'name': 'EUR TOPCS1600 ATOM Datasets Theme', 'multiplier': 2.0}]",analyst11,ESG scores,analyst,Analyst,analyst-esg,ESG
workplace_diversity_sector_position,Company’s position within sector peer group for workplace diversity score.,"{'id': 'analyst11', 'name': 'ESG scores'}","{'id': 'analyst', 'name': 'Analyst'}","{'id': 'analyst-esg', 'name': 'ESG'}",EUR,1,TOPCS1600,MATRIX,1.0,0.8834,0,0,1.4,"[{'id': '7yd5mJB', 'name': 'EUR TOPCS1600 ATOM Datasets Theme', 'multiplier': 2.0}]",analyst11,ESG scores,analyst,Analyst,analyst-esg,ESG
workplace_diversity_subsector_position,Company’s position within subsector peer group for workplace diversity score.,"{'id': 'analyst11', 'name': 'ESG scores'}","{'id': 'analyst', 'name': 'Analyst'}","{'id': 'analyst-esg', 'name': 'ESG'}",EUR,1,TOPCS1600,MATRIX,1.0,0.8834,0,0,1.4,"[{'id': '7yd5mJB', 'name': 'EUR TOPCS1600 ATOM Datasets Theme', 'multiplier': 2.0}]",analyst11,ESG scores,analyst,Analyst,analyst-esg,ESG
workplace_safety_industry_percentile_score,Percentile ranking of company’s workplace safety and training within its industry peer group.,"{'id': 'analyst11', 'name': 'ESG scores'}","{'id': 'analyst', 'name': 'Analyst'}","{'id': 'analyst-esg', 'name': 'ESG'}",EUR,1,TOPCS1600,MATRIX,1.0,0.8783,0,0,1.4,"[{'id': '7yd5mJB', 'name': 'EUR TOPCS1600 ATOM Datasets Theme', 'multiplier': 2.0}]",analyst11,ESG scores,analyst,Analyst,analyst-esg,ESG
workplace_safety_industry_position,"Company’s rank within its industry peer group for workplace safety, training, and health.","{'id': 'analyst11', 'name': 'ESG scores'}","{'id': 'analyst', 'name': 'Analyst'}","{'id': 'analyst-esg', 'name': 'ESG'}",EUR,1,TOPCS1600,MATRIX,1.0,0.8823,0,0,1.4,"[{'id': '7yd5mJB', 'name': 'EUR TOPCS1600 ATOM Datasets Theme', 'multiplier': 2.0}]",analyst11,ESG scores,analyst,Analyst,analyst-esg,ESG
workplace_safety_sector_percentile_score,Percentile ranking of company’s workplace safety and training within its sector peer group.,"{'id': 'analyst11', 'name': 'ESG scores'}","{'id': 'analyst', 'name': 'Analyst'}","{'id': 'analyst-esg', 'name': 'ESG'}",EUR,1,TOPCS1600,MATRIX,1.0,0.8783,0,0,1.4,"[{'id': '7yd5mJB', 'name': 'EUR TOPCS1600 ATOM Datasets Theme', 'multiplier': 2.0}]",analyst11,ESG scores,analyst,Analyst,analyst-esg,ESG
workplace_safety_sector_position,"Company’s rank within its sector peer group for workplace safety, training, and health.","{'id': 'analyst11', 'name': 'ESG scores'}","{'id': 'analyst', 'name': 'Analyst'}","{'id': 'analyst-esg', 'name': 'ESG'}",EUR,1,TOPCS1600,MATRIX,1.0,0.8823,0,0,1.4,"[{'id': '7yd5mJB', 'name': 'EUR TOPCS1600 ATOM Datasets Theme', 'multiplier': 2.0}]",analyst11,ESG scores,analyst,Analyst,analyst-esg,ESG
workplace_safety_subsector_percentile_score,Percentile ranking of company’s workplace safety and training within its subsector peer group.,"{'id': 'analyst11', 'name': 'ESG scores'}","{'id': 'analyst', 'name': 'Analyst'}","{'id': 'analyst-esg', 'name': 'ESG'}",EUR,1,TOPCS1600,MATRIX,1.0,0.8783,0,0,1.4,"[{'id': '7yd5mJB', 'name': 'EUR TOPCS1600 ATOM Datasets Theme', 'multiplier': 2.0}]",analyst11,ESG scores,analyst,Analyst,analyst-esg,ESG
workplace_safety_subsector_position,"Company’s rank within its subsector peer group for workplace safety, training, and health.","{'id': 'analyst11', 'name': 'ESG scores'}","{'id': 'analyst', 'name': 'Analyst'}","{'id': 'analyst-esg', 'name': 'ESG'}",EUR,1,TOPCS1600,MATRIX,1.0,0.8823,0,0,1.4,"[{'id': '7yd5mJB', 'name': 'EUR TOPCS1600 ATOM Datasets Theme', 'multiplier': 2.0}]",analyst11,ESG scores,analyst,Analyst,analyst-esg,ESG
workplace_safety_training_score,"Composite score reflecting company’s performance in employee training, safety, and well-being.","{'id': 'analyst11', 'name': 'ESG scores'}","{'id': 'analyst', 'name': 'Analyst'}","{'id': 'analyst-esg', 'name': 'ESG'}",EUR,1,TOPCS1600,MATRIX,1.0,0.901,0,0,1.4,"[{'id': '7yd5mJB', 'name': 'EUR TOPCS1600 ATOM Datasets Theme', 'multiplier': 2.0}]",analyst11,ESG scores,analyst,Analyst,analyst-esg,ESG
