id,description,dataset,category,subcategory,region,delay,universe,type,dateCoverage,coverage,userCount,alphaCount,pyramidMultiplier,themes,dataset_id,dataset_name,category_id,category_name,subcategory_id,subcategory_name
actual_sales_value_annual,Sales - Actual Value,"{'id': 'analyst4', 'name': 'Analyst Estimate Data for Equity'}","{'id': 'analyst', 'name': 'Analyst'}","{'id': 'analyst-analyst-estimates', 'name': 'Analyst Estimates'}",EUR,1,TOPCS1600,MATRIX,1.0,0.2502,0,0,1.4,[],analyst4,Analyst Estimate Data for Equity,analyst,Analyst,analyst-analyst-estimates,Analyst Estimates
anl4_adjusted_netincome_ft,Adjusted net income - forecast type (revision/new/...),"{'id': 'analyst4', 'name': 'Analyst Estimate Data for Equity'}","{'id': 'analyst', 'name': 'Analyst'}","{'id': 'analyst-analyst-estimates', 'name': 'Analyst Estimates'}",EUR,1,TOPCS1600,MATRIX,,0.9515,40,143,1.4,[],analyst4,Analyst Estimate Data for Equity,analyst,Analyst,analyst-analyst-estimates,Analyst Estimates
anl4_adz_bvps_high,"Book value - the highest estimation, per share","{'id': 'analyst4', 'name': 'Analyst Estimate Data for Equity'}","{'id': 'analyst', 'name': 'Analyst'}","{'id': 'analyst-analyst-estimates', 'name': 'Analyst Estimates'}",EUR,1,TOPCS1600,MATRIX,1.0,0.4535,4,4,1.4,[],analyst4,Analyst Estimate Data for Equity,analyst,Analyst,analyst-analyst-estimates,Analyst Estimates
anl4_adz_bvps_low,"Book value - the lowest estimation, per share","{'id': 'analyst4', 'name': 'Analyst Estimate Data for Equity'}","{'id': 'analyst', 'name': 'Analyst'}","{'id': 'analyst-analyst-estimates', 'name': 'Analyst Estimates'}",EUR,1,TOPCS1600,MATRIX,1.0,0.4535,2,3,1.4,[],analyst4,Analyst Estimate Data for Equity,analyst,Analyst,analyst-analyst-estimates,Analyst Estimates
anl4_adz_bvps_mean,Book value per share - average of estimations,"{'id': 'analyst4', 'name': 'Analyst Estimate Data for Equity'}","{'id': 'analyst', 'name': 'Analyst'}","{'id': 'analyst-analyst-estimates', 'name': 'Analyst Estimates'}",EUR,1,TOPCS1600,MATRIX,1.0,0.4535,1,1,1.4,[],analyst4,Analyst Estimate Data for Equity,analyst,Analyst,analyst-analyst-estimates,Analyst Estimates
anl4_adz_bvps_median,Book value per share - Median value among forecasts,"{'id': 'analyst4', 'name': 'Analyst Estimate Data for Equity'}","{'id': 'analyst', 'name': 'Analyst'}","{'id': 'analyst-analyst-estimates', 'name': 'Analyst Estimates'}",EUR,1,TOPCS1600,MATRIX,1.0,0.4535,2,2,1.4,[],analyst4,Analyst Estimate Data for Equity,analyst,Analyst,analyst-analyst-estimates,Analyst Estimates
anl4_adz_bvps_number,Book value per share - number of estimations,"{'id': 'analyst4', 'name': 'Analyst Estimate Data for Equity'}","{'id': 'analyst', 'name': 'Analyst'}","{'id': 'analyst-analyst-estimates', 'name': 'Analyst Estimates'}",EUR,1,TOPCS1600,MATRIX,1.0,0.4535,1,1,1.4,[],analyst4,Analyst Estimate Data for Equity,analyst,Analyst,analyst-analyst-estimates,Analyst Estimates
anl4_adz_cfo_high,Cash Flow From Operations - The highest value among forecasts,"{'id': 'analyst4', 'name': 'Analyst Estimate Data for Equity'}","{'id': 'analyst', 'name': 'Analyst'}","{'id': 'analyst-analyst-estimates', 'name': 'Analyst Estimates'}",EUR,1,TOPCS1600,MATRIX,1.0,0.3074,0,0,1.4,[],analyst4,Analyst Estimate Data for Equity,analyst,Analyst,analyst-analyst-estimates,Analyst Estimates
anl4_adz_cfo_low,Cash Flow From Operations - The lowest estimation,"{'id': 'analyst4', 'name': 'Analyst Estimate Data for Equity'}","{'id': 'analyst', 'name': 'Analyst'}","{'id': 'analyst-analyst-estimates', 'name': 'Analyst Estimates'}",EUR,1,TOPCS1600,MATRIX,1.0,0.3074,0,0,1.4,[],analyst4,Analyst Estimate Data for Equity,analyst,Analyst,analyst-analyst-estimates,Analyst Estimates
anl4_adz_cfo_mean,Cash Flow From Operations - mean of estimations,"{'id': 'analyst4', 'name': 'Analyst Estimate Data for Equity'}","{'id': 'analyst', 'name': 'Analyst'}","{'id': 'analyst-analyst-estimates', 'name': 'Analyst Estimates'}",EUR,1,TOPCS1600,MATRIX,1.0,0.3074,0,0,1.4,[],analyst4,Analyst Estimate Data for Equity,analyst,Analyst,analyst-analyst-estimates,Analyst Estimates
anl4_adz_cfo_median,Cash Flow From Operations - median of estimations,"{'id': 'analyst4', 'name': 'Analyst Estimate Data for Equity'}","{'id': 'analyst', 'name': 'Analyst'}","{'id': 'analyst-analyst-estimates', 'name': 'Analyst Estimates'}",EUR,1,TOPCS1600,MATRIX,1.0,0.3074,0,0,1.4,[],analyst4,Analyst Estimate Data for Equity,analyst,Analyst,analyst-analyst-estimates,Analyst Estimates
anl4_adz_cfo_number,Cash Flow From Operations - number of estimations,"{'id': 'analyst4', 'name': 'Analyst Estimate Data for Equity'}","{'id': 'analyst', 'name': 'Analyst'}","{'id': 'analyst-analyst-estimates', 'name': 'Analyst Estimates'}",EUR,1,TOPCS1600,MATRIX,1.0,0.3074,0,0,1.4,[],analyst4,Analyst Estimate Data for Equity,analyst,Analyst,analyst-analyst-estimates,Analyst Estimates
anl4_adz_dts_ptp,Pretax income- std of estimations,"{'id': 'analyst4', 'name': 'Analyst Estimate Data for Equity'}","{'id': 'analyst', 'name': 'Analyst'}","{'id': 'analyst-analyst-estimates', 'name': 'Analyst Estimates'}",EUR,1,TOPCS1600,MATRIX,1.0,0.2735,0,0,1.4,[],analyst4,Analyst Estimate Data for Equity,analyst,Analyst,analyst-analyst-estimates,Analyst Estimates
anl4_adz_ebit_high,Earnings before interest and taxes - The highest estimation,"{'id': 'analyst4', 'name': 'Analyst Estimate Data for Equity'}","{'id': 'analyst', 'name': 'Analyst'}","{'id': 'analyst-analyst-estimates', 'name': 'Analyst Estimates'}",EUR,1,TOPCS1600,MATRIX,1.0,0.6417,5,5,1.4,[],analyst4,Analyst Estimate Data for Equity,analyst,Analyst,analyst-analyst-estimates,Analyst Estimates
anl4_adz_ebit_low,Earnings before interest and taxes - The lowest estimation,"{'id': 'analyst4', 'name': 'Analyst Estimate Data for Equity'}","{'id': 'analyst', 'name': 'Analyst'}","{'id': 'analyst-analyst-estimates', 'name': 'Analyst Estimates'}",EUR,1,TOPCS1600,MATRIX,1.0,0.6417,6,10,1.4,[],analyst4,Analyst Estimate Data for Equity,analyst,Analyst,analyst-analyst-estimates,Analyst Estimates
anl4_adz_ebit_mean,Earnings before interest and taxes - mean of estimations,"{'id': 'analyst4', 'name': 'Analyst Estimate Data for Equity'}","{'id': 'analyst', 'name': 'Analyst'}","{'id': 'analyst-analyst-estimates', 'name': 'Analyst Estimates'}",EUR,1,TOPCS1600,MATRIX,1.0,0.6417,37,85,1.4,[],analyst4,Analyst Estimate Data for Equity,analyst,Analyst,analyst-analyst-estimates,Analyst Estimates
anl4_adz_ebit_median,Earnings before interest and taxes - median of estimations,"{'id': 'analyst4', 'name': 'Analyst Estimate Data for Equity'}","{'id': 'analyst', 'name': 'Analyst'}","{'id': 'analyst-analyst-estimates', 'name': 'Analyst Estimates'}",EUR,1,TOPCS1600,MATRIX,1.0,0.6417,50,120,1.4,[],analyst4,Analyst Estimate Data for Equity,analyst,Analyst,analyst-analyst-estimates,Analyst Estimates
anl4_adz_ebit_number,Earnings before interest and taxes - number of estimations,"{'id': 'analyst4', 'name': 'Analyst Estimate Data for Equity'}","{'id': 'analyst', 'name': 'Analyst'}","{'id': 'analyst-analyst-estimates', 'name': 'Analyst Estimates'}",EUR,1,TOPCS1600,MATRIX,1.0,0.6417,1,1,1.4,[],analyst4,Analyst Estimate Data for Equity,analyst,Analyst,analyst-analyst-estimates,Analyst Estimates
anl4_adz_ebit_std,Earnings before interest and taxes - std of estimations,"{'id': 'analyst4', 'name': 'Analyst Estimate Data for Equity'}","{'id': 'analyst', 'name': 'Analyst'}","{'id': 'analyst-analyst-estimates', 'name': 'Analyst Estimates'}",EUR,1,TOPCS1600,MATRIX,1.0,0.341,1,1,1.4,[],analyst4,Analyst Estimate Data for Equity,analyst,Analyst,analyst-analyst-estimates,Analyst Estimates
anl4_adz_ebitda_high,"Earnings before interest, taxes, depreciation and amortization - The highest estimation","{'id': 'analyst4', 'name': 'Analyst Estimate Data for Equity'}","{'id': 'analyst', 'name': 'Analyst'}","{'id': 'analyst-analyst-estimates', 'name': 'Analyst Estimates'}",EUR,1,TOPCS1600,MATRIX,1.0,0.5371,3,3,1.4,[],analyst4,Analyst Estimate Data for Equity,analyst,Analyst,analyst-analyst-estimates,Analyst Estimates
anl4_adz_ebitda_low,"Earnings before interest, taxes, depreciation and amortization - The lowest estimation","{'id': 'analyst4', 'name': 'Analyst Estimate Data for Equity'}","{'id': 'analyst', 'name': 'Analyst'}","{'id': 'analyst-analyst-estimates', 'name': 'Analyst Estimates'}",EUR,1,TOPCS1600,MATRIX,1.0,0.5371,3,4,1.4,[],analyst4,Analyst Estimate Data for Equity,analyst,Analyst,analyst-analyst-estimates,Analyst Estimates
anl4_adz_ebitda_mean,"Earnings before interest, taxes, depreciation and amortization - mean of estimations","{'id': 'analyst4', 'name': 'Analyst Estimate Data for Equity'}","{'id': 'analyst', 'name': 'Analyst'}","{'id': 'analyst-analyst-estimates', 'name': 'Analyst Estimates'}",EUR,1,TOPCS1600,MATRIX,1.0,0.5371,1,1,1.4,[],analyst4,Analyst Estimate Data for Equity,analyst,Analyst,analyst-analyst-estimates,Analyst Estimates
anl4_adz_ebitda_number,"Earnings before interest, taxes, depreciation and amortization - number of estimations","{'id': 'analyst4', 'name': 'Analyst Estimate Data for Equity'}","{'id': 'analyst', 'name': 'Analyst'}","{'id': 'analyst-analyst-estimates', 'name': 'Analyst Estimates'}",EUR,1,TOPCS1600,MATRIX,1.0,0.5371,1,1,1.4,[],analyst4,Analyst Estimate Data for Equity,analyst,Analyst,analyst-analyst-estimates,Analyst Estimates
anl4_adz_epsa_high,Earnings per share adjusted by excluding extraordinary items and stock option expenses - The highest estimation,"{'id': 'analyst4', 'name': 'Analyst Estimate Data for Equity'}","{'id': 'analyst', 'name': 'Analyst'}","{'id': 'analyst-analyst-estimates', 'name': 'Analyst Estimates'}",EUR,1,TOPCS1600,MATRIX,1.0,0.505,1,1,1.4,[],analyst4,Analyst Estimate Data for Equity,analyst,Analyst,analyst-analyst-estimates,Analyst Estimates
anl4_adz_epsa_low,Earnings per share adjusted by excluding extraordinary items and stock option expenses - The lowest estimation,"{'id': 'analyst4', 'name': 'Analyst Estimate Data for Equity'}","{'id': 'analyst', 'name': 'Analyst'}","{'id': 'analyst-analyst-estimates', 'name': 'Analyst Estimates'}",EUR,1,TOPCS1600,MATRIX,1.0,0.505,0,0,1.4,[],analyst4,Analyst Estimate Data for Equity,analyst,Analyst,analyst-analyst-estimates,Analyst Estimates
anl4_adz_epsa_mean,Earnings per share adjusted by excluding extraordinary items and stock option expenses - average of estimations,"{'id': 'analyst4', 'name': 'Analyst Estimate Data for Equity'}","{'id': 'analyst', 'name': 'Analyst'}","{'id': 'analyst-analyst-estimates', 'name': 'Analyst Estimates'}",EUR,1,TOPCS1600,MATRIX,1.0,0.505,0,0,1.4,[],analyst4,Analyst Estimate Data for Equity,analyst,Analyst,analyst-analyst-estimates,Analyst Estimates
anl4_adz_epsa_median,Earnings per share adjusted by excluding extraordinary items and stock option expenses - median of estimations,"{'id': 'analyst4', 'name': 'Analyst Estimate Data for Equity'}","{'id': 'analyst', 'name': 'Analyst'}","{'id': 'analyst-analyst-estimates', 'name': 'Analyst Estimates'}",EUR,1,TOPCS1600,MATRIX,1.0,0.505,1,1,1.4,[],analyst4,Analyst Estimate Data for Equity,analyst,Analyst,analyst-analyst-estimates,Analyst Estimates
anl4_adz_epsa_number,Earnings per share adjusted by excluding extraordinary items and stock option expenses - number of estimations,"{'id': 'analyst4', 'name': 'Analyst Estimate Data for Equity'}","{'id': 'analyst', 'name': 'Analyst'}","{'id': 'analyst-analyst-estimates', 'name': 'Analyst Estimates'}",EUR,1,TOPCS1600,MATRIX,1.0,0.505,0,0,1.4,[],analyst4,Analyst Estimate Data for Equity,analyst,Analyst,analyst-analyst-estimates,Analyst Estimates
anl4_adz_epsr_high,GAAP Earnings per share - The highest estimation,"{'id': 'analyst4', 'name': 'Analyst Estimate Data for Equity'}","{'id': 'analyst', 'name': 'Analyst'}","{'id': 'analyst-analyst-estimates', 'name': 'Analyst Estimates'}",EUR,1,TOPCS1600,MATRIX,1.0,0.4362,0,0,1.4,[],analyst4,Analyst Estimate Data for Equity,analyst,Analyst,analyst-analyst-estimates,Analyst Estimates
anl4_adz_epsr_low,GAAP Earnings per share - The lowest estimation,"{'id': 'analyst4', 'name': 'Analyst Estimate Data for Equity'}","{'id': 'analyst', 'name': 'Analyst'}","{'id': 'analyst-analyst-estimates', 'name': 'Analyst Estimates'}",EUR,1,TOPCS1600,MATRIX,1.0,0.4362,0,0,1.4,[],analyst4,Analyst Estimate Data for Equity,analyst,Analyst,analyst-analyst-estimates,Analyst Estimates
anl4_adz_epsr_mean,GAAP Earnings per share - mean of estimations,"{'id': 'analyst4', 'name': 'Analyst Estimate Data for Equity'}","{'id': 'analyst', 'name': 'Analyst'}","{'id': 'analyst-analyst-estimates', 'name': 'Analyst Estimates'}",EUR,1,TOPCS1600,MATRIX,1.0,0.4362,1,1,1.4,[],analyst4,Analyst Estimate Data for Equity,analyst,Analyst,analyst-analyst-estimates,Analyst Estimates
anl4_adz_epsr_number,GAAP Earnings per share - number of estimations,"{'id': 'analyst4', 'name': 'Analyst Estimate Data for Equity'}","{'id': 'analyst', 'name': 'Analyst'}","{'id': 'analyst-analyst-estimates', 'name': 'Analyst Estimates'}",EUR,1,TOPCS1600,MATRIX,1.0,0.4362,1,1,1.4,[],analyst4,Analyst Estimate Data for Equity,analyst,Analyst,analyst-analyst-estimates,Analyst Estimates
anl4_adz_gric_high,Gross income- The highest estimation,"{'id': 'analyst4', 'name': 'Analyst Estimate Data for Equity'}","{'id': 'analyst', 'name': 'Analyst'}","{'id': 'analyst-analyst-estimates', 'name': 'Analyst Estimates'}",EUR,1,TOPCS1600,MATRIX,1.0,0.3581,0,0,1.4,[],analyst4,Analyst Estimate Data for Equity,analyst,Analyst,analyst-analyst-estimates,Analyst Estimates
anl4_adz_gric_low,Gross income- The lowest estimation,"{'id': 'analyst4', 'name': 'Analyst Estimate Data for Equity'}","{'id': 'analyst', 'name': 'Analyst'}","{'id': 'analyst-analyst-estimates', 'name': 'Analyst Estimates'}",EUR,1,TOPCS1600,MATRIX,1.0,0.3581,0,0,1.4,[],analyst4,Analyst Estimate Data for Equity,analyst,Analyst,analyst-analyst-estimates,Analyst Estimates
anl4_adz_gric_mean,Gross income- mean of estimations,"{'id': 'analyst4', 'name': 'Analyst Estimate Data for Equity'}","{'id': 'analyst', 'name': 'Analyst'}","{'id': 'analyst-analyst-estimates', 'name': 'Analyst Estimates'}",EUR,1,TOPCS1600,MATRIX,1.0,0.3581,0,0,1.4,[],analyst4,Analyst Estimate Data for Equity,analyst,Analyst,analyst-analyst-estimates,Analyst Estimates
anl4_adz_gric_median,Gross income- median of estimations,"{'id': 'analyst4', 'name': 'Analyst Estimate Data for Equity'}","{'id': 'analyst', 'name': 'Analyst'}","{'id': 'analyst-analyst-estimates', 'name': 'Analyst Estimates'}",EUR,1,TOPCS1600,MATRIX,1.0,0.3581,1,1,1.4,[],analyst4,Analyst Estimate Data for Equity,analyst,Analyst,analyst-analyst-estimates,Analyst Estimates
anl4_adz_gric_number,Gross income- number of estimations,"{'id': 'analyst4', 'name': 'Analyst Estimate Data for Equity'}","{'id': 'analyst', 'name': 'Analyst'}","{'id': 'analyst-analyst-estimates', 'name': 'Analyst Estimates'}",EUR,1,TOPCS1600,MATRIX,1.0,0.3581,0,0,1.4,[],analyst4,Analyst Estimate Data for Equity,analyst,Analyst,analyst-analyst-estimates,Analyst Estimates
anl4_adz_median_epsreported,GAAP Earnings per share - median of estimations,"{'id': 'analyst4', 'name': 'Analyst Estimate Data for Equity'}","{'id': 'analyst', 'name': 'Analyst'}","{'id': 'analyst-analyst-estimates', 'name': 'Analyst Estimates'}",EUR,1,TOPCS1600,MATRIX,1.0,0.4362,0,0,1.4,[],analyst4,Analyst Estimate Data for Equity,analyst,Analyst,analyst-analyst-estimates,Analyst Estimates
anl4_adz_medianepsbfam,"Earnings before interest, taxes, depreciation and amortization - median of estimations","{'id': 'analyst4', 'name': 'Analyst Estimate Data for Equity'}","{'id': 'analyst', 'name': 'Analyst'}","{'id': 'analyst-analyst-estimates', 'name': 'Analyst Estimates'}",EUR,1,TOPCS1600,MATRIX,1.0,0.5371,1,1,1.4,[],analyst4,Analyst Estimate Data for Equity,analyst,Analyst,analyst-analyst-estimates,Analyst Estimates
anl4_adz_netdebt_high,Net debt- The highest estimation,"{'id': 'analyst4', 'name': 'Analyst Estimate Data for Equity'}","{'id': 'analyst', 'name': 'Analyst'}","{'id': 'analyst-analyst-estimates', 'name': 'Analyst Estimates'}",EUR,1,TOPCS1600,MATRIX,1.0,0.5338,0,0,1.4,[],analyst4,Analyst Estimate Data for Equity,analyst,Analyst,analyst-analyst-estimates,Analyst Estimates
anl4_adz_netdebt_low,Net debt- The lowest estimation,"{'id': 'analyst4', 'name': 'Analyst Estimate Data for Equity'}","{'id': 'analyst', 'name': 'Analyst'}","{'id': 'analyst-analyst-estimates', 'name': 'Analyst Estimates'}",EUR,1,TOPCS1600,MATRIX,1.0,0.5338,0,0,1.4,[],analyst4,Analyst Estimate Data for Equity,analyst,Analyst,analyst-analyst-estimates,Analyst Estimates
anl4_adz_netdebt_mean,Net debt- mean of estimations,"{'id': 'analyst4', 'name': 'Analyst Estimate Data for Equity'}","{'id': 'analyst', 'name': 'Analyst'}","{'id': 'analyst-analyst-estimates', 'name': 'Analyst Estimates'}",EUR,1,TOPCS1600,MATRIX,1.0,0.5338,1,1,1.4,[],analyst4,Analyst Estimate Data for Equity,analyst,Analyst,analyst-analyst-estimates,Analyst Estimates
anl4_adz_netdebt_median,Net debt- median of estimations,"{'id': 'analyst4', 'name': 'Analyst Estimate Data for Equity'}","{'id': 'analyst', 'name': 'Analyst'}","{'id': 'analyst-analyst-estimates', 'name': 'Analyst Estimates'}",EUR,1,TOPCS1600,MATRIX,1.0,0.5338,0,0,1.4,[],analyst4,Analyst Estimate Data for Equity,analyst,Analyst,analyst-analyst-estimates,Analyst Estimates
anl4_adz_netdebt_number,Net debt- number of estimations,"{'id': 'analyst4', 'name': 'Analyst Estimate Data for Equity'}","{'id': 'analyst', 'name': 'Analyst'}","{'id': 'analyst-analyst-estimates', 'name': 'Analyst Estimates'}",EUR,1,TOPCS1600,MATRIX,1.0,0.5338,0,0,1.4,[],analyst4,Analyst Estimate Data for Equity,analyst,Analyst,analyst-analyst-estimates,Analyst Estimates
anl4_adz_netprofit_high,Net profit- The highest estimation,"{'id': 'analyst4', 'name': 'Analyst Estimate Data for Equity'}","{'id': 'analyst', 'name': 'Analyst'}","{'id': 'analyst-analyst-estimates', 'name': 'Analyst Estimates'}",EUR,1,TOPCS1600,MATRIX,1.0,0.6191,0,0,1.4,[],analyst4,Analyst Estimate Data for Equity,analyst,Analyst,analyst-analyst-estimates,Analyst Estimates
anl4_adz_netprofit_low,Net profit- The lowest estimation,"{'id': 'analyst4', 'name': 'Analyst Estimate Data for Equity'}","{'id': 'analyst', 'name': 'Analyst'}","{'id': 'analyst-analyst-estimates', 'name': 'Analyst Estimates'}",EUR,1,TOPCS1600,MATRIX,1.0,0.6191,1,1,1.4,[],analyst4,Analyst Estimate Data for Equity,analyst,Analyst,analyst-analyst-estimates,Analyst Estimates
anl4_adz_netprofit_mean,Net profit- mean of estimations,"{'id': 'analyst4', 'name': 'Analyst Estimate Data for Equity'}","{'id': 'analyst', 'name': 'Analyst'}","{'id': 'analyst-analyst-estimates', 'name': 'Analyst Estimates'}",EUR,1,TOPCS1600,MATRIX,1.0,0.6191,0,0,1.4,[],analyst4,Analyst Estimate Data for Equity,analyst,Analyst,analyst-analyst-estimates,Analyst Estimates
anl4_adz_netprofit_median,Net profit- median of estimations,"{'id': 'analyst4', 'name': 'Analyst Estimate Data for Equity'}","{'id': 'analyst', 'name': 'Analyst'}","{'id': 'analyst-analyst-estimates', 'name': 'Analyst Estimates'}",EUR,1,TOPCS1600,MATRIX,1.0,0.6191,1,1,1.4,[],analyst4,Analyst Estimate Data for Equity,analyst,Analyst,analyst-analyst-estimates,Analyst Estimates
anl4_adz_netprofit_number,Net profit- number of estimations,"{'id': 'analyst4', 'name': 'Analyst Estimate Data for Equity'}","{'id': 'analyst', 'name': 'Analyst'}","{'id': 'analyst-analyst-estimates', 'name': 'Analyst Estimates'}",EUR,1,TOPCS1600,MATRIX,1.0,0.6191,0,0,1.4,[],analyst4,Analyst Estimate Data for Equity,analyst,Analyst,analyst-analyst-estimates,Analyst Estimates
anl4_adz_netprofit_std,Net profit- std of estimations,"{'id': 'analyst4', 'name': 'Analyst Estimate Data for Equity'}","{'id': 'analyst', 'name': 'Analyst'}","{'id': 'analyst-analyst-estimates', 'name': 'Analyst Estimates'}",EUR,1,TOPCS1600,MATRIX,1.0,0.3209,0,0,1.4,[],analyst4,Analyst Estimate Data for Equity,analyst,Analyst,analyst-analyst-estimates,Analyst Estimates
anl4_adz_netprofita_high,Adjusted net income- The highest estimation,"{'id': 'analyst4', 'name': 'Analyst Estimate Data for Equity'}","{'id': 'analyst', 'name': 'Analyst'}","{'id': 'analyst-analyst-estimates', 'name': 'Analyst Estimates'}",EUR,1,TOPCS1600,MATRIX,1.0,0.5102,0,0,1.4,[],analyst4,Analyst Estimate Data for Equity,analyst,Analyst,analyst-analyst-estimates,Analyst Estimates
anl4_adz_netprofita_low,Adjusted net income- The lowest estimation,"{'id': 'analyst4', 'name': 'Analyst Estimate Data for Equity'}","{'id': 'analyst', 'name': 'Analyst'}","{'id': 'analyst-analyst-estimates', 'name': 'Analyst Estimates'}",EUR,1,TOPCS1600,MATRIX,1.0,0.5102,0,0,1.4,[],analyst4,Analyst Estimate Data for Equity,analyst,Analyst,analyst-analyst-estimates,Analyst Estimates
anl4_adz_netprofita_mean,Adjusted net income- mean of estimations,"{'id': 'analyst4', 'name': 'Analyst Estimate Data for Equity'}","{'id': 'analyst', 'name': 'Analyst'}","{'id': 'analyst-analyst-estimates', 'name': 'Analyst Estimates'}",EUR,1,TOPCS1600,MATRIX,1.0,0.5102,0,0,1.4,[],analyst4,Analyst Estimate Data for Equity,analyst,Analyst,analyst-analyst-estimates,Analyst Estimates
anl4_adz_netprofita_median,Adjusted net income- median of estimations,"{'id': 'analyst4', 'name': 'Analyst Estimate Data for Equity'}","{'id': 'analyst', 'name': 'Analyst'}","{'id': 'analyst-analyst-estimates', 'name': 'Analyst Estimates'}",EUR,1,TOPCS1600,MATRIX,1.0,0.5102,1,1,1.4,[],analyst4,Analyst Estimate Data for Equity,analyst,Analyst,analyst-analyst-estimates,Analyst Estimates
anl4_adz_netprofita_number,Adjusted net income- number of estimations,"{'id': 'analyst4', 'name': 'Analyst Estimate Data for Equity'}","{'id': 'analyst', 'name': 'Analyst'}","{'id': 'analyst-analyst-estimates', 'name': 'Analyst Estimates'}",EUR,1,TOPCS1600,MATRIX,1.0,0.5102,0,0,1.4,[],analyst4,Analyst Estimate Data for Equity,analyst,Analyst,analyst-analyst-estimates,Analyst Estimates
anl4_adz_ptp_high,Pretax income- The highest estimation,"{'id': 'analyst4', 'name': 'Analyst Estimate Data for Equity'}","{'id': 'analyst', 'name': 'Analyst'}","{'id': 'analyst-analyst-estimates', 'name': 'Analyst Estimates'}",EUR,1,TOPCS1600,MATRIX,1.0,0.5899,1,1,1.4,[],analyst4,Analyst Estimate Data for Equity,analyst,Analyst,analyst-analyst-estimates,Analyst Estimates
anl4_adz_ptp_low,Pretax income- The lowest estimation,"{'id': 'analyst4', 'name': 'Analyst Estimate Data for Equity'}","{'id': 'analyst', 'name': 'Analyst'}","{'id': 'analyst-analyst-estimates', 'name': 'Analyst Estimates'}",EUR,1,TOPCS1600,MATRIX,1.0,0.5899,1,1,1.4,[],analyst4,Analyst Estimate Data for Equity,analyst,Analyst,analyst-analyst-estimates,Analyst Estimates
anl4_adz_ptp_mean,Pretax income- mean of estimations,"{'id': 'analyst4', 'name': 'Analyst Estimate Data for Equity'}","{'id': 'analyst', 'name': 'Analyst'}","{'id': 'analyst-analyst-estimates', 'name': 'Analyst Estimates'}",EUR,1,TOPCS1600,MATRIX,1.0,0.5899,0,0,1.4,[],analyst4,Analyst Estimate Data for Equity,analyst,Analyst,analyst-analyst-estimates,Analyst Estimates
anl4_adz_ptp_median,Pretax income- median of estimations,"{'id': 'analyst4', 'name': 'Analyst Estimate Data for Equity'}","{'id': 'analyst', 'name': 'Analyst'}","{'id': 'analyst-analyst-estimates', 'name': 'Analyst Estimates'}",EUR,1,TOPCS1600,MATRIX,1.0,0.5899,0,0,1.4,[],analyst4,Analyst Estimate Data for Equity,analyst,Analyst,analyst-analyst-estimates,Analyst Estimates
anl4_adz_ptp_number,Pretax income- number of estimations,"{'id': 'analyst4', 'name': 'Analyst Estimate Data for Equity'}","{'id': 'analyst', 'name': 'Analyst'}","{'id': 'analyst-analyst-estimates', 'name': 'Analyst Estimates'}",EUR,1,TOPCS1600,MATRIX,1.0,0.5899,1,1,1.4,[],analyst4,Analyst Estimate Data for Equity,analyst,Analyst,analyst-analyst-estimates,Analyst Estimates
anl4_adz_ptpr_high,Reported Pretax income- The highest estimation,"{'id': 'analyst4', 'name': 'Analyst Estimate Data for Equity'}","{'id': 'analyst', 'name': 'Analyst'}","{'id': 'analyst-analyst-estimates', 'name': 'Analyst Estimates'}",EUR,1,TOPCS1600,MATRIX,1.0,0.3728,0,0,1.4,[],analyst4,Analyst Estimate Data for Equity,analyst,Analyst,analyst-analyst-estimates,Analyst Estimates
anl4_adz_ptpr_low,Reported Pretax income- The lowest estimation,"{'id': 'analyst4', 'name': 'Analyst Estimate Data for Equity'}","{'id': 'analyst', 'name': 'Analyst'}","{'id': 'analyst-analyst-estimates', 'name': 'Analyst Estimates'}",EUR,1,TOPCS1600,MATRIX,1.0,0.3728,0,0,1.4,[],analyst4,Analyst Estimate Data for Equity,analyst,Analyst,analyst-analyst-estimates,Analyst Estimates
anl4_adz_ptpr_mean,Reported Pretax income- mean of estimations,"{'id': 'analyst4', 'name': 'Analyst Estimate Data for Equity'}","{'id': 'analyst', 'name': 'Analyst'}","{'id': 'analyst-analyst-estimates', 'name': 'Analyst Estimates'}",EUR,1,TOPCS1600,MATRIX,1.0,0.3728,0,0,1.4,[],analyst4,Analyst Estimate Data for Equity,analyst,Analyst,analyst-analyst-estimates,Analyst Estimates
anl4_adz_ptpr_median,Reported Pretax income- median of estimations,"{'id': 'analyst4', 'name': 'Analyst Estimate Data for Equity'}","{'id': 'analyst', 'name': 'Analyst'}","{'id': 'analyst-analyst-estimates', 'name': 'Analyst Estimates'}",EUR,1,TOPCS1600,MATRIX,1.0,0.3728,0,0,1.4,[],analyst4,Analyst Estimate Data for Equity,analyst,Analyst,analyst-analyst-estimates,Analyst Estimates
anl4_adz_ptpr_number,Reported Pretax income- number of estimations,"{'id': 'analyst4', 'name': 'Analyst Estimate Data for Equity'}","{'id': 'analyst', 'name': 'Analyst'}","{'id': 'analyst-analyst-estimates', 'name': 'Analyst Estimates'}",EUR,1,TOPCS1600,MATRIX,1.0,0.3728,0,0,1.4,[],analyst4,Analyst Estimate Data for Equity,analyst,Analyst,analyst-analyst-estimates,Analyst Estimates
anl4_adz_totassets_high,Total Assets - The highest estimation,"{'id': 'analyst4', 'name': 'Analyst Estimate Data for Equity'}","{'id': 'analyst', 'name': 'Analyst'}","{'id': 'analyst-analyst-estimates', 'name': 'Analyst Estimates'}",EUR,1,TOPCS1600,MATRIX,1.0,0.4555,1,1,1.4,[],analyst4,Analyst Estimate Data for Equity,analyst,Analyst,analyst-analyst-estimates,Analyst Estimates
anl4_adz_totassets_low,Total Assets - The lowest estimation,"{'id': 'analyst4', 'name': 'Analyst Estimate Data for Equity'}","{'id': 'analyst', 'name': 'Analyst'}","{'id': 'analyst-analyst-estimates', 'name': 'Analyst Estimates'}",EUR,1,TOPCS1600,MATRIX,1.0,0.4555,0,0,1.4,[],analyst4,Analyst Estimate Data for Equity,analyst,Analyst,analyst-analyst-estimates,Analyst Estimates
anl4_adz_totassets_mean,Total Assets - mean of estimations,"{'id': 'analyst4', 'name': 'Analyst Estimate Data for Equity'}","{'id': 'analyst', 'name': 'Analyst'}","{'id': 'analyst-analyst-estimates', 'name': 'Analyst Estimates'}",EUR,1,TOPCS1600,MATRIX,1.0,0.4555,0,0,1.4,[],analyst4,Analyst Estimate Data for Equity,analyst,Analyst,analyst-analyst-estimates,Analyst Estimates
anl4_adz_totassets_median,Total Assets - median of estimations,"{'id': 'analyst4', 'name': 'Analyst Estimate Data for Equity'}","{'id': 'analyst', 'name': 'Analyst'}","{'id': 'analyst-analyst-estimates', 'name': 'Analyst Estimates'}",EUR,1,TOPCS1600,MATRIX,1.0,0.4555,0,0,1.4,[],analyst4,Analyst Estimate Data for Equity,analyst,Analyst,analyst-analyst-estimates,Analyst Estimates
anl4_adz_totassets_number,Total Assets - number of estimations,"{'id': 'analyst4', 'name': 'Analyst Estimate Data for Equity'}","{'id': 'analyst', 'name': 'Analyst'}","{'id': 'analyst-analyst-estimates', 'name': 'Analyst Estimates'}",EUR,1,TOPCS1600,MATRIX,1.0,0.4555,0,0,1.4,[],analyst4,Analyst Estimate Data for Equity,analyst,Analyst,analyst-analyst-estimates,Analyst Estimates
anl4_adz_totgw_high,Total Goodwill - The highest estimation,"{'id': 'analyst4', 'name': 'Analyst Estimate Data for Equity'}","{'id': 'analyst', 'name': 'Analyst'}","{'id': 'analyst-analyst-estimates', 'name': 'Analyst Estimates'}",EUR,1,TOPCS1600,MATRIX,1.0,0.3159,0,0,1.4,[],analyst4,Analyst Estimate Data for Equity,analyst,Analyst,analyst-analyst-estimates,Analyst Estimates
anl4_adz_totgw_low,Total Goodwill - The lowest estimation,"{'id': 'analyst4', 'name': 'Analyst Estimate Data for Equity'}","{'id': 'analyst', 'name': 'Analyst'}","{'id': 'analyst-analyst-estimates', 'name': 'Analyst Estimates'}",EUR,1,TOPCS1600,MATRIX,1.0,0.3159,0,0,1.4,[],analyst4,Analyst Estimate Data for Equity,analyst,Analyst,analyst-analyst-estimates,Analyst Estimates
anl4_adz_totgw_mean,Total Goodwill - mean of estimations,"{'id': 'analyst4', 'name': 'Analyst Estimate Data for Equity'}","{'id': 'analyst', 'name': 'Analyst'}","{'id': 'analyst-analyst-estimates', 'name': 'Analyst Estimates'}",EUR,1,TOPCS1600,MATRIX,1.0,0.3159,0,0,1.4,[],analyst4,Analyst Estimate Data for Equity,analyst,Analyst,analyst-analyst-estimates,Analyst Estimates
anl4_adz_totgw_median,Total Goodwill - median of estimations,"{'id': 'analyst4', 'name': 'Analyst Estimate Data for Equity'}","{'id': 'analyst', 'name': 'Analyst'}","{'id': 'analyst-analyst-estimates', 'name': 'Analyst Estimates'}",EUR,1,TOPCS1600,MATRIX,1.0,0.3159,0,0,1.4,[],analyst4,Analyst Estimate Data for Equity,analyst,Analyst,analyst-analyst-estimates,Analyst Estimates
anl4_adz_totgw_number,Total Goodwill - number of estimations,"{'id': 'analyst4', 'name': 'Analyst Estimate Data for Equity'}","{'id': 'analyst', 'name': 'Analyst'}","{'id': 'analyst-analyst-estimates', 'name': 'Analyst Estimates'}",EUR,1,TOPCS1600,MATRIX,1.0,0.3159,0,0,1.4,[],analyst4,Analyst Estimate Data for Equity,analyst,Analyst,analyst-analyst-estimates,Analyst Estimates
anl4_af_cfps_flag,Cash Flow Per Share - forecast type (revision/new/...),"{'id': 'analyst4', 'name': 'Analyst Estimate Data for Equity'}","{'id': 'analyst', 'name': 'Analyst'}","{'id': 'analyst-analyst-estimates', 'name': 'Analyst Estimates'}",EUR,1,TOPCS1600,MATRIX,,0.8487,0,0,1.4,[],analyst4,Analyst Estimate Data for Equity,analyst,Analyst,analyst-analyst-estimates,Analyst Estimates
anl4_af_cfps_high,"Cash Flow - The highest estimation, per share","{'id': 'analyst4', 'name': 'Analyst Estimate Data for Equity'}","{'id': 'analyst', 'name': 'Analyst'}","{'id': 'analyst-analyst-estimates', 'name': 'Analyst Estimates'}",EUR,1,TOPCS1600,MATRIX,1.0,0.8727,2,3,1.4,[],analyst4,Analyst Estimate Data for Equity,analyst,Analyst,analyst-analyst-estimates,Analyst Estimates
anl4_af_cfps_low,Cash Flow Per Share - The lowest estimation,"{'id': 'analyst4', 'name': 'Analyst Estimate Data for Equity'}","{'id': 'analyst', 'name': 'Analyst'}","{'id': 'analyst-analyst-estimates', 'name': 'Analyst Estimates'}",EUR,1,TOPCS1600,MATRIX,1.0,0.8727,1,1,1.4,[],analyst4,Analyst Estimate Data for Equity,analyst,Analyst,analyst-analyst-estimates,Analyst Estimates
anl4_af_cfps_mean,Cash Flow Per Share - average of estimations,"{'id': 'analyst4', 'name': 'Analyst Estimate Data for Equity'}","{'id': 'analyst', 'name': 'Analyst'}","{'id': 'analyst-analyst-estimates', 'name': 'Analyst Estimates'}",EUR,1,TOPCS1600,MATRIX,1.0,0.8727,1,1,1.4,[],analyst4,Analyst Estimate Data for Equity,analyst,Analyst,analyst-analyst-estimates,Analyst Estimates
anl4_af_cfps_median,Cash Flow Per Share - Median value among forecasts,"{'id': 'analyst4', 'name': 'Analyst Estimate Data for Equity'}","{'id': 'analyst', 'name': 'Analyst'}","{'id': 'analyst-analyst-estimates', 'name': 'Analyst Estimates'}",EUR,1,TOPCS1600,MATRIX,1.0,0.8727,1,1,1.4,[],analyst4,Analyst Estimate Data for Equity,analyst,Analyst,analyst-analyst-estimates,Analyst Estimates
anl4_af_cfps_number,Cash Flow Per Share - number of estimations,"{'id': 'analyst4', 'name': 'Analyst Estimate Data for Equity'}","{'id': 'analyst', 'name': 'Analyst'}","{'id': 'analyst-analyst-estimates', 'name': 'Analyst Estimates'}",EUR,1,TOPCS1600,MATRIX,1.0,0.8727,0,0,1.4,[],analyst4,Analyst Estimate Data for Equity,analyst,Analyst,analyst-analyst-estimates,Analyst Estimates
anl4_af_cfps_value,Cash Flow Per Share - announced financial value,"{'id': 'analyst4', 'name': 'Analyst Estimate Data for Equity'}","{'id': 'analyst', 'name': 'Analyst'}","{'id': 'analyst-analyst-estimates', 'name': 'Analyst Estimates'}",EUR,1,TOPCS1600,MATRIX,1.0,0.5774,0,0,1.4,[],analyst4,Analyst Estimate Data for Equity,analyst,Analyst,analyst-analyst-estimates,Analyst Estimates
anl4_af_div_flag,"Dividend - forecast type (revision/new/...), per share","{'id': 'analyst4', 'name': 'Analyst Estimate Data for Equity'}","{'id': 'analyst', 'name': 'Analyst'}","{'id': 'analyst-analyst-estimates', 'name': 'Analyst Estimates'}",EUR,1,TOPCS1600,MATRIX,,0.9065,0,0,1.4,[],analyst4,Analyst Estimate Data for Equity,analyst,Analyst,analyst-analyst-estimates,Analyst Estimates
anl4_af_div_high,Dividend per share - The highest estimation,"{'id': 'analyst4', 'name': 'Analyst Estimate Data for Equity'}","{'id': 'analyst', 'name': 'Analyst'}","{'id': 'analyst-analyst-estimates', 'name': 'Analyst Estimates'}",EUR,1,TOPCS1600,MATRIX,1.0,0.9647,5,9,1.4,[],analyst4,Analyst Estimate Data for Equity,analyst,Analyst,analyst-analyst-estimates,Analyst Estimates
anl4_af_div_low,Dividend per share - The lowest value among forecasts,"{'id': 'analyst4', 'name': 'Analyst Estimate Data for Equity'}","{'id': 'analyst', 'name': 'Analyst'}","{'id': 'analyst-analyst-estimates', 'name': 'Analyst Estimates'}",EUR,1,TOPCS1600,MATRIX,1.0,0.9647,29,155,1.4,[],analyst4,Analyst Estimate Data for Equity,analyst,Analyst,analyst-analyst-estimates,Analyst Estimates
anl4_af_div_mean,Dividend per share - average of estimations,"{'id': 'analyst4', 'name': 'Analyst Estimate Data for Equity'}","{'id': 'analyst', 'name': 'Analyst'}","{'id': 'analyst-analyst-estimates', 'name': 'Analyst Estimates'}",EUR,1,TOPCS1600,MATRIX,1.0,0.9647,5,5,1.4,[],analyst4,Analyst Estimate Data for Equity,analyst,Analyst,analyst-analyst-estimates,Analyst Estimates
anl4_af_div_median,Dividend per share - median of estimations,"{'id': 'analyst4', 'name': 'Analyst Estimate Data for Equity'}","{'id': 'analyst', 'name': 'Analyst'}","{'id': 'analyst-analyst-estimates', 'name': 'Analyst Estimates'}",EUR,1,TOPCS1600,MATRIX,1.0,0.9647,5,5,1.4,[],analyst4,Analyst Estimate Data for Equity,analyst,Analyst,analyst-analyst-estimates,Analyst Estimates
anl4_af_div_number,Dividend per share - number of estimations,"{'id': 'analyst4', 'name': 'Analyst Estimate Data for Equity'}","{'id': 'analyst', 'name': 'Analyst'}","{'id': 'analyst-analyst-estimates', 'name': 'Analyst Estimates'}",EUR,1,TOPCS1600,MATRIX,1.0,0.9647,4,4,1.4,[],analyst4,Analyst Estimate Data for Equity,analyst,Analyst,analyst-analyst-estimates,Analyst Estimates
anl4_af_div_std,Dividend per share - std of estimations,"{'id': 'analyst4', 'name': 'Analyst Estimate Data for Equity'}","{'id': 'analyst', 'name': 'Analyst'}","{'id': 'analyst-analyst-estimates', 'name': 'Analyst Estimates'}",EUR,1,TOPCS1600,MATRIX,1.0,0.6482,0,0,1.4,[],analyst4,Analyst Estimate Data for Equity,analyst,Analyst,analyst-analyst-estimates,Analyst Estimates
anl4_af_div_value,Dividend - Actual value,"{'id': 'analyst4', 'name': 'Analyst Estimate Data for Equity'}","{'id': 'analyst', 'name': 'Analyst'}","{'id': 'analyst-analyst-estimates', 'name': 'Analyst Estimates'}",EUR,1,TOPCS1600,MATRIX,1.0,0.1732,0,0,1.4,[],analyst4,Analyst Estimate Data for Equity,analyst,Analyst,analyst-analyst-estimates,Analyst Estimates
anl4_af_dts_spe,Earnings per share - std of estimations,"{'id': 'analyst4', 'name': 'Analyst Estimate Data for Equity'}","{'id': 'analyst', 'name': 'Analyst'}","{'id': 'analyst-analyst-estimates', 'name': 'Analyst Estimates'}",EUR,1,TOPCS1600,MATRIX,1.0,0.6448,0,0,1.4,[],analyst4,Analyst Estimate Data for Equity,analyst,Analyst,analyst-analyst-estimates,Analyst Estimates
anl4_af_dts_spfc,Cash Flow Per Share - std of estimations,"{'id': 'analyst4', 'name': 'Analyst Estimate Data for Equity'}","{'id': 'analyst', 'name': 'Analyst'}","{'id': 'analyst-analyst-estimates', 'name': 'Analyst Estimates'}",EUR,1,TOPCS1600,MATRIX,1.0,0.4914,1,1,1.4,[],analyst4,Analyst Estimate Data for Equity,analyst,Analyst,analyst-analyst-estimates,Analyst Estimates
anl4_af_eps_flag,EPS - forecast type (revision/new/...),"{'id': 'analyst4', 'name': 'Analyst Estimate Data for Equity'}","{'id': 'analyst', 'name': 'Analyst'}","{'id': 'analyst-analyst-estimates', 'name': 'Analyst Estimates'}",EUR,1,TOPCS1600,MATRIX,,0.9046,0,0,1.4,[],analyst4,Analyst Estimate Data for Equity,analyst,Analyst,analyst-analyst-estimates,Analyst Estimates
anl4_af_eps_high,Earnings per share - The highest estimation,"{'id': 'analyst4', 'name': 'Analyst Estimate Data for Equity'}","{'id': 'analyst', 'name': 'Analyst'}","{'id': 'analyst-analyst-estimates', 'name': 'Analyst Estimates'}",EUR,1,TOPCS1600,MATRIX,1.0,0.965,36,127,1.4,[],analyst4,Analyst Estimate Data for Equity,analyst,Analyst,analyst-analyst-estimates,Analyst Estimates
anl4_af_eps_low,Earnings per share - The lowest estimation,"{'id': 'analyst4', 'name': 'Analyst Estimate Data for Equity'}","{'id': 'analyst', 'name': 'Analyst'}","{'id': 'analyst-analyst-estimates', 'name': 'Analyst Estimates'}",EUR,1,TOPCS1600,MATRIX,1.0,0.965,29,92,1.4,[],analyst4,Analyst Estimate Data for Equity,analyst,Analyst,analyst-analyst-estimates,Analyst Estimates
anl4_af_eps_mean,Earnings per share - mean of estimations,"{'id': 'analyst4', 'name': 'Analyst Estimate Data for Equity'}","{'id': 'analyst', 'name': 'Analyst'}","{'id': 'analyst-analyst-estimates', 'name': 'Analyst Estimates'}",EUR,1,TOPCS1600,MATRIX,1.0,0.965,61,151,1.4,[],analyst4,Analyst Estimate Data for Equity,analyst,Analyst,analyst-analyst-estimates,Analyst Estimates
anl4_af_eps_number,Earnings per share - number of estimations,"{'id': 'analyst4', 'name': 'Analyst Estimate Data for Equity'}","{'id': 'analyst', 'name': 'Analyst'}","{'id': 'analyst-analyst-estimates', 'name': 'Analyst Estimates'}",EUR,1,TOPCS1600,MATRIX,1.0,0.965,0,0,1.4,[],analyst4,Analyst Estimate Data for Equity,analyst,Analyst,analyst-analyst-estimates,Analyst Estimates
anl4_af_eps_value,Earnings Per Share - Actual Value,"{'id': 'analyst4', 'name': 'Analyst Estimate Data for Equity'}","{'id': 'analyst', 'name': 'Analyst'}","{'id': 'analyst-analyst-estimates', 'name': 'Analyst Estimates'}",EUR,1,TOPCS1600,MATRIX,1.0,0.2509,0,0,1.4,[],analyst4,Analyst Estimate Data for Equity,analyst,Analyst,analyst-analyst-estimates,Analyst Estimates
anl4_af_median_eps,"EPS - aggregation on estimations, 50th-percentile","{'id': 'analyst4', 'name': 'Analyst Estimate Data for Equity'}","{'id': 'analyst', 'name': 'Analyst'}","{'id': 'analyst-analyst-estimates', 'name': 'Analyst Estimates'}",EUR,1,TOPCS1600,MATRIX,1.0,0.965,29,99,1.4,[],analyst4,Analyst Estimate Data for Equity,analyst,Analyst,analyst-analyst-estimates,Analyst Estimates
anl4_bvps_flag,Book value per share - forecast type (revision/new/...),"{'id': 'analyst4', 'name': 'Analyst Estimate Data for Equity'}","{'id': 'analyst', 'name': 'Analyst'}","{'id': 'analyst-analyst-estimates', 'name': 'Analyst Estimates'}",EUR,1,TOPCS1600,MATRIX,,0.9023,3,11,1.4,[],analyst4,Analyst Estimate Data for Equity,analyst,Analyst,analyst-analyst-estimates,Analyst Estimates
anl4_capex_flag,Capital Expenditures - forecast type (revision/new/...),"{'id': 'analyst4', 'name': 'Analyst Estimate Data for Equity'}","{'id': 'analyst', 'name': 'Analyst'}","{'id': 'analyst-analyst-estimates', 'name': 'Analyst Estimates'}",EUR,1,TOPCS1600,MATRIX,,0.9757,3,4,1.4,[],analyst4,Analyst Estimate Data for Equity,analyst,Analyst,analyst-analyst-estimates,Analyst Estimates
anl4_cff_flag,Cash Flow From Financing Activities - forecast type (revision/new/...),"{'id': 'analyst4', 'name': 'Analyst Estimate Data for Equity'}","{'id': 'analyst', 'name': 'Analyst'}","{'id': 'analyst-analyst-estimates', 'name': 'Analyst Estimates'}",EUR,1,TOPCS1600,MATRIX,,1.0,6,14,1.4,[],analyst4,Analyst Estimate Data for Equity,analyst,Analyst,analyst-analyst-estimates,Analyst Estimates
anl4_cfi_flag,Cash Flow From Investing - forecast type (revision/new/...),"{'id': 'analyst4', 'name': 'Analyst Estimate Data for Equity'}","{'id': 'analyst', 'name': 'Analyst'}","{'id': 'analyst-analyst-estimates', 'name': 'Analyst Estimates'}",EUR,1,TOPCS1600,MATRIX,,1.0,1,1,1.4,[],analyst4,Analyst Estimate Data for Equity,analyst,Analyst,analyst-analyst-estimates,Analyst Estimates
anl4_cfo_flag,Cash Flow From Operations - forecast type (revision/new/...),"{'id': 'analyst4', 'name': 'Analyst Estimate Data for Equity'}","{'id': 'analyst', 'name': 'Analyst'}","{'id': 'analyst-analyst-estimates', 'name': 'Analyst Estimates'}",EUR,1,TOPCS1600,MATRIX,,0.9775,3,5,1.4,[],analyst4,Analyst Estimate Data for Equity,analyst,Analyst,analyst-analyst-estimates,Analyst Estimates
anl4_ebitda_flag,"Earnings before interest, taxes, depreciation and amortization - forecast type (revision/new/...)","{'id': 'analyst4', 'name': 'Analyst Estimate Data for Equity'}","{'id': 'analyst', 'name': 'Analyst'}","{'id': 'analyst-analyst-estimates', 'name': 'Analyst Estimates'}",EUR,1,TOPCS1600,MATRIX,,0.9407,4,5,1.4,[],analyst4,Analyst Estimate Data for Equity,analyst,Analyst,analyst-analyst-estimates,Analyst Estimates
anl4_epsa_flag,Earnings per share adjusted by excluding extraordinary items and stock option expenses - forecast type (revision/new/...),"{'id': 'analyst4', 'name': 'Analyst Estimate Data for Equity'}","{'id': 'analyst', 'name': 'Analyst'}","{'id': 'analyst-analyst-estimates', 'name': 'Analyst Estimates'}",EUR,1,TOPCS1600,MATRIX,,0.9509,1,3,1.4,[],analyst4,Analyst Estimate Data for Equity,analyst,Analyst,analyst-analyst-estimates,Analyst Estimates
anl4_epsr_flag,"GAAP Earnings - estimation type (revision/new/...), per share","{'id': 'analyst4', 'name': 'Analyst Estimate Data for Equity'}","{'id': 'analyst', 'name': 'Analyst'}","{'id': 'analyst-analyst-estimates', 'name': 'Analyst Estimates'}",EUR,1,TOPCS1600,MATRIX,,0.9517,1,5,1.4,[],analyst4,Analyst Estimate Data for Equity,analyst,Analyst,analyst-analyst-estimates,Analyst Estimates
anl4_fcf_flag,Free cash flow - forecast type (revision/new/...),"{'id': 'analyst4', 'name': 'Analyst Estimate Data for Equity'}","{'id': 'analyst', 'name': 'Analyst'}","{'id': 'analyst-analyst-estimates', 'name': 'Analyst Estimates'}",EUR,1,TOPCS1600,MATRIX,,0.9907,0,0,1.4,[],analyst4,Analyst Estimate Data for Equity,analyst,Analyst,analyst-analyst-estimates,Analyst Estimates
anl4_fcfps_flag,Free cash flow per share - forecast type (revision/new/...),"{'id': 'analyst4', 'name': 'Analyst Estimate Data for Equity'}","{'id': 'analyst', 'name': 'Analyst'}","{'id': 'analyst-analyst-estimates', 'name': 'Analyst Estimates'}",EUR,1,TOPCS1600,MATRIX,,1.0,0,0,1.4,[],analyst4,Analyst Estimate Data for Equity,analyst,Analyst,analyst-analyst-estimates,Analyst Estimates
anl4_ffo_flag,Funds from Operation - forecast type (revision/new/...),"{'id': 'analyst4', 'name': 'Analyst Estimate Data for Equity'}","{'id': 'analyst', 'name': 'Analyst'}","{'id': 'analyst-analyst-estimates', 'name': 'Analyst Estimates'}",EUR,1,TOPCS1600,MATRIX,,1.0,1,1,1.4,[],analyst4,Analyst Estimate Data for Equity,analyst,Analyst,analyst-analyst-estimates,Analyst Estimates
anl4_flag_erbfintax,Earnings before interest and taxes - forecast type (revision/new/...),"{'id': 'analyst4', 'name': 'Analyst Estimate Data for Equity'}","{'id': 'analyst', 'name': 'Analyst'}","{'id': 'analyst-analyst-estimates', 'name': 'Analyst Estimates'}",EUR,1,TOPCS1600,MATRIX,,0.8767,1,1,1.4,[],analyst4,Analyst Estimate Data for Equity,analyst,Analyst,analyst-analyst-estimates,Analyst Estimates
anl4_gric_flag,Gross income - forecast type (revision/new/...),"{'id': 'analyst4', 'name': 'Analyst Estimate Data for Equity'}","{'id': 'analyst', 'name': 'Analyst'}","{'id': 'analyst-analyst-estimates', 'name': 'Analyst Estimates'}",EUR,1,TOPCS1600,MATRIX,,0.9793,1,3,1.4,[],analyst4,Analyst Estimate Data for Equity,analyst,Analyst,analyst-analyst-estimates,Analyst Estimates
anl4_netdebt_flag,Net debt - forecast type (revision/new/...),"{'id': 'analyst4', 'name': 'Analyst Estimate Data for Equity'}","{'id': 'analyst', 'name': 'Analyst'}","{'id': 'analyst-analyst-estimates', 'name': 'Analyst Estimates'}",EUR,1,TOPCS1600,MATRIX,,0.9053,1,1,1.4,[],analyst4,Analyst Estimate Data for Equity,analyst,Analyst,analyst-analyst-estimates,Analyst Estimates
anl4_netprofit_flag,Net profit - forecast type (revision/new/...),"{'id': 'analyst4', 'name': 'Analyst Estimate Data for Equity'}","{'id': 'analyst', 'name': 'Analyst'}","{'id': 'analyst-analyst-estimates', 'name': 'Analyst Estimates'}",EUR,1,TOPCS1600,MATRIX,,0.9254,1,1,1.4,[],analyst4,Analyst Estimate Data for Equity,analyst,Analyst,analyst-analyst-estimates,Analyst Estimates
anl4_ptp_flag,Pretax income - forecast type (revision/new/...),"{'id': 'analyst4', 'name': 'Analyst Estimate Data for Equity'}","{'id': 'analyst', 'name': 'Analyst'}","{'id': 'analyst-analyst-estimates', 'name': 'Analyst Estimates'}",EUR,1,TOPCS1600,MATRIX,,0.9034,1,1,1.4,[],analyst4,Analyst Estimate Data for Equity,analyst,Analyst,analyst-analyst-estimates,Analyst Estimates
anl4_ptpr_flag,Reported Pretax income - forecast type (revision/new/...),"{'id': 'analyst4', 'name': 'Analyst Estimate Data for Equity'}","{'id': 'analyst', 'name': 'Analyst'}","{'id': 'analyst-analyst-estimates', 'name': 'Analyst Estimates'}",EUR,1,TOPCS1600,MATRIX,,0.9832,2,3,1.4,[],analyst4,Analyst Estimate Data for Equity,analyst,Analyst,analyst-analyst-estimates,Analyst Estimates
anl4_qf_cfps_flag,Cash Flow Per Share - forecast type (revision/new/...),"{'id': 'analyst4', 'name': 'Analyst Estimate Data for Equity'}","{'id': 'analyst', 'name': 'Analyst'}","{'id': 'analyst-analyst-estimates', 'name': 'Analyst Estimates'}",EUR,1,TOPCS1600,MATRIX,,0.964,2,6,1.4,[],analyst4,Analyst Estimate Data for Equity,analyst,Analyst,analyst-analyst-estimates,Analyst Estimates
anl4_qf_div_flag,"Dividend - forecast type (revision/new/...), per share","{'id': 'analyst4', 'name': 'Analyst Estimate Data for Equity'}","{'id': 'analyst', 'name': 'Analyst'}","{'id': 'analyst-analyst-estimates', 'name': 'Analyst Estimates'}",EUR,1,TOPCS1600,MATRIX,,0.9562,1,3,1.4,[],analyst4,Analyst Estimate Data for Equity,analyst,Analyst,analyst-analyst-estimates,Analyst Estimates
anl4_qf_eps_flag,EPS - forecast type (revision/new/...),"{'id': 'analyst4', 'name': 'Analyst Estimate Data for Equity'}","{'id': 'analyst', 'name': 'Analyst'}","{'id': 'analyst-analyst-estimates', 'name': 'Analyst Estimates'}",EUR,1,TOPCS1600,MATRIX,,0.8844,0,0,1.4,[],analyst4,Analyst Estimate Data for Equity,analyst,Analyst,analyst-analyst-estimates,Analyst Estimates
anl4_qfv4_div_high,Dividend per share - The highest estimation,"{'id': 'analyst4', 'name': 'Analyst Estimate Data for Equity'}","{'id': 'analyst', 'name': 'Analyst'}","{'id': 'analyst-analyst-estimates', 'name': 'Analyst Estimates'}",EUR,1,TOPCS1600,MATRIX,1.0,0.3277,0,0,1.4,[],analyst4,Analyst Estimate Data for Equity,analyst,Analyst,analyst-analyst-estimates,Analyst Estimates
anl4_qfv4_div_low,Dividend per share - The lowest estimation,"{'id': 'analyst4', 'name': 'Analyst Estimate Data for Equity'}","{'id': 'analyst', 'name': 'Analyst'}","{'id': 'analyst-analyst-estimates', 'name': 'Analyst Estimates'}",EUR,1,TOPCS1600,MATRIX,1.0,0.3277,0,0,1.4,[],analyst4,Analyst Estimate Data for Equity,analyst,Analyst,analyst-analyst-estimates,Analyst Estimates
anl4_qfv4_div_mean,Dividend per share - mean of estimations,"{'id': 'analyst4', 'name': 'Analyst Estimate Data for Equity'}","{'id': 'analyst', 'name': 'Analyst'}","{'id': 'analyst-analyst-estimates', 'name': 'Analyst Estimates'}",EUR,1,TOPCS1600,MATRIX,1.0,0.3277,0,0,1.4,[],analyst4,Analyst Estimate Data for Equity,analyst,Analyst,analyst-analyst-estimates,Analyst Estimates
anl4_qfv4_div_median,Dividend per share - median of estimations,"{'id': 'analyst4', 'name': 'Analyst Estimate Data for Equity'}","{'id': 'analyst', 'name': 'Analyst'}","{'id': 'analyst-analyst-estimates', 'name': 'Analyst Estimates'}",EUR,1,TOPCS1600,MATRIX,1.0,0.3277,0,0,1.4,[],analyst4,Analyst Estimate Data for Equity,analyst,Analyst,analyst-analyst-estimates,Analyst Estimates
anl4_qfv4_div_number,Dividend - number of estimations,"{'id': 'analyst4', 'name': 'Analyst Estimate Data for Equity'}","{'id': 'analyst', 'name': 'Analyst'}","{'id': 'analyst-analyst-estimates', 'name': 'Analyst Estimates'}",EUR,1,TOPCS1600,MATRIX,1.0,0.3277,0,0,1.4,[],analyst4,Analyst Estimate Data for Equity,analyst,Analyst,analyst-analyst-estimates,Analyst Estimates
anl4_qfv4_dts_spe,Earnings per share - standard deviation of estimations,"{'id': 'analyst4', 'name': 'Analyst Estimate Data for Equity'}","{'id': 'analyst', 'name': 'Analyst'}","{'id': 'analyst-analyst-estimates', 'name': 'Analyst Estimates'}",EUR,1,TOPCS1600,MATRIX,1.0,0.161,0,0,1.4,[],analyst4,Analyst Estimate Data for Equity,analyst,Analyst,analyst-analyst-estimates,Analyst Estimates
anl4_qfv4_eps_high,Earnings per share - The highest estimation,"{'id': 'analyst4', 'name': 'Analyst Estimate Data for Equity'}","{'id': 'analyst', 'name': 'Analyst'}","{'id': 'analyst-analyst-estimates', 'name': 'Analyst Estimates'}",EUR,1,TOPCS1600,MATRIX,1.0,0.5934,1,1,1.4,[],analyst4,Analyst Estimate Data for Equity,analyst,Analyst,analyst-analyst-estimates,Analyst Estimates
anl4_qfv4_eps_low,Earnings per share - The lowest estimation,"{'id': 'analyst4', 'name': 'Analyst Estimate Data for Equity'}","{'id': 'analyst', 'name': 'Analyst'}","{'id': 'analyst-analyst-estimates', 'name': 'Analyst Estimates'}",EUR,1,TOPCS1600,MATRIX,1.0,0.5934,2,2,1.4,[],analyst4,Analyst Estimate Data for Equity,analyst,Analyst,analyst-analyst-estimates,Analyst Estimates
anl4_qfv4_eps_mean,Earnings per share - mean of estimations,"{'id': 'analyst4', 'name': 'Analyst Estimate Data for Equity'}","{'id': 'analyst', 'name': 'Analyst'}","{'id': 'analyst-analyst-estimates', 'name': 'Analyst Estimates'}",EUR,1,TOPCS1600,MATRIX,1.0,0.5934,0,0,1.4,[],analyst4,Analyst Estimate Data for Equity,analyst,Analyst,analyst-analyst-estimates,Analyst Estimates
anl4_qfv4_eps_number,Earnings per share - number of estimations,"{'id': 'analyst4', 'name': 'Analyst Estimate Data for Equity'}","{'id': 'analyst', 'name': 'Analyst'}","{'id': 'analyst-analyst-estimates', 'name': 'Analyst Estimates'}",EUR,1,TOPCS1600,MATRIX,1.0,0.5934,0,0,1.4,[],analyst4,Analyst Estimate Data for Equity,analyst,Analyst,analyst-analyst-estimates,Analyst Estimates
anl4_qfv4_median_eps,Earnings per share - median of estimations,"{'id': 'analyst4', 'name': 'Analyst Estimate Data for Equity'}","{'id': 'analyst', 'name': 'Analyst'}","{'id': 'analyst-analyst-estimates', 'name': 'Analyst Estimates'}",EUR,1,TOPCS1600,MATRIX,1.0,0.5934,3,3,1.4,[],analyst4,Analyst Estimate Data for Equity,analyst,Analyst,analyst-analyst-estimates,Analyst Estimates
anl4_rd_exp_flag,Research and Development Expense - forecast type (revision/new/...),"{'id': 'analyst4', 'name': 'Analyst Estimate Data for Equity'}","{'id': 'analyst', 'name': 'Analyst'}","{'id': 'analyst-analyst-estimates', 'name': 'Analyst Estimates'}",EUR,1,TOPCS1600,MATRIX,,1.0,0,0,1.4,[],analyst4,Analyst Estimate Data for Equity,analyst,Analyst,analyst-analyst-estimates,Analyst Estimates
anl4_sadaf_bvps_high,"Book value - the highest estimation, per share","{'id': 'analyst4', 'name': 'Analyst Estimate Data for Equity'}","{'id': 'analyst', 'name': 'Analyst'}","{'id': 'analyst-analyst-estimates', 'name': 'Analyst Estimates'}",EUR,1,TOPCS1600,MATRIX,1.0,0.9476,5,10,1.4,[],analyst4,Analyst Estimate Data for Equity,analyst,Analyst,analyst-analyst-estimates,Analyst Estimates
anl4_sadaf_bvps_low,"Book value - the lowest estimation, per share","{'id': 'analyst4', 'name': 'Analyst Estimate Data for Equity'}","{'id': 'analyst', 'name': 'Analyst'}","{'id': 'analyst-analyst-estimates', 'name': 'Analyst Estimates'}",EUR,1,TOPCS1600,MATRIX,1.0,0.9476,2,4,1.4,[],analyst4,Analyst Estimate Data for Equity,analyst,Analyst,analyst-analyst-estimates,Analyst Estimates
anl4_sadaf_bvps_mean,Book value per share - average of estimations,"{'id': 'analyst4', 'name': 'Analyst Estimate Data for Equity'}","{'id': 'analyst', 'name': 'Analyst'}","{'id': 'analyst-analyst-estimates', 'name': 'Analyst Estimates'}",EUR,1,TOPCS1600,MATRIX,1.0,0.9476,2,2,1.4,[],analyst4,Analyst Estimate Data for Equity,analyst,Analyst,analyst-analyst-estimates,Analyst Estimates
anl4_sadaf_bvps_median,Book value per share - Median value among forecasts,"{'id': 'analyst4', 'name': 'Analyst Estimate Data for Equity'}","{'id': 'analyst', 'name': 'Analyst'}","{'id': 'analyst-analyst-estimates', 'name': 'Analyst Estimates'}",EUR,1,TOPCS1600,MATRIX,1.0,0.9476,2,6,1.4,[],analyst4,Analyst Estimate Data for Equity,analyst,Analyst,analyst-analyst-estimates,Analyst Estimates
anl4_sadaf_bvps_number,Book value per share - number of estimations,"{'id': 'analyst4', 'name': 'Analyst Estimate Data for Equity'}","{'id': 'analyst', 'name': 'Analyst'}","{'id': 'analyst-analyst-estimates', 'name': 'Analyst Estimates'}",EUR,1,TOPCS1600,MATRIX,1.0,0.9476,1,1,1.4,[],analyst4,Analyst Estimate Data for Equity,analyst,Analyst,analyst-analyst-estimates,Analyst Estimates
anl4_sadaf_capex_high,Capital Expenditures - The highest estimation,"{'id': 'analyst4', 'name': 'Analyst Estimate Data for Equity'}","{'id': 'analyst', 'name': 'Analyst'}","{'id': 'analyst-analyst-estimates', 'name': 'Analyst Estimates'}",EUR,1,TOPCS1600,MATRIX,1.0,0.8871,1,1,1.4,[],analyst4,Analyst Estimate Data for Equity,analyst,Analyst,analyst-analyst-estimates,Analyst Estimates
anl4_sadaf_capex_low,Capital Expenditures - The lowest estimation,"{'id': 'analyst4', 'name': 'Analyst Estimate Data for Equity'}","{'id': 'analyst', 'name': 'Analyst'}","{'id': 'analyst-analyst-estimates', 'name': 'Analyst Estimates'}",EUR,1,TOPCS1600,MATRIX,1.0,0.8871,1,1,1.4,[],analyst4,Analyst Estimate Data for Equity,analyst,Analyst,analyst-analyst-estimates,Analyst Estimates
anl4_sadaf_capex_mean,Capital Expenditures - mean of estimations,"{'id': 'analyst4', 'name': 'Analyst Estimate Data for Equity'}","{'id': 'analyst', 'name': 'Analyst'}","{'id': 'analyst-analyst-estimates', 'name': 'Analyst Estimates'}",EUR,1,TOPCS1600,MATRIX,1.0,0.8871,1,1,1.4,[],analyst4,Analyst Estimate Data for Equity,analyst,Analyst,analyst-analyst-estimates,Analyst Estimates
anl4_sadaf_capex_number,Capital Expenditures - number of estimations,"{'id': 'analyst4', 'name': 'Analyst Estimate Data for Equity'}","{'id': 'analyst', 'name': 'Analyst'}","{'id': 'analyst-analyst-estimates', 'name': 'Analyst Estimates'}",EUR,1,TOPCS1600,MATRIX,1.0,0.8871,1,1,1.4,[],analyst4,Analyst Estimate Data for Equity,analyst,Analyst,analyst-analyst-estimates,Analyst Estimates
anl4_sadaf_capex_std,Capital Expenditures - std of estimations,"{'id': 'analyst4', 'name': 'Analyst Estimate Data for Equity'}","{'id': 'analyst', 'name': 'Analyst'}","{'id': 'analyst-analyst-estimates', 'name': 'Analyst Estimates'}",EUR,1,TOPCS1600,MATRIX,1.0,0.5451,1,1,1.4,[],analyst4,Analyst Estimate Data for Equity,analyst,Analyst,analyst-analyst-estimates,Analyst Estimates
anl4_sadaf_cff_high,Cash Flow From Financing - The highest of forecasted values,"{'id': 'analyst4', 'name': 'Analyst Estimate Data for Equity'}","{'id': 'analyst', 'name': 'Analyst'}","{'id': 'analyst-analyst-estimates', 'name': 'Analyst Estimates'}",EUR,1,TOPCS1600,MATRIX,1.0,0.8138,6,7,1.4,[],analyst4,Analyst Estimate Data for Equity,analyst,Analyst,analyst-analyst-estimates,Analyst Estimates
anl4_sadaf_cff_low,Cash Flow From Financing - The lowest estimation,"{'id': 'analyst4', 'name': 'Analyst Estimate Data for Equity'}","{'id': 'analyst', 'name': 'Analyst'}","{'id': 'analyst-analyst-estimates', 'name': 'Analyst Estimates'}",EUR,1,TOPCS1600,MATRIX,1.0,0.8138,1,1,1.4,[],analyst4,Analyst Estimate Data for Equity,analyst,Analyst,analyst-analyst-estimates,Analyst Estimates
anl4_sadaf_cff_mean,Cash Flow From Financing - mean of estimations,"{'id': 'analyst4', 'name': 'Analyst Estimate Data for Equity'}","{'id': 'analyst', 'name': 'Analyst'}","{'id': 'analyst-analyst-estimates', 'name': 'Analyst Estimates'}",EUR,1,TOPCS1600,MATRIX,1.0,0.8138,2,3,1.4,[],analyst4,Analyst Estimate Data for Equity,analyst,Analyst,analyst-analyst-estimates,Analyst Estimates
anl4_sadaf_cff_median,Cash Flow From Financing Activities - Median value among forecasts,"{'id': 'analyst4', 'name': 'Analyst Estimate Data for Equity'}","{'id': 'analyst', 'name': 'Analyst'}","{'id': 'analyst-analyst-estimates', 'name': 'Analyst Estimates'}",EUR,1,TOPCS1600,MATRIX,1.0,0.8138,1,1,1.4,[],analyst4,Analyst Estimate Data for Equity,analyst,Analyst,analyst-analyst-estimates,Analyst Estimates
anl4_sadaf_cff_number,Cash Flow From Financing - number of estimations,"{'id': 'analyst4', 'name': 'Analyst Estimate Data for Equity'}","{'id': 'analyst', 'name': 'Analyst'}","{'id': 'analyst-analyst-estimates', 'name': 'Analyst Estimates'}",EUR,1,TOPCS1600,MATRIX,1.0,0.8138,2,3,1.4,[],analyst4,Analyst Estimate Data for Equity,analyst,Analyst,analyst-analyst-estimates,Analyst Estimates
anl4_sadaf_cfi_high,Cash Flow From Investing - The highest estimation,"{'id': 'analyst4', 'name': 'Analyst Estimate Data for Equity'}","{'id': 'analyst', 'name': 'Analyst'}","{'id': 'analyst-analyst-estimates', 'name': 'Analyst Estimates'}",EUR,1,TOPCS1600,MATRIX,1.0,0.818,0,0,1.4,[],analyst4,Analyst Estimate Data for Equity,analyst,Analyst,analyst-analyst-estimates,Analyst Estimates
anl4_sadaf_cfi_low,Cash Flow From Investing - The lowest estimation,"{'id': 'analyst4', 'name': 'Analyst Estimate Data for Equity'}","{'id': 'analyst', 'name': 'Analyst'}","{'id': 'analyst-analyst-estimates', 'name': 'Analyst Estimates'}",EUR,1,TOPCS1600,MATRIX,1.0,0.818,1,1,1.4,[],analyst4,Analyst Estimate Data for Equity,analyst,Analyst,analyst-analyst-estimates,Analyst Estimates
anl4_sadaf_cfi_mean,Cash Flow From Investing - mean of estimations,"{'id': 'analyst4', 'name': 'Analyst Estimate Data for Equity'}","{'id': 'analyst', 'name': 'Analyst'}","{'id': 'analyst-analyst-estimates', 'name': 'Analyst Estimates'}",EUR,1,TOPCS1600,MATRIX,1.0,0.818,1,1,1.4,[],analyst4,Analyst Estimate Data for Equity,analyst,Analyst,analyst-analyst-estimates,Analyst Estimates
anl4_sadaf_cfi_median,Cash Flow From Investing - median of estimations,"{'id': 'analyst4', 'name': 'Analyst Estimate Data for Equity'}","{'id': 'analyst', 'name': 'Analyst'}","{'id': 'analyst-analyst-estimates', 'name': 'Analyst Estimates'}",EUR,1,TOPCS1600,MATRIX,1.0,0.818,1,1,1.4,[],analyst4,Analyst Estimate Data for Equity,analyst,Analyst,analyst-analyst-estimates,Analyst Estimates
anl4_sadaf_cfi_number,Cash Flow From Investing - number of estimations,"{'id': 'analyst4', 'name': 'Analyst Estimate Data for Equity'}","{'id': 'analyst', 'name': 'Analyst'}","{'id': 'analyst-analyst-estimates', 'name': 'Analyst Estimates'}",EUR,1,TOPCS1600,MATRIX,1.0,0.818,0,0,1.4,[],analyst4,Analyst Estimate Data for Equity,analyst,Analyst,analyst-analyst-estimates,Analyst Estimates
anl4_sadaf_cfo_high,Cash Flow From Operations - The highest value among forecasts,"{'id': 'analyst4', 'name': 'Analyst Estimate Data for Equity'}","{'id': 'analyst', 'name': 'Analyst'}","{'id': 'analyst-analyst-estimates', 'name': 'Analyst Estimates'}",EUR,1,TOPCS1600,MATRIX,1.0,0.8921,6,7,1.4,[],analyst4,Analyst Estimate Data for Equity,analyst,Analyst,analyst-analyst-estimates,Analyst Estimates
anl4_sadaf_cfo_low,Cash Flow From Operations - The lowest estimation,"{'id': 'analyst4', 'name': 'Analyst Estimate Data for Equity'}","{'id': 'analyst', 'name': 'Analyst'}","{'id': 'analyst-analyst-estimates', 'name': 'Analyst Estimates'}",EUR,1,TOPCS1600,MATRIX,1.0,0.8921,2,5,1.4,[],analyst4,Analyst Estimate Data for Equity,analyst,Analyst,analyst-analyst-estimates,Analyst Estimates
anl4_sadaf_cfo_mean,Cash Flow From Operations - mean of estimations,"{'id': 'analyst4', 'name': 'Analyst Estimate Data for Equity'}","{'id': 'analyst', 'name': 'Analyst'}","{'id': 'analyst-analyst-estimates', 'name': 'Analyst Estimates'}",EUR,1,TOPCS1600,MATRIX,1.0,0.8921,7,7,1.4,[],analyst4,Analyst Estimate Data for Equity,analyst,Analyst,analyst-analyst-estimates,Analyst Estimates
anl4_sadaf_cfo_median,Cash Flow From Operations - median of estimations,"{'id': 'analyst4', 'name': 'Analyst Estimate Data for Equity'}","{'id': 'analyst', 'name': 'Analyst'}","{'id': 'analyst-analyst-estimates', 'name': 'Analyst Estimates'}",EUR,1,TOPCS1600,MATRIX,1.0,0.8921,8,10,1.4,[],analyst4,Analyst Estimate Data for Equity,analyst,Analyst,analyst-analyst-estimates,Analyst Estimates
anl4_sadaf_cfo_number,Cash Flow From Operations - number of estimations,"{'id': 'analyst4', 'name': 'Analyst Estimate Data for Equity'}","{'id': 'analyst', 'name': 'Analyst'}","{'id': 'analyst-analyst-estimates', 'name': 'Analyst Estimates'}",EUR,1,TOPCS1600,MATRIX,1.0,0.8921,1,1,1.4,[],analyst4,Analyst Estimate Data for Equity,analyst,Analyst,analyst-analyst-estimates,Analyst Estimates
anl4_sadaf_dts_aspe,Earnings per share adjusted by excluding extraordinary items and stock option expenses - std of estimations,"{'id': 'analyst4', 'name': 'Analyst Estimate Data for Equity'}","{'id': 'analyst', 'name': 'Analyst'}","{'id': 'analyst-analyst-estimates', 'name': 'Analyst Estimates'}",EUR,1,TOPCS1600,MATRIX,1.0,0.6366,0,0,1.4,[],analyst4,Analyst Estimate Data for Equity,analyst,Analyst,analyst-analyst-estimates,Analyst Estimates
anl4_sadaf_dts_fcf,Free cash flow- std of estimations,"{'id': 'analyst4', 'name': 'Analyst Estimate Data for Equity'}","{'id': 'analyst', 'name': 'Analyst'}","{'id': 'analyst-analyst-estimates', 'name': 'Analyst Estimates'}",EUR,1,TOPCS1600,MATRIX,1.0,0.5488,0,0,1.4,[],analyst4,Analyst Estimate Data for Equity,analyst,Analyst,analyst-analyst-estimates,Analyst Estimates
anl4_sadaf_dts_ffc,Cash Flow From Financing - std of estimations,"{'id': 'analyst4', 'name': 'Analyst Estimate Data for Equity'}","{'id': 'analyst', 'name': 'Analyst'}","{'id': 'analyst-analyst-estimates', 'name': 'Analyst Estimates'}",EUR,1,TOPCS1600,MATRIX,1.0,0.4344,1,1,1.4,[],analyst4,Analyst Estimate Data for Equity,analyst,Analyst,analyst-analyst-estimates,Analyst Estimates
anl4_sadaf_dts_ifc,Cash Flow From Investing - std of estimations,"{'id': 'analyst4', 'name': 'Analyst Estimate Data for Equity'}","{'id': 'analyst', 'name': 'Analyst'}","{'id': 'analyst-analyst-estimates', 'name': 'Analyst Estimates'}",EUR,1,TOPCS1600,MATRIX,1.0,0.4379,1,1,1.4,[],analyst4,Analyst Estimate Data for Equity,analyst,Analyst,analyst-analyst-estimates,Analyst Estimates
anl4_sadaf_dts_ofc,Cash Flow From Operations - std of estimations,"{'id': 'analyst4', 'name': 'Analyst Estimate Data for Equity'}","{'id': 'analyst', 'name': 'Analyst'}","{'id': 'analyst-analyst-estimates', 'name': 'Analyst Estimates'}",EUR,1,TOPCS1600,MATRIX,1.0,0.5809,0,0,1.4,[],analyst4,Analyst Estimate Data for Equity,analyst,Analyst,analyst-analyst-estimates,Analyst Estimates
anl4_sadaf_dts_ptp,Pretax income- std of estimations,"{'id': 'analyst4', 'name': 'Analyst Estimate Data for Equity'}","{'id': 'analyst', 'name': 'Analyst'}","{'id': 'analyst-analyst-estimates', 'name': 'Analyst Estimates'}",EUR,1,TOPCS1600,MATRIX,1.0,0.6224,0,0,1.4,[],analyst4,Analyst Estimate Data for Equity,analyst,Analyst,analyst-analyst-estimates,Analyst Estimates
anl4_sadaf_dts_rptp,Reported Pretax income- std of estimations,"{'id': 'analyst4', 'name': 'Analyst Estimate Data for Equity'}","{'id': 'analyst', 'name': 'Analyst'}","{'id': 'analyst-analyst-estimates', 'name': 'Analyst Estimates'}",EUR,1,TOPCS1600,MATRIX,1.0,0.4578,1,1,1.4,[],analyst4,Analyst Estimate Data for Equity,analyst,Analyst,analyst-analyst-estimates,Analyst Estimates
anl4_sadaf_dts_rspe,Reported Earnings per share - standard deviation of estimations,"{'id': 'analyst4', 'name': 'Analyst Estimate Data for Equity'}","{'id': 'analyst', 'name': 'Analyst'}","{'id': 'analyst-analyst-estimates', 'name': 'Analyst Estimates'}",EUR,1,TOPCS1600,MATRIX,1.0,0.6254,0,0,1.4,[],analyst4,Analyst Estimate Data for Equity,analyst,Analyst,analyst-analyst-estimates,Analyst Estimates
anl4_sadaf_dts_spfcf,Free cash flow per share- std of estimations,"{'id': 'analyst4', 'name': 'Analyst Estimate Data for Equity'}","{'id': 'analyst', 'name': 'Analyst'}","{'id': 'analyst-analyst-estimates', 'name': 'Analyst Estimates'}",EUR,1,TOPCS1600,MATRIX,1.0,0.4612,0,0,1.4,[],analyst4,Analyst Estimate Data for Equity,analyst,Analyst,analyst-analyst-estimates,Analyst Estimates
anl4_sadaf_dts_spvb,Book value per share - std of estimations,"{'id': 'analyst4', 'name': 'Analyst Estimate Data for Equity'}","{'id': 'analyst', 'name': 'Analyst'}","{'id': 'analyst-analyst-estimates', 'name': 'Analyst Estimates'}",EUR,1,TOPCS1600,MATRIX,1.0,0.6051,2,2,1.4,[],analyst4,Analyst Estimate Data for Equity,analyst,Analyst,analyst-analyst-estimates,Analyst Estimates
anl4_sadaf_ebit_high,Earnings before interest and taxes - The highest estimation,"{'id': 'analyst4', 'name': 'Analyst Estimate Data for Equity'}","{'id': 'analyst', 'name': 'Analyst'}","{'id': 'analyst-analyst-estimates', 'name': 'Analyst Estimates'}",EUR,1,TOPCS1600,MATRIX,1.0,0.9618,30,60,1.4,[],analyst4,Analyst Estimate Data for Equity,analyst,Analyst,analyst-analyst-estimates,Analyst Estimates
anl4_sadaf_ebit_low,Earnings before interest and taxes - The lowest estimation,"{'id': 'analyst4', 'name': 'Analyst Estimate Data for Equity'}","{'id': 'analyst', 'name': 'Analyst'}","{'id': 'analyst-analyst-estimates', 'name': 'Analyst Estimates'}",EUR,1,TOPCS1600,MATRIX,1.0,0.9618,0,0,1.4,[],analyst4,Analyst Estimate Data for Equity,analyst,Analyst,analyst-analyst-estimates,Analyst Estimates
anl4_sadaf_ebit_mean,Earnings before interest and taxes - mean of estimations,"{'id': 'analyst4', 'name': 'Analyst Estimate Data for Equity'}","{'id': 'analyst', 'name': 'Analyst'}","{'id': 'analyst-analyst-estimates', 'name': 'Analyst Estimates'}",EUR,1,TOPCS1600,MATRIX,1.0,0.9618,6,8,1.4,[],analyst4,Analyst Estimate Data for Equity,analyst,Analyst,analyst-analyst-estimates,Analyst Estimates
anl4_sadaf_ebit_median,Earnings before interest and taxes - median of estimations,"{'id': 'analyst4', 'name': 'Analyst Estimate Data for Equity'}","{'id': 'analyst', 'name': 'Analyst'}","{'id': 'analyst-analyst-estimates', 'name': 'Analyst Estimates'}",EUR,1,TOPCS1600,MATRIX,1.0,0.9618,2,2,1.4,[],analyst4,Analyst Estimate Data for Equity,analyst,Analyst,analyst-analyst-estimates,Analyst Estimates
anl4_sadaf_ebit_number,Earnings before interest and taxes - number of estimations,"{'id': 'analyst4', 'name': 'Analyst Estimate Data for Equity'}","{'id': 'analyst', 'name': 'Analyst'}","{'id': 'analyst-analyst-estimates', 'name': 'Analyst Estimates'}",EUR,1,TOPCS1600,MATRIX,1.0,0.9618,0,0,1.4,[],analyst4,Analyst Estimate Data for Equity,analyst,Analyst,analyst-analyst-estimates,Analyst Estimates
anl4_sadaf_ebit_std,Earnings before interest and taxes - std of estimations,"{'id': 'analyst4', 'name': 'Analyst Estimate Data for Equity'}","{'id': 'analyst', 'name': 'Analyst'}","{'id': 'analyst-analyst-estimates', 'name': 'Analyst Estimates'}",EUR,1,TOPCS1600,MATRIX,1.0,0.6281,0,0,1.4,[],analyst4,Analyst Estimate Data for Equity,analyst,Analyst,analyst-analyst-estimates,Analyst Estimates
anl4_sadaf_ebitda_high,"Earnings before interest, taxes, depreciation and amortization - The highest estimation","{'id': 'analyst4', 'name': 'Analyst Estimate Data for Equity'}","{'id': 'analyst', 'name': 'Analyst'}","{'id': 'analyst-analyst-estimates', 'name': 'Analyst Estimates'}",EUR,1,TOPCS1600,MATRIX,1.0,0.9142,6,10,1.4,[],analyst4,Analyst Estimate Data for Equity,analyst,Analyst,analyst-analyst-estimates,Analyst Estimates
anl4_sadaf_ebitda_low,"Earnings before interest, taxes, depreciation and amortization - The lowest estimation","{'id': 'analyst4', 'name': 'Analyst Estimate Data for Equity'}","{'id': 'analyst', 'name': 'Analyst'}","{'id': 'analyst-analyst-estimates', 'name': 'Analyst Estimates'}",EUR,1,TOPCS1600,MATRIX,1.0,0.9142,8,14,1.4,[],analyst4,Analyst Estimate Data for Equity,analyst,Analyst,analyst-analyst-estimates,Analyst Estimates
anl4_sadaf_ebitda_mean,"Earnings before interest, taxes, depreciation and amortization - mean of estimations","{'id': 'analyst4', 'name': 'Analyst Estimate Data for Equity'}","{'id': 'analyst', 'name': 'Analyst'}","{'id': 'analyst-analyst-estimates', 'name': 'Analyst Estimates'}",EUR,1,TOPCS1600,MATRIX,1.0,0.9142,47,108,1.4,[],analyst4,Analyst Estimate Data for Equity,analyst,Analyst,analyst-analyst-estimates,Analyst Estimates
anl4_sadaf_ebitda_number,"Earnings before interest, taxes, depreciation and amortization - number of estimations","{'id': 'analyst4', 'name': 'Analyst Estimate Data for Equity'}","{'id': 'analyst', 'name': 'Analyst'}","{'id': 'analyst-analyst-estimates', 'name': 'Analyst Estimates'}",EUR,1,TOPCS1600,MATRIX,1.0,0.9142,0,0,1.4,[],analyst4,Analyst Estimate Data for Equity,analyst,Analyst,analyst-analyst-estimates,Analyst Estimates
anl4_sadaf_ebitda_std,"Earnings before interest, taxes, depreciation and amortization - std of estimations","{'id': 'analyst4', 'name': 'Analyst Estimate Data for Equity'}","{'id': 'analyst', 'name': 'Analyst'}","{'id': 'analyst-analyst-estimates', 'name': 'Analyst Estimates'}",EUR,1,TOPCS1600,MATRIX,1.0,0.5769,0,0,1.4,[],analyst4,Analyst Estimate Data for Equity,analyst,Analyst,analyst-analyst-estimates,Analyst Estimates
anl4_sadaf_epsa_high,Earnings per share adjusted by excluding extraordinary items and stock option expenses - The highest estimation,"{'id': 'analyst4', 'name': 'Analyst Estimate Data for Equity'}","{'id': 'analyst', 'name': 'Analyst'}","{'id': 'analyst-analyst-estimates', 'name': 'Analyst Estimates'}",EUR,1,TOPCS1600,MATRIX,1.0,0.9574,29,81,1.4,[],analyst4,Analyst Estimate Data for Equity,analyst,Analyst,analyst-analyst-estimates,Analyst Estimates
anl4_sadaf_epsa_low,Earnings per share adjusted by excluding extraordinary items and stock option expenses - The lowest estimation,"{'id': 'analyst4', 'name': 'Analyst Estimate Data for Equity'}","{'id': 'analyst', 'name': 'Analyst'}","{'id': 'analyst-analyst-estimates', 'name': 'Analyst Estimates'}",EUR,1,TOPCS1600,MATRIX,1.0,0.9574,0,0,1.4,[],analyst4,Analyst Estimate Data for Equity,analyst,Analyst,analyst-analyst-estimates,Analyst Estimates
anl4_sadaf_epsa_mean,Earnings per share adjusted by excluding extraordinary items and stock option expenses - average of estimations,"{'id': 'analyst4', 'name': 'Analyst Estimate Data for Equity'}","{'id': 'analyst', 'name': 'Analyst'}","{'id': 'analyst-analyst-estimates', 'name': 'Analyst Estimates'}",EUR,1,TOPCS1600,MATRIX,1.0,0.9574,10,20,1.4,[],analyst4,Analyst Estimate Data for Equity,analyst,Analyst,analyst-analyst-estimates,Analyst Estimates
anl4_sadaf_epsa_median,Earnings per share adjusted by excluding extraordinary items and stock option expenses - median of estimations,"{'id': 'analyst4', 'name': 'Analyst Estimate Data for Equity'}","{'id': 'analyst', 'name': 'Analyst'}","{'id': 'analyst-analyst-estimates', 'name': 'Analyst Estimates'}",EUR,1,TOPCS1600,MATRIX,1.0,0.9574,3,5,1.4,[],analyst4,Analyst Estimate Data for Equity,analyst,Analyst,analyst-analyst-estimates,Analyst Estimates
anl4_sadaf_epsa_number,Earnings per share adjusted by excluding extraordinary items and stock option expenses - number of estimations,"{'id': 'analyst4', 'name': 'Analyst Estimate Data for Equity'}","{'id': 'analyst', 'name': 'Analyst'}","{'id': 'analyst-analyst-estimates', 'name': 'Analyst Estimates'}",EUR,1,TOPCS1600,MATRIX,1.0,0.9574,0,0,1.4,[],analyst4,Analyst Estimate Data for Equity,analyst,Analyst,analyst-analyst-estimates,Analyst Estimates
anl4_sadaf_epsr_high,GAAP Earnings per share - The highest estimation,"{'id': 'analyst4', 'name': 'Analyst Estimate Data for Equity'}","{'id': 'analyst', 'name': 'Analyst'}","{'id': 'analyst-analyst-estimates', 'name': 'Analyst Estimates'}",EUR,1,TOPCS1600,MATRIX,1.0,0.9553,9,17,1.4,[],analyst4,Analyst Estimate Data for Equity,analyst,Analyst,analyst-analyst-estimates,Analyst Estimates
anl4_sadaf_epsr_low,GAAP Earnings per share - The lowest estimation,"{'id': 'analyst4', 'name': 'Analyst Estimate Data for Equity'}","{'id': 'analyst', 'name': 'Analyst'}","{'id': 'analyst-analyst-estimates', 'name': 'Analyst Estimates'}",EUR,1,TOPCS1600,MATRIX,1.0,0.9553,5,6,1.4,[],analyst4,Analyst Estimate Data for Equity,analyst,Analyst,analyst-analyst-estimates,Analyst Estimates
anl4_sadaf_epsr_mean,GAAP Earnings per share - mean of estimations,"{'id': 'analyst4', 'name': 'Analyst Estimate Data for Equity'}","{'id': 'analyst', 'name': 'Analyst'}","{'id': 'analyst-analyst-estimates', 'name': 'Analyst Estimates'}",EUR,1,TOPCS1600,MATRIX,1.0,0.9553,33,105,1.4,[],analyst4,Analyst Estimate Data for Equity,analyst,Analyst,analyst-analyst-estimates,Analyst Estimates
anl4_sadaf_epsr_number,GAAP Earnings per share - number of estimations,"{'id': 'analyst4', 'name': 'Analyst Estimate Data for Equity'}","{'id': 'analyst', 'name': 'Analyst'}","{'id': 'analyst-analyst-estimates', 'name': 'Analyst Estimates'}",EUR,1,TOPCS1600,MATRIX,1.0,0.9553,0,0,1.4,[],analyst4,Analyst Estimate Data for Equity,analyst,Analyst,analyst-analyst-estimates,Analyst Estimates
anl4_sadaf_fcf_high,"Free cash flow- aggregation on estimations, max","{'id': 'analyst4', 'name': 'Analyst Estimate Data for Equity'}","{'id': 'analyst', 'name': 'Analyst'}","{'id': 'analyst-analyst-estimates', 'name': 'Analyst Estimates'}",EUR,1,TOPCS1600,MATRIX,1.0,0.8776,2,2,1.4,[],analyst4,Analyst Estimate Data for Equity,analyst,Analyst,analyst-analyst-estimates,Analyst Estimates
anl4_sadaf_fcf_low,Free cash flow- The lowest estimation,"{'id': 'analyst4', 'name': 'Analyst Estimate Data for Equity'}","{'id': 'analyst', 'name': 'Analyst'}","{'id': 'analyst-analyst-estimates', 'name': 'Analyst Estimates'}",EUR,1,TOPCS1600,MATRIX,1.0,0.8776,5,6,1.4,[],analyst4,Analyst Estimate Data for Equity,analyst,Analyst,analyst-analyst-estimates,Analyst Estimates
anl4_sadaf_fcf_mean,Free cash flow- mean of estimations,"{'id': 'analyst4', 'name': 'Analyst Estimate Data for Equity'}","{'id': 'analyst', 'name': 'Analyst'}","{'id': 'analyst-analyst-estimates', 'name': 'Analyst Estimates'}",EUR,1,TOPCS1600,MATRIX,1.0,0.8776,3,3,1.4,[],analyst4,Analyst Estimate Data for Equity,analyst,Analyst,analyst-analyst-estimates,Analyst Estimates
anl4_sadaf_fcf_median,"Free cash flow- aggregation on estimations, 50th-percentile","{'id': 'analyst4', 'name': 'Analyst Estimate Data for Equity'}","{'id': 'analyst', 'name': 'Analyst'}","{'id': 'analyst-analyst-estimates', 'name': 'Analyst Estimates'}",EUR,1,TOPCS1600,MATRIX,1.0,0.8776,1,1,1.4,[],analyst4,Analyst Estimate Data for Equity,analyst,Analyst,analyst-analyst-estimates,Analyst Estimates
anl4_sadaf_fcf_number,Free cash flow- number of estimations,"{'id': 'analyst4', 'name': 'Analyst Estimate Data for Equity'}","{'id': 'analyst', 'name': 'Analyst'}","{'id': 'analyst-analyst-estimates', 'name': 'Analyst Estimates'}",EUR,1,TOPCS1600,MATRIX,1.0,0.8776,0,0,1.4,[],analyst4,Analyst Estimate Data for Equity,analyst,Analyst,analyst-analyst-estimates,Analyst Estimates
anl4_sadaf_fcfps_high,Free cash flow per share- The highest estimation,"{'id': 'analyst4', 'name': 'Analyst Estimate Data for Equity'}","{'id': 'analyst', 'name': 'Analyst'}","{'id': 'analyst-analyst-estimates', 'name': 'Analyst Estimates'}",EUR,1,TOPCS1600,MATRIX,1.0,0.8235,1,1,1.4,[],analyst4,Analyst Estimate Data for Equity,analyst,Analyst,analyst-analyst-estimates,Analyst Estimates
anl4_sadaf_fcfps_low,Free cash flow per share- The lowest estimation,"{'id': 'analyst4', 'name': 'Analyst Estimate Data for Equity'}","{'id': 'analyst', 'name': 'Analyst'}","{'id': 'analyst-analyst-estimates', 'name': 'Analyst Estimates'}",EUR,1,TOPCS1600,MATRIX,1.0,0.8235,2,2,1.4,[],analyst4,Analyst Estimate Data for Equity,analyst,Analyst,analyst-analyst-estimates,Analyst Estimates
anl4_sadaf_fcfps_mean,Free cash flow per share- mean of estimations,"{'id': 'analyst4', 'name': 'Analyst Estimate Data for Equity'}","{'id': 'analyst', 'name': 'Analyst'}","{'id': 'analyst-analyst-estimates', 'name': 'Analyst Estimates'}",EUR,1,TOPCS1600,MATRIX,1.0,0.8235,0,0,1.4,[],analyst4,Analyst Estimate Data for Equity,analyst,Analyst,analyst-analyst-estimates,Analyst Estimates
anl4_sadaf_fcfps_median,"Free cash flow- summary on estimations, 50th-percentile, per share","{'id': 'analyst4', 'name': 'Analyst Estimate Data for Equity'}","{'id': 'analyst', 'name': 'Analyst'}","{'id': 'analyst-analyst-estimates', 'name': 'Analyst Estimates'}",EUR,1,TOPCS1600,MATRIX,1.0,0.8235,0,0,1.4,[],analyst4,Analyst Estimate Data for Equity,analyst,Analyst,analyst-analyst-estimates,Analyst Estimates
anl4_sadaf_fcfps_number,Free cash flow per share- number of estimations,"{'id': 'analyst4', 'name': 'Analyst Estimate Data for Equity'}","{'id': 'analyst', 'name': 'Analyst'}","{'id': 'analyst-analyst-estimates', 'name': 'Analyst Estimates'}",EUR,1,TOPCS1600,MATRIX,1.0,0.8235,0,0,1.4,[],analyst4,Analyst Estimate Data for Equity,analyst,Analyst,analyst-analyst-estimates,Analyst Estimates
anl4_sadaf_gric_high,Gross income- The highest estimation,"{'id': 'analyst4', 'name': 'Analyst Estimate Data for Equity'}","{'id': 'analyst', 'name': 'Analyst'}","{'id': 'analyst-analyst-estimates', 'name': 'Analyst Estimates'}",EUR,1,TOPCS1600,MATRIX,1.0,0.8199,0,0,1.4,[],analyst4,Analyst Estimate Data for Equity,analyst,Analyst,analyst-analyst-estimates,Analyst Estimates
anl4_sadaf_gric_low,Gross income- The lowest estimation,"{'id': 'analyst4', 'name': 'Analyst Estimate Data for Equity'}","{'id': 'analyst', 'name': 'Analyst'}","{'id': 'analyst-analyst-estimates', 'name': 'Analyst Estimates'}",EUR,1,TOPCS1600,MATRIX,1.0,0.8199,0,0,1.4,[],analyst4,Analyst Estimate Data for Equity,analyst,Analyst,analyst-analyst-estimates,Analyst Estimates
anl4_sadaf_gric_mean,Gross income- mean of estimations,"{'id': 'analyst4', 'name': 'Analyst Estimate Data for Equity'}","{'id': 'analyst', 'name': 'Analyst'}","{'id': 'analyst-analyst-estimates', 'name': 'Analyst Estimates'}",EUR,1,TOPCS1600,MATRIX,1.0,0.8199,0,0,1.4,[],analyst4,Analyst Estimate Data for Equity,analyst,Analyst,analyst-analyst-estimates,Analyst Estimates
anl4_sadaf_gric_median,Gross income- median of estimations,"{'id': 'analyst4', 'name': 'Analyst Estimate Data for Equity'}","{'id': 'analyst', 'name': 'Analyst'}","{'id': 'analyst-analyst-estimates', 'name': 'Analyst Estimates'}",EUR,1,TOPCS1600,MATRIX,1.0,0.8199,1,2,1.4,[],analyst4,Analyst Estimate Data for Equity,analyst,Analyst,analyst-analyst-estimates,Analyst Estimates
anl4_sadaf_gric_number,Gross income- number of estimations,"{'id': 'analyst4', 'name': 'Analyst Estimate Data for Equity'}","{'id': 'analyst', 'name': 'Analyst'}","{'id': 'analyst-analyst-estimates', 'name': 'Analyst Estimates'}",EUR,1,TOPCS1600,MATRIX,1.0,0.8199,0,0,1.4,[],analyst4,Analyst Estimate Data for Equity,analyst,Analyst,analyst-analyst-estimates,Analyst Estimates
anl4_sadaf_gric_std,Gross income- std of estimations,"{'id': 'analyst4', 'name': 'Analyst Estimate Data for Equity'}","{'id': 'analyst', 'name': 'Analyst'}","{'id': 'analyst-analyst-estimates', 'name': 'Analyst Estimates'}",EUR,1,TOPCS1600,MATRIX,1.0,0.4474,0,0,1.4,[],analyst4,Analyst Estimate Data for Equity,analyst,Analyst,analyst-analyst-estimates,Analyst Estimates
anl4_sadaf_median_capexp,Capital Expenditures - median of estimations,"{'id': 'analyst4', 'name': 'Analyst Estimate Data for Equity'}","{'id': 'analyst', 'name': 'Analyst'}","{'id': 'analyst-analyst-estimates', 'name': 'Analyst Estimates'}",EUR,1,TOPCS1600,MATRIX,1.0,0.8871,1,1,1.4,[],analyst4,Analyst Estimate Data for Equity,analyst,Analyst,analyst-analyst-estimates,Analyst Estimates
anl4_sadaf_median_epsreported,GAAP Earnings per share - median of estimations,"{'id': 'analyst4', 'name': 'Analyst Estimate Data for Equity'}","{'id': 'analyst', 'name': 'Analyst'}","{'id': 'analyst-analyst-estimates', 'name': 'Analyst Estimates'}",EUR,1,TOPCS1600,MATRIX,1.0,0.9553,4,5,1.4,[],analyst4,Analyst Estimate Data for Equity,analyst,Analyst,analyst-analyst-estimates,Analyst Estimates
anl4_sadaf_medianepsbfam,"Earnings before interest, taxes, depreciation and amortization - median of estimations","{'id': 'analyst4', 'name': 'Analyst Estimate Data for Equity'}","{'id': 'analyst', 'name': 'Analyst'}","{'id': 'analyst-analyst-estimates', 'name': 'Analyst Estimates'}",EUR,1,TOPCS1600,MATRIX,1.0,0.9142,27,61,1.4,[],analyst4,Analyst Estimate Data for Equity,analyst,Analyst,analyst-analyst-estimates,Analyst Estimates
anl4_sadaf_netdebt_high,Net debt- The highest estimation,"{'id': 'analyst4', 'name': 'Analyst Estimate Data for Equity'}","{'id': 'analyst', 'name': 'Analyst'}","{'id': 'analyst-analyst-estimates', 'name': 'Analyst Estimates'}",EUR,1,TOPCS1600,MATRIX,1.0,0.905,34,71,1.4,[],analyst4,Analyst Estimate Data for Equity,analyst,Analyst,analyst-analyst-estimates,Analyst Estimates
anl4_sadaf_netdebt_low,Net debt- The lowest estimation,"{'id': 'analyst4', 'name': 'Analyst Estimate Data for Equity'}","{'id': 'analyst', 'name': 'Analyst'}","{'id': 'analyst-analyst-estimates', 'name': 'Analyst Estimates'}",EUR,1,TOPCS1600,MATRIX,1.0,0.905,45,99,1.4,[],analyst4,Analyst Estimate Data for Equity,analyst,Analyst,analyst-analyst-estimates,Analyst Estimates
anl4_sadaf_netdebt_mean,Net debt- mean of estimations,"{'id': 'analyst4', 'name': 'Analyst Estimate Data for Equity'}","{'id': 'analyst', 'name': 'Analyst'}","{'id': 'analyst-analyst-estimates', 'name': 'Analyst Estimates'}",EUR,1,TOPCS1600,MATRIX,1.0,0.905,134,251,1.4,[],analyst4,Analyst Estimate Data for Equity,analyst,Analyst,analyst-analyst-estimates,Analyst Estimates
anl4_sadaf_netdebt_median,Net debt- median of estimations,"{'id': 'analyst4', 'name': 'Analyst Estimate Data for Equity'}","{'id': 'analyst', 'name': 'Analyst'}","{'id': 'analyst-analyst-estimates', 'name': 'Analyst Estimates'}",EUR,1,TOPCS1600,MATRIX,1.0,0.905,67,140,1.4,[],analyst4,Analyst Estimate Data for Equity,analyst,Analyst,analyst-analyst-estimates,Analyst Estimates
anl4_sadaf_netdebt_number,Net debt- number of estimations,"{'id': 'analyst4', 'name': 'Analyst Estimate Data for Equity'}","{'id': 'analyst', 'name': 'Analyst'}","{'id': 'analyst-analyst-estimates', 'name': 'Analyst Estimates'}",EUR,1,TOPCS1600,MATRIX,1.0,0.905,1,1,1.4,[],analyst4,Analyst Estimate Data for Equity,analyst,Analyst,analyst-analyst-estimates,Analyst Estimates
anl4_sadaf_netdebt_std,Net debt- std of estimations,"{'id': 'analyst4', 'name': 'Analyst Estimate Data for Equity'}","{'id': 'analyst', 'name': 'Analyst'}","{'id': 'analyst-analyst-estimates', 'name': 'Analyst Estimates'}",EUR,1,TOPCS1600,MATRIX,1.0,0.5723,1,1,1.4,[],analyst4,Analyst Estimate Data for Equity,analyst,Analyst,analyst-analyst-estimates,Analyst Estimates
anl4_sadaf_netprofit_high,Net profit- The highest estimation,"{'id': 'analyst4', 'name': 'Analyst Estimate Data for Equity'}","{'id': 'analyst', 'name': 'Analyst'}","{'id': 'analyst-analyst-estimates', 'name': 'Analyst Estimates'}",EUR,1,TOPCS1600,MATRIX,1.0,0.9643,33,71,1.4,[],analyst4,Analyst Estimate Data for Equity,analyst,Analyst,analyst-analyst-estimates,Analyst Estimates
anl4_sadaf_netprofit_low,Net profit- The lowest estimation,"{'id': 'analyst4', 'name': 'Analyst Estimate Data for Equity'}","{'id': 'analyst', 'name': 'Analyst'}","{'id': 'analyst-analyst-estimates', 'name': 'Analyst Estimates'}",EUR,1,TOPCS1600,MATRIX,1.0,0.9643,8,13,1.4,[],analyst4,Analyst Estimate Data for Equity,analyst,Analyst,analyst-analyst-estimates,Analyst Estimates
anl4_sadaf_netprofit_mean,Net profit- mean of estimations,"{'id': 'analyst4', 'name': 'Analyst Estimate Data for Equity'}","{'id': 'analyst', 'name': 'Analyst'}","{'id': 'analyst-analyst-estimates', 'name': 'Analyst Estimates'}",EUR,1,TOPCS1600,MATRIX,1.0,0.9643,44,99,1.4,[],analyst4,Analyst Estimate Data for Equity,analyst,Analyst,analyst-analyst-estimates,Analyst Estimates
anl4_sadaf_netprofit_median,Net profit- median of estimations,"{'id': 'analyst4', 'name': 'Analyst Estimate Data for Equity'}","{'id': 'analyst', 'name': 'Analyst'}","{'id': 'analyst-analyst-estimates', 'name': 'Analyst Estimates'}",EUR,1,TOPCS1600,MATRIX,1.0,0.9643,38,79,1.4,[],analyst4,Analyst Estimate Data for Equity,analyst,Analyst,analyst-analyst-estimates,Analyst Estimates
anl4_sadaf_netprofit_number,Net profit- number of estimations,"{'id': 'analyst4', 'name': 'Analyst Estimate Data for Equity'}","{'id': 'analyst', 'name': 'Analyst'}","{'id': 'analyst-analyst-estimates', 'name': 'Analyst Estimates'}",EUR,1,TOPCS1600,MATRIX,1.0,0.9643,4,4,1.4,[],analyst4,Analyst Estimate Data for Equity,analyst,Analyst,analyst-analyst-estimates,Analyst Estimates
anl4_sadaf_netprofit_std,Net profit- std of estimations,"{'id': 'analyst4', 'name': 'Analyst Estimate Data for Equity'}","{'id': 'analyst', 'name': 'Analyst'}","{'id': 'analyst-analyst-estimates', 'name': 'Analyst Estimates'}",EUR,1,TOPCS1600,MATRIX,1.0,0.6295,0,0,1.4,[],analyst4,Analyst Estimate Data for Equity,analyst,Analyst,analyst-analyst-estimates,Analyst Estimates
anl4_sadaf_netprofita_high,Adjusted net income- The highest estimation,"{'id': 'analyst4', 'name': 'Analyst Estimate Data for Equity'}","{'id': 'analyst', 'name': 'Analyst'}","{'id': 'analyst-analyst-estimates', 'name': 'Analyst Estimates'}",EUR,1,TOPCS1600,MATRIX,1.0,0.9543,4,7,1.4,[],analyst4,Analyst Estimate Data for Equity,analyst,Analyst,analyst-analyst-estimates,Analyst Estimates
anl4_sadaf_netprofita_low,Adjusted net income- The lowest estimation,"{'id': 'analyst4', 'name': 'Analyst Estimate Data for Equity'}","{'id': 'analyst', 'name': 'Analyst'}","{'id': 'analyst-analyst-estimates', 'name': 'Analyst Estimates'}",EUR,1,TOPCS1600,MATRIX,1.0,0.9543,3,4,1.4,[],analyst4,Analyst Estimate Data for Equity,analyst,Analyst,analyst-analyst-estimates,Analyst Estimates
anl4_sadaf_netprofita_mean,Adjusted net income- mean of estimations,"{'id': 'analyst4', 'name': 'Analyst Estimate Data for Equity'}","{'id': 'analyst', 'name': 'Analyst'}","{'id': 'analyst-analyst-estimates', 'name': 'Analyst Estimates'}",EUR,1,TOPCS1600,MATRIX,1.0,0.9543,25,53,1.4,[],analyst4,Analyst Estimate Data for Equity,analyst,Analyst,analyst-analyst-estimates,Analyst Estimates
anl4_sadaf_netprofita_median,Adjusted net income- median of estimations,"{'id': 'analyst4', 'name': 'Analyst Estimate Data for Equity'}","{'id': 'analyst', 'name': 'Analyst'}","{'id': 'analyst-analyst-estimates', 'name': 'Analyst Estimates'}",EUR,1,TOPCS1600,MATRIX,1.0,0.9543,8,11,1.4,[],analyst4,Analyst Estimate Data for Equity,analyst,Analyst,analyst-analyst-estimates,Analyst Estimates
anl4_sadaf_netprofita_number,Adjusted net income- number of estimations,"{'id': 'analyst4', 'name': 'Analyst Estimate Data for Equity'}","{'id': 'analyst', 'name': 'Analyst'}","{'id': 'analyst-analyst-estimates', 'name': 'Analyst Estimates'}",EUR,1,TOPCS1600,MATRIX,1.0,0.9543,2,3,1.4,[],analyst4,Analyst Estimate Data for Equity,analyst,Analyst,analyst-analyst-estimates,Analyst Estimates
anl4_sadaf_netprofita_std,Adjusted net income- std of estimations,"{'id': 'analyst4', 'name': 'Analyst Estimate Data for Equity'}","{'id': 'analyst', 'name': 'Analyst'}","{'id': 'analyst-analyst-estimates', 'name': 'Analyst Estimates'}",EUR,1,TOPCS1600,MATRIX,1.0,0.6097,0,0,1.4,[],analyst4,Analyst Estimate Data for Equity,analyst,Analyst,analyst-analyst-estimates,Analyst Estimates
anl4_sadaf_ptp_high,Pretax income- The highest estimation,"{'id': 'analyst4', 'name': 'Analyst Estimate Data for Equity'}","{'id': 'analyst', 'name': 'Analyst'}","{'id': 'analyst-analyst-estimates', 'name': 'Analyst Estimates'}",EUR,1,TOPCS1600,MATRIX,1.0,0.9602,6,12,1.4,[],analyst4,Analyst Estimate Data for Equity,analyst,Analyst,analyst-analyst-estimates,Analyst Estimates
anl4_sadaf_ptp_low,Pretax income- The lowest estimation,"{'id': 'analyst4', 'name': 'Analyst Estimate Data for Equity'}","{'id': 'analyst', 'name': 'Analyst'}","{'id': 'analyst-analyst-estimates', 'name': 'Analyst Estimates'}",EUR,1,TOPCS1600,MATRIX,1.0,0.9602,1,1,1.4,[],analyst4,Analyst Estimate Data for Equity,analyst,Analyst,analyst-analyst-estimates,Analyst Estimates
anl4_sadaf_ptp_mean,Pretax income- mean of estimations,"{'id': 'analyst4', 'name': 'Analyst Estimate Data for Equity'}","{'id': 'analyst', 'name': 'Analyst'}","{'id': 'analyst-analyst-estimates', 'name': 'Analyst Estimates'}",EUR,1,TOPCS1600,MATRIX,1.0,0.9602,4,6,1.4,[],analyst4,Analyst Estimate Data for Equity,analyst,Analyst,analyst-analyst-estimates,Analyst Estimates
anl4_sadaf_ptp_median,Pretax income- median of estimations,"{'id': 'analyst4', 'name': 'Analyst Estimate Data for Equity'}","{'id': 'analyst', 'name': 'Analyst'}","{'id': 'analyst-analyst-estimates', 'name': 'Analyst Estimates'}",EUR,1,TOPCS1600,MATRIX,1.0,0.9602,4,10,1.4,[],analyst4,Analyst Estimate Data for Equity,analyst,Analyst,analyst-analyst-estimates,Analyst Estimates
anl4_sadaf_ptp_number,Pretax income- number of estimations,"{'id': 'analyst4', 'name': 'Analyst Estimate Data for Equity'}","{'id': 'analyst', 'name': 'Analyst'}","{'id': 'analyst-analyst-estimates', 'name': 'Analyst Estimates'}",EUR,1,TOPCS1600,MATRIX,1.0,0.9602,0,0,1.4,[],analyst4,Analyst Estimate Data for Equity,analyst,Analyst,analyst-analyst-estimates,Analyst Estimates
anl4_sadaf_ptpr_high,Reported Pretax income- The highest estimation,"{'id': 'analyst4', 'name': 'Analyst Estimate Data for Equity'}","{'id': 'analyst', 'name': 'Analyst'}","{'id': 'analyst-analyst-estimates', 'name': 'Analyst Estimates'}",EUR,1,TOPCS1600,MATRIX,1.0,0.8919,3,4,1.4,[],analyst4,Analyst Estimate Data for Equity,analyst,Analyst,analyst-analyst-estimates,Analyst Estimates
anl4_sadaf_ptpr_low,Reported Pretax income- The lowest estimation,"{'id': 'analyst4', 'name': 'Analyst Estimate Data for Equity'}","{'id': 'analyst', 'name': 'Analyst'}","{'id': 'analyst-analyst-estimates', 'name': 'Analyst Estimates'}",EUR,1,TOPCS1600,MATRIX,1.0,0.8919,1,1,1.4,[],analyst4,Analyst Estimate Data for Equity,analyst,Analyst,analyst-analyst-estimates,Analyst Estimates
anl4_sadaf_ptpr_mean,Reported Pretax income- mean of estimations,"{'id': 'analyst4', 'name': 'Analyst Estimate Data for Equity'}","{'id': 'analyst', 'name': 'Analyst'}","{'id': 'analyst-analyst-estimates', 'name': 'Analyst Estimates'}",EUR,1,TOPCS1600,MATRIX,1.0,0.8919,1,1,1.4,[],analyst4,Analyst Estimate Data for Equity,analyst,Analyst,analyst-analyst-estimates,Analyst Estimates
anl4_sadaf_ptpr_median,Reported Pretax income- median of estimations,"{'id': 'analyst4', 'name': 'Analyst Estimate Data for Equity'}","{'id': 'analyst', 'name': 'Analyst'}","{'id': 'analyst-analyst-estimates', 'name': 'Analyst Estimates'}",EUR,1,TOPCS1600,MATRIX,1.0,0.8919,1,1,1.4,[],analyst4,Analyst Estimate Data for Equity,analyst,Analyst,analyst-analyst-estimates,Analyst Estimates
anl4_sadaf_ptpr_number,Reported Pretax income- number of estimations,"{'id': 'analyst4', 'name': 'Analyst Estimate Data for Equity'}","{'id': 'analyst', 'name': 'Analyst'}","{'id': 'analyst-analyst-estimates', 'name': 'Analyst Estimates'}",EUR,1,TOPCS1600,MATRIX,1.0,0.8919,0,0,1.4,[],analyst4,Analyst Estimate Data for Equity,analyst,Analyst,analyst-analyst-estimates,Analyst Estimates
anl4_sadaf_rd_exp_high,Research and Development Expense- The highest estimation,"{'id': 'analyst4', 'name': 'Analyst Estimate Data for Equity'}","{'id': 'analyst', 'name': 'Analyst'}","{'id': 'analyst-analyst-estimates', 'name': 'Analyst Estimates'}",EUR,1,TOPCS1600,MATRIX,1.0,0.3757,0,0,1.4,[],analyst4,Analyst Estimate Data for Equity,analyst,Analyst,analyst-analyst-estimates,Analyst Estimates
anl4_sadaf_rd_exp_low,Research and Development Expense- The lowest estimation,"{'id': 'analyst4', 'name': 'Analyst Estimate Data for Equity'}","{'id': 'analyst', 'name': 'Analyst'}","{'id': 'analyst-analyst-estimates', 'name': 'Analyst Estimates'}",EUR,1,TOPCS1600,MATRIX,1.0,0.3757,0,0,1.4,[],analyst4,Analyst Estimate Data for Equity,analyst,Analyst,analyst-analyst-estimates,Analyst Estimates
anl4_sadaf_rd_exp_mean,Research and Development Expense- mean of estimations,"{'id': 'analyst4', 'name': 'Analyst Estimate Data for Equity'}","{'id': 'analyst', 'name': 'Analyst'}","{'id': 'analyst-analyst-estimates', 'name': 'Analyst Estimates'}",EUR,1,TOPCS1600,MATRIX,1.0,0.3757,0,0,1.4,[],analyst4,Analyst Estimate Data for Equity,analyst,Analyst,analyst-analyst-estimates,Analyst Estimates
anl4_sadaf_rd_exp_median,Research and Development Expense- median of estimations,"{'id': 'analyst4', 'name': 'Analyst Estimate Data for Equity'}","{'id': 'analyst', 'name': 'Analyst'}","{'id': 'analyst-analyst-estimates', 'name': 'Analyst Estimates'}",EUR,1,TOPCS1600,MATRIX,1.0,0.3757,1,1,1.4,[],analyst4,Analyst Estimate Data for Equity,analyst,Analyst,analyst-analyst-estimates,Analyst Estimates
anl4_sadaf_rd_exp_number,Research and Development Expense- number of estimations,"{'id': 'analyst4', 'name': 'Analyst Estimate Data for Equity'}","{'id': 'analyst', 'name': 'Analyst'}","{'id': 'analyst-analyst-estimates', 'name': 'Analyst Estimates'}",EUR,1,TOPCS1600,MATRIX,1.0,0.3757,0,0,1.4,[],analyst4,Analyst Estimate Data for Equity,analyst,Analyst,analyst-analyst-estimates,Analyst Estimates
anl4_sadaf_tbvps_high,Tangible Book Value per Share - The highest estimation,"{'id': 'analyst4', 'name': 'Analyst Estimate Data for Equity'}","{'id': 'analyst', 'name': 'Analyst'}","{'id': 'analyst-analyst-estimates', 'name': 'Analyst Estimates'}",EUR,1,TOPCS1600,MATRIX,1.0,0.4713,1,2,1.4,[],analyst4,Analyst Estimate Data for Equity,analyst,Analyst,analyst-analyst-estimates,Analyst Estimates
anl4_sadaf_tbvps_low,Tangible Book Value per Share - The lowest estimation,"{'id': 'analyst4', 'name': 'Analyst Estimate Data for Equity'}","{'id': 'analyst', 'name': 'Analyst'}","{'id': 'analyst-analyst-estimates', 'name': 'Analyst Estimates'}",EUR,1,TOPCS1600,MATRIX,1.0,0.4713,0,0,1.4,[],analyst4,Analyst Estimate Data for Equity,analyst,Analyst,analyst-analyst-estimates,Analyst Estimates
anl4_sadaf_tbvps_mean,Tangible Book Value per Share - mean of estimations,"{'id': 'analyst4', 'name': 'Analyst Estimate Data for Equity'}","{'id': 'analyst', 'name': 'Analyst'}","{'id': 'analyst-analyst-estimates', 'name': 'Analyst Estimates'}",EUR,1,TOPCS1600,MATRIX,1.0,0.4713,0,0,1.4,[],analyst4,Analyst Estimate Data for Equity,analyst,Analyst,analyst-analyst-estimates,Analyst Estimates
anl4_sadaf_tbvps_median,Tangible Book Value per Share - median of estimations,"{'id': 'analyst4', 'name': 'Analyst Estimate Data for Equity'}","{'id': 'analyst', 'name': 'Analyst'}","{'id': 'analyst-analyst-estimates', 'name': 'Analyst Estimates'}",EUR,1,TOPCS1600,MATRIX,1.0,0.4713,0,0,1.4,[],analyst4,Analyst Estimate Data for Equity,analyst,Analyst,analyst-analyst-estimates,Analyst Estimates
anl4_sadaf_tbvps_number,Tangible Book Value per Share - number of estimations,"{'id': 'analyst4', 'name': 'Analyst Estimate Data for Equity'}","{'id': 'analyst', 'name': 'Analyst'}","{'id': 'analyst-analyst-estimates', 'name': 'Analyst Estimates'}",EUR,1,TOPCS1600,MATRIX,1.0,0.4713,0,0,1.4,[],analyst4,Analyst Estimate Data for Equity,analyst,Analyst,analyst-analyst-estimates,Analyst Estimates
anl4_sadaf_totassets_high,Total Assets - The highest estimation,"{'id': 'analyst4', 'name': 'Analyst Estimate Data for Equity'}","{'id': 'analyst', 'name': 'Analyst'}","{'id': 'analyst-analyst-estimates', 'name': 'Analyst Estimates'}",EUR,1,TOPCS1600,MATRIX,1.0,0.9412,1,1,1.4,[],analyst4,Analyst Estimate Data for Equity,analyst,Analyst,analyst-analyst-estimates,Analyst Estimates
anl4_sadaf_totassets_low,Total Assets - The lowest estimation,"{'id': 'analyst4', 'name': 'Analyst Estimate Data for Equity'}","{'id': 'analyst', 'name': 'Analyst'}","{'id': 'analyst-analyst-estimates', 'name': 'Analyst Estimates'}",EUR,1,TOPCS1600,MATRIX,1.0,0.9412,3,6,1.4,[],analyst4,Analyst Estimate Data for Equity,analyst,Analyst,analyst-analyst-estimates,Analyst Estimates
anl4_sadaf_totassets_mean,Total Assets - mean of estimations,"{'id': 'analyst4', 'name': 'Analyst Estimate Data for Equity'}","{'id': 'analyst', 'name': 'Analyst'}","{'id': 'analyst-analyst-estimates', 'name': 'Analyst Estimates'}",EUR,1,TOPCS1600,MATRIX,1.0,0.9412,0,0,1.4,[],analyst4,Analyst Estimate Data for Equity,analyst,Analyst,analyst-analyst-estimates,Analyst Estimates
anl4_sadaf_totassets_median,Total Assets - median of estimations,"{'id': 'analyst4', 'name': 'Analyst Estimate Data for Equity'}","{'id': 'analyst', 'name': 'Analyst'}","{'id': 'analyst-analyst-estimates', 'name': 'Analyst Estimates'}",EUR,1,TOPCS1600,MATRIX,1.0,0.9412,5,5,1.4,[],analyst4,Analyst Estimate Data for Equity,analyst,Analyst,analyst-analyst-estimates,Analyst Estimates
anl4_sadaf_totassets_number,Total Assets - number of estimations,"{'id': 'analyst4', 'name': 'Analyst Estimate Data for Equity'}","{'id': 'analyst', 'name': 'Analyst'}","{'id': 'analyst-analyst-estimates', 'name': 'Analyst Estimates'}",EUR,1,TOPCS1600,MATRIX,1.0,0.9412,0,0,1.4,[],analyst4,Analyst Estimate Data for Equity,analyst,Analyst,analyst-analyst-estimates,Analyst Estimates
anl4_sadaf_totassets_std,Total Assets - std of estimations,"{'id': 'analyst4', 'name': 'Analyst Estimate Data for Equity'}","{'id': 'analyst', 'name': 'Analyst'}","{'id': 'analyst-analyst-estimates', 'name': 'Analyst Estimates'}",EUR,1,TOPCS1600,MATRIX,1.0,0.574,2,2,1.4,[],analyst4,Analyst Estimate Data for Equity,analyst,Analyst,analyst-analyst-estimates,Analyst Estimates
anl4_sadaf_totgw_high,Total Goodwill - The highest estimation,"{'id': 'analyst4', 'name': 'Analyst Estimate Data for Equity'}","{'id': 'analyst', 'name': 'Analyst'}","{'id': 'analyst-analyst-estimates', 'name': 'Analyst Estimates'}",EUR,1,TOPCS1600,MATRIX,1.0,0.8856,0,0,1.4,[],analyst4,Analyst Estimate Data for Equity,analyst,Analyst,analyst-analyst-estimates,Analyst Estimates
anl4_sadaf_totgw_low,Total Goodwill - The lowest estimation,"{'id': 'analyst4', 'name': 'Analyst Estimate Data for Equity'}","{'id': 'analyst', 'name': 'Analyst'}","{'id': 'analyst-analyst-estimates', 'name': 'Analyst Estimates'}",EUR,1,TOPCS1600,MATRIX,1.0,0.8856,1,1,1.4,[],analyst4,Analyst Estimate Data for Equity,analyst,Analyst,analyst-analyst-estimates,Analyst Estimates
anl4_sadaf_totgw_mean,Total Goodwill - mean of estimations,"{'id': 'analyst4', 'name': 'Analyst Estimate Data for Equity'}","{'id': 'analyst', 'name': 'Analyst'}","{'id': 'analyst-analyst-estimates', 'name': 'Analyst Estimates'}",EUR,1,TOPCS1600,MATRIX,1.0,0.8856,1,3,1.4,[],analyst4,Analyst Estimate Data for Equity,analyst,Analyst,analyst-analyst-estimates,Analyst Estimates
anl4_sadaf_totgw_median,Total Goodwill - median of estimations,"{'id': 'analyst4', 'name': 'Analyst Estimate Data for Equity'}","{'id': 'analyst', 'name': 'Analyst'}","{'id': 'analyst-analyst-estimates', 'name': 'Analyst Estimates'}",EUR,1,TOPCS1600,MATRIX,1.0,0.8856,1,1,1.4,[],analyst4,Analyst Estimate Data for Equity,analyst,Analyst,analyst-analyst-estimates,Analyst Estimates
anl4_sadaf_totgw_number,Total Goodwill - number of estimations,"{'id': 'analyst4', 'name': 'Analyst Estimate Data for Equity'}","{'id': 'analyst', 'name': 'Analyst'}","{'id': 'analyst-analyst-estimates', 'name': 'Analyst Estimates'}",EUR,1,TOPCS1600,MATRIX,1.0,0.8856,0,0,1.4,[],analyst4,Analyst Estimate Data for Equity,analyst,Analyst,analyst-analyst-estimates,Analyst Estimates
anl4_sadaf_totgw_std,Total Goodwill - std of estimations,"{'id': 'analyst4', 'name': 'Analyst Estimate Data for Equity'}","{'id': 'analyst', 'name': 'Analyst'}","{'id': 'analyst-analyst-estimates', 'name': 'Analyst Estimates'}",EUR,1,TOPCS1600,MATRIX,1.0,0.4245,0,0,1.4,[],analyst4,Analyst Estimate Data for Equity,analyst,Analyst,analyst-analyst-estimates,Analyst Estimates
anl4_tbve_ft,Tangible Book Value per Share - forecast type (revision/new/...),"{'id': 'analyst4', 'name': 'Analyst Estimate Data for Equity'}","{'id': 'analyst', 'name': 'Analyst'}","{'id': 'analyst-analyst-estimates', 'name': 'Analyst Estimates'}",EUR,1,TOPCS1600,MATRIX,,1.0,0,0,1.4,[],analyst4,Analyst Estimate Data for Equity,analyst,Analyst,analyst-analyst-estimates,Analyst Estimates
anl4_tot_gw_ft,Total Goodwill - forecast type (revision/new/...),"{'id': 'analyst4', 'name': 'Analyst Estimate Data for Equity'}","{'id': 'analyst', 'name': 'Analyst'}","{'id': 'analyst-analyst-estimates', 'name': 'Analyst Estimates'}",EUR,1,TOPCS1600,MATRIX,,0.9603,0,0,1.4,[],analyst4,Analyst Estimate Data for Equity,analyst,Analyst,analyst-analyst-estimates,Analyst Estimates
anl4_totassets_flag,Total Assets - forecast type (revision/new/...),"{'id': 'analyst4', 'name': 'Analyst Estimate Data for Equity'}","{'id': 'analyst', 'name': 'Analyst'}","{'id': 'analyst-analyst-estimates', 'name': 'Analyst Estimates'}",EUR,1,TOPCS1600,MATRIX,,0.9232,24,63,1.4,[],analyst4,Analyst Estimate Data for Equity,analyst,Analyst,analyst-analyst-estimates,Analyst Estimates
capital_expenditure_estimate_average,Capital Expenditures - mean of estimations,"{'id': 'analyst4', 'name': 'Analyst Estimate Data for Equity'}","{'id': 'analyst', 'name': 'Analyst'}","{'id': 'analyst-analyst-estimates', 'name': 'Analyst Estimates'}",EUR,1,TOPCS1600,MATRIX,1.0,0.2883,0,0,1.4,[],analyst4,Analyst Estimate Data for Equity,analyst,Analyst,analyst-analyst-estimates,Analyst Estimates
capital_expenditure_estimate_count,Capital Expenditures - number of estimations,"{'id': 'analyst4', 'name': 'Analyst Estimate Data for Equity'}","{'id': 'analyst', 'name': 'Analyst'}","{'id': 'analyst-analyst-estimates', 'name': 'Analyst Estimates'}",EUR,1,TOPCS1600,MATRIX,1.0,0.2883,0,0,1.4,[],analyst4,Analyst Estimate Data for Equity,analyst,Analyst,analyst-analyst-estimates,Analyst Estimates
free_cash_flow_estimate_count,Free cash flow- number of estimations,"{'id': 'analyst4', 'name': 'Analyst Estimate Data for Equity'}","{'id': 'analyst', 'name': 'Analyst'}","{'id': 'analyst-analyst-estimates', 'name': 'Analyst Estimates'}",EUR,1,TOPCS1600,MATRIX,1.0,0.2905,0,0,1.4,[],analyst4,Analyst Estimate Data for Equity,analyst,Analyst,analyst-analyst-estimates,Analyst Estimates
free_cash_flow_estimate_median,"Free cash flow- aggregation on estimations, 50th-percentile","{'id': 'analyst4', 'name': 'Analyst Estimate Data for Equity'}","{'id': 'analyst', 'name': 'Analyst'}","{'id': 'analyst-analyst-estimates', 'name': 'Analyst Estimates'}",EUR,1,TOPCS1600,MATRIX,1.0,0.2905,3,4,1.4,[],analyst4,Analyst Estimate Data for Equity,analyst,Analyst,analyst-analyst-estimates,Analyst Estimates
quarterly_capex_high_value,Capital Expenditures - The highest estimation,"{'id': 'analyst4', 'name': 'Analyst Estimate Data for Equity'}","{'id': 'analyst', 'name': 'Analyst'}","{'id': 'analyst-analyst-estimates', 'name': 'Analyst Estimates'}",EUR,1,TOPCS1600,MATRIX,1.0,0.2883,0,0,1.4,[],analyst4,Analyst Estimate Data for Equity,analyst,Analyst,analyst-analyst-estimates,Analyst Estimates
quarterly_capex_low_value,Capital Expenditures - The lowest estimation,"{'id': 'analyst4', 'name': 'Analyst Estimate Data for Equity'}","{'id': 'analyst', 'name': 'Analyst'}","{'id': 'analyst-analyst-estimates', 'name': 'Analyst Estimates'}",EUR,1,TOPCS1600,MATRIX,1.0,0.2883,0,0,1.4,[],analyst4,Analyst Estimate Data for Equity,analyst,Analyst,analyst-analyst-estimates,Analyst Estimates
quarterly_capex_median_value,Capital Expenditures - median of estimations,"{'id': 'analyst4', 'name': 'Analyst Estimate Data for Equity'}","{'id': 'analyst', 'name': 'Analyst'}","{'id': 'analyst-analyst-estimates', 'name': 'Analyst Estimates'}",EUR,1,TOPCS1600,MATRIX,1.0,0.2883,0,0,1.4,[],analyst4,Analyst Estimate Data for Equity,analyst,Analyst,analyst-analyst-estimates,Analyst Estimates
quarterly_ebitda_standard_deviation,"Earnings before interest, taxes, depreciation and amortization - std of estimations","{'id': 'analyst4', 'name': 'Analyst Estimate Data for Equity'}","{'id': 'analyst', 'name': 'Analyst'}","{'id': 'analyst-analyst-estimates', 'name': 'Analyst Estimates'}",EUR,1,TOPCS1600,MATRIX,1.0,0.2573,0,0,1.4,[],analyst4,Analyst Estimate Data for Equity,analyst,Analyst,analyst-analyst-estimates,Analyst Estimates
quarterly_free_cash_flow_high,"Free cash flow- aggregation on estimations, max","{'id': 'analyst4', 'name': 'Analyst Estimate Data for Equity'}","{'id': 'analyst', 'name': 'Analyst'}","{'id': 'analyst-analyst-estimates', 'name': 'Analyst Estimates'}",EUR,1,TOPCS1600,MATRIX,1.0,0.2905,0,0,1.4,[],analyst4,Analyst Estimate Data for Equity,analyst,Analyst,analyst-analyst-estimates,Analyst Estimates
quarterly_free_cash_flow_low,Free cash flow- The lowest estimation,"{'id': 'analyst4', 'name': 'Analyst Estimate Data for Equity'}","{'id': 'analyst', 'name': 'Analyst'}","{'id': 'analyst-analyst-estimates', 'name': 'Analyst Estimates'}",EUR,1,TOPCS1600,MATRIX,1.0,0.2905,0,0,1.4,[],analyst4,Analyst Estimate Data for Equity,analyst,Analyst,analyst-analyst-estimates,Analyst Estimates
quarterly_free_cash_flow_mean,Free cash flow- mean of estimations,"{'id': 'analyst4', 'name': 'Analyst Estimate Data for Equity'}","{'id': 'analyst', 'name': 'Analyst'}","{'id': 'analyst-analyst-estimates', 'name': 'Analyst Estimates'}",EUR,1,TOPCS1600,MATRIX,1.0,0.2905,4,4,1.4,[],analyst4,Analyst Estimate Data for Equity,analyst,Analyst,analyst-analyst-estimates,Analyst Estimates
quarterly_shareholders_equity_high,Highest value of shareholders’ equity estimate for the quarter.,"{'id': 'analyst4', 'name': 'Analyst Estimate Data for Equity'}","{'id': 'analyst', 'name': 'Analyst'}","{'id': 'analyst-analyst-estimates', 'name': 'Analyst Estimates'}",EUR,1,TOPCS1600,MATRIX,1.0,0.4925,0,0,1.4,[],analyst4,Analyst Estimate Data for Equity,analyst,Analyst,analyst-analyst-estimates,Analyst Estimates
quarterly_shareholders_equity_median,Median value of shareholders’ equity estimate for the quarter.,"{'id': 'analyst4', 'name': 'Analyst Estimate Data for Equity'}","{'id': 'analyst', 'name': 'Analyst'}","{'id': 'analyst-analyst-estimates', 'name': 'Analyst Estimates'}",EUR,1,TOPCS1600,MATRIX,1.0,0.4925,0,0,1.4,[],analyst4,Analyst Estimate Data for Equity,analyst,Analyst,analyst-analyst-estimates,Analyst Estimates
sales_estimate_average_2,Average value of broker estimates for sales.,"{'id': 'analyst4', 'name': 'Analyst Estimate Data for Equity'}","{'id': 'analyst', 'name': 'Analyst'}","{'id': 'analyst-analyst-estimates', 'name': 'Analyst Estimates'}",EUR,1,TOPCS1600,MATRIX,1.0,0.9639,3,3,1.4,[],analyst4,Analyst Estimate Data for Equity,analyst,Analyst,analyst-analyst-estimates,Analyst Estimates
sales_estimate_average_quarterly,Sales - mean of estimations,"{'id': 'analyst4', 'name': 'Analyst Estimate Data for Equity'}","{'id': 'analyst', 'name': 'Analyst'}","{'id': 'analyst-analyst-estimates', 'name': 'Analyst Estimates'}",EUR,1,TOPCS1600,MATRIX,1.0,0.7382,0,0,1.4,[],analyst4,Analyst Estimate Data for Equity,analyst,Analyst,analyst-analyst-estimates,Analyst Estimates
sales_estimate_count_3,Number of broker estimates for sales.,"{'id': 'analyst4', 'name': 'Analyst Estimate Data for Equity'}","{'id': 'analyst', 'name': 'Analyst'}","{'id': 'analyst-analyst-estimates', 'name': 'Analyst Estimates'}",EUR,1,TOPCS1600,MATRIX,1.0,0.9639,1,2,1.4,[],analyst4,Analyst Estimate Data for Equity,analyst,Analyst,analyst-analyst-estimates,Analyst Estimates
sales_estimate_count_quarterly,Sales - number of estimations,"{'id': 'analyst4', 'name': 'Analyst Estimate Data for Equity'}","{'id': 'analyst', 'name': 'Analyst'}","{'id': 'analyst-analyst-estimates', 'name': 'Analyst Estimates'}",EUR,1,TOPCS1600,MATRIX,1.0,0.7382,1,2,1.4,[],analyst4,Analyst Estimate Data for Equity,analyst,Analyst,analyst-analyst-estimates,Analyst Estimates
sales_estimate_maximum_2,Highest value among broker estimates for sales.,"{'id': 'analyst4', 'name': 'Analyst Estimate Data for Equity'}","{'id': 'analyst', 'name': 'Analyst'}","{'id': 'analyst-analyst-estimates', 'name': 'Analyst Estimates'}",EUR,1,TOPCS1600,MATRIX,1.0,0.9639,1,1,1.4,[],analyst4,Analyst Estimate Data for Equity,analyst,Analyst,analyst-analyst-estimates,Analyst Estimates
sales_estimate_maximum_quarterly,Sales - The highest estimation,"{'id': 'analyst4', 'name': 'Analyst Estimate Data for Equity'}","{'id': 'analyst', 'name': 'Analyst'}","{'id': 'analyst-analyst-estimates', 'name': 'Analyst Estimates'}",EUR,1,TOPCS1600,MATRIX,1.0,0.7382,1,1,1.4,[],analyst4,Analyst Estimate Data for Equity,analyst,Analyst,analyst-analyst-estimates,Analyst Estimates
sales_estimate_median,Median value of broker estimates for sales.,"{'id': 'analyst4', 'name': 'Analyst Estimate Data for Equity'}","{'id': 'analyst', 'name': 'Analyst'}","{'id': 'analyst-analyst-estimates', 'name': 'Analyst Estimates'}",EUR,1,TOPCS1600,MATRIX,1.0,0.9639,2,4,1.4,[],analyst4,Analyst Estimate Data for Equity,analyst,Analyst,analyst-analyst-estimates,Analyst Estimates
sales_estimate_median_quarterly,Sales - median of estimations,"{'id': 'analyst4', 'name': 'Analyst Estimate Data for Equity'}","{'id': 'analyst', 'name': 'Analyst'}","{'id': 'analyst-analyst-estimates', 'name': 'Analyst Estimates'}",EUR,1,TOPCS1600,MATRIX,1.0,0.7382,0,0,1.4,[],analyst4,Analyst Estimate Data for Equity,analyst,Analyst,analyst-analyst-estimates,Analyst Estimates
sales_estimate_minimum_2,Lowest value among broker estimates for sales.,"{'id': 'analyst4', 'name': 'Analyst Estimate Data for Equity'}","{'id': 'analyst', 'name': 'Analyst'}","{'id': 'analyst-analyst-estimates', 'name': 'Analyst Estimates'}",EUR,1,TOPCS1600,MATRIX,1.0,0.9639,0,0,1.4,[],analyst4,Analyst Estimate Data for Equity,analyst,Analyst,analyst-analyst-estimates,Analyst Estimates
sales_estimate_minimum_quarterly,Sales - The lowest estimation,"{'id': 'analyst4', 'name': 'Analyst Estimate Data for Equity'}","{'id': 'analyst', 'name': 'Analyst'}","{'id': 'analyst-analyst-estimates', 'name': 'Analyst Estimates'}",EUR,1,TOPCS1600,MATRIX,1.0,0.7382,1,1,1.4,[],analyst4,Analyst Estimate Data for Equity,analyst,Analyst,analyst-analyst-estimates,Analyst Estimates
sales_estimate_standard_deviation_2,Standard deviation of broker estimates for sales.,"{'id': 'analyst4', 'name': 'Analyst Estimate Data for Equity'}","{'id': 'analyst', 'name': 'Analyst'}","{'id': 'analyst-analyst-estimates', 'name': 'Analyst Estimates'}",EUR,1,TOPCS1600,MATRIX,1.0,0.6341,0,0,1.4,[],analyst4,Analyst Estimate Data for Equity,analyst,Analyst,analyst-analyst-estimates,Analyst Estimates
sales_estimate_stddev_quarterly,Standard deviation of Sales estimations,"{'id': 'analyst4', 'name': 'Analyst Estimate Data for Equity'}","{'id': 'analyst', 'name': 'Analyst'}","{'id': 'analyst-analyst-estimates', 'name': 'Analyst Estimates'}",EUR,1,TOPCS1600,MATRIX,1.0,0.405,1,1,1.4,[],analyst4,Analyst Estimate Data for Equity,analyst,Analyst,analyst-analyst-estimates,Analyst Estimates
selling_general_admin_expense_estimate_average,"Average value of broker estimates for selling, general, and administrative expenses.","{'id': 'analyst4', 'name': 'Analyst Estimate Data for Equity'}","{'id': 'analyst', 'name': 'Analyst'}","{'id': 'analyst-analyst-estimates', 'name': 'Analyst Estimates'}",EUR,1,TOPCS1600,MATRIX,1.0,0.4942,0,0,1.4,[],analyst4,Analyst Estimate Data for Equity,analyst,Analyst,analyst-analyst-estimates,Analyst Estimates
selling_general_admin_expense_estimate_count,"Number of broker estimates for selling, general, and administrative expenses.","{'id': 'analyst4', 'name': 'Analyst Estimate Data for Equity'}","{'id': 'analyst', 'name': 'Analyst'}","{'id': 'analyst-analyst-estimates', 'name': 'Analyst Estimates'}",EUR,1,TOPCS1600,MATRIX,1.0,0.4942,0,0,1.4,[],analyst4,Analyst Estimate Data for Equity,analyst,Analyst,analyst-analyst-estimates,Analyst Estimates
selling_general_admin_expense_estimate_maximum,"Highest value among broker estimates for selling, general, and administrative expenses.","{'id': 'analyst4', 'name': 'Analyst Estimate Data for Equity'}","{'id': 'analyst', 'name': 'Analyst'}","{'id': 'analyst-analyst-estimates', 'name': 'Analyst Estimates'}",EUR,1,TOPCS1600,MATRIX,1.0,0.4942,0,0,1.4,[],analyst4,Analyst Estimate Data for Equity,analyst,Analyst,analyst-analyst-estimates,Analyst Estimates
selling_general_admin_expense_estimate_median,"Median value of broker estimates for selling, general, and administrative expenses.","{'id': 'analyst4', 'name': 'Analyst Estimate Data for Equity'}","{'id': 'analyst', 'name': 'Analyst'}","{'id': 'analyst-analyst-estimates', 'name': 'Analyst Estimates'}",EUR,1,TOPCS1600,MATRIX,1.0,0.4942,1,1,1.4,[],analyst4,Analyst Estimate Data for Equity,analyst,Analyst,analyst-analyst-estimates,Analyst Estimates
selling_general_admin_expense_estimate_minimum,"Lowest value among broker estimates for selling, general, and administrative expenses.","{'id': 'analyst4', 'name': 'Analyst Estimate Data for Equity'}","{'id': 'analyst', 'name': 'Analyst'}","{'id': 'analyst-analyst-estimates', 'name': 'Analyst Estimates'}",EUR,1,TOPCS1600,MATRIX,1.0,0.4942,0,0,1.4,[],analyst4,Analyst Estimate Data for Equity,analyst,Analyst,analyst-analyst-estimates,Analyst Estimates
shareholders_equity_estimate_average,Average value of broker estimates for shareholders' equity.,"{'id': 'analyst4', 'name': 'Analyst Estimate Data for Equity'}","{'id': 'analyst', 'name': 'Analyst'}","{'id': 'analyst-analyst-estimates', 'name': 'Analyst Estimates'}",EUR,1,TOPCS1600,MATRIX,1.0,0.4925,0,0,1.4,[],analyst4,Analyst Estimate Data for Equity,analyst,Analyst,analyst-analyst-estimates,Analyst Estimates
shareholders_equity_estimate_average_af,Average value of broker estimates for shareholders' equity (annual frequency).,"{'id': 'analyst4', 'name': 'Analyst Estimate Data for Equity'}","{'id': 'analyst', 'name': 'Analyst'}","{'id': 'analyst-analyst-estimates', 'name': 'Analyst Estimates'}",EUR,1,TOPCS1600,MATRIX,1.0,0.9579,1,1,1.4,[],analyst4,Analyst Estimate Data for Equity,analyst,Analyst,analyst-analyst-estimates,Analyst Estimates
shareholders_equity_estimate_count,Number of broker estimates for shareholders' equity.,"{'id': 'analyst4', 'name': 'Analyst Estimate Data for Equity'}","{'id': 'analyst', 'name': 'Analyst'}","{'id': 'analyst-analyst-estimates', 'name': 'Analyst Estimates'}",EUR,1,TOPCS1600,MATRIX,1.0,0.4925,0,0,1.4,[],analyst4,Analyst Estimate Data for Equity,analyst,Analyst,analyst-analyst-estimates,Analyst Estimates
shareholders_equity_estimate_count_af,Number of broker estimates for shareholders' equity (annual frequency).,"{'id': 'analyst4', 'name': 'Analyst Estimate Data for Equity'}","{'id': 'analyst', 'name': 'Analyst'}","{'id': 'analyst-analyst-estimates', 'name': 'Analyst Estimates'}",EUR,1,TOPCS1600,MATRIX,1.0,0.9579,0,0,1.4,[],analyst4,Analyst Estimate Data for Equity,analyst,Analyst,analyst-analyst-estimates,Analyst Estimates
shareholders_equity_estimate_maximum,Highest value among broker estimates for shareholders' equity.,"{'id': 'analyst4', 'name': 'Analyst Estimate Data for Equity'}","{'id': 'analyst', 'name': 'Analyst'}","{'id': 'analyst-analyst-estimates', 'name': 'Analyst Estimates'}",EUR,1,TOPCS1600,MATRIX,1.0,0.9579,0,0,1.4,[],analyst4,Analyst Estimate Data for Equity,analyst,Analyst,analyst-analyst-estimates,Analyst Estimates
shareholders_equity_estimate_median,Median value of broker estimates for shareholders' equity.,"{'id': 'analyst4', 'name': 'Analyst Estimate Data for Equity'}","{'id': 'analyst', 'name': 'Analyst'}","{'id': 'analyst-analyst-estimates', 'name': 'Analyst Estimates'}",EUR,1,TOPCS1600,MATRIX,1.0,0.9579,0,0,1.4,[],analyst4,Analyst Estimate Data for Equity,analyst,Analyst,analyst-analyst-estimates,Analyst Estimates
shareholders_equity_estimate_minimum,Lowest value among broker estimates for shareholders' equity.,"{'id': 'analyst4', 'name': 'Analyst Estimate Data for Equity'}","{'id': 'analyst', 'name': 'Analyst'}","{'id': 'analyst-analyst-estimates', 'name': 'Analyst Estimates'}",EUR,1,TOPCS1600,MATRIX,1.0,0.4925,0,0,1.4,[],analyst4,Analyst Estimate Data for Equity,analyst,Analyst,analyst-analyst-estimates,Analyst Estimates
shareholders_equity_estimate_minimum_af,Lowest value among broker estimates for shareholders' equity (annual frequency).,"{'id': 'analyst4', 'name': 'Analyst Estimate Data for Equity'}","{'id': 'analyst', 'name': 'Analyst'}","{'id': 'analyst-analyst-estimates', 'name': 'Analyst Estimates'}",EUR,1,TOPCS1600,MATRIX,1.0,0.9579,1,1,1.4,[],analyst4,Analyst Estimate Data for Equity,analyst,Analyst,analyst-analyst-estimates,Analyst Estimates
shareholders_equity_estimate_standard_deviation,Standard deviation of broker estimates for shareholders' equity.,"{'id': 'analyst4', 'name': 'Analyst Estimate Data for Equity'}","{'id': 'analyst', 'name': 'Analyst'}","{'id': 'analyst-analyst-estimates', 'name': 'Analyst Estimates'}",EUR,1,TOPCS1600,MATRIX,1.0,0.6311,0,0,1.4,[],analyst4,Analyst Estimate Data for Equity,analyst,Analyst,analyst-analyst-estimates,Analyst Estimates
