id,description,dataset,category,subcategory,region,delay,universe,type,dateCoverage,coverage,userCount,alphaCount,pyramidMultiplier,themes,dataset_id,dataset_name,category_id,category_name,subcategory_id,subcategory_name
fnd28_a_value_08301,value of field: Return on Equity Total (%),"{'id': 'fundamental28', 'name': 'Global Fundamental Data'}","{'id': 'fundamental', 'name': 'Fundamental'}","{'id': 'fundamental-fundamental-data', 'name': 'Fundamental Data'}",GLB,1,TOPDIV3000,MATRIX,1.0,0.9509,44,69,1.6,[],fundamental28,Global Fundamental Data,fundamental,Fundamental,fundamental-fundamental-data,Fundamental Data
fnd28_a_value_08316,value of field: Operating Profit Margin,"{'id': 'fundamental28', 'name': 'Global Fundamental Data'}","{'id': 'fundamental', 'name': 'Fundamental'}","{'id': 'fundamental-fundamental-data', 'name': 'Fundamental Data'}",GLB,1,TOPDIV3000,MATRIX,1.0,0.9555,21,37,1.6,[],fundamental28,Global Fundamental Data,fundamental,Fundamental,fundamental-fundamental-data,Fundamental Data
fnd28_a_value_08326,value of field: Return on Assets,"{'id': 'fundamental28', 'name': 'Global Fundamental Data'}","{'id': 'fundamental', 'name': 'Fundamental'}","{'id': 'fundamental-fundamental-data', 'name': 'Fundamental Data'}",GLB,1,TOPDIV3000,MATRIX,1.0,0.9565,19,25,1.6,[],fundamental28,Global Fundamental Data,fundamental,Fundamental,fundamental-fundamental-data,Fundamental Data
fnd28_a_value_08346,value of field: Tax Rate,"{'id': 'fundamental28', 'name': 'Global Fundamental Data'}","{'id': 'fundamental', 'name': 'Fundamental'}","{'id': 'fundamental-fundamental-data', 'name': 'Fundamental Data'}",GLB,1,TOPDIV3000,MATRIX,1.0,0.9131,31,63,1.6,[],fundamental28,Global Fundamental Data,fundamental,Fundamental,fundamental-fundamental-data,Fundamental Data
fnd28_a_value_08366,value of field: Net Margin,"{'id': 'fundamental28', 'name': 'Global Fundamental Data'}","{'id': 'fundamental', 'name': 'Fundamental'}","{'id': 'fundamental-fundamental-data', 'name': 'Fundamental Data'}",GLB,1,TOPDIV3000,MATRIX,1.0,0.9543,19,27,1.6,[],fundamental28,Global Fundamental Data,fundamental,Fundamental,fundamental-fundamental-data,Fundamental Data
fnd28_a_value_08371,value of field: Return on Equity - per Share,"{'id': 'fundamental28', 'name': 'Global Fundamental Data'}","{'id': 'fundamental', 'name': 'Fundamental'}","{'id': 'fundamental-fundamental-data', 'name': 'Fundamental Data'}",GLB,1,TOPDIV3000,MATRIX,1.0,0.9505,23,43,1.6,[],fundamental28,Global Fundamental Data,fundamental,Fundamental,fundamental-fundamental-data,Fundamental Data
fnd28_a_value_08381,value of field: Cash Earnings Return on Equity,"{'id': 'fundamental28', 'name': 'Global Fundamental Data'}","{'id': 'fundamental', 'name': 'Fundamental'}","{'id': 'fundamental-fundamental-data', 'name': 'Fundamental Data'}",GLB,1,TOPDIV3000,MATRIX,1.0,0.9524,15,20,1.6,[],fundamental28,Global Fundamental Data,fundamental,Fundamental,fundamental-fundamental-data,Fundamental Data
fnd28_a_value_08631,value of field: Net Sales/Revenues Growth,"{'id': 'fundamental28', 'name': 'Global Fundamental Data'}","{'id': 'fundamental', 'name': 'Fundamental'}","{'id': 'fundamental-fundamental-data', 'name': 'Fundamental Data'}",GLB,1,TOPDIV3000,MATRIX,1.0,0.9497,13,18,1.6,[],fundamental28,Global Fundamental Data,fundamental,Fundamental,fundamental-fundamental-data,Fundamental Data
fnd28_astut_value_08136a,value of annual field: Inventory Turnover,"{'id': 'fundamental28', 'name': 'Global Fundamental Data'}","{'id': 'fundamental', 'name': 'Fundamental'}","{'id': 'fundamental-fundamental-data', 'name': 'Fundamental Data'}",GLB,1,TOPDIV3000,MATRIX,1.0,0.8095,28,52,1.6,[],fundamental28,Global Fundamental Data,fundamental,Fundamental,fundamental-fundamental-data,Fundamental Data
fnd28_astut_value_08141a,value of annual field: Net Sales % Working Capital,"{'id': 'fundamental28', 'name': 'Global Fundamental Data'}","{'id': 'fundamental', 'name': 'Fundamental'}","{'id': 'fundamental-fundamental-data', 'name': 'Fundamental Data'}",GLB,1,TOPDIV3000,MATRIX,1.0,0.8826,5,5,1.6,[],fundamental28,Global Fundamental Data,fundamental,Fundamental,fundamental-fundamental-data,Fundamental Data
fnd28_astut_value_08401a,value of annual field: Total Asset Turnover,"{'id': 'fundamental28', 'name': 'Global Fundamental Data'}","{'id': 'fundamental', 'name': 'Fundamental'}","{'id': 'fundamental-fundamental-data', 'name': 'Fundamental Data'}",GLB,1,TOPDIV3000,MATRIX,1.0,1.0,16,25,1.6,[],fundamental28,Global Fundamental Data,fundamental,Fundamental,fundamental-fundamental-data,Fundamental Data
fnd28_astut_value_08406a,value of annual field: Assets per Employee,"{'id': 'fundamental28', 'name': 'Global Fundamental Data'}","{'id': 'fundamental', 'name': 'Fundamental'}","{'id': 'fundamental-fundamental-data', 'name': 'Fundamental Data'}",GLB,1,TOPDIV3000,MATRIX,1.0,1.0,3,5,1.6,[],fundamental28,Global Fundamental Data,fundamental,Fundamental,fundamental-fundamental-data,Fundamental Data
fnd28_astut_value_08411a,value of annual field: Capital Expenditure % Gross Fixed Assets,"{'id': 'fundamental28', 'name': 'Global Fundamental Data'}","{'id': 'fundamental', 'name': 'Fundamental'}","{'id': 'fundamental-fundamental-data', 'name': 'Fundamental Data'}",GLB,1,TOPDIV3000,MATRIX,1.0,0.8805,2,3,1.6,[],fundamental28,Global Fundamental Data,fundamental,Fundamental,fundamental-fundamental-data,Fundamental Data
fnd28_astut_value_08416a,value of annual field: Capital Expenditure % Total Assets,"{'id': 'fundamental28', 'name': 'Global Fundamental Data'}","{'id': 'fundamental', 'name': 'Fundamental'}","{'id': 'fundamental-fundamental-data', 'name': 'Fundamental Data'}",GLB,1,TOPDIV3000,MATRIX,1.0,0.99,8,10,1.6,[],fundamental28,Global Fundamental Data,fundamental,Fundamental,fundamental-fundamental-data,Fundamental Data
fnd28_astut_value_08421a,value of annual field: Capital Expenditure % Sales,"{'id': 'fundamental28', 'name': 'Global Fundamental Data'}","{'id': 'fundamental', 'name': 'Fundamental'}","{'id': 'fundamental-fundamental-data', 'name': 'Fundamental Data'}",GLB,1,TOPDIV3000,MATRIX,1.0,0.9422,8,10,1.6,[],fundamental28,Global Fundamental Data,fundamental,Fundamental,fundamental-fundamental-data,Fundamental Data
fnd28_astut_value_08426a,value of annual field: Accumulated Depreciation % Gross Fixed Assets,"{'id': 'fundamental28', 'name': 'Global Fundamental Data'}","{'id': 'fundamental', 'name': 'Fundamental'}","{'id': 'fundamental-fundamental-data', 'name': 'Fundamental Data'}",GLB,1,TOPDIV3000,MATRIX,1.0,0.8807,4,6,1.6,[],fundamental28,Global Fundamental Data,fundamental,Fundamental,fundamental-fundamental-data,Fundamental Data
fnd28_astut_value_08431a,value of annual field: Net Sales to Gross Fixed Asset,"{'id': 'fundamental28', 'name': 'Global Fundamental Data'}","{'id': 'fundamental', 'name': 'Fundamental'}","{'id': 'fundamental-fundamental-data', 'name': 'Fundamental Data'}",GLB,1,TOPDIV3000,MATRIX,1.0,0.8813,5,5,1.6,[],fundamental28,Global Fundamental Data,fundamental,Fundamental,fundamental-fundamental-data,Fundamental Data
fnd28_bdea_value_03040a,value of annual field: Accounts Payable,"{'id': 'fundamental28', 'name': 'Global Fundamental Data'}","{'id': 'fundamental', 'name': 'Fundamental'}","{'id': 'fundamental-fundamental-data', 'name': 'Fundamental Data'}",GLB,1,TOPDIV3000,MATRIX,1.0,0.8842,5,10,1.6,[],fundamental28,Global Fundamental Data,fundamental,Fundamental,fundamental-fundamental-data,Fundamental Data
fnd28_bdea_value_03051a,value of annual field: Short Term Debt & Current Portion of Long Term Debt,"{'id': 'fundamental28', 'name': 'Global Fundamental Data'}","{'id': 'fundamental', 'name': 'Fundamental'}","{'id': 'fundamental-fundamental-data', 'name': 'Fundamental Data'}",GLB,1,TOPDIV3000,MATRIX,1.0,0.9137,2,2,1.6,[],fundamental28,Global Fundamental Data,fundamental,Fundamental,fundamental-fundamental-data,Fundamental Data
fnd28_bdea_value_03054a,value of annual field: Accrued Payroll,"{'id': 'fundamental28', 'name': 'Global Fundamental Data'}","{'id': 'fundamental', 'name': 'Fundamental'}","{'id': 'fundamental-fundamental-data', 'name': 'Fundamental Data'}",GLB,1,TOPDIV3000,MATRIX,1.0,0.655,2,2,1.6,[],fundamental28,Global Fundamental Data,fundamental,Fundamental,fundamental-fundamental-data,Fundamental Data
fnd28_bdea_value_03061a,value of annual field: Dividends Payable,"{'id': 'fundamental28', 'name': 'Global Fundamental Data'}","{'id': 'fundamental', 'name': 'Fundamental'}","{'id': 'fundamental-fundamental-data', 'name': 'Fundamental Data'}",GLB,1,TOPDIV3000,MATRIX,1.0,0.3199,0,0,1.6,[],fundamental28,Global Fundamental Data,fundamental,Fundamental,fundamental-fundamental-data,Fundamental Data
fnd28_bdea_value_03062a,value of annual field: Interest Payable,"{'id': 'fundamental28', 'name': 'Global Fundamental Data'}","{'id': 'fundamental', 'name': 'Fundamental'}","{'id': 'fundamental-fundamental-data', 'name': 'Fundamental Data'}",GLB,1,TOPDIV3000,MATRIX,1.0,0.2851,0,0,1.6,[],fundamental28,Global Fundamental Data,fundamental,Fundamental,fundamental-fundamental-data,Fundamental Data
fnd28_bdea_value_03063a,value of annual field: Income Taxes Payable,"{'id': 'fundamental28', 'name': 'Global Fundamental Data'}","{'id': 'fundamental', 'name': 'Fundamental'}","{'id': 'fundamental-fundamental-data', 'name': 'Fundamental Data'}",GLB,1,TOPDIV3000,MATRIX,1.0,0.8565,2,2,1.6,[],fundamental28,Global Fundamental Data,fundamental,Fundamental,fundamental-fundamental-data,Fundamental Data
fnd28_bdea_value_03066a,value of annual field: Other Current Liabilities,"{'id': 'fundamental28', 'name': 'Global Fundamental Data'}","{'id': 'fundamental', 'name': 'Fundamental'}","{'id': 'fundamental-fundamental-data', 'name': 'Fundamental Data'}",GLB,1,TOPDIV3000,MATRIX,1.0,0.8827,1,1,1.6,[],fundamental28,Global Fundamental Data,fundamental,Fundamental,fundamental-fundamental-data,Fundamental Data
fnd28_bdea_value_03069a,value of annual field: Other Accrued Expenses,"{'id': 'fundamental28', 'name': 'Global Fundamental Data'}","{'id': 'fundamental', 'name': 'Fundamental'}","{'id': 'fundamental-fundamental-data', 'name': 'Fundamental Data'}",GLB,1,TOPDIV3000,MATRIX,1.0,0.798,1,1,1.6,[],fundamental28,Global Fundamental Data,fundamental,Fundamental,fundamental-fundamental-data,Fundamental Data
fnd28_bdea_value_03101a,value of annual field: Current Liabilities - Total,"{'id': 'fundamental28', 'name': 'Global Fundamental Data'}","{'id': 'fundamental', 'name': 'Fundamental'}","{'id': 'fundamental-fundamental-data', 'name': 'Fundamental Data'}",GLB,1,TOPDIV3000,MATRIX,1.0,0.8863,1,1,1.6,[],fundamental28,Global Fundamental Data,fundamental,Fundamental,fundamental-fundamental-data,Fundamental Data
fnd28_bdea_value_03245a,value of annual field: Long Term Debt Excluding Capitalized Leases,"{'id': 'fundamental28', 'name': 'Global Fundamental Data'}","{'id': 'fundamental', 'name': 'Fundamental'}","{'id': 'fundamental-fundamental-data', 'name': 'Fundamental Data'}",GLB,1,TOPDIV3000,MATRIX,1.0,0.9222,0,0,1.6,[],fundamental28,Global Fundamental Data,fundamental,Fundamental,fundamental-fundamental-data,Fundamental Data
fnd28_bdea_value_03249a,value of annual field: Capitalized Lease Obligations,"{'id': 'fundamental28', 'name': 'Global Fundamental Data'}","{'id': 'fundamental', 'name': 'Fundamental'}","{'id': 'fundamental-fundamental-data', 'name': 'Fundamental Data'}",GLB,1,TOPDIV3000,MATRIX,1.0,0.4657,0,0,1.6,[],fundamental28,Global Fundamental Data,fundamental,Fundamental,fundamental-fundamental-data,Fundamental Data
fnd28_bdea_value_03251a,value of annual field: Long Term Debt,"{'id': 'fundamental28', 'name': 'Global Fundamental Data'}","{'id': 'fundamental', 'name': 'Fundamental'}","{'id': 'fundamental-fundamental-data', 'name': 'Fundamental Data'}",GLB,1,TOPDIV3000,MATRIX,1.0,0.9493,2,2,1.6,[],fundamental28,Global Fundamental Data,fundamental,Fundamental,fundamental-fundamental-data,Fundamental Data
fnd28_bdea_value_03255a,value of annual field: Total Debt,"{'id': 'fundamental28', 'name': 'Global Fundamental Data'}","{'id': 'fundamental', 'name': 'Fundamental'}","{'id': 'fundamental-fundamental-data', 'name': 'Fundamental Data'}",GLB,1,TOPDIV3000,MATRIX,1.0,0.9746,1,1,1.6,[],fundamental28,Global Fundamental Data,fundamental,Fundamental,fundamental-fundamental-data,Fundamental Data
fnd28_bdea_value_03260a,value of annual field: Provision for Risks and Charges,"{'id': 'fundamental28', 'name': 'Global Fundamental Data'}","{'id': 'fundamental', 'name': 'Fundamental'}","{'id': 'fundamental-fundamental-data', 'name': 'Fundamental Data'}",GLB,1,TOPDIV3000,MATRIX,1.0,0.7819,2,2,1.6,[],fundamental28,Global Fundamental Data,fundamental,Fundamental,fundamental-fundamental-data,Fundamental Data
fnd28_bdea_value_03261a,value of annual field: Pension/Post Retirement Benefits,"{'id': 'fundamental28', 'name': 'Global Fundamental Data'}","{'id': 'fundamental', 'name': 'Fundamental'}","{'id': 'fundamental-fundamental-data', 'name': 'Fundamental Data'}",GLB,1,TOPDIV3000,MATRIX,1.0,0.7325,1,1,1.6,[],fundamental28,Global Fundamental Data,fundamental,Fundamental,fundamental-fundamental-data,Fundamental Data
fnd28_bdea_value_03262a,value of annual field: Deferred Income,"{'id': 'fundamental28', 'name': 'Global Fundamental Data'}","{'id': 'fundamental', 'name': 'Fundamental'}","{'id': 'fundamental-fundamental-data', 'name': 'Fundamental Data'}",GLB,1,TOPDIV3000,MATRIX,1.0,0.7784,2,4,1.6,[],fundamental28,Global Fundamental Data,fundamental,Fundamental,fundamental-fundamental-data,Fundamental Data
fnd28_bdea_value_03263a,value of annual field: Deferred Taxes,"{'id': 'fundamental28', 'name': 'Global Fundamental Data'}","{'id': 'fundamental', 'name': 'Fundamental'}","{'id': 'fundamental-fundamental-data', 'name': 'Fundamental Data'}",GLB,1,TOPDIV3000,MATRIX,1.0,0.9686,0,0,1.6,[],fundamental28,Global Fundamental Data,fundamental,Fundamental,fundamental-fundamental-data,Fundamental Data
fnd28_bdea_value_03273a,value of annual field: Other Liabilities,"{'id': 'fundamental28', 'name': 'Global Fundamental Data'}","{'id': 'fundamental', 'name': 'Fundamental'}","{'id': 'fundamental-fundamental-data', 'name': 'Fundamental Data'}",GLB,1,TOPDIV3000,MATRIX,1.0,0.9465,0,0,1.6,[],fundamental28,Global Fundamental Data,fundamental,Fundamental,fundamental-fundamental-data,Fundamental Data
fnd28_bdea_value_03351a,value of annual field: Total Liabilities,"{'id': 'fundamental28', 'name': 'Global Fundamental Data'}","{'id': 'fundamental', 'name': 'Fundamental'}","{'id': 'fundamental-fundamental-data', 'name': 'Fundamental Data'}",GLB,1,TOPDIV3000,MATRIX,1.0,1.0,0,0,1.6,[],fundamental28,Global Fundamental Data,fundamental,Fundamental,fundamental-fundamental-data,Fundamental Data
fnd28_bdea_value_03426a,value of annual field: Minority Interest,"{'id': 'fundamental28', 'name': 'Global Fundamental Data'}","{'id': 'fundamental', 'name': 'Fundamental'}","{'id': 'fundamental-fundamental-data', 'name': 'Fundamental Data'}",GLB,1,TOPDIV3000,MATRIX,1.0,0.6644,1,1,1.6,[],fundamental28,Global Fundamental Data,fundamental,Fundamental,fundamental-fundamental-data,Fundamental Data
fnd28_bdea_value_03480a,value of annual field: Common Stock,"{'id': 'fundamental28', 'name': 'Global Fundamental Data'}","{'id': 'fundamental', 'name': 'Fundamental'}","{'id': 'fundamental-fundamental-data', 'name': 'Fundamental Data'}",GLB,1,TOPDIV3000,MATRIX,1.0,1.0,2,2,1.6,[],fundamental28,Global Fundamental Data,fundamental,Fundamental,fundamental-fundamental-data,Fundamental Data
fnd28_bdea_value_03481a,value of annual field: Capital Surplus,"{'id': 'fundamental28', 'name': 'Global Fundamental Data'}","{'id': 'fundamental', 'name': 'Fundamental'}","{'id': 'fundamental-fundamental-data', 'name': 'Fundamental Data'}",GLB,1,TOPDIV3000,MATRIX,1.0,0.8903,0,0,1.6,[],fundamental28,Global Fundamental Data,fundamental,Fundamental,fundamental-fundamental-data,Fundamental Data
fnd28_bdea_value_03493a,value of annual field: Other Appropriated Reserves,"{'id': 'fundamental28', 'name': 'Global Fundamental Data'}","{'id': 'fundamental', 'name': 'Fundamental'}","{'id': 'fundamental-fundamental-data', 'name': 'Fundamental Data'}",GLB,1,TOPDIV3000,MATRIX,1.0,0.8883,0,0,1.6,[],fundamental28,Global Fundamental Data,fundamental,Fundamental,fundamental-fundamental-data,Fundamental Data
fnd28_bdea_value_03495a,value of annual field: Retained Earnings,"{'id': 'fundamental28', 'name': 'Global Fundamental Data'}","{'id': 'fundamental', 'name': 'Fundamental'}","{'id': 'fundamental-fundamental-data', 'name': 'Fundamental Data'}",GLB,1,TOPDIV3000,MATRIX,1.0,1.0,0,0,1.6,[],fundamental28,Global Fundamental Data,fundamental,Fundamental,fundamental-fundamental-data,Fundamental Data
fnd28_bdea_value_03497a,value of annual field: Unrealized Foreign Exchange Gain/Loss,"{'id': 'fundamental28', 'name': 'Global Fundamental Data'}","{'id': 'fundamental', 'name': 'Fundamental'}","{'id': 'fundamental-fundamental-data', 'name': 'Fundamental Data'}",GLB,1,TOPDIV3000,MATRIX,1.0,0.7453,1,1,1.6,[],fundamental28,Global Fundamental Data,fundamental,Fundamental,fundamental-fundamental-data,Fundamental Data
fnd28_bdea_value_03498a,value of annual field: Unrealized Gain/Loss On Marketable Securities,"{'id': 'fundamental28', 'name': 'Global Fundamental Data'}","{'id': 'fundamental', 'name': 'Fundamental'}","{'id': 'fundamental-fundamental-data', 'name': 'Fundamental Data'}",GLB,1,TOPDIV3000,MATRIX,1.0,0.5261,2,2,1.6,[],fundamental28,Global Fundamental Data,fundamental,Fundamental,fundamental-fundamental-data,Fundamental Data
fnd28_bdea_value_03499a,value of annual field: Treasury Stock,"{'id': 'fundamental28', 'name': 'Global Fundamental Data'}","{'id': 'fundamental', 'name': 'Fundamental'}","{'id': 'fundamental-fundamental-data', 'name': 'Fundamental Data'}",GLB,1,TOPDIV3000,MATRIX,1.0,0.6026,0,0,1.6,[],fundamental28,Global Fundamental Data,fundamental,Fundamental,fundamental-fundamental-data,Fundamental Data
fnd28_bdea_value_03501a,value of annual field: Common Equity,"{'id': 'fundamental28', 'name': 'Global Fundamental Data'}","{'id': 'fundamental', 'name': 'Fundamental'}","{'id': 'fundamental-fundamental-data', 'name': 'Fundamental Data'}",GLB,1,TOPDIV3000,MATRIX,1.0,1.0,1,1,1.6,[],fundamental28,Global Fundamental Data,fundamental,Fundamental,fundamental-fundamental-data,Fundamental Data
fnd28_bdea_value_03506a,value of annual field: Fully Diluted Equity,"{'id': 'fundamental28', 'name': 'Global Fundamental Data'}","{'id': 'fundamental', 'name': 'Fundamental'}","{'id': 'fundamental-fundamental-data', 'name': 'Fundamental Data'}",GLB,1,TOPDIV3000,MATRIX,1.0,0.3355,1,1,1.6,[],fundamental28,Global Fundamental Data,fundamental,Fundamental,fundamental-fundamental-data,Fundamental Data
fnd28_bdea_value_03999a,value of annual field: Total Liabilities & Shareholders' Equity,"{'id': 'fundamental28', 'name': 'Global Fundamental Data'}","{'id': 'fundamental', 'name': 'Fundamental'}","{'id': 'fundamental-fundamental-data', 'name': 'Fundamental Data'}",GLB,1,TOPDIV3000,MATRIX,1.0,1.0,0,0,1.6,[],fundamental28,Global Fundamental Data,fundamental,Fundamental,fundamental-fundamental-data,Fundamental Data
fnd28_bdea_value_18281a,Value of annual field: Non-Convertible Debt,"{'id': 'fundamental28', 'name': 'Global Fundamental Data'}","{'id': 'fundamental', 'name': 'Fundamental'}","{'id': 'fundamental-fundamental-data', 'name': 'Fundamental Data'}",GLB,1,TOPDIV3000,MATRIX,1.0,0.899,3,16,1.6,[],fundamental28,Global Fundamental Data,fundamental,Fundamental,fundamental-fundamental-data,Fundamental Data
fnd28_bdea_value_18854a,value of annual field: Comprehensive Income Other,"{'id': 'fundamental28', 'name': 'Global Fundamental Data'}","{'id': 'fundamental', 'name': 'Fundamental'}","{'id': 'fundamental-fundamental-data', 'name': 'Fundamental Data'}",GLB,1,TOPDIV3000,MATRIX,1.0,0.3731,0,0,1.6,[],fundamental28,Global Fundamental Data,fundamental,Fundamental,fundamental-fundamental-data,Fundamental Data
fnd28_bdeq_value_03040q,value of quarterly field: Accounts Payable,"{'id': 'fundamental28', 'name': 'Global Fundamental Data'}","{'id': 'fundamental', 'name': 'Fundamental'}","{'id': 'fundamental-fundamental-data', 'name': 'Fundamental Data'}",GLB,1,TOPDIV3000,MATRIX,1.0,0.6501,3,15,1.6,[],fundamental28,Global Fundamental Data,fundamental,Fundamental,fundamental-fundamental-data,Fundamental Data
fnd28_bdeq_value_03051q,value of quarterly field: Short Term Debt & Current Portion of Long Term Debt,"{'id': 'fundamental28', 'name': 'Global Fundamental Data'}","{'id': 'fundamental', 'name': 'Fundamental'}","{'id': 'fundamental-fundamental-data', 'name': 'Fundamental Data'}",GLB,1,TOPDIV3000,MATRIX,1.0,0.8403,0,0,1.6,[],fundamental28,Global Fundamental Data,fundamental,Fundamental,fundamental-fundamental-data,Fundamental Data
fnd28_bdeq_value_03063q,value of quarterly field: Income Taxes Payable,"{'id': 'fundamental28', 'name': 'Global Fundamental Data'}","{'id': 'fundamental', 'name': 'Fundamental'}","{'id': 'fundamental-fundamental-data', 'name': 'Fundamental Data'}",GLB,1,TOPDIV3000,MATRIX,1.0,0.6256,0,0,1.6,[],fundamental28,Global Fundamental Data,fundamental,Fundamental,fundamental-fundamental-data,Fundamental Data
fnd28_bdeq_value_03066q,value of quarterly field: Other Current Liabilities,"{'id': 'fundamental28', 'name': 'Global Fundamental Data'}","{'id': 'fundamental', 'name': 'Fundamental'}","{'id': 'fundamental-fundamental-data', 'name': 'Fundamental Data'}",GLB,1,TOPDIV3000,MATRIX,1.0,0.7293,0,0,1.6,[],fundamental28,Global Fundamental Data,fundamental,Fundamental,fundamental-fundamental-data,Fundamental Data
fnd28_bdeq_value_03069q,value of quarterly field: Other Accrued Expenses,"{'id': 'fundamental28', 'name': 'Global Fundamental Data'}","{'id': 'fundamental', 'name': 'Fundamental'}","{'id': 'fundamental-fundamental-data', 'name': 'Fundamental Data'}",GLB,1,TOPDIV3000,MATRIX,1.0,0.5985,0,0,1.6,[],fundamental28,Global Fundamental Data,fundamental,Fundamental,fundamental-fundamental-data,Fundamental Data
fnd28_bdeq_value_03101q,value of quarterly field: Current Liabilities - Total,"{'id': 'fundamental28', 'name': 'Global Fundamental Data'}","{'id': 'fundamental', 'name': 'Fundamental'}","{'id': 'fundamental-fundamental-data', 'name': 'Fundamental Data'}",GLB,1,TOPDIV3000,MATRIX,1.0,0.7315,0,0,1.6,[],fundamental28,Global Fundamental Data,fundamental,Fundamental,fundamental-fundamental-data,Fundamental Data
fnd28_bdeq_value_03245q,value of quarterly field: Long Term Debt Excluding Capitalized Leases,"{'id': 'fundamental28', 'name': 'Global Fundamental Data'}","{'id': 'fundamental', 'name': 'Fundamental'}","{'id': 'fundamental-fundamental-data', 'name': 'Fundamental Data'}",GLB,1,TOPDIV3000,MATRIX,1.0,0.8441,0,0,1.6,[],fundamental28,Global Fundamental Data,fundamental,Fundamental,fundamental-fundamental-data,Fundamental Data
fnd28_bdeq_value_03251q,value of quarterly field: Long Term Debt,"{'id': 'fundamental28', 'name': 'Global Fundamental Data'}","{'id': 'fundamental', 'name': 'Fundamental'}","{'id': 'fundamental-fundamental-data', 'name': 'Fundamental Data'}",GLB,1,TOPDIV3000,MATRIX,1.0,0.8388,0,0,1.6,[],fundamental28,Global Fundamental Data,fundamental,Fundamental,fundamental-fundamental-data,Fundamental Data
fnd28_bdeq_value_03255q,value of quarterly field: Total Debt,"{'id': 'fundamental28', 'name': 'Global Fundamental Data'}","{'id': 'fundamental', 'name': 'Fundamental'}","{'id': 'fundamental-fundamental-data', 'name': 'Fundamental Data'}",GLB,1,TOPDIV3000,MATRIX,1.0,0.8429,0,0,1.6,[],fundamental28,Global Fundamental Data,fundamental,Fundamental,fundamental-fundamental-data,Fundamental Data
fnd28_bdeq_value_03263q,value of quarterly field: Deferred Taxes,"{'id': 'fundamental28', 'name': 'Global Fundamental Data'}","{'id': 'fundamental', 'name': 'Fundamental'}","{'id': 'fundamental-fundamental-data', 'name': 'Fundamental Data'}",GLB,1,TOPDIV3000,MATRIX,1.0,0.8343,1,1,1.6,[],fundamental28,Global Fundamental Data,fundamental,Fundamental,fundamental-fundamental-data,Fundamental Data
fnd28_bdeq_value_03273q,value of quarterly field: Other Liabilities,"{'id': 'fundamental28', 'name': 'Global Fundamental Data'}","{'id': 'fundamental', 'name': 'Fundamental'}","{'id': 'fundamental-fundamental-data', 'name': 'Fundamental Data'}",GLB,1,TOPDIV3000,MATRIX,1.0,0.8386,0,0,1.6,[],fundamental28,Global Fundamental Data,fundamental,Fundamental,fundamental-fundamental-data,Fundamental Data
fnd28_bdeq_value_03351q,value of quarterly field: Total Liabilities,"{'id': 'fundamental28', 'name': 'Global Fundamental Data'}","{'id': 'fundamental', 'name': 'Fundamental'}","{'id': 'fundamental-fundamental-data', 'name': 'Fundamental Data'}",GLB,1,TOPDIV3000,MATRIX,1.0,0.8438,0,0,1.6,[],fundamental28,Global Fundamental Data,fundamental,Fundamental,fundamental-fundamental-data,Fundamental Data
fnd28_bdeq_value_03426q,value of quarterly field: Minority Interest,"{'id': 'fundamental28', 'name': 'Global Fundamental Data'}","{'id': 'fundamental', 'name': 'Fundamental'}","{'id': 'fundamental-fundamental-data', 'name': 'Fundamental Data'}",GLB,1,TOPDIV3000,MATRIX,1.0,0.8407,0,0,1.6,[],fundamental28,Global Fundamental Data,fundamental,Fundamental,fundamental-fundamental-data,Fundamental Data
fnd28_bdeq_value_03480q,value of quarterly field: Common Stock,"{'id': 'fundamental28', 'name': 'Global Fundamental Data'}","{'id': 'fundamental', 'name': 'Fundamental'}","{'id': 'fundamental-fundamental-data', 'name': 'Fundamental Data'}",GLB,1,TOPDIV3000,MATRIX,1.0,0.7482,0,0,1.6,[],fundamental28,Global Fundamental Data,fundamental,Fundamental,fundamental-fundamental-data,Fundamental Data
fnd28_bdeq_value_03481q,value of quarterly field: Capital Surplus,"{'id': 'fundamental28', 'name': 'Global Fundamental Data'}","{'id': 'fundamental', 'name': 'Fundamental'}","{'id': 'fundamental-fundamental-data', 'name': 'Fundamental Data'}",GLB,1,TOPDIV3000,MATRIX,1.0,0.7283,1,1,1.6,[],fundamental28,Global Fundamental Data,fundamental,Fundamental,fundamental-fundamental-data,Fundamental Data
fnd28_bdeq_value_03495q,value of quarterly field: Retained Earnings,"{'id': 'fundamental28', 'name': 'Global Fundamental Data'}","{'id': 'fundamental', 'name': 'Fundamental'}","{'id': 'fundamental-fundamental-data', 'name': 'Fundamental Data'}",GLB,1,TOPDIV3000,MATRIX,1.0,0.7525,0,0,1.6,[],fundamental28,Global Fundamental Data,fundamental,Fundamental,fundamental-fundamental-data,Fundamental Data
fnd28_bdeq_value_03497q,value of quarterly field: Unrealized Foreign Exchange Gain/Loss,"{'id': 'fundamental28', 'name': 'Global Fundamental Data'}","{'id': 'fundamental', 'name': 'Fundamental'}","{'id': 'fundamental-fundamental-data', 'name': 'Fundamental Data'}",GLB,1,TOPDIV3000,MATRIX,1.0,0.7146,0,0,1.6,[],fundamental28,Global Fundamental Data,fundamental,Fundamental,fundamental-fundamental-data,Fundamental Data
fnd28_bdeq_value_03498q,value of quarterly field: Unrealized Gain/Loss On Marketable Securities,"{'id': 'fundamental28', 'name': 'Global Fundamental Data'}","{'id': 'fundamental', 'name': 'Fundamental'}","{'id': 'fundamental-fundamental-data', 'name': 'Fundamental Data'}",GLB,1,TOPDIV3000,MATRIX,1.0,0.792,1,1,1.6,[],fundamental28,Global Fundamental Data,fundamental,Fundamental,fundamental-fundamental-data,Fundamental Data
fnd28_bdeq_value_03499q,value of quarterly field: Treasury Stock,"{'id': 'fundamental28', 'name': 'Global Fundamental Data'}","{'id': 'fundamental', 'name': 'Fundamental'}","{'id': 'fundamental-fundamental-data', 'name': 'Fundamental Data'}",GLB,1,TOPDIV3000,MATRIX,1.0,0.736,2,2,1.6,[],fundamental28,Global Fundamental Data,fundamental,Fundamental,fundamental-fundamental-data,Fundamental Data
fnd28_bdeq_value_03501q,value of quarterly field: Common Equity,"{'id': 'fundamental28', 'name': 'Global Fundamental Data'}","{'id': 'fundamental', 'name': 'Fundamental'}","{'id': 'fundamental-fundamental-data', 'name': 'Fundamental Data'}",GLB,1,TOPDIV3000,MATRIX,1.0,0.844,0,0,1.6,[],fundamental28,Global Fundamental Data,fundamental,Fundamental,fundamental-fundamental-data,Fundamental Data
fnd28_bdeq_value_03506q,value of quarterly field: Fully Diluted Equity,"{'id': 'fundamental28', 'name': 'Global Fundamental Data'}","{'id': 'fundamental', 'name': 'Fundamental'}","{'id': 'fundamental-fundamental-data', 'name': 'Fundamental Data'}",GLB,1,TOPDIV3000,MATRIX,1.0,0.3253,0,0,1.6,[],fundamental28,Global Fundamental Data,fundamental,Fundamental,fundamental-fundamental-data,Fundamental Data
fnd28_bdeq_value_03999q,value of quarterly field: Total Liabilities & Shareholders' Equity,"{'id': 'fundamental28', 'name': 'Global Fundamental Data'}","{'id': 'fundamental', 'name': 'Fundamental'}","{'id': 'fundamental-fundamental-data', 'name': 'Fundamental Data'}",GLB,1,TOPDIV3000,MATRIX,1.0,0.8387,0,0,1.6,[],fundamental28,Global Fundamental Data,fundamental,Fundamental,fundamental-fundamental-data,Fundamental Data
fnd28_bdeq_value_18183q,value of quarterly field: Deferred Taxes-Credit,"{'id': 'fundamental28', 'name': 'Global Fundamental Data'}","{'id': 'fundamental', 'name': 'Fundamental'}","{'id': 'fundamental-fundamental-data', 'name': 'Fundamental Data'}",GLB,1,TOPDIV3000,MATRIX,1.0,0.7466,1,1,1.6,[],fundamental28,Global Fundamental Data,fundamental,Fundamental,fundamental-fundamental-data,Fundamental Data
fnd28_bdeq_value_18184q,value of quarterly field: Deferred Taxes-Debit,"{'id': 'fundamental28', 'name': 'Global Fundamental Data'}","{'id': 'fundamental', 'name': 'Fundamental'}","{'id': 'fundamental-fundamental-data', 'name': 'Fundamental Data'}",GLB,1,TOPDIV3000,MATRIX,1.0,0.7422,0,0,1.6,[],fundamental28,Global Fundamental Data,fundamental,Fundamental,fundamental-fundamental-data,Fundamental Data
fnd28_bdeq_value_18232q,value of quarterly field: Current Portion of Long Term Debt,"{'id': 'fundamental28', 'name': 'Global Fundamental Data'}","{'id': 'fundamental', 'name': 'Fundamental'}","{'id': 'fundamental-fundamental-data', 'name': 'Fundamental Data'}",GLB,1,TOPDIV3000,MATRIX,1.0,0.7245,3,3,1.6,[],fundamental28,Global Fundamental Data,fundamental,Fundamental,fundamental-fundamental-data,Fundamental Data
fnd28_bdeq_value_18854q,value of quarterly field: Comprehensive Income Other,"{'id': 'fundamental28', 'name': 'Global Fundamental Data'}","{'id': 'fundamental', 'name': 'Fundamental'}","{'id': 'fundamental-fundamental-data', 'name': 'Fundamental Data'}",GLB,1,TOPDIV3000,MATRIX,1.0,0.4882,0,0,1.6,[],fundamental28,Global Fundamental Data,fundamental,Fundamental,fundamental-fundamental-data,Fundamental Data
fnd28_bsasseta_value_02001a,Value of annual field: Cash & Short-Term Investments,"{'id': 'fundamental28', 'name': 'Global Fundamental Data'}","{'id': 'fundamental', 'name': 'Fundamental'}","{'id': 'fundamental-fundamental-data', 'name': 'Fundamental Data'}",GLB,1,TOPDIV3000,MATRIX,1.0,0.9523,5,22,1.6,[],fundamental28,Global Fundamental Data,fundamental,Fundamental,fundamental-fundamental-data,Fundamental Data
fnd28_bsasseta_value_02003a,value of annual field: Cash,"{'id': 'fundamental28', 'name': 'Global Fundamental Data'}","{'id': 'fundamental', 'name': 'Fundamental'}","{'id': 'fundamental-fundamental-data', 'name': 'Fundamental Data'}",GLB,1,TOPDIV3000,MATRIX,1.0,0.9444,0,0,1.6,[],fundamental28,Global Fundamental Data,fundamental,Fundamental,fundamental-fundamental-data,Fundamental Data
fnd28_bsasseta_value_02008a,value of annual field: Short Term Investments,"{'id': 'fundamental28', 'name': 'Global Fundamental Data'}","{'id': 'fundamental', 'name': 'Fundamental'}","{'id': 'fundamental-fundamental-data', 'name': 'Fundamental Data'}",GLB,1,TOPDIV3000,MATRIX,1.0,0.8095,1,1,1.6,[],fundamental28,Global Fundamental Data,fundamental,Fundamental,fundamental-fundamental-data,Fundamental Data
fnd28_bsasseta_value_02051a,value of annual field: Receivables (Net),"{'id': 'fundamental28', 'name': 'Global Fundamental Data'}","{'id': 'fundamental', 'name': 'Fundamental'}","{'id': 'fundamental-fundamental-data', 'name': 'Fundamental Data'}",GLB,1,TOPDIV3000,MATRIX,1.0,0.9433,1,1,1.6,[],fundamental28,Global Fundamental Data,fundamental,Fundamental,fundamental-fundamental-data,Fundamental Data
fnd28_bsasseta_value_02097a,value of annual field: Raw Materials,"{'id': 'fundamental28', 'name': 'Global Fundamental Data'}","{'id': 'fundamental', 'name': 'Fundamental'}","{'id': 'fundamental-fundamental-data', 'name': 'Fundamental Data'}",GLB,1,TOPDIV3000,MATRIX,1.0,0.72,2,2,1.6,[],fundamental28,Global Fundamental Data,fundamental,Fundamental,fundamental-fundamental-data,Fundamental Data
fnd28_bsasseta_value_02098a,value of annual field: Work in Process,"{'id': 'fundamental28', 'name': 'Global Fundamental Data'}","{'id': 'fundamental', 'name': 'Fundamental'}","{'id': 'fundamental-fundamental-data', 'name': 'Fundamental Data'}",GLB,1,TOPDIV3000,MATRIX,1.0,0.6671,1,3,1.6,[],fundamental28,Global Fundamental Data,fundamental,Fundamental,fundamental-fundamental-data,Fundamental Data
fnd28_bsasseta_value_02099a,value of annual field: Finished Goods,"{'id': 'fundamental28', 'name': 'Global Fundamental Data'}","{'id': 'fundamental', 'name': 'Fundamental'}","{'id': 'fundamental-fundamental-data', 'name': 'Fundamental Data'}",GLB,1,TOPDIV3000,MATRIX,1.0,0.721,3,3,1.6,[],fundamental28,Global Fundamental Data,fundamental,Fundamental,fundamental-fundamental-data,Fundamental Data
fnd28_bsasseta_value_02100a,value of annual field: Progress Payments & Other,"{'id': 'fundamental28', 'name': 'Global Fundamental Data'}","{'id': 'fundamental', 'name': 'Fundamental'}","{'id': 'fundamental-fundamental-data', 'name': 'Fundamental Data'}",GLB,1,TOPDIV3000,MATRIX,1.0,0.7394,0,0,1.6,[],fundamental28,Global Fundamental Data,fundamental,Fundamental,fundamental-fundamental-data,Fundamental Data
fnd28_bsasseta_value_02101a,value of annual field: Inventories Total,"{'id': 'fundamental28', 'name': 'Global Fundamental Data'}","{'id': 'fundamental', 'name': 'Fundamental'}","{'id': 'fundamental-fundamental-data', 'name': 'Fundamental Data'}",GLB,1,TOPDIV3000,MATRIX,1.0,0.8095,1,1,1.6,[],fundamental28,Global Fundamental Data,fundamental,Fundamental,fundamental-fundamental-data,Fundamental Data
fnd28_bsasseta_value_02140a,value of annual field: Prepaid Expenses,"{'id': 'fundamental28', 'name': 'Global Fundamental Data'}","{'id': 'fundamental', 'name': 'Fundamental'}","{'id': 'fundamental-fundamental-data', 'name': 'Fundamental Data'}",GLB,1,TOPDIV3000,MATRIX,1.0,0.4779,0,0,1.6,[],fundamental28,Global Fundamental Data,fundamental,Fundamental,fundamental-fundamental-data,Fundamental Data
fnd28_bsasseta_value_02149a,value of annual field: Other Current Assets,"{'id': 'fundamental28', 'name': 'Global Fundamental Data'}","{'id': 'fundamental', 'name': 'Fundamental'}","{'id': 'fundamental-fundamental-data', 'name': 'Fundamental Data'}",GLB,1,TOPDIV3000,MATRIX,1.0,0.8831,0,0,1.6,[],fundamental28,Global Fundamental Data,fundamental,Fundamental,fundamental-fundamental-data,Fundamental Data
fnd28_bsasseta_value_02201a,value of annual field: Current Assets Total,"{'id': 'fundamental28', 'name': 'Global Fundamental Data'}","{'id': 'fundamental', 'name': 'Fundamental'}","{'id': 'fundamental-fundamental-data', 'name': 'Fundamental Data'}",GLB,1,TOPDIV3000,MATRIX,1.0,0.8867,0,0,1.6,[],fundamental28,Global Fundamental Data,fundamental,Fundamental,fundamental-fundamental-data,Fundamental Data
fnd28_bsasseta_value_02250a,value of annual field: Other Investments,"{'id': 'fundamental28', 'name': 'Global Fundamental Data'}","{'id': 'fundamental', 'name': 'Fundamental'}","{'id': 'fundamental-fundamental-data', 'name': 'Fundamental Data'}",GLB,1,TOPDIV3000,MATRIX,1.0,0.7948,1,1,1.6,[],fundamental28,Global Fundamental Data,fundamental,Fundamental,fundamental-fundamental-data,Fundamental Data
fnd28_bsasseta_value_02256a,value of annual field: Investments In Associated Companies,"{'id': 'fundamental28', 'name': 'Global Fundamental Data'}","{'id': 'fundamental', 'name': 'Fundamental'}","{'id': 'fundamental-fundamental-data', 'name': 'Fundamental Data'}",GLB,1,TOPDIV3000,MATRIX,1.0,0.6652,1,1,1.6,[],fundamental28,Global Fundamental Data,fundamental,Fundamental,fundamental-fundamental-data,Fundamental Data
fnd28_bsasseta_value_02258a,value of annual field: Long Term Receivables,"{'id': 'fundamental28', 'name': 'Global Fundamental Data'}","{'id': 'fundamental', 'name': 'Fundamental'}","{'id': 'fundamental-fundamental-data', 'name': 'Fundamental Data'}",GLB,1,TOPDIV3000,MATRIX,1.0,0.8121,0,0,1.6,[],fundamental28,Global Fundamental Data,fundamental,Fundamental,fundamental-fundamental-data,Fundamental Data
fnd28_bsasseta_value_02301a,"value of annual field: Property, Plant and Equipment - Gross","{'id': 'fundamental28', 'name': 'Global Fundamental Data'}","{'id': 'fundamental', 'name': 'Fundamental'}","{'id': 'fundamental-fundamental-data', 'name': 'Fundamental Data'}",GLB,1,TOPDIV3000,MATRIX,1.0,0.934,0,0,1.6,[],fundamental28,Global Fundamental Data,fundamental,Fundamental,fundamental-fundamental-data,Fundamental Data
fnd28_bsasseta_value_02401a,value of annual field: Accumulated Depreciation,"{'id': 'fundamental28', 'name': 'Global Fundamental Data'}","{'id': 'fundamental', 'name': 'Fundamental'}","{'id': 'fundamental-fundamental-data', 'name': 'Fundamental Data'}",GLB,1,TOPDIV3000,MATRIX,1.0,0.93,0,0,1.6,[],fundamental28,Global Fundamental Data,fundamental,Fundamental,fundamental-fundamental-data,Fundamental Data
fnd28_bsasseta_value_02501a,"value of annual field: Property, Plant & Equipment - Net","{'id': 'fundamental28', 'name': 'Global Fundamental Data'}","{'id': 'fundamental', 'name': 'Fundamental'}","{'id': 'fundamental-fundamental-data', 'name': 'Fundamental Data'}",GLB,1,TOPDIV3000,MATRIX,1.0,1.0,1,1,1.6,[],fundamental28,Global Fundamental Data,fundamental,Fundamental,fundamental-fundamental-data,Fundamental Data
fnd28_bsasseta_value_02647a,value of annual field: Deferred Charges,"{'id': 'fundamental28', 'name': 'Global Fundamental Data'}","{'id': 'fundamental', 'name': 'Fundamental'}","{'id': 'fundamental-fundamental-data', 'name': 'Fundamental Data'}",GLB,1,TOPDIV3000,MATRIX,1.0,0.4529,1,1,1.6,[],fundamental28,Global Fundamental Data,fundamental,Fundamental,fundamental-fundamental-data,Fundamental Data
fnd28_bsasseta_value_02648a,value of annual field: Tangible Other Assets,"{'id': 'fundamental28', 'name': 'Global Fundamental Data'}","{'id': 'fundamental', 'name': 'Fundamental'}","{'id': 'fundamental-fundamental-data', 'name': 'Fundamental Data'}",GLB,1,TOPDIV3000,MATRIX,1.0,0.8246,0,0,1.6,[],fundamental28,Global Fundamental Data,fundamental,Fundamental,fundamental-fundamental-data,Fundamental Data
fnd28_bsasseta_value_02649a,value of annual field: Total Intangible Other Assets - Net,"{'id': 'fundamental28', 'name': 'Global Fundamental Data'}","{'id': 'fundamental', 'name': 'Fundamental'}","{'id': 'fundamental-fundamental-data', 'name': 'Fundamental Data'}",GLB,1,TOPDIV3000,MATRIX,1.0,0.9502,0,0,1.6,[],fundamental28,Global Fundamental Data,fundamental,Fundamental,fundamental-fundamental-data,Fundamental Data
fnd28_bsasseta_value_02652a,value of annual field: Other Assets,"{'id': 'fundamental28', 'name': 'Global Fundamental Data'}","{'id': 'fundamental', 'name': 'Fundamental'}","{'id': 'fundamental-fundamental-data', 'name': 'Fundamental Data'}",GLB,1,TOPDIV3000,MATRIX,1.0,1.0,0,0,1.6,[],fundamental28,Global Fundamental Data,fundamental,Fundamental,fundamental-fundamental-data,Fundamental Data
fnd28_bsasseta_value_02999a,value of annual field: Total Assets,"{'id': 'fundamental28', 'name': 'Global Fundamental Data'}","{'id': 'fundamental', 'name': 'Fundamental'}","{'id': 'fundamental-fundamental-data', 'name': 'Fundamental Data'}",GLB,1,TOPDIV3000,MATRIX,1.0,1.0,0,0,1.6,[],fundamental28,Global Fundamental Data,fundamental,Fundamental,fundamental-fundamental-data,Fundamental Data
fnd28_bsassetq_value_02001q,value of quarterly field: Cash & Short Term Investments,"{'id': 'fundamental28', 'name': 'Global Fundamental Data'}","{'id': 'fundamental', 'name': 'Fundamental'}","{'id': 'fundamental-fundamental-data', 'name': 'Fundamental Data'}",GLB,1,TOPDIV3000,MATRIX,1.0,0.7826,0,0,1.6,[],fundamental28,Global Fundamental Data,fundamental,Fundamental,fundamental-fundamental-data,Fundamental Data
fnd28_bsassetq_value_02003q,value of quarterly field: Cash,"{'id': 'fundamental28', 'name': 'Global Fundamental Data'}","{'id': 'fundamental', 'name': 'Fundamental'}","{'id': 'fundamental-fundamental-data', 'name': 'Fundamental Data'}",GLB,1,TOPDIV3000,MATRIX,1.0,0.6654,0,0,1.6,[],fundamental28,Global Fundamental Data,fundamental,Fundamental,fundamental-fundamental-data,Fundamental Data
fnd28_bsassetq_value_02005q,value of quarterly field: Cash & Equivalents Generic,"{'id': 'fundamental28', 'name': 'Global Fundamental Data'}","{'id': 'fundamental', 'name': 'Fundamental'}","{'id': 'fundamental-fundamental-data', 'name': 'Fundamental Data'}",GLB,1,TOPDIV3000,MATRIX,1.0,0.8383,1,1,1.6,[],fundamental28,Global Fundamental Data,fundamental,Fundamental,fundamental-fundamental-data,Fundamental Data
fnd28_bsassetq_value_02051q,value of quarterly field: Receivables (Net),"{'id': 'fundamental28', 'name': 'Global Fundamental Data'}","{'id': 'fundamental', 'name': 'Fundamental'}","{'id': 'fundamental-fundamental-data', 'name': 'Fundamental Data'}",GLB,1,TOPDIV3000,MATRIX,1.0,0.7731,0,0,1.6,[],fundamental28,Global Fundamental Data,fundamental,Fundamental,fundamental-fundamental-data,Fundamental Data
fnd28_bsassetq_value_02101q,value of quarterly field: Inventories Total,"{'id': 'fundamental28', 'name': 'Global Fundamental Data'}","{'id': 'fundamental', 'name': 'Fundamental'}","{'id': 'fundamental-fundamental-data', 'name': 'Fundamental Data'}",GLB,1,TOPDIV3000,MATRIX,1.0,0.769,0,0,1.6,[],fundamental28,Global Fundamental Data,fundamental,Fundamental,fundamental-fundamental-data,Fundamental Data
fnd28_bsassetq_value_02140q,value of quarterly field: Prepaid Expenses,"{'id': 'fundamental28', 'name': 'Global Fundamental Data'}","{'id': 'fundamental', 'name': 'Fundamental'}","{'id': 'fundamental-fundamental-data', 'name': 'Fundamental Data'}",GLB,1,TOPDIV3000,MATRIX,1.0,0.3812,1,1,1.6,[],fundamental28,Global Fundamental Data,fundamental,Fundamental,fundamental-fundamental-data,Fundamental Data
fnd28_bsassetq_value_02149q,value of quarterly field: Other Current Assets,"{'id': 'fundamental28', 'name': 'Global Fundamental Data'}","{'id': 'fundamental', 'name': 'Fundamental'}","{'id': 'fundamental-fundamental-data', 'name': 'Fundamental Data'}",GLB,1,TOPDIV3000,MATRIX,1.0,0.7248,0,0,1.6,[],fundamental28,Global Fundamental Data,fundamental,Fundamental,fundamental-fundamental-data,Fundamental Data
fnd28_bsassetq_value_02201q,value of quarterly field: Current Assets Total,"{'id': 'fundamental28', 'name': 'Global Fundamental Data'}","{'id': 'fundamental', 'name': 'Fundamental'}","{'id': 'fundamental-fundamental-data', 'name': 'Fundamental Data'}",GLB,1,TOPDIV3000,MATRIX,1.0,0.732,1,1,1.6,[],fundamental28,Global Fundamental Data,fundamental,Fundamental,fundamental-fundamental-data,Fundamental Data
fnd28_bsassetq_value_02256q,value of quarterly field: Investments In Associated Companies,"{'id': 'fundamental28', 'name': 'Global Fundamental Data'}","{'id': 'fundamental', 'name': 'Fundamental'}","{'id': 'fundamental-fundamental-data', 'name': 'Fundamental Data'}",GLB,1,TOPDIV3000,MATRIX,1.0,0.739,0,0,1.6,[],fundamental28,Global Fundamental Data,fundamental,Fundamental,fundamental-fundamental-data,Fundamental Data
fnd28_bsassetq_value_02300q,value of quarterly field: Total Assets - As Reported,"{'id': 'fundamental28', 'name': 'Global Fundamental Data'}","{'id': 'fundamental', 'name': 'Fundamental'}","{'id': 'fundamental-fundamental-data', 'name': 'Fundamental Data'}",GLB,1,TOPDIV3000,MATRIX,1.0,0.8121,0,0,1.6,[],fundamental28,Global Fundamental Data,fundamental,Fundamental,fundamental-fundamental-data,Fundamental Data
fnd28_bsassetq_value_02301q,"value of quarterly field: Property, Plant and Equipment - Gross","{'id': 'fundamental28', 'name': 'Global Fundamental Data'}","{'id': 'fundamental', 'name': 'Fundamental'}","{'id': 'fundamental-fundamental-data', 'name': 'Fundamental Data'}",GLB,1,TOPDIV3000,MATRIX,1.0,0.6726,0,0,1.6,[],fundamental28,Global Fundamental Data,fundamental,Fundamental,fundamental-fundamental-data,Fundamental Data
fnd28_bsassetq_value_02401q,value of quarterly field: Accumulated Depreciation,"{'id': 'fundamental28', 'name': 'Global Fundamental Data'}","{'id': 'fundamental', 'name': 'Fundamental'}","{'id': 'fundamental-fundamental-data', 'name': 'Fundamental Data'}",GLB,1,TOPDIV3000,MATRIX,1.0,0.6694,1,1,1.6,[],fundamental28,Global Fundamental Data,fundamental,Fundamental,fundamental-fundamental-data,Fundamental Data
fnd28_bsassetq_value_02501q,"value of quarterly field: Property, Plant & Equipment - Net","{'id': 'fundamental28', 'name': 'Global Fundamental Data'}","{'id': 'fundamental', 'name': 'Fundamental'}","{'id': 'fundamental-fundamental-data', 'name': 'Fundamental Data'}",GLB,1,TOPDIV3000,MATRIX,1.0,0.8409,1,3,1.6,[],fundamental28,Global Fundamental Data,fundamental,Fundamental,fundamental-fundamental-data,Fundamental Data
fnd28_bsassetq_value_02649q,value of quarterly field: Total Intangible Other Assets - Net,"{'id': 'fundamental28', 'name': 'Global Fundamental Data'}","{'id': 'fundamental', 'name': 'Fundamental'}","{'id': 'fundamental-fundamental-data', 'name': 'Fundamental Data'}",GLB,1,TOPDIV3000,MATRIX,1.0,0.8282,2,2,1.6,[],fundamental28,Global Fundamental Data,fundamental,Fundamental,fundamental-fundamental-data,Fundamental Data
fnd28_bsassetq_value_02652q,value of quarterly field: Other Assets,"{'id': 'fundamental28', 'name': 'Global Fundamental Data'}","{'id': 'fundamental', 'name': 'Fundamental'}","{'id': 'fundamental-fundamental-data', 'name': 'Fundamental Data'}",GLB,1,TOPDIV3000,MATRIX,1.0,0.8393,2,2,1.6,[],fundamental28,Global Fundamental Data,fundamental,Fundamental,fundamental-fundamental-data,Fundamental Data
fnd28_bsassetq_value_02654q,value of quarterly field: Total Intangible Other Assets - Gross,"{'id': 'fundamental28', 'name': 'Global Fundamental Data'}","{'id': 'fundamental', 'name': 'Fundamental'}","{'id': 'fundamental-fundamental-data', 'name': 'Fundamental Data'}",GLB,1,TOPDIV3000,MATRIX,1.0,0.4112,2,3,1.6,[],fundamental28,Global Fundamental Data,fundamental,Fundamental,fundamental-fundamental-data,Fundamental Data
fnd28_bsassetq_value_02655q,value of quarterly field: Total Intangible Other Assets Accumulated Amortization,"{'id': 'fundamental28', 'name': 'Global Fundamental Data'}","{'id': 'fundamental', 'name': 'Fundamental'}","{'id': 'fundamental-fundamental-data', 'name': 'Fundamental Data'}",GLB,1,TOPDIV3000,MATRIX,1.0,0.3608,1,1,1.6,[],fundamental28,Global Fundamental Data,fundamental,Fundamental,fundamental-fundamental-data,Fundamental Data
fnd28_bsassetq_value_18165q,value of quarterly field: Deferred Tax Asset - Current,"{'id': 'fundamental28', 'name': 'Global Fundamental Data'}","{'id': 'fundamental', 'name': 'Fundamental'}","{'id': 'fundamental-fundamental-data', 'name': 'Fundamental Data'}",GLB,1,TOPDIV3000,MATRIX,1.0,0.521,0,0,1.6,[],fundamental28,Global Fundamental Data,fundamental,Fundamental,fundamental-fundamental-data,Fundamental Data
fnd28_bsassetq_value_18280q,value of quarterly field: Goodwill/Cost in Excess of Assets Purchased,"{'id': 'fundamental28', 'name': 'Global Fundamental Data'}","{'id': 'fundamental', 'name': 'Fundamental'}","{'id': 'fundamental-fundamental-data', 'name': 'Fundamental Data'}",GLB,1,TOPDIV3000,MATRIX,1.0,0.6567,0,0,1.6,[],fundamental28,Global Fundamental Data,fundamental,Fundamental,fundamental-fundamental-data,Fundamental Data
fnd28_bsassetq_value_18390q,value of quarterly field: Construction Work in Progress,"{'id': 'fundamental28', 'name': 'Global Fundamental Data'}","{'id': 'fundamental', 'name': 'Fundamental'}","{'id': 'fundamental-fundamental-data', 'name': 'Fundamental Data'}",GLB,1,TOPDIV3000,MATRIX,1.0,0.4419,0,0,1.6,[],fundamental28,Global Fundamental Data,fundamental,Fundamental,fundamental-fundamental-data,Fundamental Data
fnd28_cfq_value_03151q,value of quarterly field: Working Capital,"{'id': 'fundamental28', 'name': 'Global Fundamental Data'}","{'id': 'fundamental', 'name': 'Fundamental'}","{'id': 'fundamental-fundamental-data', 'name': 'Fundamental Data'}",GLB,1,TOPDIV3000,MATRIX,1.0,0.7235,5,24,1.6,[],fundamental28,Global Fundamental Data,fundamental,Fundamental,fundamental-fundamental-data,Fundamental Data
fnd28_cfq_value_03998q,value of quarterly field: Total Capital,"{'id': 'fundamental28', 'name': 'Global Fundamental Data'}","{'id': 'fundamental', 'name': 'Fundamental'}","{'id': 'fundamental-fundamental-data', 'name': 'Fundamental Data'}",GLB,1,TOPDIV3000,MATRIX,1.0,0.8377,1,1,1.6,[],fundamental28,Global Fundamental Data,fundamental,Fundamental,fundamental-fundamental-data,Fundamental Data
fnd28_cfq_value_04001q,value of quarterly field: Net Income/Starting Line,"{'id': 'fundamental28', 'name': 'Global Fundamental Data'}","{'id': 'fundamental', 'name': 'Fundamental'}","{'id': 'fundamental-fundamental-data', 'name': 'Fundamental Data'}",GLB,1,TOPDIV3000,MATRIX,1.0,0.5096,0,0,1.6,[],fundamental28,Global Fundamental Data,fundamental,Fundamental,fundamental-fundamental-data,Fundamental Data
fnd28_cfq_value_04049q,value of quarterly field: Depreciation and Depletion,"{'id': 'fundamental28', 'name': 'Global Fundamental Data'}","{'id': 'fundamental', 'name': 'Fundamental'}","{'id': 'fundamental-fundamental-data', 'name': 'Fundamental Data'}",GLB,1,TOPDIV3000,MATRIX,1.0,0.6926,0,0,1.6,[],fundamental28,Global Fundamental Data,fundamental,Fundamental,fundamental-fundamental-data,Fundamental Data
fnd28_cfq_value_04050q,value of quarterly field: Amortization of Intangible Assets,"{'id': 'fundamental28', 'name': 'Global Fundamental Data'}","{'id': 'fundamental', 'name': 'Fundamental'}","{'id': 'fundamental-fundamental-data', 'name': 'Fundamental Data'}",GLB,1,TOPDIV3000,MATRIX,1.0,0.3856,0,0,1.6,[],fundamental28,Global Fundamental Data,fundamental,Fundamental,fundamental-fundamental-data,Fundamental Data
fnd28_cfq_value_04051q,"value of quarterly field: Depreciation, Depletion & Amortization","{'id': 'fundamental28', 'name': 'Global Fundamental Data'}","{'id': 'fundamental', 'name': 'Fundamental'}","{'id': 'fundamental-fundamental-data', 'name': 'Fundamental Data'}",GLB,1,TOPDIV3000,MATRIX,1.0,0.6908,0,0,1.6,[],fundamental28,Global Fundamental Data,fundamental,Fundamental,fundamental-fundamental-data,Fundamental Data
fnd28_cfq_value_04053q,value of quarterly field: Asset Disposal,"{'id': 'fundamental28', 'name': 'Global Fundamental Data'}","{'id': 'fundamental', 'name': 'Fundamental'}","{'id': 'fundamental-fundamental-data', 'name': 'Fundamental Data'}",GLB,1,TOPDIV3000,MATRIX,1.0,0.4419,0,0,1.6,[],fundamental28,Global Fundamental Data,fundamental,Fundamental,fundamental-fundamental-data,Fundamental Data
fnd28_cfq_value_04057q,value of quarterly field: Other Cash Flow (Supplementary to Other Cash Flow Total -04051),"{'id': 'fundamental28', 'name': 'Global Fundamental Data'}","{'id': 'fundamental', 'name': 'Fundamental'}","{'id': 'fundamental-fundamental-data', 'name': 'Fundamental Data'}",GLB,1,TOPDIV3000,MATRIX,1.0,0.4754,1,1,1.6,[],fundamental28,Global Fundamental Data,fundamental,Fundamental,fundamental-fundamental-data,Fundamental Data
fnd28_cfq_value_04148q,value of quarterly field: Interest Paid (Cash Flow),"{'id': 'fundamental28', 'name': 'Global Fundamental Data'}","{'id': 'fundamental', 'name': 'Fundamental'}","{'id': 'fundamental-fundamental-data', 'name': 'Fundamental Data'}",GLB,1,TOPDIV3000,MATRIX,1.0,0.3999,3,3,1.6,[],fundamental28,Global Fundamental Data,fundamental,Fundamental,fundamental-fundamental-data,Fundamental Data
fnd28_cfq_value_04150q,value of quarterly field: Taxation (Cash Flow),"{'id': 'fundamental28', 'name': 'Global Fundamental Data'}","{'id': 'fundamental', 'name': 'Fundamental'}","{'id': 'fundamental-fundamental-data', 'name': 'Fundamental Data'}",GLB,1,TOPDIV3000,MATRIX,1.0,0.4056,0,0,1.6,[],fundamental28,Global Fundamental Data,fundamental,Fundamental,fundamental-fundamental-data,Fundamental Data
fnd28_cfq_value_04151q,value of quarterly field: Other Cash Flow - Total,"{'id': 'fundamental28', 'name': 'Global Fundamental Data'}","{'id': 'fundamental', 'name': 'Fundamental'}","{'id': 'fundamental-fundamental-data', 'name': 'Fundamental Data'}",GLB,1,TOPDIV3000,MATRIX,1.0,0.5173,0,0,1.6,[],fundamental28,Global Fundamental Data,fundamental,Fundamental,fundamental-fundamental-data,Fundamental Data
fnd28_cfq_value_04199q,value of quarterly field: Deferred Income Taxes (Cash Flow),"{'id': 'fundamental28', 'name': 'Global Fundamental Data'}","{'id': 'fundamental', 'name': 'Fundamental'}","{'id': 'fundamental-fundamental-data', 'name': 'Fundamental Data'}",GLB,1,TOPDIV3000,MATRIX,1.0,0.383,0,0,1.6,[],fundamental28,Global Fundamental Data,fundamental,Fundamental,fundamental-fundamental-data,Fundamental Data
fnd28_cfq_value_04201q,value of quarterly field: Funds from Operations,"{'id': 'fundamental28', 'name': 'Global Fundamental Data'}","{'id': 'fundamental', 'name': 'Fundamental'}","{'id': 'fundamental-fundamental-data', 'name': 'Fundamental Data'}",GLB,1,TOPDIV3000,MATRIX,1.0,0.7796,1,1,1.6,[],fundamental28,Global Fundamental Data,fundamental,Fundamental,fundamental-fundamental-data,Fundamental Data
fnd28_cfq_value_04251q,value of quarterly field: Net Proceeds from Sale/Issuance of Common & Preferred,"{'id': 'fundamental28', 'name': 'Global Fundamental Data'}","{'id': 'fundamental', 'name': 'Fundamental'}","{'id': 'fundamental-fundamental-data', 'name': 'Fundamental Data'}",GLB,1,TOPDIV3000,MATRIX,1.0,0.555,0,0,1.6,[],fundamental28,Global Fundamental Data,fundamental,Fundamental,fundamental-fundamental-data,Fundamental Data
fnd28_cfq_value_04301q,value of quarterly field: Proceeds From Stock Options,"{'id': 'fundamental28', 'name': 'Global Fundamental Data'}","{'id': 'fundamental', 'name': 'Fundamental'}","{'id': 'fundamental-fundamental-data', 'name': 'Fundamental Data'}",GLB,1,TOPDIV3000,MATRIX,1.0,0.5462,0,0,1.6,[],fundamental28,Global Fundamental Data,fundamental,Fundamental,fundamental-fundamental-data,Fundamental Data
fnd28_cfq_value_04302q,value of quarterly field: Other Proceeds From Sale/Issuance of Stock,"{'id': 'fundamental28', 'name': 'Global Fundamental Data'}","{'id': 'fundamental', 'name': 'Fundamental'}","{'id': 'fundamental-fundamental-data', 'name': 'Fundamental Data'}",GLB,1,TOPDIV3000,MATRIX,1.0,0.5576,1,1,1.6,[],fundamental28,Global Fundamental Data,fundamental,Fundamental,fundamental-fundamental-data,Fundamental Data
fnd28_cfq_value_04351q,value of quarterly field: Disposal of Fixed Assets,"{'id': 'fundamental28', 'name': 'Global Fundamental Data'}","{'id': 'fundamental', 'name': 'Fundamental'}","{'id': 'fundamental-fundamental-data', 'name': 'Fundamental Data'}",GLB,1,TOPDIV3000,MATRIX,1.0,0.5519,0,0,1.6,[],fundamental28,Global Fundamental Data,fundamental,Fundamental,fundamental-fundamental-data,Fundamental Data
fnd28_cfq_value_04401q,value of quarterly field: Long Term Borrowings,"{'id': 'fundamental28', 'name': 'Global Fundamental Data'}","{'id': 'fundamental', 'name': 'Fundamental'}","{'id': 'fundamental-fundamental-data', 'name': 'Fundamental Data'}",GLB,1,TOPDIV3000,MATRIX,1.0,0.5482,0,0,1.6,[],fundamental28,Global Fundamental Data,fundamental,Fundamental,fundamental-fundamental-data,Fundamental Data
fnd28_cfq_value_04440q,value of quarterly field: Decrease in Investments,"{'id': 'fundamental28', 'name': 'Global Fundamental Data'}","{'id': 'fundamental', 'name': 'Fundamental'}","{'id': 'fundamental-fundamental-data', 'name': 'Fundamental Data'}",GLB,1,TOPDIV3000,MATRIX,1.0,0.5528,3,3,1.6,[],fundamental28,Global Fundamental Data,fundamental,Fundamental,fundamental-fundamental-data,Fundamental Data
fnd28_cfq_value_04446q,value of quarterly field: Other Sources - Financing,"{'id': 'fundamental28', 'name': 'Global Fundamental Data'}","{'id': 'fundamental', 'name': 'Fundamental'}","{'id': 'fundamental-fundamental-data', 'name': 'Fundamental Data'}",GLB,1,TOPDIV3000,MATRIX,1.0,0.5578,2,2,1.6,[],fundamental28,Global Fundamental Data,fundamental,Fundamental,fundamental-fundamental-data,Fundamental Data
fnd28_cfq_value_04447q,value of quarterly field: Other Uses - Financing,"{'id': 'fundamental28', 'name': 'Global Fundamental Data'}","{'id': 'fundamental', 'name': 'Fundamental'}","{'id': 'fundamental-fundamental-data', 'name': 'Fundamental Data'}",GLB,1,TOPDIV3000,MATRIX,1.0,0.5585,0,0,1.6,[],fundamental28,Global Fundamental Data,fundamental,Fundamental,fundamental-fundamental-data,Fundamental Data
fnd28_cfq_value_04551q,value of quarterly field: Cash Dividends Paid - Total,"{'id': 'fundamental28', 'name': 'Global Fundamental Data'}","{'id': 'fundamental', 'name': 'Fundamental'}","{'id': 'fundamental-fundamental-data', 'name': 'Fundamental Data'}",GLB,1,TOPDIV3000,MATRIX,1.0,0.7199,1,1,1.6,[],fundamental28,Global Fundamental Data,fundamental,Fundamental,fundamental-fundamental-data,Fundamental Data
fnd28_cfq_value_04601q,value of quarterly field: Capital Expenditures (Additions to Fixed Assets),"{'id': 'fundamental28', 'name': 'Global Fundamental Data'}","{'id': 'fundamental', 'name': 'Fundamental'}","{'id': 'fundamental-fundamental-data', 'name': 'Fundamental Data'}",GLB,1,TOPDIV3000,MATRIX,1.0,0.75,1,1,1.6,[],fundamental28,Global Fundamental Data,fundamental,Fundamental,fundamental-fundamental-data,Fundamental Data
fnd28_cfq_value_04701q,value of quarterly field: Reduction In Long Term Debt,"{'id': 'fundamental28', 'name': 'Global Fundamental Data'}","{'id': 'fundamental', 'name': 'Fundamental'}","{'id': 'fundamental-fundamental-data', 'name': 'Fundamental Data'}",GLB,1,TOPDIV3000,MATRIX,1.0,0.5526,0,0,1.6,[],fundamental28,Global Fundamental Data,fundamental,Fundamental,fundamental-fundamental-data,Fundamental Data
fnd28_cfq_value_04751q,"value of quarterly field: Common/Preferred Redeemed, Retired, Converted, Etc.","{'id': 'fundamental28', 'name': 'Global Fundamental Data'}","{'id': 'fundamental', 'name': 'Fundamental'}","{'id': 'fundamental-fundamental-data', 'name': 'Fundamental Data'}",GLB,1,TOPDIV3000,MATRIX,1.0,0.5507,0,0,1.6,[],fundamental28,Global Fundamental Data,fundamental,Fundamental,fundamental-fundamental-data,Fundamental Data
fnd28_cfq_value_04760q,value of quarterly field: Increase in Investments,"{'id': 'fundamental28', 'name': 'Global Fundamental Data'}","{'id': 'fundamental', 'name': 'Fundamental'}","{'id': 'fundamental-fundamental-data', 'name': 'Fundamental Data'}",GLB,1,TOPDIV3000,MATRIX,1.0,0.5513,0,0,1.6,[],fundamental28,Global Fundamental Data,fundamental,Fundamental,fundamental-fundamental-data,Fundamental Data
fnd28_cfq_value_04795q,value of quarterly field: Other Uses - Investing,"{'id': 'fundamental28', 'name': 'Global Fundamental Data'}","{'id': 'fundamental', 'name': 'Fundamental'}","{'id': 'fundamental-fundamental-data', 'name': 'Fundamental Data'}",GLB,1,TOPDIV3000,MATRIX,1.0,0.5601,0,0,1.6,[],fundamental28,Global Fundamental Data,fundamental,Fundamental,fundamental-fundamental-data,Fundamental Data
fnd28_cfq_value_04796q,value of quarterly field: Other Sources - Investing,"{'id': 'fundamental28', 'name': 'Global Fundamental Data'}","{'id': 'fundamental', 'name': 'Fundamental'}","{'id': 'fundamental-fundamental-data', 'name': 'Fundamental Data'}",GLB,1,TOPDIV3000,MATRIX,1.0,0.6304,0,0,1.6,[],fundamental28,Global Fundamental Data,fundamental,Fundamental,fundamental-fundamental-data,Fundamental Data
fnd28_cfq_value_04821q,value of quarterly field: Increase/Decrease In Short Term Borrowings,"{'id': 'fundamental28', 'name': 'Global Fundamental Data'}","{'id': 'fundamental', 'name': 'Fundamental'}","{'id': 'fundamental-fundamental-data', 'name': 'Fundamental Data'}",GLB,1,TOPDIV3000,MATRIX,1.0,0.5161,1,1,1.6,[],fundamental28,Global Fundamental Data,fundamental,Fundamental,fundamental-fundamental-data,Fundamental Data
fnd28_cfq_value_04825q,value of quarterly field: Decrease/Increase In Receivables,"{'id': 'fundamental28', 'name': 'Global Fundamental Data'}","{'id': 'fundamental', 'name': 'Fundamental'}","{'id': 'fundamental-fundamental-data', 'name': 'Fundamental Data'}",GLB,1,TOPDIV3000,MATRIX,1.0,0.4277,0,0,1.6,[],fundamental28,Global Fundamental Data,fundamental,Fundamental,fundamental-fundamental-data,Fundamental Data
fnd28_cfq_value_04826q,value of quarterly field: Decrease/Increase In Inventories,"{'id': 'fundamental28', 'name': 'Global Fundamental Data'}","{'id': 'fundamental', 'name': 'Fundamental'}","{'id': 'fundamental-fundamental-data', 'name': 'Fundamental Data'}",GLB,1,TOPDIV3000,MATRIX,1.0,0.3794,0,0,1.6,[],fundamental28,Global Fundamental Data,fundamental,Fundamental,fundamental-fundamental-data,Fundamental Data
fnd28_cfq_value_04827q,value of quarterly field: Increase/Decrease In Accounts Payable,"{'id': 'fundamental28', 'name': 'Global Fundamental Data'}","{'id': 'fundamental', 'name': 'Fundamental'}","{'id': 'fundamental-fundamental-data', 'name': 'Fundamental Data'}",GLB,1,TOPDIV3000,MATRIX,1.0,0.4269,1,1,1.6,[],fundamental28,Global Fundamental Data,fundamental,Fundamental,fundamental-fundamental-data,Fundamental Data
fnd28_cfq_value_04828q,value of quarterly field: Increase/Decrease In Income Tax Payable,"{'id': 'fundamental28', 'name': 'Global Fundamental Data'}","{'id': 'fundamental', 'name': 'Fundamental'}","{'id': 'fundamental-fundamental-data', 'name': 'Fundamental Data'}",GLB,1,TOPDIV3000,MATRIX,1.0,0.2776,0,0,1.6,[],fundamental28,Global Fundamental Data,fundamental,Fundamental,fundamental-fundamental-data,Fundamental Data
fnd28_cfq_value_04829q,value of quarterly field: Increase/Decrease In Other Accruals,"{'id': 'fundamental28', 'name': 'Global Fundamental Data'}","{'id': 'fundamental', 'name': 'Fundamental'}","{'id': 'fundamental-fundamental-data', 'name': 'Fundamental Data'}",GLB,1,TOPDIV3000,MATRIX,1.0,0.2727,0,0,1.6,[],fundamental28,Global Fundamental Data,fundamental,Fundamental,fundamental-fundamental-data,Fundamental Data
fnd28_cfq_value_04830q,value of quarterly field: Decrease/Increase In Other Assets/Liabilities,"{'id': 'fundamental28', 'name': 'Global Fundamental Data'}","{'id': 'fundamental', 'name': 'Fundamental'}","{'id': 'fundamental-fundamental-data', 'name': 'Fundamental Data'}",GLB,1,TOPDIV3000,MATRIX,1.0,0.4589,1,1,1.6,[],fundamental28,Global Fundamental Data,fundamental,Fundamental,fundamental-fundamental-data,Fundamental Data
fnd28_cfq_value_04831q,value of quarterly field: Funds from/for Other Operating Activities,"{'id': 'fundamental28', 'name': 'Global Fundamental Data'}","{'id': 'fundamental', 'name': 'Fundamental'}","{'id': 'fundamental-fundamental-data', 'name': 'Fundamental Data'}",GLB,1,TOPDIV3000,MATRIX,1.0,0.5549,0,0,1.6,[],fundamental28,Global Fundamental Data,fundamental,Fundamental,fundamental-fundamental-data,Fundamental Data
fnd28_cfq_value_04840q,value of quarterly field: Effect of Exchange Rate on Cash,"{'id': 'fundamental28', 'name': 'Global Fundamental Data'}","{'id': 'fundamental', 'name': 'Fundamental'}","{'id': 'fundamental-fundamental-data', 'name': 'Fundamental Data'}",GLB,1,TOPDIV3000,MATRIX,1.0,0.6359,0,0,1.6,[],fundamental28,Global Fundamental Data,fundamental,Fundamental,fundamental-fundamental-data,Fundamental Data
fnd28_cfq_value_04851q,value of quarterly field: Increase/Decrease in Cash & Short Term Investments,"{'id': 'fundamental28', 'name': 'Global Fundamental Data'}","{'id': 'fundamental', 'name': 'Fundamental'}","{'id': 'fundamental-fundamental-data', 'name': 'Fundamental Data'}",GLB,1,TOPDIV3000,MATRIX,1.0,0.764,1,1,1.6,[],fundamental28,Global Fundamental Data,fundamental,Fundamental,fundamental-fundamental-data,Fundamental Data
fnd28_cfq_value_18199q,value of quarterly field: Net Debt,"{'id': 'fundamental28', 'name': 'Global Fundamental Data'}","{'id': 'fundamental', 'name': 'Fundamental'}","{'id': 'fundamental-fundamental-data', 'name': 'Fundamental Data'}",GLB,1,TOPDIV3000,MATRIX,1.0,0.838,0,0,1.6,[],fundamental28,Global Fundamental Data,fundamental,Fundamental,fundamental-fundamental-data,Fundamental Data
fnd28_cfsourceusea_value_04001a,value of annual field: Net Income/Starting Line,"{'id': 'fundamental28', 'name': 'Global Fundamental Data'}","{'id': 'fundamental', 'name': 'Fundamental'}","{'id': 'fundamental-fundamental-data', 'name': 'Fundamental Data'}",GLB,1,TOPDIV3000,MATRIX,1.0,0.946,3,15,1.6,[],fundamental28,Global Fundamental Data,fundamental,Fundamental,fundamental-fundamental-data,Fundamental Data
fnd28_cfsourceusea_value_04049a,value of annual field: Depreciation and Depletion,"{'id': 'fundamental28', 'name': 'Global Fundamental Data'}","{'id': 'fundamental', 'name': 'Fundamental'}","{'id': 'fundamental-fundamental-data', 'name': 'Fundamental Data'}",GLB,1,TOPDIV3000,MATRIX,1.0,0.9928,1,1,1.6,[],fundamental28,Global Fundamental Data,fundamental,Fundamental,fundamental-fundamental-data,Fundamental Data
fnd28_cfsourceusea_value_04050a,value of annual field: Amortization of Intangible Assets,"{'id': 'fundamental28', 'name': 'Global Fundamental Data'}","{'id': 'fundamental', 'name': 'Fundamental'}","{'id': 'fundamental-fundamental-data', 'name': 'Fundamental Data'}",GLB,1,TOPDIV3000,MATRIX,1.0,0.7452,1,1,1.6,[],fundamental28,Global Fundamental Data,fundamental,Fundamental,fundamental-fundamental-data,Fundamental Data
fnd28_cfsourceusea_value_04051a,"value of annual field: Depreciation, Depletion & Amortization","{'id': 'fundamental28', 'name': 'Global Fundamental Data'}","{'id': 'fundamental', 'name': 'Fundamental'}","{'id': 'fundamental-fundamental-data', 'name': 'Fundamental Data'}",GLB,1,TOPDIV3000,MATRIX,1.0,0.9924,0,0,1.6,[],fundamental28,Global Fundamental Data,fundamental,Fundamental,fundamental-fundamental-data,Fundamental Data
fnd28_cfsourceusea_value_04101a,value of annual field: Deferred Income Taxes and Investment Tax Credit,"{'id': 'fundamental28', 'name': 'Global Fundamental Data'}","{'id': 'fundamental', 'name': 'Fundamental'}","{'id': 'fundamental-fundamental-data', 'name': 'Fundamental Data'}",GLB,1,TOPDIV3000,MATRIX,1.0,0.64,0,0,1.6,[],fundamental28,Global Fundamental Data,fundamental,Fundamental,fundamental-fundamental-data,Fundamental Data
fnd28_cfsourceusea_value_04151a,value of annual field: Other Cash Flow - Total,"{'id': 'fundamental28', 'name': 'Global Fundamental Data'}","{'id': 'fundamental', 'name': 'Fundamental'}","{'id': 'fundamental-fundamental-data', 'name': 'Fundamental Data'}",GLB,1,TOPDIV3000,MATRIX,1.0,0.9467,0,0,1.6,[],fundamental28,Global Fundamental Data,fundamental,Fundamental,fundamental-fundamental-data,Fundamental Data
fnd28_cfsourceusea_value_04199a,value of annual field: Deferred Income Taxes (Cash Flow),"{'id': 'fundamental28', 'name': 'Global Fundamental Data'}","{'id': 'fundamental', 'name': 'Fundamental'}","{'id': 'fundamental-fundamental-data', 'name': 'Fundamental Data'}",GLB,1,TOPDIV3000,MATRIX,1.0,0.5273,1,1,1.6,[],fundamental28,Global Fundamental Data,fundamental,Fundamental,fundamental-fundamental-data,Fundamental Data
fnd28_cfsourceusea_value_04201a,value of annual field: Funds from Operations,"{'id': 'fundamental28', 'name': 'Global Fundamental Data'}","{'id': 'fundamental', 'name': 'Fundamental'}","{'id': 'fundamental-fundamental-data', 'name': 'Fundamental Data'}",GLB,1,TOPDIV3000,MATRIX,1.0,1.0,0,0,1.6,[],fundamental28,Global Fundamental Data,fundamental,Fundamental,fundamental-fundamental-data,Fundamental Data
fnd28_cfsourceusea_value_04251a,value of annual field: Net Proceeds from Sale/Issuance of Common & Preferred,"{'id': 'fundamental28', 'name': 'Global Fundamental Data'}","{'id': 'fundamental', 'name': 'Fundamental'}","{'id': 'fundamental-fundamental-data', 'name': 'Fundamental Data'}",GLB,1,TOPDIV3000,MATRIX,1.0,0.6717,1,1,1.6,[],fundamental28,Global Fundamental Data,fundamental,Fundamental,fundamental-fundamental-data,Fundamental Data
fnd28_cfsourceusea_value_04301a,value of annual field: Proceeds From Stock Options,"{'id': 'fundamental28', 'name': 'Global Fundamental Data'}","{'id': 'fundamental', 'name': 'Fundamental'}","{'id': 'fundamental-fundamental-data', 'name': 'Fundamental Data'}",GLB,1,TOPDIV3000,MATRIX,1.0,0.2547,0,0,1.6,[],fundamental28,Global Fundamental Data,fundamental,Fundamental,fundamental-fundamental-data,Fundamental Data
fnd28_cfsourceusea_value_04302a,value of annual field: Other Proceeds From Sale/Issuance of Stock,"{'id': 'fundamental28', 'name': 'Global Fundamental Data'}","{'id': 'fundamental', 'name': 'Fundamental'}","{'id': 'fundamental-fundamental-data', 'name': 'Fundamental Data'}",GLB,1,TOPDIV3000,MATRIX,1.0,0.4972,2,2,1.6,[],fundamental28,Global Fundamental Data,fundamental,Fundamental,fundamental-fundamental-data,Fundamental Data
fnd28_cfsourceusea_value_04351a,value of annual field: Disposal of Fixed Assets,"{'id': 'fundamental28', 'name': 'Global Fundamental Data'}","{'id': 'fundamental', 'name': 'Fundamental'}","{'id': 'fundamental-fundamental-data', 'name': 'Fundamental Data'}",GLB,1,TOPDIV3000,MATRIX,1.0,0.7778,0,0,1.6,[],fundamental28,Global Fundamental Data,fundamental,Fundamental,fundamental-fundamental-data,Fundamental Data
fnd28_cfsourceusea_value_04355a,value of annual field: Net Assets From Acquisitions,"{'id': 'fundamental28', 'name': 'Global Fundamental Data'}","{'id': 'fundamental', 'name': 'Fundamental'}","{'id': 'fundamental-fundamental-data', 'name': 'Fundamental Data'}",GLB,1,TOPDIV3000,MATRIX,1.0,0.5331,0,0,1.6,[],fundamental28,Global Fundamental Data,fundamental,Fundamental,fundamental-fundamental-data,Fundamental Data
fnd28_cfsourceusea_value_04401a,value of annual field: Long Term Borrowings,"{'id': 'fundamental28', 'name': 'Global Fundamental Data'}","{'id': 'fundamental', 'name': 'Fundamental'}","{'id': 'fundamental-fundamental-data', 'name': 'Fundamental Data'}",GLB,1,TOPDIV3000,MATRIX,1.0,0.76,0,0,1.6,[],fundamental28,Global Fundamental Data,fundamental,Fundamental,fundamental-fundamental-data,Fundamental Data
fnd28_cfsourceusea_value_04440a,value of annual field: Decrease in Investments,"{'id': 'fundamental28', 'name': 'Global Fundamental Data'}","{'id': 'fundamental', 'name': 'Fundamental'}","{'id': 'fundamental-fundamental-data', 'name': 'Fundamental Data'}",GLB,1,TOPDIV3000,MATRIX,1.0,0.6787,4,4,1.6,[],fundamental28,Global Fundamental Data,fundamental,Fundamental,fundamental-fundamental-data,Fundamental Data
fnd28_cfsourceusea_value_04446a,value of annual field: Other Sources - Financing,"{'id': 'fundamental28', 'name': 'Global Fundamental Data'}","{'id': 'fundamental', 'name': 'Fundamental'}","{'id': 'fundamental-fundamental-data', 'name': 'Fundamental Data'}",GLB,1,TOPDIV3000,MATRIX,1.0,0.4282,0,0,1.6,[],fundamental28,Global Fundamental Data,fundamental,Fundamental,fundamental-fundamental-data,Fundamental Data
fnd28_cfsourceusea_value_04447a,value of annual field: Other Uses - Financing,"{'id': 'fundamental28', 'name': 'Global Fundamental Data'}","{'id': 'fundamental', 'name': 'Fundamental'}","{'id': 'fundamental-fundamental-data', 'name': 'Fundamental Data'}",GLB,1,TOPDIV3000,MATRIX,1.0,0.7038,1,1,1.6,[],fundamental28,Global Fundamental Data,fundamental,Fundamental,fundamental-fundamental-data,Fundamental Data
fnd28_cfsourceusea_value_04501a,value of annual field: Total Sources Uses of Funds,"{'id': 'fundamental28', 'name': 'Global Fundamental Data'}","{'id': 'fundamental', 'name': 'Fundamental'}","{'id': 'fundamental-fundamental-data', 'name': 'Fundamental Data'}",GLB,1,TOPDIV3000,MATRIX,1.0,1.0,0,0,1.6,[],fundamental28,Global Fundamental Data,fundamental,Fundamental,fundamental-fundamental-data,Fundamental Data
fnd28_cfsourceusea_value_04551a,value of annual field: Cash Dividends Paid - Total,"{'id': 'fundamental28', 'name': 'Global Fundamental Data'}","{'id': 'fundamental', 'name': 'Fundamental'}","{'id': 'fundamental-fundamental-data', 'name': 'Fundamental Data'}",GLB,1,TOPDIV3000,MATRIX,1.0,0.8259,0,0,1.6,[],fundamental28,Global Fundamental Data,fundamental,Fundamental,fundamental-fundamental-data,Fundamental Data
fnd28_cfsourceusea_value_04601a,value of annual field: Capital Expenditures (Additions to Fixed Assets),"{'id': 'fundamental28', 'name': 'Global Fundamental Data'}","{'id': 'fundamental', 'name': 'Fundamental'}","{'id': 'fundamental-fundamental-data', 'name': 'Fundamental Data'}",GLB,1,TOPDIV3000,MATRIX,1.0,1.0,0,0,1.6,[],fundamental28,Global Fundamental Data,fundamental,Fundamental,fundamental-fundamental-data,Fundamental Data
fnd28_cfsourceusea_value_04651a,value of annual field: Additions to Other Assets,"{'id': 'fundamental28', 'name': 'Global Fundamental Data'}","{'id': 'fundamental', 'name': 'Fundamental'}","{'id': 'fundamental-fundamental-data', 'name': 'Fundamental Data'}",GLB,1,TOPDIV3000,MATRIX,1.0,0.4438,1,1,1.6,[],fundamental28,Global Fundamental Data,fundamental,Fundamental,fundamental-fundamental-data,Fundamental Data
fnd28_cfsourceusea_value_04701a,value of annual field: Reduction In Long Term Debt,"{'id': 'fundamental28', 'name': 'Global Fundamental Data'}","{'id': 'fundamental', 'name': 'Fundamental'}","{'id': 'fundamental-fundamental-data', 'name': 'Fundamental Data'}",GLB,1,TOPDIV3000,MATRIX,1.0,0.8773,0,0,1.6,[],fundamental28,Global Fundamental Data,fundamental,Fundamental,fundamental-fundamental-data,Fundamental Data
fnd28_cfsourceusea_value_04751a,"value of annual field: Common/Preferred Redeemed, Retired, Converted, Etc.","{'id': 'fundamental28', 'name': 'Global Fundamental Data'}","{'id': 'fundamental', 'name': 'Fundamental'}","{'id': 'fundamental-fundamental-data', 'name': 'Fundamental Data'}",GLB,1,TOPDIV3000,MATRIX,1.0,0.6014,0,0,1.6,[],fundamental28,Global Fundamental Data,fundamental,Fundamental,fundamental-fundamental-data,Fundamental Data
fnd28_cfsourceusea_value_04760a,value of annual field: Increase in Investments,"{'id': 'fundamental28', 'name': 'Global Fundamental Data'}","{'id': 'fundamental', 'name': 'Fundamental'}","{'id': 'fundamental-fundamental-data', 'name': 'Fundamental Data'}",GLB,1,TOPDIV3000,MATRIX,1.0,0.7444,0,0,1.6,[],fundamental28,Global Fundamental Data,fundamental,Fundamental,fundamental-fundamental-data,Fundamental Data
fnd28_cfsourceusea_value_04795a,value of annual field: Other Uses - Investing,"{'id': 'fundamental28', 'name': 'Global Fundamental Data'}","{'id': 'fundamental', 'name': 'Fundamental'}","{'id': 'fundamental-fundamental-data', 'name': 'Fundamental Data'}",GLB,1,TOPDIV3000,MATRIX,1.0,0.5768,0,0,1.6,[],fundamental28,Global Fundamental Data,fundamental,Fundamental,fundamental-fundamental-data,Fundamental Data
fnd28_cfsourceusea_value_04796a,value of annual field: Other Sources - Investing,"{'id': 'fundamental28', 'name': 'Global Fundamental Data'}","{'id': 'fundamental', 'name': 'Fundamental'}","{'id': 'fundamental-fundamental-data', 'name': 'Fundamental Data'}",GLB,1,TOPDIV3000,MATRIX,1.0,0.5734,0,0,1.6,[],fundamental28,Global Fundamental Data,fundamental,Fundamental,fundamental-fundamental-data,Fundamental Data
fnd28_cfsourceusea_value_04811a,value of annual field: Total Uses Supplementary Cash Flow Fields,"{'id': 'fundamental28', 'name': 'Global Fundamental Data'}","{'id': 'fundamental', 'name': 'Fundamental'}","{'id': 'fundamental-fundamental-data', 'name': 'Fundamental Data'}",GLB,1,TOPDIV3000,MATRIX,1.0,1.0,0,0,1.6,[],fundamental28,Global Fundamental Data,fundamental,Fundamental,fundamental-fundamental-data,Fundamental Data
fnd28_cfsourceusea_value_04821a,value of annual field: Increase/Decrease In Short Term Borrowings,"{'id': 'fundamental28', 'name': 'Global Fundamental Data'}","{'id': 'fundamental', 'name': 'Fundamental'}","{'id': 'fundamental-fundamental-data', 'name': 'Fundamental Data'}",GLB,1,TOPDIV3000,MATRIX,1.0,0.5727,0,0,1.6,[],fundamental28,Global Fundamental Data,fundamental,Fundamental,fundamental-fundamental-data,Fundamental Data
fnd28_cfsourceusea_value_04825a,value of annual field: Decrease/Increase In Receivables,"{'id': 'fundamental28', 'name': 'Global Fundamental Data'}","{'id': 'fundamental', 'name': 'Fundamental'}","{'id': 'fundamental-fundamental-data', 'name': 'Fundamental Data'}",GLB,1,TOPDIV3000,MATRIX,1.0,0.8947,2,2,1.6,[],fundamental28,Global Fundamental Data,fundamental,Fundamental,fundamental-fundamental-data,Fundamental Data
fnd28_cfsourceusea_value_04826a,value of annual field: Decrease/Increase In Inventories,"{'id': 'fundamental28', 'name': 'Global Fundamental Data'}","{'id': 'fundamental', 'name': 'Fundamental'}","{'id': 'fundamental-fundamental-data', 'name': 'Fundamental Data'}",GLB,1,TOPDIV3000,MATRIX,1.0,0.8289,0,0,1.6,[],fundamental28,Global Fundamental Data,fundamental,Fundamental,fundamental-fundamental-data,Fundamental Data
fnd28_cfsourceusea_value_04827a,value of annual field: Increase/Decrease In Accounts Payable,"{'id': 'fundamental28', 'name': 'Global Fundamental Data'}","{'id': 'fundamental', 'name': 'Fundamental'}","{'id': 'fundamental-fundamental-data', 'name': 'Fundamental Data'}",GLB,1,TOPDIV3000,MATRIX,1.0,0.8988,0,0,1.6,[],fundamental28,Global Fundamental Data,fundamental,Fundamental,fundamental-fundamental-data,Fundamental Data
fnd28_cfsourceusea_value_04828a,value of annual field: Increase/Decrease In Income Tax Payable,"{'id': 'fundamental28', 'name': 'Global Fundamental Data'}","{'id': 'fundamental', 'name': 'Fundamental'}","{'id': 'fundamental-fundamental-data', 'name': 'Fundamental Data'}",GLB,1,TOPDIV3000,MATRIX,1.0,0.3867,0,0,1.6,[],fundamental28,Global Fundamental Data,fundamental,Fundamental,fundamental-fundamental-data,Fundamental Data
fnd28_cfsourceusea_value_04829a,value of annual field: Increase/Decrease In Other Accruals,"{'id': 'fundamental28', 'name': 'Global Fundamental Data'}","{'id': 'fundamental', 'name': 'Fundamental'}","{'id': 'fundamental-fundamental-data', 'name': 'Fundamental Data'}",GLB,1,TOPDIV3000,MATRIX,1.0,0.3828,0,0,1.6,[],fundamental28,Global Fundamental Data,fundamental,Fundamental,fundamental-fundamental-data,Fundamental Data
fnd28_cfsourceusea_value_04830a,value of annual field: Decrease/Increase In Other Assets/Liabilities,"{'id': 'fundamental28', 'name': 'Global Fundamental Data'}","{'id': 'fundamental', 'name': 'Fundamental'}","{'id': 'fundamental-fundamental-data', 'name': 'Fundamental Data'}",GLB,1,TOPDIV3000,MATRIX,1.0,0.8935,1,1,1.6,[],fundamental28,Global Fundamental Data,fundamental,Fundamental,fundamental-fundamental-data,Fundamental Data
fnd28_cfsourceusea_value_04831a,value of annual field: Funds from/for Other Operating Activities,"{'id': 'fundamental28', 'name': 'Global Fundamental Data'}","{'id': 'fundamental', 'name': 'Fundamental'}","{'id': 'fundamental-fundamental-data', 'name': 'Fundamental Data'}",GLB,1,TOPDIV3000,MATRIX,1.0,0.9934,0,0,1.6,[],fundamental28,Global Fundamental Data,fundamental,Fundamental,fundamental-fundamental-data,Fundamental Data
fnd28_cfsourceusea_value_04840a,value of annual field: Effect of Exchange Rate on Cash,"{'id': 'fundamental28', 'name': 'Global Fundamental Data'}","{'id': 'fundamental', 'name': 'Fundamental'}","{'id': 'fundamental-fundamental-data', 'name': 'Fundamental Data'}",GLB,1,TOPDIV3000,MATRIX,1.0,0.8536,0,0,1.6,[],fundamental28,Global Fundamental Data,fundamental,Fundamental,fundamental-fundamental-data,Fundamental Data
fnd28_cfsourceusea_value_04851a,value of annual field: Increase/Decrease in Cash & Short Term Investments,"{'id': 'fundamental28', 'name': 'Global Fundamental Data'}","{'id': 'fundamental', 'name': 'Fundamental'}","{'id': 'fundamental-fundamental-data', 'name': 'Fundamental Data'}",GLB,1,TOPDIV3000,MATRIX,1.0,1.0,0,0,1.6,[],fundamental28,Global Fundamental Data,fundamental,Fundamental,fundamental-fundamental-data,Fundamental Data
fnd28_cfsourceusea_value_05376a,value of annual field: Common Dividends (Cash),"{'id': 'fundamental28', 'name': 'Global Fundamental Data'}","{'id': 'fundamental', 'name': 'Fundamental'}","{'id': 'fundamental-fundamental-data', 'name': 'Fundamental Data'}",GLB,1,TOPDIV3000,MATRIX,1.0,0.8184,0,0,1.6,[],fundamental28,Global Fundamental Data,fundamental,Fundamental,fundamental-fundamental-data,Fundamental Data
fnd28_chas_value_05001,value of field: Market Price - Year End,"{'id': 'fundamental28', 'name': 'Global Fundamental Data'}","{'id': 'fundamental', 'name': 'Fundamental'}","{'id': 'fundamental-fundamental-data', 'name': 'Fundamental Data'}",GLB,1,TOPDIV3000,MATRIX,1.0,1.0,2,4,1.6,[],fundamental28,Global Fundamental Data,fundamental,Fundamental,fundamental-fundamental-data,Fundamental Data
fnd28_chas_value_05476,value of field: Book Value per Share,"{'id': 'fundamental28', 'name': 'Global Fundamental Data'}","{'id': 'fundamental', 'name': 'Fundamental'}","{'id': 'fundamental-fundamental-data', 'name': 'Fundamental Data'}",GLB,1,TOPDIV3000,MATRIX,1.0,1.0,0,0,1.6,[],fundamental28,Global Fundamental Data,fundamental,Fundamental,fundamental-fundamental-data,Fundamental Data
fnd28_chas_value_05501,value of field: Cash Flow per Share,"{'id': 'fundamental28', 'name': 'Global Fundamental Data'}","{'id': 'fundamental', 'name': 'Fundamental'}","{'id': 'fundamental-fundamental-data', 'name': 'Fundamental Data'}",GLB,1,TOPDIV3000,MATRIX,1.0,1.0,0,0,1.6,[],fundamental28,Global Fundamental Data,fundamental,Fundamental,fundamental-fundamental-data,Fundamental Data
fnd28_chas_value_05503,value of field: Long Term Liabilities per Share,"{'id': 'fundamental28', 'name': 'Global Fundamental Data'}","{'id': 'fundamental', 'name': 'Fundamental'}","{'id': 'fundamental-fundamental-data', 'name': 'Fundamental Data'}",GLB,1,TOPDIV3000,MATRIX,1.0,0.8912,0,0,1.6,[],fundamental28,Global Fundamental Data,fundamental,Fundamental,fundamental-fundamental-data,Fundamental Data
fnd28_chas_value_05508,value of field: Sales per Share,"{'id': 'fundamental28', 'name': 'Global Fundamental Data'}","{'id': 'fundamental', 'name': 'Fundamental'}","{'id': 'fundamental-fundamental-data', 'name': 'Fundamental Data'}",GLB,1,TOPDIV3000,MATRIX,1.0,1.0,2,2,1.6,[],fundamental28,Global Fundamental Data,fundamental,Fundamental,fundamental-fundamental-data,Fundamental Data
fnd28_fsa1_value_01001a,value of annual field: Net Sales or Revenues,"{'id': 'fundamental28', 'name': 'Global Fundamental Data'}","{'id': 'fundamental', 'name': 'Fundamental'}","{'id': 'fundamental-fundamental-data', 'name': 'Fundamental Data'}",GLB,1,TOPDIV3000,MATRIX,1.0,0.9834,5,14,1.6,[],fundamental28,Global Fundamental Data,fundamental,Fundamental,fundamental-fundamental-data,Fundamental Data
fnd28_fsa1_value_01051a,value of annual field: Cost Of Goods Sold (Excl Depreciation),"{'id': 'fundamental28', 'name': 'Global Fundamental Data'}","{'id': 'fundamental', 'name': 'Fundamental'}","{'id': 'fundamental-fundamental-data', 'name': 'Fundamental Data'}",GLB,1,TOPDIV3000,MATRIX,1.0,0.9175,0,0,1.6,[],fundamental28,Global Fundamental Data,fundamental,Fundamental,fundamental-fundamental-data,Fundamental Data
fnd28_fsa1_value_01084a,value of annual field: Staff Costs,"{'id': 'fundamental28', 'name': 'Global Fundamental Data'}","{'id': 'fundamental', 'name': 'Fundamental'}","{'id': 'fundamental-fundamental-data', 'name': 'Fundamental Data'}",GLB,1,TOPDIV3000,MATRIX,1.0,0.5868,1,1,1.6,[],fundamental28,Global Fundamental Data,fundamental,Fundamental,fundamental-fundamental-data,Fundamental Data
fnd28_fsa1_value_01151a,"value of annual field: Depreciation, Depletion & Amortization","{'id': 'fundamental28', 'name': 'Global Fundamental Data'}","{'id': 'fundamental', 'name': 'Fundamental'}","{'id': 'fundamental-fundamental-data', 'name': 'Fundamental Data'}",GLB,1,TOPDIV3000,MATRIX,1.0,1.0,0,0,1.6,[],fundamental28,Global Fundamental Data,fundamental,Fundamental,fundamental-fundamental-data,Fundamental Data
fnd28_fsa1_value_01201a,value of annual field: Research and Development Expense,"{'id': 'fundamental28', 'name': 'Global Fundamental Data'}","{'id': 'fundamental', 'name': 'Fundamental'}","{'id': 'fundamental-fundamental-data', 'name': 'Fundamental Data'}",GLB,1,TOPDIV3000,MATRIX,1.0,0.7169,0,0,1.6,[],fundamental28,Global Fundamental Data,fundamental,Fundamental,fundamental-fundamental-data,Fundamental Data
fnd28_fsa1_value_01249a,value of annual field: Operating Expenses - Total,"{'id': 'fundamental28', 'name': 'Global Fundamental Data'}","{'id': 'fundamental', 'name': 'Fundamental'}","{'id': 'fundamental-fundamental-data', 'name': 'Fundamental Data'}",GLB,1,TOPDIV3000,MATRIX,1.0,0.9114,0,0,1.6,[],fundamental28,Global Fundamental Data,fundamental,Fundamental,fundamental-fundamental-data,Fundamental Data
fnd28_fsa1_value_01250a,value of annual field: Operating Income,"{'id': 'fundamental28', 'name': 'Global Fundamental Data'}","{'id': 'fundamental', 'name': 'Fundamental'}","{'id': 'fundamental-fundamental-data', 'name': 'Fundamental Data'}",GLB,1,TOPDIV3000,MATRIX,1.0,0.9189,1,1,1.6,[],fundamental28,Global Fundamental Data,fundamental,Fundamental,fundamental-fundamental-data,Fundamental Data
fnd28_fsa1_value_01251a,value of annual field: Interest Expense on Debt,"{'id': 'fundamental28', 'name': 'Global Fundamental Data'}","{'id': 'fundamental', 'name': 'Fundamental'}","{'id': 'fundamental-fundamental-data', 'name': 'Fundamental Data'}",GLB,1,TOPDIV3000,MATRIX,1.0,0.9875,0,0,1.6,[],fundamental28,Global Fundamental Data,fundamental,Fundamental,fundamental-fundamental-data,Fundamental Data
fnd28_fsa1_value_01401a,value of annual field: Pre-tax Income,"{'id': 'fundamental28', 'name': 'Global Fundamental Data'}","{'id': 'fundamental', 'name': 'Fundamental'}","{'id': 'fundamental-fundamental-data', 'name': 'Fundamental Data'}",GLB,1,TOPDIV3000,MATRIX,1.0,0.9894,0,0,1.6,[],fundamental28,Global Fundamental Data,fundamental,Fundamental,fundamental-fundamental-data,Fundamental Data
fnd28_fsa1_value_01451a,value of annual field: Income Taxes,"{'id': 'fundamental28', 'name': 'Global Fundamental Data'}","{'id': 'fundamental', 'name': 'Fundamental'}","{'id': 'fundamental-fundamental-data', 'name': 'Fundamental Data'}",GLB,1,TOPDIV3000,MATRIX,1.0,0.9687,0,0,1.6,[],fundamental28,Global Fundamental Data,fundamental,Fundamental,fundamental-fundamental-data,Fundamental Data
fnd28_fsa1_value_01551a,value of annual field: Net Income before Extraordinary Items/Preferred Dividends,"{'id': 'fundamental28', 'name': 'Global Fundamental Data'}","{'id': 'fundamental', 'name': 'Fundamental'}","{'id': 'fundamental-fundamental-data', 'name': 'Fundamental Data'}",GLB,1,TOPDIV3000,MATRIX,1.0,1.0,0,0,1.6,[],fundamental28,Global Fundamental Data,fundamental,Fundamental,fundamental-fundamental-data,Fundamental Data
fnd28_fsa1_value_01706a,value of annual field: Net Income after Preferred Dividends (Basic EPS),"{'id': 'fundamental28', 'name': 'Global Fundamental Data'}","{'id': 'fundamental', 'name': 'Fundamental'}","{'id': 'fundamental-fundamental-data', 'name': 'Fundamental Data'}",GLB,1,TOPDIV3000,MATRIX,1.0,1.0,0,0,1.6,[],fundamental28,Global Fundamental Data,fundamental,Fundamental,fundamental-fundamental-data,Fundamental Data
fnd28_fsa1_value_02001a,value of annual field: Cash & Short Term Investments,"{'id': 'fundamental28', 'name': 'Global Fundamental Data'}","{'id': 'fundamental', 'name': 'Fundamental'}","{'id': 'fundamental-fundamental-data', 'name': 'Fundamental Data'}",GLB,1,TOPDIV3000,MATRIX,1.0,0.9524,0,0,1.6,[],fundamental28,Global Fundamental Data,fundamental,Fundamental,fundamental-fundamental-data,Fundamental Data
fnd28_fsa1_value_02051a,value of annual field: Receivables (Net),"{'id': 'fundamental28', 'name': 'Global Fundamental Data'}","{'id': 'fundamental', 'name': 'Fundamental'}","{'id': 'fundamental-fundamental-data', 'name': 'Fundamental Data'}",GLB,1,TOPDIV3000,MATRIX,1.0,0.9434,0,0,1.6,[],fundamental28,Global Fundamental Data,fundamental,Fundamental,fundamental-fundamental-data,Fundamental Data
fnd28_fsa1_value_02101a,value of annual field: Inventories Total,"{'id': 'fundamental28', 'name': 'Global Fundamental Data'}","{'id': 'fundamental', 'name': 'Fundamental'}","{'id': 'fundamental-fundamental-data', 'name': 'Fundamental Data'}",GLB,1,TOPDIV3000,MATRIX,1.0,0.8095,0,0,1.6,[],fundamental28,Global Fundamental Data,fundamental,Fundamental,fundamental-fundamental-data,Fundamental Data
fnd28_fsa1_value_02140a,value of annual field: Prepaid Expenses,"{'id': 'fundamental28', 'name': 'Global Fundamental Data'}","{'id': 'fundamental', 'name': 'Fundamental'}","{'id': 'fundamental-fundamental-data', 'name': 'Fundamental Data'}",GLB,1,TOPDIV3000,MATRIX,1.0,0.4838,0,0,1.6,[],fundamental28,Global Fundamental Data,fundamental,Fundamental,fundamental-fundamental-data,Fundamental Data
fnd28_fsa1_value_02201a,value of annual field: Current Assets Total,"{'id': 'fundamental28', 'name': 'Global Fundamental Data'}","{'id': 'fundamental', 'name': 'Fundamental'}","{'id': 'fundamental-fundamental-data', 'name': 'Fundamental Data'}",GLB,1,TOPDIV3000,MATRIX,1.0,0.8865,0,0,1.6,[],fundamental28,Global Fundamental Data,fundamental,Fundamental,fundamental-fundamental-data,Fundamental Data
fnd28_fsa1_value_02250a,value of annual field: Other Investments,"{'id': 'fundamental28', 'name': 'Global Fundamental Data'}","{'id': 'fundamental', 'name': 'Fundamental'}","{'id': 'fundamental-fundamental-data', 'name': 'Fundamental Data'}",GLB,1,TOPDIV3000,MATRIX,1.0,0.7151,0,0,1.6,[],fundamental28,Global Fundamental Data,fundamental,Fundamental,fundamental-fundamental-data,Fundamental Data
fnd28_fsa1_value_02256a,value of annual field: Investments In Associated Companies,"{'id': 'fundamental28', 'name': 'Global Fundamental Data'}","{'id': 'fundamental', 'name': 'Fundamental'}","{'id': 'fundamental-fundamental-data', 'name': 'Fundamental Data'}",GLB,1,TOPDIV3000,MATRIX,1.0,0.6655,1,1,1.6,[],fundamental28,Global Fundamental Data,fundamental,Fundamental,fundamental-fundamental-data,Fundamental Data
fnd28_fsa1_value_02258a,value of annual field: Long Term Receivables,"{'id': 'fundamental28', 'name': 'Global Fundamental Data'}","{'id': 'fundamental', 'name': 'Fundamental'}","{'id': 'fundamental-fundamental-data', 'name': 'Fundamental Data'}",GLB,1,TOPDIV3000,MATRIX,1.0,0.8135,1,1,1.6,[],fundamental28,Global Fundamental Data,fundamental,Fundamental,fundamental-fundamental-data,Fundamental Data
fnd28_fsa1_value_02301a,"value of annual field: Property, Plant and Equipment - Gross","{'id': 'fundamental28', 'name': 'Global Fundamental Data'}","{'id': 'fundamental', 'name': 'Fundamental'}","{'id': 'fundamental-fundamental-data', 'name': 'Fundamental Data'}",GLB,1,TOPDIV3000,MATRIX,1.0,0.935,0,0,1.6,[],fundamental28,Global Fundamental Data,fundamental,Fundamental,fundamental-fundamental-data,Fundamental Data
fnd28_fsa1_value_02401a,value of annual field: Accumulated Depreciation,"{'id': 'fundamental28', 'name': 'Global Fundamental Data'}","{'id': 'fundamental', 'name': 'Fundamental'}","{'id': 'fundamental-fundamental-data', 'name': 'Fundamental Data'}",GLB,1,TOPDIV3000,MATRIX,1.0,0.9311,0,0,1.6,[],fundamental28,Global Fundamental Data,fundamental,Fundamental,fundamental-fundamental-data,Fundamental Data
fnd28_fsa1_value_02501a,"value of annual field: Property, Plant & Equipment - Net","{'id': 'fundamental28', 'name': 'Global Fundamental Data'}","{'id': 'fundamental', 'name': 'Fundamental'}","{'id': 'fundamental-fundamental-data', 'name': 'Fundamental Data'}",GLB,1,TOPDIV3000,MATRIX,1.0,1.0,1,1,1.6,[],fundamental28,Global Fundamental Data,fundamental,Fundamental,fundamental-fundamental-data,Fundamental Data
fnd28_fsa1_value_02502a,value of annual field: Goodwill - Gross,"{'id': 'fundamental28', 'name': 'Global Fundamental Data'}","{'id': 'fundamental', 'name': 'Fundamental'}","{'id': 'fundamental-fundamental-data', 'name': 'Fundamental Data'}",GLB,1,TOPDIV3000,MATRIX,1.0,0.4601,0,0,1.6,[],fundamental28,Global Fundamental Data,fundamental,Fundamental,fundamental-fundamental-data,Fundamental Data
fnd28_fsa1_value_02503a,value of annual field: Goodwill - Accumulated Amortization,"{'id': 'fundamental28', 'name': 'Global Fundamental Data'}","{'id': 'fundamental', 'name': 'Fundamental'}","{'id': 'fundamental-fundamental-data', 'name': 'Fundamental Data'}",GLB,1,TOPDIV3000,MATRIX,1.0,0.349,1,2,1.6,[],fundamental28,Global Fundamental Data,fundamental,Fundamental,fundamental-fundamental-data,Fundamental Data
fnd28_fsa1_value_02999a,value of annual field: Total Assets,"{'id': 'fundamental28', 'name': 'Global Fundamental Data'}","{'id': 'fundamental', 'name': 'Fundamental'}","{'id': 'fundamental-fundamental-data', 'name': 'Fundamental Data'}",GLB,1,TOPDIV3000,MATRIX,1.0,1.0,1,1,1.6,[],fundamental28,Global Fundamental Data,fundamental,Fundamental,fundamental-fundamental-data,Fundamental Data
fnd28_fsa1_value_03040a,value of annual field: Accounts Payable,"{'id': 'fundamental28', 'name': 'Global Fundamental Data'}","{'id': 'fundamental', 'name': 'Fundamental'}","{'id': 'fundamental-fundamental-data', 'name': 'Fundamental Data'}",GLB,1,TOPDIV3000,MATRIX,1.0,0.8841,0,0,1.6,[],fundamental28,Global Fundamental Data,fundamental,Fundamental,fundamental-fundamental-data,Fundamental Data
fnd28_fsa1_value_03051a,value of annual field: Short Term Debt & Current Portion of Long Term Debt,"{'id': 'fundamental28', 'name': 'Global Fundamental Data'}","{'id': 'fundamental', 'name': 'Fundamental'}","{'id': 'fundamental-fundamental-data', 'name': 'Fundamental Data'}",GLB,1,TOPDIV3000,MATRIX,1.0,0.8076,0,0,1.6,[],fundamental28,Global Fundamental Data,fundamental,Fundamental,fundamental-fundamental-data,Fundamental Data
fnd28_fsa1_value_03054a,value of annual field: Accrued Payroll,"{'id': 'fundamental28', 'name': 'Global Fundamental Data'}","{'id': 'fundamental', 'name': 'Fundamental'}","{'id': 'fundamental-fundamental-data', 'name': 'Fundamental Data'}",GLB,1,TOPDIV3000,MATRIX,1.0,0.6597,2,2,1.6,[],fundamental28,Global Fundamental Data,fundamental,Fundamental,fundamental-fundamental-data,Fundamental Data
fnd28_fsa1_value_03061a,value of annual field: Dividends Payable,"{'id': 'fundamental28', 'name': 'Global Fundamental Data'}","{'id': 'fundamental', 'name': 'Fundamental'}","{'id': 'fundamental-fundamental-data', 'name': 'Fundamental Data'}",GLB,1,TOPDIV3000,MATRIX,1.0,0.3238,0,0,1.6,[],fundamental28,Global Fundamental Data,fundamental,Fundamental,fundamental-fundamental-data,Fundamental Data
fnd28_fsa1_value_03063a,value of annual field: Income Taxes Payable,"{'id': 'fundamental28', 'name': 'Global Fundamental Data'}","{'id': 'fundamental', 'name': 'Fundamental'}","{'id': 'fundamental-fundamental-data', 'name': 'Fundamental Data'}",GLB,1,TOPDIV3000,MATRIX,1.0,0.8575,0,0,1.6,[],fundamental28,Global Fundamental Data,fundamental,Fundamental,fundamental-fundamental-data,Fundamental Data
fnd28_fsa1_value_03101a,value of annual field: Current Liabilities - Total,"{'id': 'fundamental28', 'name': 'Global Fundamental Data'}","{'id': 'fundamental', 'name': 'Fundamental'}","{'id': 'fundamental-fundamental-data', 'name': 'Fundamental Data'}",GLB,1,TOPDIV3000,MATRIX,1.0,0.8863,0,0,1.6,[],fundamental28,Global Fundamental Data,fundamental,Fundamental,fundamental-fundamental-data,Fundamental Data
fnd28_fsa1_value_03245a,value of annual field: Long Term Debt Excluding Capitalized Leases,"{'id': 'fundamental28', 'name': 'Global Fundamental Data'}","{'id': 'fundamental', 'name': 'Fundamental'}","{'id': 'fundamental-fundamental-data', 'name': 'Fundamental Data'}",GLB,1,TOPDIV3000,MATRIX,1.0,0.9222,0,0,1.6,[],fundamental28,Global Fundamental Data,fundamental,Fundamental,fundamental-fundamental-data,Fundamental Data
fnd28_fsa1_value_03249a,value of annual field: Capitalized Lease Obligations,"{'id': 'fundamental28', 'name': 'Global Fundamental Data'}","{'id': 'fundamental', 'name': 'Fundamental'}","{'id': 'fundamental-fundamental-data', 'name': 'Fundamental Data'}",GLB,1,TOPDIV3000,MATRIX,1.0,0.4656,0,0,1.6,[],fundamental28,Global Fundamental Data,fundamental,Fundamental,fundamental-fundamental-data,Fundamental Data
fnd28_fsa1_value_03262a,value of annual field: Deferred Income,"{'id': 'fundamental28', 'name': 'Global Fundamental Data'}","{'id': 'fundamental', 'name': 'Fundamental'}","{'id': 'fundamental-fundamental-data', 'name': 'Fundamental Data'}",GLB,1,TOPDIV3000,MATRIX,1.0,0.7818,0,0,1.6,[],fundamental28,Global Fundamental Data,fundamental,Fundamental,fundamental-fundamental-data,Fundamental Data
fnd28_fsa1_value_03263a,value of annual field: Deferred Taxes,"{'id': 'fundamental28', 'name': 'Global Fundamental Data'}","{'id': 'fundamental', 'name': 'Fundamental'}","{'id': 'fundamental-fundamental-data', 'name': 'Fundamental Data'}",GLB,1,TOPDIV3000,MATRIX,1.0,0.9689,0,0,1.6,[],fundamental28,Global Fundamental Data,fundamental,Fundamental,fundamental-fundamental-data,Fundamental Data
fnd28_fsa1_value_03351a,value of annual field: Total Liabilities,"{'id': 'fundamental28', 'name': 'Global Fundamental Data'}","{'id': 'fundamental', 'name': 'Fundamental'}","{'id': 'fundamental-fundamental-data', 'name': 'Fundamental Data'}",GLB,1,TOPDIV3000,MATRIX,1.0,1.0,0,0,1.6,[],fundamental28,Global Fundamental Data,fundamental,Fundamental,fundamental-fundamental-data,Fundamental Data
fnd28_fsa1_value_03480a,value of annual field: Common Stock,"{'id': 'fundamental28', 'name': 'Global Fundamental Data'}","{'id': 'fundamental', 'name': 'Fundamental'}","{'id': 'fundamental-fundamental-data', 'name': 'Fundamental Data'}",GLB,1,TOPDIV3000,MATRIX,1.0,1.0,0,0,1.6,[],fundamental28,Global Fundamental Data,fundamental,Fundamental,fundamental-fundamental-data,Fundamental Data
fnd28_fsa1_value_03495a,value of annual field: Retained Earnings,"{'id': 'fundamental28', 'name': 'Global Fundamental Data'}","{'id': 'fundamental', 'name': 'Fundamental'}","{'id': 'fundamental-fundamental-data', 'name': 'Fundamental Data'}",GLB,1,TOPDIV3000,MATRIX,1.0,1.0,0,0,1.6,[],fundamental28,Global Fundamental Data,fundamental,Fundamental,fundamental-fundamental-data,Fundamental Data
fnd28_fsa1_value_03501a,value of annual field: Common Equity,"{'id': 'fundamental28', 'name': 'Global Fundamental Data'}","{'id': 'fundamental', 'name': 'Fundamental'}","{'id': 'fundamental-fundamental-data', 'name': 'Fundamental Data'}",GLB,1,TOPDIV3000,MATRIX,1.0,1.0,0,0,1.6,[],fundamental28,Global Fundamental Data,fundamental,Fundamental,fundamental-fundamental-data,Fundamental Data
fnd28_fsa1_value_04401a,value of annual field: Long Term Borrowings,"{'id': 'fundamental28', 'name': 'Global Fundamental Data'}","{'id': 'fundamental', 'name': 'Fundamental'}","{'id': 'fundamental-fundamental-data', 'name': 'Fundamental Data'}",GLB,1,TOPDIV3000,MATRIX,1.0,0.7603,0,0,1.6,[],fundamental28,Global Fundamental Data,fundamental,Fundamental,fundamental-fundamental-data,Fundamental Data
fnd28_fsa1_value_04551a,value of annual field: Cash Dividends Paid - Total,"{'id': 'fundamental28', 'name': 'Global Fundamental Data'}","{'id': 'fundamental', 'name': 'Fundamental'}","{'id': 'fundamental-fundamental-data', 'name': 'Fundamental Data'}",GLB,1,TOPDIV3000,MATRIX,1.0,0.8256,0,0,1.6,[],fundamental28,Global Fundamental Data,fundamental,Fundamental,fundamental-fundamental-data,Fundamental Data
fnd28_fsa1_value_04601a,value of annual field: Capital Expenditures (Additions to Fixed Assets),"{'id': 'fundamental28', 'name': 'Global Fundamental Data'}","{'id': 'fundamental', 'name': 'Fundamental'}","{'id': 'fundamental-fundamental-data', 'name': 'Fundamental Data'}",GLB,1,TOPDIV3000,MATRIX,1.0,1.0,0,0,1.6,[],fundamental28,Global Fundamental Data,fundamental,Fundamental,fundamental-fundamental-data,Fundamental Data
fnd28_fsa1_value_04751a,"value of annual field: Common/Preferred Redeemed, Retired, Converted, Etc.","{'id': 'fundamental28', 'name': 'Global Fundamental Data'}","{'id': 'fundamental', 'name': 'Fundamental'}","{'id': 'fundamental-fundamental-data', 'name': 'Fundamental Data'}",GLB,1,TOPDIV3000,MATRIX,1.0,0.6013,4,4,1.6,[],fundamental28,Global Fundamental Data,fundamental,Fundamental,fundamental-fundamental-data,Fundamental Data
fnd28_fsa1_value_04851a,Value of annual field: Increase/Decrease in Cash & Short-Term Investments,"{'id': 'fundamental28', 'name': 'Global Fundamental Data'}","{'id': 'fundamental', 'name': 'Fundamental'}","{'id': 'fundamental-fundamental-data', 'name': 'Fundamental Data'}",GLB,1,TOPDIV3000,MATRIX,1.0,1.0,0,0,1.6,[],fundamental28,Global Fundamental Data,fundamental,Fundamental,fundamental-fundamental-data,Fundamental Data
fnd28_fsa1_value_04860a,value of annual field: Net Cash Flow - Operating Activities,"{'id': 'fundamental28', 'name': 'Global Fundamental Data'}","{'id': 'fundamental', 'name': 'Fundamental'}","{'id': 'fundamental-fundamental-data', 'name': 'Fundamental Data'}",GLB,1,TOPDIV3000,MATRIX,1.0,1.0,1,1,1.6,[],fundamental28,Global Fundamental Data,fundamental,Fundamental,fundamental-fundamental-data,Fundamental Data
fnd28_fsa1_value_04870a,value of annual field: Net Cash Flow Investing,"{'id': 'fundamental28', 'name': 'Global Fundamental Data'}","{'id': 'fundamental', 'name': 'Fundamental'}","{'id': 'fundamental-fundamental-data', 'name': 'Fundamental Data'}",GLB,1,TOPDIV3000,MATRIX,1.0,1.0,0,0,1.6,[],fundamental28,Global Fundamental Data,fundamental,Fundamental,fundamental-fundamental-data,Fundamental Data
fnd28_fsa1_value_04890a,value of annual field: Net Cash Flow - Financing,"{'id': 'fundamental28', 'name': 'Global Fundamental Data'}","{'id': 'fundamental', 'name': 'Fundamental'}","{'id': 'fundamental-fundamental-data', 'name': 'Fundamental Data'}",GLB,1,TOPDIV3000,MATRIX,1.0,1.0,0,0,1.6,[],fundamental28,Global Fundamental Data,fundamental,Fundamental,fundamental-fundamental-data,Fundamental Data
fnd28_fsa1_value_18150a,value of annual field: Income From Continuing Operations,"{'id': 'fundamental28', 'name': 'Global Fundamental Data'}","{'id': 'fundamental', 'name': 'Fundamental'}","{'id': 'fundamental-fundamental-data', 'name': 'Fundamental Data'}",GLB,1,TOPDIV3000,MATRIX,1.0,0.8827,0,0,1.6,[],fundamental28,Global Fundamental Data,fundamental,Fundamental,fundamental-fundamental-data,Fundamental Data
fnd28_fsa1_value_18227a,value of annual field: Restructuring Expense,"{'id': 'fundamental28', 'name': 'Global Fundamental Data'}","{'id': 'fundamental', 'name': 'Fundamental'}","{'id': 'fundamental-fundamental-data', 'name': 'Fundamental Data'}",GLB,1,TOPDIV3000,MATRIX,1.0,0.8832,1,1,1.6,[],fundamental28,Global Fundamental Data,fundamental,Fundamental,fundamental-fundamental-data,Fundamental Data
fnd28_fsa1_value_18280a,value of annual field: Goodwill/Cost in Excess of Assets Purchased,"{'id': 'fundamental28', 'name': 'Global Fundamental Data'}","{'id': 'fundamental', 'name': 'Fundamental'}","{'id': 'fundamental-fundamental-data', 'name': 'Fundamental Data'}",GLB,1,TOPDIV3000,MATRIX,1.0,0.7996,0,0,1.6,[],fundamental28,Global Fundamental Data,fundamental,Fundamental,fundamental-fundamental-data,Fundamental Data
fnd28_fsa1_value_18281a,Value of annual field: Non-Convertible Debt,"{'id': 'fundamental28', 'name': 'Global Fundamental Data'}","{'id': 'fundamental', 'name': 'Fundamental'}","{'id': 'fundamental-fundamental-data', 'name': 'Fundamental Data'}",GLB,1,TOPDIV3000,MATRIX,1.0,0.8993,0,0,1.6,[],fundamental28,Global Fundamental Data,fundamental,Fundamental,fundamental-fundamental-data,Fundamental Data
fnd28_fsq1_value_01001q,value of quarterly field: Net Sales or Revenues,"{'id': 'fundamental28', 'name': 'Global Fundamental Data'}","{'id': 'fundamental', 'name': 'Fundamental'}","{'id': 'fundamental-fundamental-data', 'name': 'Fundamental Data'}",GLB,1,TOPDIV3000,MATRIX,1.0,0.835,1,13,1.6,[],fundamental28,Global Fundamental Data,fundamental,Fundamental,fundamental-fundamental-data,Fundamental Data
fnd28_fsq1_value_01051q,value of quarterly field: Cost Of Goods Sold (Excl Depreciation),"{'id': 'fundamental28', 'name': 'Global Fundamental Data'}","{'id': 'fundamental', 'name': 'Fundamental'}","{'id': 'fundamental-fundamental-data', 'name': 'Fundamental Data'}",GLB,1,TOPDIV3000,MATRIX,1.0,0.7625,0,0,1.6,[],fundamental28,Global Fundamental Data,fundamental,Fundamental,fundamental-fundamental-data,Fundamental Data
fnd28_fsq1_value_01151q,"value of quarterly field: Depreciation, Depletion & Amortization","{'id': 'fundamental28', 'name': 'Global Fundamental Data'}","{'id': 'fundamental', 'name': 'Fundamental'}","{'id': 'fundamental-fundamental-data', 'name': 'Fundamental Data'}",GLB,1,TOPDIV3000,MATRIX,1.0,0.7846,0,0,1.6,[],fundamental28,Global Fundamental Data,fundamental,Fundamental,fundamental-fundamental-data,Fundamental Data
fnd28_fsq1_value_01201q,value of quarterly field: Research and Development Expense,"{'id': 'fundamental28', 'name': 'Global Fundamental Data'}","{'id': 'fundamental', 'name': 'Fundamental'}","{'id': 'fundamental-fundamental-data', 'name': 'Fundamental Data'}",GLB,1,TOPDIV3000,MATRIX,1.0,0.4674,0,0,1.6,[],fundamental28,Global Fundamental Data,fundamental,Fundamental,fundamental-fundamental-data,Fundamental Data
fnd28_fsq1_value_01250q,value of quarterly field: Operating Income,"{'id': 'fundamental28', 'name': 'Global Fundamental Data'}","{'id': 'fundamental', 'name': 'Fundamental'}","{'id': 'fundamental-fundamental-data', 'name': 'Fundamental Data'}",GLB,1,TOPDIV3000,MATRIX,1.0,0.7623,0,0,1.6,[],fundamental28,Global Fundamental Data,fundamental,Fundamental,fundamental-fundamental-data,Fundamental Data
fnd28_fsq1_value_01251q,value of quarterly field: Interest Expense on Debt,"{'id': 'fundamental28', 'name': 'Global Fundamental Data'}","{'id': 'fundamental', 'name': 'Fundamental'}","{'id': 'fundamental-fundamental-data', 'name': 'Fundamental Data'}",GLB,1,TOPDIV3000,MATRIX,1.0,0.801,0,0,1.6,[],fundamental28,Global Fundamental Data,fundamental,Fundamental,fundamental-fundamental-data,Fundamental Data
fnd28_fsq1_value_01401q,value of quarterly field: Pre-tax Income,"{'id': 'fundamental28', 'name': 'Global Fundamental Data'}","{'id': 'fundamental', 'name': 'Fundamental'}","{'id': 'fundamental-fundamental-data', 'name': 'Fundamental Data'}",GLB,1,TOPDIV3000,MATRIX,1.0,0.8031,0,0,1.6,[],fundamental28,Global Fundamental Data,fundamental,Fundamental,fundamental-fundamental-data,Fundamental Data
fnd28_fsq1_value_01451q,value of quarterly field: Income Taxes,"{'id': 'fundamental28', 'name': 'Global Fundamental Data'}","{'id': 'fundamental', 'name': 'Fundamental'}","{'id': 'fundamental-fundamental-data', 'name': 'Fundamental Data'}",GLB,1,TOPDIV3000,MATRIX,1.0,0.7974,0,0,1.6,[],fundamental28,Global Fundamental Data,fundamental,Fundamental,fundamental-fundamental-data,Fundamental Data
fnd28_fsq1_value_01505q,value of quarterly field: Discontinued Operations,"{'id': 'fundamental28', 'name': 'Global Fundamental Data'}","{'id': 'fundamental', 'name': 'Fundamental'}","{'id': 'fundamental-fundamental-data', 'name': 'Fundamental Data'}",GLB,1,TOPDIV3000,MATRIX,1.0,0.6997,0,0,1.6,[],fundamental28,Global Fundamental Data,fundamental,Fundamental,fundamental-fundamental-data,Fundamental Data
fnd28_fsq1_value_01551q,value of quarterly field: Net Income before Extraordinary Items/Preferred Dividends,"{'id': 'fundamental28', 'name': 'Global Fundamental Data'}","{'id': 'fundamental', 'name': 'Fundamental'}","{'id': 'fundamental-fundamental-data', 'name': 'Fundamental Data'}",GLB,1,TOPDIV3000,MATRIX,1.0,0.8437,0,0,1.6,[],fundamental28,Global Fundamental Data,fundamental,Fundamental,fundamental-fundamental-data,Fundamental Data
fnd28_fsq1_value_01701q,value of quarterly field: Preferred Dividend Requirements,"{'id': 'fundamental28', 'name': 'Global Fundamental Data'}","{'id': 'fundamental', 'name': 'Fundamental'}","{'id': 'fundamental-fundamental-data', 'name': 'Fundamental Data'}",GLB,1,TOPDIV3000,MATRIX,1.0,0.8433,1,2,1.6,[],fundamental28,Global Fundamental Data,fundamental,Fundamental,fundamental-fundamental-data,Fundamental Data
fnd28_fsq1_value_02001q,value of quarterly field: Cash & Short Term Investments,"{'id': 'fundamental28', 'name': 'Global Fundamental Data'}","{'id': 'fundamental', 'name': 'Fundamental'}","{'id': 'fundamental-fundamental-data', 'name': 'Fundamental Data'}",GLB,1,TOPDIV3000,MATRIX,1.0,0.7834,0,0,1.6,[],fundamental28,Global Fundamental Data,fundamental,Fundamental,fundamental-fundamental-data,Fundamental Data
fnd28_fsq1_value_02051q,value of quarterly field: Receivables (Net),"{'id': 'fundamental28', 'name': 'Global Fundamental Data'}","{'id': 'fundamental', 'name': 'Fundamental'}","{'id': 'fundamental-fundamental-data', 'name': 'Fundamental Data'}",GLB,1,TOPDIV3000,MATRIX,1.0,0.7764,0,0,1.6,[],fundamental28,Global Fundamental Data,fundamental,Fundamental,fundamental-fundamental-data,Fundamental Data
fnd28_fsq1_value_02101q,value of quarterly field: Inventories Total,"{'id': 'fundamental28', 'name': 'Global Fundamental Data'}","{'id': 'fundamental', 'name': 'Fundamental'}","{'id': 'fundamental-fundamental-data', 'name': 'Fundamental Data'}",GLB,1,TOPDIV3000,MATRIX,1.0,0.7697,0,0,1.6,[],fundamental28,Global Fundamental Data,fundamental,Fundamental,fundamental-fundamental-data,Fundamental Data
fnd28_fsq1_value_02140q,value of quarterly field: Prepaid Expenses,"{'id': 'fundamental28', 'name': 'Global Fundamental Data'}","{'id': 'fundamental', 'name': 'Fundamental'}","{'id': 'fundamental-fundamental-data', 'name': 'Fundamental Data'}",GLB,1,TOPDIV3000,MATRIX,1.0,0.3943,0,0,1.6,[],fundamental28,Global Fundamental Data,fundamental,Fundamental,fundamental-fundamental-data,Fundamental Data
fnd28_fsq1_value_02201q,value of quarterly field: Current Assets Total,"{'id': 'fundamental28', 'name': 'Global Fundamental Data'}","{'id': 'fundamental', 'name': 'Fundamental'}","{'id': 'fundamental-fundamental-data', 'name': 'Fundamental Data'}",GLB,1,TOPDIV3000,MATRIX,1.0,0.7326,0,0,1.6,[],fundamental28,Global Fundamental Data,fundamental,Fundamental,fundamental-fundamental-data,Fundamental Data
fnd28_fsq1_value_02256q,value of quarterly field: Investments In Associated Companies,"{'id': 'fundamental28', 'name': 'Global Fundamental Data'}","{'id': 'fundamental', 'name': 'Fundamental'}","{'id': 'fundamental-fundamental-data', 'name': 'Fundamental Data'}",GLB,1,TOPDIV3000,MATRIX,1.0,0.7588,0,0,1.6,[],fundamental28,Global Fundamental Data,fundamental,Fundamental,fundamental-fundamental-data,Fundamental Data
fnd28_fsq1_value_02301q,"value of quarterly field: Property, Plant and Equipment - Gross","{'id': 'fundamental28', 'name': 'Global Fundamental Data'}","{'id': 'fundamental', 'name': 'Fundamental'}","{'id': 'fundamental-fundamental-data', 'name': 'Fundamental Data'}",GLB,1,TOPDIV3000,MATRIX,1.0,0.7056,0,0,1.6,[],fundamental28,Global Fundamental Data,fundamental,Fundamental,fundamental-fundamental-data,Fundamental Data
fnd28_fsq1_value_02401q,value of quarterly field: Accumulated Depreciation,"{'id': 'fundamental28', 'name': 'Global Fundamental Data'}","{'id': 'fundamental', 'name': 'Fundamental'}","{'id': 'fundamental-fundamental-data', 'name': 'Fundamental Data'}",GLB,1,TOPDIV3000,MATRIX,1.0,0.7019,0,0,1.6,[],fundamental28,Global Fundamental Data,fundamental,Fundamental,fundamental-fundamental-data,Fundamental Data
fnd28_fsq1_value_02501q,"value of quarterly field: Property, Plant & Equipment - Net","{'id': 'fundamental28', 'name': 'Global Fundamental Data'}","{'id': 'fundamental', 'name': 'Fundamental'}","{'id': 'fundamental-fundamental-data', 'name': 'Fundamental Data'}",GLB,1,TOPDIV3000,MATRIX,1.0,0.8422,0,0,1.6,[],fundamental28,Global Fundamental Data,fundamental,Fundamental,fundamental-fundamental-data,Fundamental Data
fnd28_fsq1_value_03040q,value of quarterly field: Accounts Payable,"{'id': 'fundamental28', 'name': 'Global Fundamental Data'}","{'id': 'fundamental', 'name': 'Fundamental'}","{'id': 'fundamental-fundamental-data', 'name': 'Fundamental Data'}",GLB,1,TOPDIV3000,MATRIX,1.0,0.6684,0,0,1.6,[],fundamental28,Global Fundamental Data,fundamental,Fundamental,fundamental-fundamental-data,Fundamental Data
fnd28_fsq1_value_03051q,value of quarterly field: Short Term Debt & Current Portion of Long Term Debt,"{'id': 'fundamental28', 'name': 'Global Fundamental Data'}","{'id': 'fundamental', 'name': 'Fundamental'}","{'id': 'fundamental-fundamental-data', 'name': 'Fundamental Data'}",GLB,1,TOPDIV3000,MATRIX,1.0,0.7539,0,0,1.6,[],fundamental28,Global Fundamental Data,fundamental,Fundamental,fundamental-fundamental-data,Fundamental Data
fnd28_fsq1_value_03063q,value of quarterly field: Income Taxes Payable,"{'id': 'fundamental28', 'name': 'Global Fundamental Data'}","{'id': 'fundamental', 'name': 'Fundamental'}","{'id': 'fundamental-fundamental-data', 'name': 'Fundamental Data'}",GLB,1,TOPDIV3000,MATRIX,1.0,0.6452,0,0,1.6,[],fundamental28,Global Fundamental Data,fundamental,Fundamental,fundamental-fundamental-data,Fundamental Data
fnd28_fsq1_value_03101q,value of quarterly field: Current Liabilities - Total,"{'id': 'fundamental28', 'name': 'Global Fundamental Data'}","{'id': 'fundamental', 'name': 'Fundamental'}","{'id': 'fundamental-fundamental-data', 'name': 'Fundamental Data'}",GLB,1,TOPDIV3000,MATRIX,1.0,0.7322,0,0,1.6,[],fundamental28,Global Fundamental Data,fundamental,Fundamental,fundamental-fundamental-data,Fundamental Data
fnd28_fsq1_value_03245q,value of quarterly field: Long Term Debt Excluding Capitalized Leases,"{'id': 'fundamental28', 'name': 'Global Fundamental Data'}","{'id': 'fundamental', 'name': 'Fundamental'}","{'id': 'fundamental-fundamental-data', 'name': 'Fundamental Data'}",GLB,1,TOPDIV3000,MATRIX,1.0,0.8449,0,0,1.6,[],fundamental28,Global Fundamental Data,fundamental,Fundamental,fundamental-fundamental-data,Fundamental Data
fnd28_fsq1_value_03249q,value of quarterly field: Capitalized Lease Obligations,"{'id': 'fundamental28', 'name': 'Global Fundamental Data'}","{'id': 'fundamental', 'name': 'Fundamental'}","{'id': 'fundamental-fundamental-data', 'name': 'Fundamental Data'}",GLB,1,TOPDIV3000,MATRIX,1.0,0.8345,0,0,1.6,[],fundamental28,Global Fundamental Data,fundamental,Fundamental,fundamental-fundamental-data,Fundamental Data
fnd28_fsq1_value_03263q,value of quarterly field: Deferred Taxes,"{'id': 'fundamental28', 'name': 'Global Fundamental Data'}","{'id': 'fundamental', 'name': 'Fundamental'}","{'id': 'fundamental-fundamental-data', 'name': 'Fundamental Data'}",GLB,1,TOPDIV3000,MATRIX,1.0,0.8359,0,0,1.6,[],fundamental28,Global Fundamental Data,fundamental,Fundamental,fundamental-fundamental-data,Fundamental Data
fnd28_fsq1_value_03351q,value of quarterly field: Total Liabilities,"{'id': 'fundamental28', 'name': 'Global Fundamental Data'}","{'id': 'fundamental', 'name': 'Fundamental'}","{'id': 'fundamental-fundamental-data', 'name': 'Fundamental Data'}",GLB,1,TOPDIV3000,MATRIX,1.0,0.8451,0,0,1.6,[],fundamental28,Global Fundamental Data,fundamental,Fundamental,fundamental-fundamental-data,Fundamental Data
fnd28_fsq1_value_03451q,value of quarterly field: Preferred Stock,"{'id': 'fundamental28', 'name': 'Global Fundamental Data'}","{'id': 'fundamental', 'name': 'Fundamental'}","{'id': 'fundamental-fundamental-data', 'name': 'Fundamental Data'}",GLB,1,TOPDIV3000,MATRIX,1.0,0.8497,0,0,1.6,[],fundamental28,Global Fundamental Data,fundamental,Fundamental,fundamental-fundamental-data,Fundamental Data
fnd28_fsq1_value_03480q,value of quarterly field: Common Stock,"{'id': 'fundamental28', 'name': 'Global Fundamental Data'}","{'id': 'fundamental', 'name': 'Fundamental'}","{'id': 'fundamental-fundamental-data', 'name': 'Fundamental Data'}",GLB,1,TOPDIV3000,MATRIX,1.0,0.7729,0,0,1.6,[],fundamental28,Global Fundamental Data,fundamental,Fundamental,fundamental-fundamental-data,Fundamental Data
fnd28_fsq1_value_03495q,value of quarterly field: Retained Earnings,"{'id': 'fundamental28', 'name': 'Global Fundamental Data'}","{'id': 'fundamental', 'name': 'Fundamental'}","{'id': 'fundamental-fundamental-data', 'name': 'Fundamental Data'}",GLB,1,TOPDIV3000,MATRIX,1.0,0.7748,0,0,1.6,[],fundamental28,Global Fundamental Data,fundamental,Fundamental,fundamental-fundamental-data,Fundamental Data
fnd28_fsq1_value_03501q,value of quarterly field: Common Equity,"{'id': 'fundamental28', 'name': 'Global Fundamental Data'}","{'id': 'fundamental', 'name': 'Fundamental'}","{'id': 'fundamental-fundamental-data', 'name': 'Fundamental Data'}",GLB,1,TOPDIV3000,MATRIX,1.0,0.8457,1,1,1.6,[],fundamental28,Global Fundamental Data,fundamental,Fundamental,fundamental-fundamental-data,Fundamental Data
fnd28_fsq1_value_04401q,value of quarterly field: Long Term Borrowings,"{'id': 'fundamental28', 'name': 'Global Fundamental Data'}","{'id': 'fundamental', 'name': 'Fundamental'}","{'id': 'fundamental-fundamental-data', 'name': 'Fundamental Data'}",GLB,1,TOPDIV3000,MATRIX,1.0,0.5599,0,0,1.6,[],fundamental28,Global Fundamental Data,fundamental,Fundamental,fundamental-fundamental-data,Fundamental Data
fnd28_fsq1_value_04551q,value of quarterly field: Cash Dividends Paid - Total,"{'id': 'fundamental28', 'name': 'Global Fundamental Data'}","{'id': 'fundamental', 'name': 'Fundamental'}","{'id': 'fundamental-fundamental-data', 'name': 'Fundamental Data'}",GLB,1,TOPDIV3000,MATRIX,1.0,0.7326,0,0,1.6,[],fundamental28,Global Fundamental Data,fundamental,Fundamental,fundamental-fundamental-data,Fundamental Data
fnd28_fsq1_value_04601q,value of quarterly field: Capital Expenditures (Additions to Fixed Assets),"{'id': 'fundamental28', 'name': 'Global Fundamental Data'}","{'id': 'fundamental', 'name': 'Fundamental'}","{'id': 'fundamental-fundamental-data', 'name': 'Fundamental Data'}",GLB,1,TOPDIV3000,MATRIX,1.0,0.7556,0,0,1.6,[],fundamental28,Global Fundamental Data,fundamental,Fundamental,fundamental-fundamental-data,Fundamental Data
fnd28_fsq1_value_04751q,"value of quarterly field: Common/Preferred Redeemed, Retired, Converted, Etc.","{'id': 'fundamental28', 'name': 'Global Fundamental Data'}","{'id': 'fundamental', 'name': 'Fundamental'}","{'id': 'fundamental-fundamental-data', 'name': 'Fundamental Data'}",GLB,1,TOPDIV3000,MATRIX,1.0,0.5629,0,0,1.6,[],fundamental28,Global Fundamental Data,fundamental,Fundamental,fundamental-fundamental-data,Fundamental Data
fnd28_fsq1_value_04851q,value of quarterly field: Increase/Decrease in Cash & Short Term Investments,"{'id': 'fundamental28', 'name': 'Global Fundamental Data'}","{'id': 'fundamental', 'name': 'Fundamental'}","{'id': 'fundamental-fundamental-data', 'name': 'Fundamental Data'}",GLB,1,TOPDIV3000,MATRIX,1.0,0.7668,1,1,1.6,[],fundamental28,Global Fundamental Data,fundamental,Fundamental,fundamental-fundamental-data,Fundamental Data
fnd28_fsq1_value_04870q,value of quarterly field: Net Cash Flow Investing,"{'id': 'fundamental28', 'name': 'Global Fundamental Data'}","{'id': 'fundamental', 'name': 'Fundamental'}","{'id': 'fundamental-fundamental-data', 'name': 'Fundamental Data'}",GLB,1,TOPDIV3000,MATRIX,1.0,0.768,0,0,1.6,[],fundamental28,Global Fundamental Data,fundamental,Fundamental,fundamental-fundamental-data,Fundamental Data
fnd28_fsq1_value_04890q,value of quarterly field: Net Cash Flow - Financing,"{'id': 'fundamental28', 'name': 'Global Fundamental Data'}","{'id': 'fundamental', 'name': 'Fundamental'}","{'id': 'fundamental-fundamental-data', 'name': 'Fundamental Data'}",GLB,1,TOPDIV3000,MATRIX,1.0,0.7679,1,1,1.6,[],fundamental28,Global Fundamental Data,fundamental,Fundamental,fundamental-fundamental-data,Fundamental Data
fnd28_fsq1_value_18150q,value of quarterly field: Income From Continuing Operations,"{'id': 'fundamental28', 'name': 'Global Fundamental Data'}","{'id': 'fundamental', 'name': 'Fundamental'}","{'id': 'fundamental-fundamental-data', 'name': 'Fundamental Data'}",GLB,1,TOPDIV3000,MATRIX,1.0,0.6865,0,0,1.6,[],fundamental28,Global Fundamental Data,fundamental,Fundamental,fundamental-fundamental-data,Fundamental Data
fnd28_fsq1_value_18280q,value of quarterly field: Goodwill/Cost in Excess of Assets Purchased,"{'id': 'fundamental28', 'name': 'Global Fundamental Data'}","{'id': 'fundamental', 'name': 'Fundamental'}","{'id': 'fundamental-fundamental-data', 'name': 'Fundamental Data'}",GLB,1,TOPDIV3000,MATRIX,1.0,0.6775,0,0,1.6,[],fundamental28,Global Fundamental Data,fundamental,Fundamental,fundamental-fundamental-data,Fundamental Data
fnd28_growthratesa_value_08579a,value of annual field: Market Capitalization Growth (year ago) Profitability,"{'id': 'fundamental28', 'name': 'Global Fundamental Data'}","{'id': 'fundamental', 'name': 'Fundamental'}","{'id': 'fundamental-fundamental-data', 'name': 'Fundamental Data'}",GLB,1,TOPDIV3000,MATRIX,1.0,1.0,2,2,1.6,[],fundamental28,Global Fundamental Data,fundamental,Fundamental,fundamental-fundamental-data,Fundamental Data
fnd28_growthratesa_value_08581a,value of annual field: Market Capitalization - 3 Year Growth,"{'id': 'fundamental28', 'name': 'Global Fundamental Data'}","{'id': 'fundamental', 'name': 'Fundamental'}","{'id': 'fundamental-fundamental-data', 'name': 'Fundamental Data'}",GLB,1,TOPDIV3000,MATRIX,1.0,0.9702,1,1,1.6,[],fundamental28,Global Fundamental Data,fundamental,Fundamental,fundamental-fundamental-data,Fundamental Data
fnd28_growthratesa_value_08601a,value of annual field: Earnings per Share Growth,"{'id': 'fundamental28', 'name': 'Global Fundamental Data'}","{'id': 'fundamental', 'name': 'Fundamental'}","{'id': 'fundamental-fundamental-data', 'name': 'Fundamental Data'}",GLB,1,TOPDIV3000,MATRIX,1.0,0.9855,1,1,1.6,[],fundamental28,Global Fundamental Data,fundamental,Fundamental,fundamental-fundamental-data,Fundamental Data
fnd28_growthratesa_value_08604a,value of annual field: Earnings Per Share - 3 Yr Annual Growth Five Year Averages,"{'id': 'fundamental28', 'name': 'Global Fundamental Data'}","{'id': 'fundamental', 'name': 'Fundamental'}","{'id': 'fundamental-fundamental-data', 'name': 'Fundamental Data'}",GLB,1,TOPDIV3000,MATRIX,1.0,0.9473,0,0,1.6,[],fundamental28,Global Fundamental Data,fundamental,Fundamental,fundamental-fundamental-data,Fundamental Data
fnd28_growthratesa_value_08605a,value of annual field: Earnings per Share Growth,"{'id': 'fundamental28', 'name': 'Global Fundamental Data'}","{'id': 'fundamental', 'name': 'Fundamental'}","{'id': 'fundamental-fundamental-data', 'name': 'Fundamental Data'}",GLB,1,TOPDIV3000,MATRIX,1.0,0.9056,0,0,1.6,[],fundamental28,Global Fundamental Data,fundamental,Fundamental,fundamental-fundamental-data,Fundamental Data
fnd28_growthratesa_value_08606a,value of annual field: Book Value per Share Growth (year ago),"{'id': 'fundamental28', 'name': 'Global Fundamental Data'}","{'id': 'fundamental', 'name': 'Fundamental'}","{'id': 'fundamental-fundamental-data', 'name': 'Fundamental Data'}",GLB,1,TOPDIV3000,MATRIX,1.0,1.0,8,8,1.6,[],fundamental28,Global Fundamental Data,fundamental,Fundamental,fundamental-fundamental-data,Fundamental Data
fnd28_growthratesa_value_08610a,value of annual field: Book Value Per Share - 5 Yr Annual Growth Profitability Annual Statistics,"{'id': 'fundamental28', 'name': 'Global Fundamental Data'}","{'id': 'fundamental', 'name': 'Fundamental'}","{'id': 'fundamental-fundamental-data', 'name': 'Fundamental Data'}",GLB,1,TOPDIV3000,MATRIX,1.0,0.9524,0,0,1.6,[],fundamental28,Global Fundamental Data,fundamental,Fundamental,fundamental-fundamental-data,Fundamental Data
fnd28_growthratesa_value_08611a,value of annual field: Dividends per Share Growth,"{'id': 'fundamental28', 'name': 'Global Fundamental Data'}","{'id': 'fundamental', 'name': 'Fundamental'}","{'id': 'fundamental-fundamental-data', 'name': 'Fundamental Data'}",GLB,1,TOPDIV3000,MATRIX,1.0,0.6536,0,0,1.6,[],fundamental28,Global Fundamental Data,fundamental,Fundamental,fundamental-fundamental-data,Fundamental Data
fnd28_growthratesa_value_08615a,value of annual field: Dividends Per Share - 5 Yr Annual Growth,"{'id': 'fundamental28', 'name': 'Global Fundamental Data'}","{'id': 'fundamental', 'name': 'Fundamental'}","{'id': 'fundamental-fundamental-data', 'name': 'Fundamental Data'}",GLB,1,TOPDIV3000,MATRIX,1.0,0.6944,1,1,1.6,[],fundamental28,Global Fundamental Data,fundamental,Fundamental,fundamental-fundamental-data,Fundamental Data
fnd28_growthratesa_value_08616a,value of annual field: Equity Growth (year ago),"{'id': 'fundamental28', 'name': 'Global Fundamental Data'}","{'id': 'fundamental', 'name': 'Fundamental'}","{'id': 'fundamental-fundamental-data', 'name': 'Fundamental Data'}",GLB,1,TOPDIV3000,MATRIX,1.0,1.0,2,2,1.6,[],fundamental28,Global Fundamental Data,fundamental,Fundamental,fundamental-fundamental-data,Fundamental Data
fnd28_growthratesa_value_08620a,value of annual field: Equity - 5 Yr Annual Growth,"{'id': 'fundamental28', 'name': 'Global Fundamental Data'}","{'id': 'fundamental', 'name': 'Fundamental'}","{'id': 'fundamental-fundamental-data', 'name': 'Fundamental Data'}",GLB,1,TOPDIV3000,MATRIX,1.0,0.9566,1,1,1.6,[],fundamental28,Global Fundamental Data,fundamental,Fundamental,fundamental-fundamental-data,Fundamental Data
fnd28_growthratesa_value_08621a,value of annual field: Total Assets Growth (year ago),"{'id': 'fundamental28', 'name': 'Global Fundamental Data'}","{'id': 'fundamental', 'name': 'Fundamental'}","{'id': 'fundamental-fundamental-data', 'name': 'Fundamental Data'}",GLB,1,TOPDIV3000,MATRIX,1.0,1.0,2,2,1.6,[],fundamental28,Global Fundamental Data,fundamental,Fundamental,fundamental-fundamental-data,Fundamental Data
fnd28_growthratesa_value_08625a,value of annual field: Total Assets - 5 Yr Annual Growth,"{'id': 'fundamental28', 'name': 'Global Fundamental Data'}","{'id': 'fundamental', 'name': 'Fundamental'}","{'id': 'fundamental-fundamental-data', 'name': 'Fundamental Data'}",GLB,1,TOPDIV3000,MATRIX,1.0,0.9719,0,0,1.6,[],fundamental28,Global Fundamental Data,fundamental,Fundamental,fundamental-fundamental-data,Fundamental Data
fnd28_growthratesa_value_08626a,value of annual field: Employees Growth,"{'id': 'fundamental28', 'name': 'Global Fundamental Data'}","{'id': 'fundamental', 'name': 'Fundamental'}","{'id': 'fundamental-fundamental-data', 'name': 'Fundamental Data'}",GLB,1,TOPDIV3000,MATRIX,1.0,0.9776,0,0,1.6,[],fundamental28,Global Fundamental Data,fundamental,Fundamental,fundamental-fundamental-data,Fundamental Data
fnd28_growthratesa_value_08630a,value of annual field: Employees - 5 Yr Annual Growth,"{'id': 'fundamental28', 'name': 'Global Fundamental Data'}","{'id': 'fundamental', 'name': 'Fundamental'}","{'id': 'fundamental-fundamental-data', 'name': 'Fundamental Data'}",GLB,1,TOPDIV3000,MATRIX,1.0,0.9072,0,0,1.6,[],fundamental28,Global Fundamental Data,fundamental,Fundamental,fundamental-fundamental-data,Fundamental Data
fnd28_growthratesa_value_08631a,value of annual field: Net Sales/Revenues Growth,"{'id': 'fundamental28', 'name': 'Global Fundamental Data'}","{'id': 'fundamental', 'name': 'Fundamental'}","{'id': 'fundamental-fundamental-data', 'name': 'Fundamental Data'}",GLB,1,TOPDIV3000,MATRIX,1.0,1.0,0,0,1.6,[],fundamental28,Global Fundamental Data,fundamental,Fundamental,fundamental-fundamental-data,Fundamental Data
fnd28_growthratesa_value_08635a,value of annual field: Net Sales / Revenues - 5 Yr Annual Growth,"{'id': 'fundamental28', 'name': 'Global Fundamental Data'}","{'id': 'fundamental', 'name': 'Fundamental'}","{'id': 'fundamental-fundamental-data', 'name': 'Fundamental Data'}",GLB,1,TOPDIV3000,MATRIX,1.0,0.9694,0,0,1.6,[],fundamental28,Global Fundamental Data,fundamental,Fundamental,fundamental-fundamental-data,Fundamental Data
fnd28_growthratesa_value_08636a,value of annual field: Net Income Growth,"{'id': 'fundamental28', 'name': 'Global Fundamental Data'}","{'id': 'fundamental', 'name': 'Fundamental'}","{'id': 'fundamental-fundamental-data', 'name': 'Fundamental Data'}",GLB,1,TOPDIV3000,MATRIX,1.0,0.9844,0,0,1.6,[],fundamental28,Global Fundamental Data,fundamental,Fundamental,fundamental-fundamental-data,Fundamental Data
fnd28_growthratesa_value_08640a,value of annual field: Net Income Growth,"{'id': 'fundamental28', 'name': 'Global Fundamental Data'}","{'id': 'fundamental', 'name': 'Fundamental'}","{'id': 'fundamental-fundamental-data', 'name': 'Fundamental Data'}",GLB,1,TOPDIV3000,MATRIX,1.0,0.9098,1,1,1.6,[],fundamental28,Global Fundamental Data,fundamental,Fundamental,fundamental-fundamental-data,Fundamental Data
fnd28_growthratesa_value_08646a,value of annual field: Operating Income Growth,"{'id': 'fundamental28', 'name': 'Global Fundamental Data'}","{'id': 'fundamental', 'name': 'Fundamental'}","{'id': 'fundamental-fundamental-data', 'name': 'Fundamental Data'}",GLB,1,TOPDIV3000,MATRIX,1.0,0.993,0,0,1.6,[],fundamental28,Global Fundamental Data,fundamental,Fundamental,fundamental-fundamental-data,Fundamental Data
fnd28_growthratesa_value_08650a,value of annual field: Operating Income - 5 Yr Annual Growth,"{'id': 'fundamental28', 'name': 'Global Fundamental Data'}","{'id': 'fundamental', 'name': 'Fundamental'}","{'id': 'fundamental-fundamental-data', 'name': 'Fundamental Data'}",GLB,1,TOPDIV3000,MATRIX,1.0,0.9209,0,0,1.6,[],fundamental28,Global Fundamental Data,fundamental,Fundamental,fundamental-fundamental-data,Fundamental Data
fnd28_growthratesa_value_08676a,value of annual field: Net Margin Growth,"{'id': 'fundamental28', 'name': 'Global Fundamental Data'}","{'id': 'fundamental', 'name': 'Fundamental'}","{'id': 'fundamental-fundamental-data', 'name': 'Fundamental Data'}",GLB,1,TOPDIV3000,MATRIX,1.0,0.9837,0,0,1.6,[],fundamental28,Global Fundamental Data,fundamental,Fundamental,fundamental-fundamental-data,Fundamental Data
fnd28_growthratesa_value_08680a,value of annual field: Net Margin Growth Profitability Annual Statistics,"{'id': 'fundamental28', 'name': 'Global Fundamental Data'}","{'id': 'fundamental', 'name': 'Fundamental'}","{'id': 'fundamental-fundamental-data', 'name': 'Fundamental Data'}",GLB,1,TOPDIV3000,MATRIX,1.0,0.9087,1,1,1.6,[],fundamental28,Global Fundamental Data,fundamental,Fundamental,fundamental-fundamental-data,Fundamental Data
fnd28_growthratesa_value_08816a,value of annual field: Earnings Per Share - Fiscal - 1 Yr Annual Growth,"{'id': 'fundamental28', 'name': 'Global Fundamental Data'}","{'id': 'fundamental', 'name': 'Fundamental'}","{'id': 'fundamental-fundamental-data', 'name': 'Fundamental Data'}",GLB,1,TOPDIV3000,MATRIX,1.0,0.9862,0,0,1.6,[],fundamental28,Global Fundamental Data,fundamental,Fundamental,fundamental-fundamental-data,Fundamental Data
fnd28_growthratesa_value_08821a,value of annual field: Book Value Per Share - Fiscal - 1 Yr Growth Rate Three Year Averages,"{'id': 'fundamental28', 'name': 'Global Fundamental Data'}","{'id': 'fundamental', 'name': 'Fundamental'}","{'id': 'fundamental-fundamental-data', 'name': 'Fundamental Data'}",GLB,1,TOPDIV3000,MATRIX,1.0,1.0,1,1,1.6,[],fundamental28,Global Fundamental Data,fundamental,Fundamental,fundamental-fundamental-data,Fundamental Data
fnd28_ishta_value_01001a,value of annual field: Net Sales or Revenues,"{'id': 'fundamental28', 'name': 'Global Fundamental Data'}","{'id': 'fundamental', 'name': 'Fundamental'}","{'id': 'fundamental-fundamental-data', 'name': 'Fundamental Data'}",GLB,1,TOPDIV3000,MATRIX,1.0,1.0,1,2,1.6,[],fundamental28,Global Fundamental Data,fundamental,Fundamental,fundamental-fundamental-data,Fundamental Data
fnd28_ishta_value_01051a,value of annual field: Cost Of Goods Sold (Excl Depreciation),"{'id': 'fundamental28', 'name': 'Global Fundamental Data'}","{'id': 'fundamental', 'name': 'Fundamental'}","{'id': 'fundamental-fundamental-data', 'name': 'Fundamental Data'}",GLB,1,TOPDIV3000,MATRIX,1.0,0.9174,0,0,1.6,[],fundamental28,Global Fundamental Data,fundamental,Fundamental,fundamental-fundamental-data,Fundamental Data
fnd28_ishta_value_01100a,value of annual field: Gross Income,"{'id': 'fundamental28', 'name': 'Global Fundamental Data'}","{'id': 'fundamental', 'name': 'Fundamental'}","{'id': 'fundamental-fundamental-data', 'name': 'Fundamental Data'}",GLB,1,TOPDIV3000,MATRIX,1.0,0.937,0,0,1.6,[],fundamental28,Global Fundamental Data,fundamental,Fundamental,fundamental-fundamental-data,Fundamental Data
fnd28_ishta_value_01101a,"value of annual field: Selling, General & Administrative Expenses","{'id': 'fundamental28', 'name': 'Global Fundamental Data'}","{'id': 'fundamental', 'name': 'Fundamental'}","{'id': 'fundamental-fundamental-data', 'name': 'Fundamental Data'}",GLB,1,TOPDIV3000,MATRIX,1.0,0.907,1,1,1.6,[],fundamental28,Global Fundamental Data,fundamental,Fundamental,fundamental-fundamental-data,Fundamental Data
fnd28_ishta_value_01148a,value of annual field: Depreciation,"{'id': 'fundamental28', 'name': 'Global Fundamental Data'}","{'id': 'fundamental', 'name': 'Fundamental'}","{'id': 'fundamental-fundamental-data', 'name': 'Fundamental Data'}",GLB,1,TOPDIV3000,MATRIX,1.0,0.7718,0,0,1.6,[],fundamental28,Global Fundamental Data,fundamental,Fundamental,fundamental-fundamental-data,Fundamental Data
fnd28_ishta_value_01149a,value of annual field: Amortization of Intangibles,"{'id': 'fundamental28', 'name': 'Global Fundamental Data'}","{'id': 'fundamental', 'name': 'Fundamental'}","{'id': 'fundamental-fundamental-data', 'name': 'Fundamental Data'}",GLB,1,TOPDIV3000,MATRIX,1.0,0.8237,0,0,1.6,[],fundamental28,Global Fundamental Data,fundamental,Fundamental,fundamental-fundamental-data,Fundamental Data
fnd28_ishta_value_01151a,"value of annual field: Depreciation, Depletion & Amortization","{'id': 'fundamental28', 'name': 'Global Fundamental Data'}","{'id': 'fundamental', 'name': 'Fundamental'}","{'id': 'fundamental-fundamental-data', 'name': 'Fundamental Data'}",GLB,1,TOPDIV3000,MATRIX,1.0,1.0,0,0,1.6,[],fundamental28,Global Fundamental Data,fundamental,Fundamental,fundamental-fundamental-data,Fundamental Data
fnd28_ishta_value_01230a,value of annual field: Other Operating Expenses,"{'id': 'fundamental28', 'name': 'Global Fundamental Data'}","{'id': 'fundamental', 'name': 'Fundamental'}","{'id': 'fundamental-fundamental-data', 'name': 'Fundamental Data'}",GLB,1,TOPDIV3000,MATRIX,1.0,0.5546,0,0,1.6,[],fundamental28,Global Fundamental Data,fundamental,Fundamental,fundamental-fundamental-data,Fundamental Data
fnd28_ishta_value_01249a,value of annual field: Operating Expenses - Total,"{'id': 'fundamental28', 'name': 'Global Fundamental Data'}","{'id': 'fundamental', 'name': 'Fundamental'}","{'id': 'fundamental-fundamental-data', 'name': 'Fundamental Data'}",GLB,1,TOPDIV3000,MATRIX,1.0,1.0,0,0,1.6,[],fundamental28,Global Fundamental Data,fundamental,Fundamental,fundamental-fundamental-data,Fundamental Data
fnd28_ishta_value_01250a,value of annual field: Operating Income,"{'id': 'fundamental28', 'name': 'Global Fundamental Data'}","{'id': 'fundamental', 'name': 'Fundamental'}","{'id': 'fundamental-fundamental-data', 'name': 'Fundamental Data'}",GLB,1,TOPDIV3000,MATRIX,1.0,1.0,0,0,1.6,[],fundamental28,Global Fundamental Data,fundamental,Fundamental,fundamental-fundamental-data,Fundamental Data
fnd28_ishta_value_01251a,value of annual field: Interest Expense on Debt,"{'id': 'fundamental28', 'name': 'Global Fundamental Data'}","{'id': 'fundamental', 'name': 'Fundamental'}","{'id': 'fundamental-fundamental-data', 'name': 'Fundamental Data'}",GLB,1,TOPDIV3000,MATRIX,1.0,0.9873,0,0,1.6,[],fundamental28,Global Fundamental Data,fundamental,Fundamental,fundamental-fundamental-data,Fundamental Data
fnd28_ishta_value_01253a,value of annual field: Extraordinary Credit - Pretax,"{'id': 'fundamental28', 'name': 'Global Fundamental Data'}","{'id': 'fundamental', 'name': 'Fundamental'}","{'id': 'fundamental-fundamental-data', 'name': 'Fundamental Data'}",GLB,1,TOPDIV3000,MATRIX,1.0,0.5401,0,0,1.6,[],fundamental28,Global Fundamental Data,fundamental,Fundamental,fundamental-fundamental-data,Fundamental Data
fnd28_ishta_value_01254a,value of annual field: Extraordinary Charge - Pretax,"{'id': 'fundamental28', 'name': 'Global Fundamental Data'}","{'id': 'fundamental', 'name': 'Fundamental'}","{'id': 'fundamental-fundamental-data', 'name': 'Fundamental Data'}",GLB,1,TOPDIV3000,MATRIX,1.0,0.8508,0,0,1.6,[],fundamental28,Global Fundamental Data,fundamental,Fundamental,fundamental-fundamental-data,Fundamental Data
fnd28_ishta_value_01262a,value of annual field: Other Income/Expense Net,"{'id': 'fundamental28', 'name': 'Global Fundamental Data'}","{'id': 'fundamental', 'name': 'Fundamental'}","{'id': 'fundamental-fundamental-data', 'name': 'Fundamental Data'}",GLB,1,TOPDIV3000,MATRIX,1.0,0.9503,0,0,1.6,[],fundamental28,Global Fundamental Data,fundamental,Fundamental,fundamental-fundamental-data,Fundamental Data
fnd28_ishta_value_01266a,value of annual field: Non-Operating Interest Income,"{'id': 'fundamental28', 'name': 'Global Fundamental Data'}","{'id': 'fundamental', 'name': 'Fundamental'}","{'id': 'fundamental-fundamental-data', 'name': 'Fundamental Data'}",GLB,1,TOPDIV3000,MATRIX,1.0,0.8479,0,0,1.6,[],fundamental28,Global Fundamental Data,fundamental,Fundamental,fundamental-fundamental-data,Fundamental Data
fnd28_ishta_value_01401a,value of annual field: Pre-tax Income,"{'id': 'fundamental28', 'name': 'Global Fundamental Data'}","{'id': 'fundamental', 'name': 'Fundamental'}","{'id': 'fundamental-fundamental-data', 'name': 'Fundamental Data'}",GLB,1,TOPDIV3000,MATRIX,1.0,1.0,0,0,1.6,[],fundamental28,Global Fundamental Data,fundamental,Fundamental,fundamental-fundamental-data,Fundamental Data
fnd28_ishta_value_01451a,value of annual field: Income Taxes,"{'id': 'fundamental28', 'name': 'Global Fundamental Data'}","{'id': 'fundamental', 'name': 'Fundamental'}","{'id': 'fundamental-fundamental-data', 'name': 'Fundamental Data'}",GLB,1,TOPDIV3000,MATRIX,1.0,1.0,0,0,1.6,[],fundamental28,Global Fundamental Data,fundamental,Fundamental,fundamental-fundamental-data,Fundamental Data
fnd28_ishta_value_01501a,value of annual field: Minority Interest,"{'id': 'fundamental28', 'name': 'Global Fundamental Data'}","{'id': 'fundamental', 'name': 'Fundamental'}","{'id': 'fundamental-fundamental-data', 'name': 'Fundamental Data'}",GLB,1,TOPDIV3000,MATRIX,1.0,0.6488,0,0,1.6,[],fundamental28,Global Fundamental Data,fundamental,Fundamental,fundamental-fundamental-data,Fundamental Data
fnd28_ishta_value_01503a,value of annual field: Equity In Earnings,"{'id': 'fundamental28', 'name': 'Global Fundamental Data'}","{'id': 'fundamental', 'name': 'Fundamental'}","{'id': 'fundamental-fundamental-data', 'name': 'Fundamental Data'}",GLB,1,TOPDIV3000,MATRIX,1.0,0.2828,0,0,1.6,[],fundamental28,Global Fundamental Data,fundamental,Fundamental,fundamental-fundamental-data,Fundamental Data
fnd28_ishta_value_01551a,value of annual field: Net Income before Extraordinary Items/Preferred Dividends,"{'id': 'fundamental28', 'name': 'Global Fundamental Data'}","{'id': 'fundamental', 'name': 'Fundamental'}","{'id': 'fundamental-fundamental-data', 'name': 'Fundamental Data'}",GLB,1,TOPDIV3000,MATRIX,1.0,1.0,0,0,1.6,[],fundamental28,Global Fundamental Data,fundamental,Fundamental,fundamental-fundamental-data,Fundamental Data
fnd28_ishta_value_01706a,value of annual field: Net Income after Preferred Dividends (Basic EPS),"{'id': 'fundamental28', 'name': 'Global Fundamental Data'}","{'id': 'fundamental', 'name': 'Fundamental'}","{'id': 'fundamental-fundamental-data', 'name': 'Fundamental Data'}",GLB,1,TOPDIV3000,MATRIX,1.0,1.0,1,1,1.6,[],fundamental28,Global Fundamental Data,fundamental,Fundamental,fundamental-fundamental-data,Fundamental Data
fnd28_ishtq_value_01001q,value of quarterly field: Net Sales or Revenues,"{'id': 'fundamental28', 'name': 'Global Fundamental Data'}","{'id': 'fundamental', 'name': 'Fundamental'}","{'id': 'fundamental-fundamental-data', 'name': 'Fundamental Data'}",GLB,1,TOPDIV3000,MATRIX,1.0,0.8733,0,0,1.6,[],fundamental28,Global Fundamental Data,fundamental,Fundamental,fundamental-fundamental-data,Fundamental Data
fnd28_ishtq_value_01051q,value of quarterly field: Cost Of Goods Sold (Excl Depreciation),"{'id': 'fundamental28', 'name': 'Global Fundamental Data'}","{'id': 'fundamental', 'name': 'Fundamental'}","{'id': 'fundamental-fundamental-data', 'name': 'Fundamental Data'}",GLB,1,TOPDIV3000,MATRIX,1.0,0.7609,0,0,1.6,[],fundamental28,Global Fundamental Data,fundamental,Fundamental,fundamental-fundamental-data,Fundamental Data
fnd28_ishtq_value_01100q,value of quarterly field: Gross Income,"{'id': 'fundamental28', 'name': 'Global Fundamental Data'}","{'id': 'fundamental', 'name': 'Fundamental'}","{'id': 'fundamental-fundamental-data', 'name': 'Fundamental Data'}",GLB,1,TOPDIV3000,MATRIX,1.0,0.7444,0,0,1.6,[],fundamental28,Global Fundamental Data,fundamental,Fundamental,fundamental-fundamental-data,Fundamental Data
fnd28_ishtq_value_01101q,"value of quarterly field: Selling, General & Administrative Expenses","{'id': 'fundamental28', 'name': 'Global Fundamental Data'}","{'id': 'fundamental', 'name': 'Fundamental'}","{'id': 'fundamental-fundamental-data', 'name': 'Fundamental Data'}",GLB,1,TOPDIV3000,MATRIX,1.0,0.5562,0,0,1.6,[],fundamental28,Global Fundamental Data,fundamental,Fundamental,fundamental-fundamental-data,Fundamental Data
fnd28_ishtq_value_01151q,"value of quarterly field: Depreciation, Depletion & Amortization","{'id': 'fundamental28', 'name': 'Global Fundamental Data'}","{'id': 'fundamental', 'name': 'Fundamental'}","{'id': 'fundamental-fundamental-data', 'name': 'Fundamental Data'}",GLB,1,TOPDIV3000,MATRIX,1.0,0.7821,0,0,1.6,[],fundamental28,Global Fundamental Data,fundamental,Fundamental,fundamental-fundamental-data,Fundamental Data
fnd28_ishtq_value_01201q,value of quarterly field: Research and Development Expense,"{'id': 'fundamental28', 'name': 'Global Fundamental Data'}","{'id': 'fundamental', 'name': 'Fundamental'}","{'id': 'fundamental-fundamental-data', 'name': 'Fundamental Data'}",GLB,1,TOPDIV3000,MATRIX,1.0,0.4664,1,1,1.6,[],fundamental28,Global Fundamental Data,fundamental,Fundamental,fundamental-fundamental-data,Fundamental Data
fnd28_ishtq_value_01230q,value of quarterly field: Other Operating Expenses,"{'id': 'fundamental28', 'name': 'Global Fundamental Data'}","{'id': 'fundamental', 'name': 'Fundamental'}","{'id': 'fundamental-fundamental-data', 'name': 'Fundamental Data'}",GLB,1,TOPDIV3000,MATRIX,1.0,0.8294,0,0,1.6,[],fundamental28,Global Fundamental Data,fundamental,Fundamental,fundamental-fundamental-data,Fundamental Data
fnd28_ishtq_value_01250q,value of quarterly field: Operating Income,"{'id': 'fundamental28', 'name': 'Global Fundamental Data'}","{'id': 'fundamental', 'name': 'Fundamental'}","{'id': 'fundamental-fundamental-data', 'name': 'Fundamental Data'}",GLB,1,TOPDIV3000,MATRIX,1.0,0.846,1,1,1.6,[],fundamental28,Global Fundamental Data,fundamental,Fundamental,fundamental-fundamental-data,Fundamental Data
fnd28_ishtq_value_01251q,value of quarterly field: Interest Expense on Debt,"{'id': 'fundamental28', 'name': 'Global Fundamental Data'}","{'id': 'fundamental', 'name': 'Fundamental'}","{'id': 'fundamental-fundamental-data', 'name': 'Fundamental Data'}",GLB,1,TOPDIV3000,MATRIX,1.0,0.7965,1,1,1.6,[],fundamental28,Global Fundamental Data,fundamental,Fundamental,fundamental-fundamental-data,Fundamental Data
fnd28_ishtq_value_01254q,value of quarterly field: Extraordinary Charge - Pretax,"{'id': 'fundamental28', 'name': 'Global Fundamental Data'}","{'id': 'fundamental', 'name': 'Fundamental'}","{'id': 'fundamental-fundamental-data', 'name': 'Fundamental Data'}",GLB,1,TOPDIV3000,MATRIX,1.0,0.6722,0,0,1.6,[],fundamental28,Global Fundamental Data,fundamental,Fundamental,fundamental-fundamental-data,Fundamental Data
fnd28_ishtq_value_01262q,value of quarterly field: Other Income/Expense Net,"{'id': 'fundamental28', 'name': 'Global Fundamental Data'}","{'id': 'fundamental', 'name': 'Fundamental'}","{'id': 'fundamental-fundamental-data', 'name': 'Fundamental Data'}",GLB,1,TOPDIV3000,MATRIX,1.0,0.8273,0,0,1.6,[],fundamental28,Global Fundamental Data,fundamental,Fundamental,fundamental-fundamental-data,Fundamental Data
fnd28_ishtq_value_01401q,value of quarterly field: Pre-tax Income,"{'id': 'fundamental28', 'name': 'Global Fundamental Data'}","{'id': 'fundamental', 'name': 'Fundamental'}","{'id': 'fundamental-fundamental-data', 'name': 'Fundamental Data'}",GLB,1,TOPDIV3000,MATRIX,1.0,0.8419,0,0,1.6,[],fundamental28,Global Fundamental Data,fundamental,Fundamental,fundamental-fundamental-data,Fundamental Data
fnd28_ishtq_value_01451q,value of quarterly field: Income Taxes,"{'id': 'fundamental28', 'name': 'Global Fundamental Data'}","{'id': 'fundamental', 'name': 'Fundamental'}","{'id': 'fundamental-fundamental-data', 'name': 'Fundamental Data'}",GLB,1,TOPDIV3000,MATRIX,1.0,0.8359,0,0,1.6,[],fundamental28,Global Fundamental Data,fundamental,Fundamental,fundamental-fundamental-data,Fundamental Data
fnd28_ishtq_value_01501q,value of quarterly field: Minority Interest,"{'id': 'fundamental28', 'name': 'Global Fundamental Data'}","{'id': 'fundamental', 'name': 'Fundamental'}","{'id': 'fundamental-fundamental-data', 'name': 'Fundamental Data'}",GLB,1,TOPDIV3000,MATRIX,1.0,0.83,1,1,1.6,[],fundamental28,Global Fundamental Data,fundamental,Fundamental,fundamental-fundamental-data,Fundamental Data
fnd28_ishtq_value_01551q,value of quarterly field: Net Income before Extraordinary Items/Preferred Dividends,"{'id': 'fundamental28', 'name': 'Global Fundamental Data'}","{'id': 'fundamental', 'name': 'Fundamental'}","{'id': 'fundamental-fundamental-data', 'name': 'Fundamental Data'}",GLB,1,TOPDIV3000,MATRIX,1.0,0.8431,1,1,1.6,[],fundamental28,Global Fundamental Data,fundamental,Fundamental,fundamental-fundamental-data,Fundamental Data
fnd28_ishtq_value_01651q,value of quarterly field: Net Income - Bottom Line,"{'id': 'fundamental28', 'name': 'Global Fundamental Data'}","{'id': 'fundamental', 'name': 'Fundamental'}","{'id': 'fundamental-fundamental-data', 'name': 'Fundamental Data'}",GLB,1,TOPDIV3000,MATRIX,1.0,0.8394,0,0,1.6,[],fundamental28,Global Fundamental Data,fundamental,Fundamental,fundamental-fundamental-data,Fundamental Data
fnd28_ishtq_value_01705q,value of quarterly field: Net Income Used to Calculate Fully Diluted Earnings per Share,"{'id': 'fundamental28', 'name': 'Global Fundamental Data'}","{'id': 'fundamental', 'name': 'Fundamental'}","{'id': 'fundamental-fundamental-data', 'name': 'Fundamental Data'}",GLB,1,TOPDIV3000,MATRIX,1.0,0.6827,0,0,1.6,[],fundamental28,Global Fundamental Data,fundamental,Fundamental,fundamental-fundamental-data,Fundamental Data
fnd28_ishtq_value_01751q,value of quarterly field: Net Income Used to Calculate Earnings per Share,"{'id': 'fundamental28', 'name': 'Global Fundamental Data'}","{'id': 'fundamental', 'name': 'Fundamental'}","{'id': 'fundamental-fundamental-data', 'name': 'Fundamental Data'}",GLB,1,TOPDIV3000,MATRIX,1.0,0.8391,0,0,1.6,[],fundamental28,Global Fundamental Data,fundamental,Fundamental,fundamental-fundamental-data,Fundamental Data
fnd28_ishtq_value_18150q,value of quarterly field: Income From Continuing Operations,"{'id': 'fundamental28', 'name': 'Global Fundamental Data'}","{'id': 'fundamental', 'name': 'Fundamental'}","{'id': 'fundamental-fundamental-data', 'name': 'Fundamental Data'}",GLB,1,TOPDIV3000,MATRIX,1.0,0.6813,0,0,1.6,[],fundamental28,Global Fundamental Data,fundamental,Fundamental,fundamental-fundamental-data,Fundamental Data
fnd28_ishtq_value_18155q,value of quarterly field: Operating Income before Depreciation/Amortization (Operating EBITDA),"{'id': 'fundamental28', 'name': 'Global Fundamental Data'}","{'id': 'fundamental', 'name': 'Fundamental'}","{'id': 'fundamental-fundamental-data', 'name': 'Fundamental Data'}",GLB,1,TOPDIV3000,MATRIX,1.0,0.7559,0,0,1.6,[],fundamental28,Global Fundamental Data,fundamental,Fundamental,fundamental-fundamental-data,Fundamental Data
fnd28_ishtq_value_18191q,value of quarterly field: Earnings before Interest and Taxes (EBIT),"{'id': 'fundamental28', 'name': 'Global Fundamental Data'}","{'id': 'fundamental', 'name': 'Fundamental'}","{'id': 'fundamental-fundamental-data', 'name': 'Fundamental Data'}",GLB,1,TOPDIV3000,MATRIX,1.0,0.7924,0,0,1.6,[],fundamental28,Global Fundamental Data,fundamental,Fundamental,fundamental-fundamental-data,Fundamental Data
fnd28_ishtq_value_18198q,"value of quarterly field: Earnings before Interest, Taxes, Depreciation & Amortization (EBITDA)","{'id': 'fundamental28', 'name': 'Global Fundamental Data'}","{'id': 'fundamental', 'name': 'Fundamental'}","{'id': 'fundamental-fundamental-data', 'name': 'Fundamental Data'}",GLB,1,TOPDIV3000,MATRIX,1.0,0.7582,0,0,1.6,[],fundamental28,Global Fundamental Data,fundamental,Fundamental,fundamental-fundamental-data,Fundamental Data
fnd28_ishtq_value_18274q,"value of quarterly field: Impairment of Property, Plant & Equipment","{'id': 'fundamental28', 'name': 'Global Fundamental Data'}","{'id': 'fundamental', 'name': 'Fundamental'}","{'id': 'fundamental-fundamental-data', 'name': 'Fundamental Data'}",GLB,1,TOPDIV3000,MATRIX,1.0,0.3683,0,0,1.6,[],fundamental28,Global Fundamental Data,fundamental,Fundamental,fundamental-fundamental-data,Fundamental Data
fnd28_ishtspmnt_value_01084a,value of annual field: Staff Costs,"{'id': 'fundamental28', 'name': 'Global Fundamental Data'}","{'id': 'fundamental', 'name': 'Fundamental'}","{'id': 'fundamental-fundamental-data', 'name': 'Fundamental Data'}",GLB,1,TOPDIV3000,MATRIX,1.0,0.584,5,10,1.6,[],fundamental28,Global Fundamental Data,fundamental,Fundamental,fundamental-fundamental-data,Fundamental Data
fnd28_ishtspmnt_value_01155a,value of annual field: Amortization of Other Intangibles,"{'id': 'fundamental28', 'name': 'Global Fundamental Data'}","{'id': 'fundamental', 'name': 'Fundamental'}","{'id': 'fundamental-fundamental-data', 'name': 'Fundamental Data'}",GLB,1,TOPDIV3000,MATRIX,1.0,0.6851,1,1,1.6,[],fundamental28,Global Fundamental Data,fundamental,Fundamental,fundamental-fundamental-data,Fundamental Data
fnd28_ishtspmnt_value_01201a,value of annual field: Research and Development Expense,"{'id': 'fundamental28', 'name': 'Global Fundamental Data'}","{'id': 'fundamental', 'name': 'Fundamental'}","{'id': 'fundamental-fundamental-data', 'name': 'Fundamental Data'}",GLB,1,TOPDIV3000,MATRIX,1.0,0.7162,1,1,1.6,[],fundamental28,Global Fundamental Data,fundamental,Fundamental,fundamental-fundamental-data,Fundamental Data
fnd28_ishtspmnt_value_01306a,value of annual field: Gain/Loss On Disposal of Assets,"{'id': 'fundamental28', 'name': 'Global Fundamental Data'}","{'id': 'fundamental', 'name': 'Fundamental'}","{'id': 'fundamental-fundamental-data', 'name': 'Fundamental Data'}",GLB,1,TOPDIV3000,MATRIX,1.0,0.7692,0,0,1.6,[],fundamental28,Global Fundamental Data,fundamental,Fundamental,fundamental-fundamental-data,Fundamental Data
fnd28_ishtspmnt_value_01352a,value of annual field: Foreign Exchange Transactions,"{'id': 'fundamental28', 'name': 'Global Fundamental Data'}","{'id': 'fundamental', 'name': 'Fundamental'}","{'id': 'fundamental-fundamental-data', 'name': 'Fundamental Data'}",GLB,1,TOPDIV3000,MATRIX,1.0,0.7327,0,0,1.6,[],fundamental28,Global Fundamental Data,fundamental,Fundamental,fundamental-fundamental-data,Fundamental Data
fnd28_ishtspmnt_value_01651a,value of annual field: Net Income - Bottom Line,"{'id': 'fundamental28', 'name': 'Global Fundamental Data'}","{'id': 'fundamental', 'name': 'Fundamental'}","{'id': 'fundamental-fundamental-data', 'name': 'Fundamental Data'}",GLB,1,TOPDIV3000,MATRIX,1.0,1.0,0,0,1.6,[],fundamental28,Global Fundamental Data,fundamental,Fundamental,fundamental-fundamental-data,Fundamental Data
fnd28_ishtspmnt_value_01705a,value of annual field: Net Income Used to Calculate Fully Diluted Earnings per Share,"{'id': 'fundamental28', 'name': 'Global Fundamental Data'}","{'id': 'fundamental', 'name': 'Fundamental'}","{'id': 'fundamental-fundamental-data', 'name': 'Fundamental Data'}",GLB,1,TOPDIV3000,MATRIX,1.0,0.9179,0,0,1.6,[],fundamental28,Global Fundamental Data,fundamental,Fundamental,fundamental-fundamental-data,Fundamental Data
fnd28_ishtspmnt_value_01751a,value of annual field: Net Income Used to Calculate Earnings per Share,"{'id': 'fundamental28', 'name': 'Global Fundamental Data'}","{'id': 'fundamental', 'name': 'Fundamental'}","{'id': 'fundamental-fundamental-data', 'name': 'Fundamental Data'}",GLB,1,TOPDIV3000,MATRIX,1.0,1.0,0,0,1.6,[],fundamental28,Global Fundamental Data,fundamental,Fundamental,fundamental-fundamental-data,Fundamental Data
fnd28_ishtspmnt_value_18150a,value of annual field: Income From Continuing Operations,"{'id': 'fundamental28', 'name': 'Global Fundamental Data'}","{'id': 'fundamental', 'name': 'Fundamental'}","{'id': 'fundamental-fundamental-data', 'name': 'Fundamental Data'}",GLB,1,TOPDIV3000,MATRIX,1.0,0.865,1,1,1.6,[],fundamental28,Global Fundamental Data,fundamental,Fundamental,fundamental-fundamental-data,Fundamental Data
fnd28_ishtspmnt_value_18155a,value of annual field: Operating Income before Depreciation/Amortization (Operating EBITDA),"{'id': 'fundamental28', 'name': 'Global Fundamental Data'}","{'id': 'fundamental', 'name': 'Fundamental'}","{'id': 'fundamental-fundamental-data', 'name': 'Fundamental Data'}",GLB,1,TOPDIV3000,MATRIX,1.0,0.9837,0,0,1.6,[],fundamental28,Global Fundamental Data,fundamental,Fundamental,fundamental-fundamental-data,Fundamental Data
fnd28_ishtspmnt_value_18191a,value of annual field: Earnings before Interest and Taxes (EBIT),"{'id': 'fundamental28', 'name': 'Global Fundamental Data'}","{'id': 'fundamental', 'name': 'Fundamental'}","{'id': 'fundamental-fundamental-data', 'name': 'Fundamental Data'}",GLB,1,TOPDIV3000,MATRIX,1.0,1.0,0,0,1.6,[],fundamental28,Global Fundamental Data,fundamental,Fundamental,fundamental-fundamental-data,Fundamental Data
fnd28_ishtspmnt_value_18198a,"value of annual field: Earnings before Interest, Taxes, Depreciation & Amortization (EBITDA)","{'id': 'fundamental28', 'name': 'Global Fundamental Data'}","{'id': 'fundamental', 'name': 'Fundamental'}","{'id': 'fundamental-fundamental-data', 'name': 'Fundamental Data'}",GLB,1,TOPDIV3000,MATRIX,1.0,1.0,1,1,1.6,[],fundamental28,Global Fundamental Data,fundamental,Fundamental,fundamental-fundamental-data,Fundamental Data
fnd28_ishtspmnt_value_18227a,value of annual field: Restructuring Expense,"{'id': 'fundamental28', 'name': 'Global Fundamental Data'}","{'id': 'fundamental', 'name': 'Fundamental'}","{'id': 'fundamental-fundamental-data', 'name': 'Fundamental Data'}",GLB,1,TOPDIV3000,MATRIX,1.0,0.877,0,0,1.6,[],fundamental28,Global Fundamental Data,fundamental,Fundamental,fundamental-fundamental-data,Fundamental Data
fnd28_levliqa_value_08101a,value of annual field: Quick Ratio,"{'id': 'fundamental28', 'name': 'Global Fundamental Data'}","{'id': 'fundamental', 'name': 'Fundamental'}","{'id': 'fundamental-fundamental-data', 'name': 'Fundamental Data'}",GLB,1,TOPDIV3000,MATRIX,1.0,0.8824,2,6,1.6,[],fundamental28,Global Fundamental Data,fundamental,Fundamental,fundamental-fundamental-data,Fundamental Data
fnd28_levliqa_value_08106a,value of annual field: Current Ratio,"{'id': 'fundamental28', 'name': 'Global Fundamental Data'}","{'id': 'fundamental', 'name': 'Fundamental'}","{'id': 'fundamental-fundamental-data', 'name': 'Fundamental Data'}",GLB,1,TOPDIV3000,MATRIX,1.0,0.8825,0,0,1.6,[],fundamental28,Global Fundamental Data,fundamental,Fundamental,fundamental-fundamental-data,Fundamental Data
fnd28_levliqa_value_08111a,Value of annual field: Cash & Equivalents % Total Current Assets Company-Specific Accounting Practices,"{'id': 'fundamental28', 'name': 'Global Fundamental Data'}","{'id': 'fundamental', 'name': 'Fundamental'}","{'id': 'fundamental-fundamental-data', 'name': 'Fundamental Data'}",GLB,1,TOPDIV3000,MATRIX,1.0,0.8823,0,0,1.6,[],fundamental28,Global Fundamental Data,fundamental,Fundamental,fundamental-fundamental-data,Fundamental Data
fnd28_levliqa_value_08116a,value of annual field: Inventories % Total Current Assets,"{'id': 'fundamental28', 'name': 'Global Fundamental Data'}","{'id': 'fundamental', 'name': 'Fundamental'}","{'id': 'fundamental-fundamental-data', 'name': 'Fundamental Data'}",GLB,1,TOPDIV3000,MATRIX,1.0,0.8798,2,2,1.6,[],fundamental28,Global Fundamental Data,fundamental,Fundamental,fundamental-fundamental-data,Fundamental Data
fnd28_levliqa_value_08121a,value of annual field: Receivables % Total Current Assets,"{'id': 'fundamental28', 'name': 'Global Fundamental Data'}","{'id': 'fundamental', 'name': 'Fundamental'}","{'id': 'fundamental-fundamental-data', 'name': 'Fundamental Data'}",GLB,1,TOPDIV3000,MATRIX,1.0,0.8823,1,1,1.6,[],fundamental28,Global Fundamental Data,fundamental,Fundamental,fundamental-fundamental-data,Fundamental Data
fnd28_levliqa_value_08126a,Value of annual field: Inventories - Days Held 5 Year Averages,"{'id': 'fundamental28', 'name': 'Global Fundamental Data'}","{'id': 'fundamental', 'name': 'Fundamental'}","{'id': 'fundamental-fundamental-data', 'name': 'Fundamental Data'}",GLB,1,TOPDIV3000,MATRIX,1.0,0.8171,1,1,1.6,[],fundamental28,Global Fundamental Data,fundamental,Fundamental,fundamental-fundamental-data,Fundamental Data
fnd28_levliqa_value_08131a,value of annual field: Accounts Receivables Days,"{'id': 'fundamental28', 'name': 'Global Fundamental Data'}","{'id': 'fundamental', 'name': 'Fundamental'}","{'id': 'fundamental-fundamental-data', 'name': 'Fundamental Data'}",GLB,1,TOPDIV3000,MATRIX,1.0,0.8792,0,0,1.6,[],fundamental28,Global Fundamental Data,fundamental,Fundamental,fundamental-fundamental-data,Fundamental Data
fnd28_levliqa_value_08201a,value of annual field: Equity % Total Capital,"{'id': 'fundamental28', 'name': 'Global Fundamental Data'}","{'id': 'fundamental', 'name': 'Fundamental'}","{'id': 'fundamental-fundamental-data', 'name': 'Fundamental Data'}",GLB,1,TOPDIV3000,MATRIX,1.0,1.0,0,0,1.6,[],fundamental28,Global Fundamental Data,fundamental,Fundamental,fundamental-fundamental-data,Fundamental Data
fnd28_levliqa_value_08211a,value of annual field: Minority Interest % Total Capital,"{'id': 'fundamental28', 'name': 'Global Fundamental Data'}","{'id': 'fundamental', 'name': 'Fundamental'}","{'id': 'fundamental-fundamental-data', 'name': 'Fundamental Data'}",GLB,1,TOPDIV3000,MATRIX,1.0,0.6637,0,0,1.6,[],fundamental28,Global Fundamental Data,fundamental,Fundamental,fundamental-fundamental-data,Fundamental Data
fnd28_levliqa_value_08216a,value of annual field: Long Term Debt % Total Capital,"{'id': 'fundamental28', 'name': 'Global Fundamental Data'}","{'id': 'fundamental', 'name': 'Fundamental'}","{'id': 'fundamental-fundamental-data', 'name': 'Fundamental Data'}",GLB,1,TOPDIV3000,MATRIX,1.0,0.9493,1,1,1.6,[],fundamental28,Global Fundamental Data,fundamental,Fundamental,fundamental-fundamental-data,Fundamental Data
fnd28_levliqa_value_08221a,value of annual field: Total Debt % Total Capital,"{'id': 'fundamental28', 'name': 'Global Fundamental Data'}","{'id': 'fundamental', 'name': 'Fundamental'}","{'id': 'fundamental-fundamental-data', 'name': 'Fundamental Data'}",GLB,1,TOPDIV3000,MATRIX,1.0,0.9745,0,0,1.6,[],fundamental28,Global Fundamental Data,fundamental,Fundamental,fundamental-fundamental-data,Fundamental Data
fnd28_levliqa_value_08226a,value of annual field: Long Term Debt % Common Equity,"{'id': 'fundamental28', 'name': 'Global Fundamental Data'}","{'id': 'fundamental', 'name': 'Fundamental'}","{'id': 'fundamental-fundamental-data', 'name': 'Fundamental Data'}",GLB,1,TOPDIV3000,MATRIX,1.0,0.9484,0,0,1.6,[],fundamental28,Global Fundamental Data,fundamental,Fundamental,fundamental-fundamental-data,Fundamental Data
fnd28_levliqa_value_08231a,value of annual field: Total Debt % Common Equity,"{'id': 'fundamental28', 'name': 'Global Fundamental Data'}","{'id': 'fundamental', 'name': 'Fundamental'}","{'id': 'fundamental-fundamental-data', 'name': 'Fundamental Data'}",GLB,1,TOPDIV3000,MATRIX,1.0,0.9746,0,0,1.6,[],fundamental28,Global Fundamental Data,fundamental,Fundamental,fundamental-fundamental-data,Fundamental Data
fnd28_levliqa_value_08236a,value of annual field: Total Debt % Total Assets,"{'id': 'fundamental28', 'name': 'Global Fundamental Data'}","{'id': 'fundamental', 'name': 'Fundamental'}","{'id': 'fundamental-fundamental-data', 'name': 'Fundamental Data'}",GLB,1,TOPDIV3000,MATRIX,1.0,0.9742,2,19,1.6,[],fundamental28,Global Fundamental Data,fundamental,Fundamental,fundamental-fundamental-data,Fundamental Data
fnd28_levliqa_value_08241a,value of annual field: Common Equity % Total Assets,"{'id': 'fundamental28', 'name': 'Global Fundamental Data'}","{'id': 'fundamental', 'name': 'Fundamental'}","{'id': 'fundamental-fundamental-data', 'name': 'Fundamental Data'}",GLB,1,TOPDIV3000,MATRIX,1.0,1.0,0,0,1.6,[],fundamental28,Global Fundamental Data,fundamental,Fundamental,fundamental-fundamental-data,Fundamental Data
fnd28_levliqa_value_08246a,value of annual field: Cash Dividend Coverage Ratio,"{'id': 'fundamental28', 'name': 'Global Fundamental Data'}","{'id': 'fundamental', 'name': 'Fundamental'}","{'id': 'fundamental-fundamental-data', 'name': 'Fundamental Data'}",GLB,1,TOPDIV3000,MATRIX,1.0,0.7871,0,0,1.6,[],fundamental28,Global Fundamental Data,fundamental,Fundamental,fundamental-fundamental-data,Fundamental Data
fnd28_levliqa_value_08251a,value of annual field: Fixed Charge Coverage Ratio,"{'id': 'fundamental28', 'name': 'Global Fundamental Data'}","{'id': 'fundamental', 'name': 'Fundamental'}","{'id': 'fundamental-fundamental-data', 'name': 'Fundamental Data'}",GLB,1,TOPDIV3000,MATRIX,1.0,1.0,1,1,1.6,[],fundamental28,Global Fundamental Data,fundamental,Fundamental,fundamental-fundamental-data,Fundamental Data
fnd28_levliqa_value_08256a,value of annual field: Dividend Payout (% Earnings),"{'id': 'fundamental28', 'name': 'Global Fundamental Data'}","{'id': 'fundamental', 'name': 'Fundamental'}","{'id': 'fundamental-fundamental-data', 'name': 'Fundamental Data'}",GLB,1,TOPDIV3000,MATRIX,1.0,0.7954,0,0,1.6,[],fundamental28,Global Fundamental Data,fundamental,Fundamental,fundamental-fundamental-data,Fundamental Data
fnd28_levliqa_value_08261a,value of annual field: Operating Cash/Fixed Charges,"{'id': 'fundamental28', 'name': 'Global Fundamental Data'}","{'id': 'fundamental', 'name': 'Fundamental'}","{'id': 'fundamental-fundamental-data', 'name': 'Fundamental Data'}",GLB,1,TOPDIV3000,MATRIX,1.0,1.0,0,0,1.6,[],fundamental28,Global Fundamental Data,fundamental,Fundamental,fundamental-fundamental-data,Fundamental Data
fnd28_levliqa_value_08266a,value of annual field: Fixed Assets % Common Equity Company Specific Accounting Practices,"{'id': 'fundamental28', 'name': 'Global Fundamental Data'}","{'id': 'fundamental', 'name': 'Fundamental'}","{'id': 'fundamental-fundamental-data', 'name': 'Fundamental Data'}",GLB,1,TOPDIV3000,MATRIX,1.0,1.0,1,1,1.6,[],fundamental28,Global Fundamental Data,fundamental,Fundamental,fundamental-fundamental-data,Fundamental Data
fnd28_levliqa_value_08271a,value of annual field: Working Capital % Total Capital Five Year Averages,"{'id': 'fundamental28', 'name': 'Global Fundamental Data'}","{'id': 'fundamental', 'name': 'Fundamental'}","{'id': 'fundamental-fundamental-data', 'name': 'Fundamental Data'}",GLB,1,TOPDIV3000,MATRIX,1.0,0.8827,0,0,1.6,[],fundamental28,Global Fundamental Data,fundamental,Fundamental,fundamental-fundamental-data,Fundamental Data
fnd28_levliqa_value_08287a,value of annual field: Total Assets / Common Equity Ratio,"{'id': 'fundamental28', 'name': 'Global Fundamental Data'}","{'id': 'fundamental', 'name': 'Fundamental'}","{'id': 'fundamental-fundamental-data', 'name': 'Fundamental Data'}",GLB,1,TOPDIV3000,MATRIX,1.0,1.0,1,1,1.6,[],fundamental28,Global Fundamental Data,fundamental,Fundamental,fundamental-fundamental-data,Fundamental Data
fnd28_levliqa_value_08291a,value of annual field: EBIT / Total Interest Expense Ratio,"{'id': 'fundamental28', 'name': 'Global Fundamental Data'}","{'id': 'fundamental', 'name': 'Fundamental'}","{'id': 'fundamental-fundamental-data', 'name': 'Fundamental Data'}",GLB,1,TOPDIV3000,MATRIX,1.0,0.982,0,0,1.6,[],fundamental28,Global Fundamental Data,fundamental,Fundamental,fundamental-fundamental-data,Fundamental Data
fnd28_levliqa_value_08906a,value of annual field: Cash Dividends % Cash Flow,"{'id': 'fundamental28', 'name': 'Global Fundamental Data'}","{'id': 'fundamental', 'name': 'Fundamental'}","{'id': 'fundamental-fundamental-data', 'name': 'Fundamental Data'}",GLB,1,TOPDIV3000,MATRIX,1.0,0.8769,0,0,1.6,[],fundamental28,Global Fundamental Data,fundamental,Fundamental,fundamental-fundamental-data,Fundamental Data
fnd28_levliqa_value_15121a,value of annual field: Total Capital % Total Assets,"{'id': 'fundamental28', 'name': 'Global Fundamental Data'}","{'id': 'fundamental', 'name': 'Fundamental'}","{'id': 'fundamental-fundamental-data', 'name': 'Fundamental Data'}",GLB,1,TOPDIV3000,MATRIX,1.0,1.0,6,6,1.6,[],fundamental28,Global Fundamental Data,fundamental,Fundamental,fundamental-fundamental-data,Fundamental Data
fnd28_nddq1_value_01001q,value of quarterly field: Net Sales or Revenues,"{'id': 'fundamental28', 'name': 'Global Fundamental Data'}","{'id': 'fundamental', 'name': 'Fundamental'}","{'id': 'fundamental-fundamental-data', 'name': 'Fundamental Data'}",GLB,1,TOPDIV3000,MATRIX,1.0,0.7801,0,0,1.6,[],fundamental28,Global Fundamental Data,fundamental,Fundamental,fundamental-fundamental-data,Fundamental Data
fnd28_nddq1_value_01051q,value of quarterly field: Cost Of Goods Sold (Excl Depreciation),"{'id': 'fundamental28', 'name': 'Global Fundamental Data'}","{'id': 'fundamental', 'name': 'Fundamental'}","{'id': 'fundamental-fundamental-data', 'name': 'Fundamental Data'}",GLB,1,TOPDIV3000,MATRIX,1.0,0.7191,0,0,1.6,[],fundamental28,Global Fundamental Data,fundamental,Fundamental,fundamental-fundamental-data,Fundamental Data
fnd28_nddq1_value_01151q,"value of quarterly field: Depreciation, Depletion & Amortization","{'id': 'fundamental28', 'name': 'Global Fundamental Data'}","{'id': 'fundamental', 'name': 'Fundamental'}","{'id': 'fundamental-fundamental-data', 'name': 'Fundamental Data'}",GLB,1,TOPDIV3000,MATRIX,1.0,0.7456,0,0,1.6,[],fundamental28,Global Fundamental Data,fundamental,Fundamental,fundamental-fundamental-data,Fundamental Data
fnd28_nddq1_value_01201q,value of quarterly field: Research and Development Expense,"{'id': 'fundamental28', 'name': 'Global Fundamental Data'}","{'id': 'fundamental', 'name': 'Fundamental'}","{'id': 'fundamental-fundamental-data', 'name': 'Fundamental Data'}",GLB,1,TOPDIV3000,MATRIX,1.0,0.4674,0,0,1.6,[],fundamental28,Global Fundamental Data,fundamental,Fundamental,fundamental-fundamental-data,Fundamental Data
fnd28_nddq1_value_01250q,value of quarterly field: Operating Income,"{'id': 'fundamental28', 'name': 'Global Fundamental Data'}","{'id': 'fundamental', 'name': 'Fundamental'}","{'id': 'fundamental-fundamental-data', 'name': 'Fundamental Data'}",GLB,1,TOPDIV3000,MATRIX,1.0,0.7155,1,1,1.6,[],fundamental28,Global Fundamental Data,fundamental,Fundamental,fundamental-fundamental-data,Fundamental Data
fnd28_nddq1_value_01251q,value of quarterly field: Interest Expense on Debt,"{'id': 'fundamental28', 'name': 'Global Fundamental Data'}","{'id': 'fundamental', 'name': 'Fundamental'}","{'id': 'fundamental-fundamental-data', 'name': 'Fundamental Data'}",GLB,1,TOPDIV3000,MATRIX,1.0,0.7559,0,0,1.6,[],fundamental28,Global Fundamental Data,fundamental,Fundamental,fundamental-fundamental-data,Fundamental Data
fnd28_nddq1_value_01254q,value of quarterly field: Extraordinary Charge - Pretax,"{'id': 'fundamental28', 'name': 'Global Fundamental Data'}","{'id': 'fundamental', 'name': 'Fundamental'}","{'id': 'fundamental-fundamental-data', 'name': 'Fundamental Data'}",GLB,1,TOPDIV3000,MATRIX,1.0,0.6729,0,0,1.6,[],fundamental28,Global Fundamental Data,fundamental,Fundamental,fundamental-fundamental-data,Fundamental Data
fnd28_nddq1_value_01401q,value of quarterly field: Pre-tax Income,"{'id': 'fundamental28', 'name': 'Global Fundamental Data'}","{'id': 'fundamental', 'name': 'Fundamental'}","{'id': 'fundamental-fundamental-data', 'name': 'Fundamental Data'}",GLB,1,TOPDIV3000,MATRIX,1.0,0.7523,0,0,1.6,[],fundamental28,Global Fundamental Data,fundamental,Fundamental,fundamental-fundamental-data,Fundamental Data
fnd28_nddq1_value_01451q,value of quarterly field: Income Taxes,"{'id': 'fundamental28', 'name': 'Global Fundamental Data'}","{'id': 'fundamental', 'name': 'Fundamental'}","{'id': 'fundamental-fundamental-data', 'name': 'Fundamental Data'}",GLB,1,TOPDIV3000,MATRIX,1.0,0.7478,0,0,1.6,[],fundamental28,Global Fundamental Data,fundamental,Fundamental,fundamental-fundamental-data,Fundamental Data
fnd28_nddq1_value_01501q,value of quarterly field: Minority Interest,"{'id': 'fundamental28', 'name': 'Global Fundamental Data'}","{'id': 'fundamental', 'name': 'Fundamental'}","{'id': 'fundamental-fundamental-data', 'name': 'Fundamental Data'}",GLB,1,TOPDIV3000,MATRIX,1.0,0.7807,0,0,1.6,[],fundamental28,Global Fundamental Data,fundamental,Fundamental,fundamental-fundamental-data,Fundamental Data
fnd28_nddq1_value_01505q,value of quarterly field: Discontinued Operations,"{'id': 'fundamental28', 'name': 'Global Fundamental Data'}","{'id': 'fundamental', 'name': 'Fundamental'}","{'id': 'fundamental-fundamental-data', 'name': 'Fundamental Data'}",GLB,1,TOPDIV3000,MATRIX,1.0,0.6814,0,0,1.6,[],fundamental28,Global Fundamental Data,fundamental,Fundamental,fundamental-fundamental-data,Fundamental Data
fnd28_nddq1_value_01551q,value of quarterly field: Net Income before Extraordinary Items/Preferred Dividends,"{'id': 'fundamental28', 'name': 'Global Fundamental Data'}","{'id': 'fundamental', 'name': 'Fundamental'}","{'id': 'fundamental-fundamental-data', 'name': 'Fundamental Data'}",GLB,1,TOPDIV3000,MATRIX,1.0,0.7888,0,0,1.6,[],fundamental28,Global Fundamental Data,fundamental,Fundamental,fundamental-fundamental-data,Fundamental Data
fnd28_nddq1_value_01701q,value of quarterly field: Preferred Dividend Requirements,"{'id': 'fundamental28', 'name': 'Global Fundamental Data'}","{'id': 'fundamental', 'name': 'Fundamental'}","{'id': 'fundamental-fundamental-data', 'name': 'Fundamental Data'}",GLB,1,TOPDIV3000,MATRIX,1.0,0.7876,0,0,1.6,[],fundamental28,Global Fundamental Data,fundamental,Fundamental,fundamental-fundamental-data,Fundamental Data
fnd28_nddq1_value_01705q,value of quarterly field: Net Income Used to Calculate Fully Diluted Earnings per Share,"{'id': 'fundamental28', 'name': 'Global Fundamental Data'}","{'id': 'fundamental', 'name': 'Fundamental'}","{'id': 'fundamental-fundamental-data', 'name': 'Fundamental Data'}",GLB,1,TOPDIV3000,MATRIX,1.0,0.6756,0,0,1.6,[],fundamental28,Global Fundamental Data,fundamental,Fundamental,fundamental-fundamental-data,Fundamental Data
fnd28_nddq1_value_02001q,value of quarterly field: Cash & Short Term Investments,"{'id': 'fundamental28', 'name': 'Global Fundamental Data'}","{'id': 'fundamental', 'name': 'Fundamental'}","{'id': 'fundamental-fundamental-data', 'name': 'Fundamental Data'}",GLB,1,TOPDIV3000,MATRIX,1.0,0.7326,0,0,1.6,[],fundamental28,Global Fundamental Data,fundamental,Fundamental,fundamental-fundamental-data,Fundamental Data
fnd28_nddq1_value_02003q,value of quarterly field: Cash,"{'id': 'fundamental28', 'name': 'Global Fundamental Data'}","{'id': 'fundamental', 'name': 'Fundamental'}","{'id': 'fundamental-fundamental-data', 'name': 'Fundamental Data'}",GLB,1,TOPDIV3000,MATRIX,1.0,0.6746,0,0,1.6,[],fundamental28,Global Fundamental Data,fundamental,Fundamental,fundamental-fundamental-data,Fundamental Data
fnd28_nddq1_value_02051q,value of quarterly field: Receivables (Net),"{'id': 'fundamental28', 'name': 'Global Fundamental Data'}","{'id': 'fundamental', 'name': 'Fundamental'}","{'id': 'fundamental-fundamental-data', 'name': 'Fundamental Data'}",GLB,1,TOPDIV3000,MATRIX,1.0,0.721,1,1,1.6,[],fundamental28,Global Fundamental Data,fundamental,Fundamental,fundamental-fundamental-data,Fundamental Data
fnd28_nddq1_value_02101q,value of quarterly field: Inventories Total,"{'id': 'fundamental28', 'name': 'Global Fundamental Data'}","{'id': 'fundamental', 'name': 'Fundamental'}","{'id': 'fundamental-fundamental-data', 'name': 'Fundamental Data'}",GLB,1,TOPDIV3000,MATRIX,1.0,0.7198,0,0,1.6,[],fundamental28,Global Fundamental Data,fundamental,Fundamental,fundamental-fundamental-data,Fundamental Data
fnd28_nddq1_value_02140q,value of quarterly field: Prepaid Expenses,"{'id': 'fundamental28', 'name': 'Global Fundamental Data'}","{'id': 'fundamental', 'name': 'Fundamental'}","{'id': 'fundamental-fundamental-data', 'name': 'Fundamental Data'}",GLB,1,TOPDIV3000,MATRIX,1.0,0.385,0,0,1.6,[],fundamental28,Global Fundamental Data,fundamental,Fundamental,fundamental-fundamental-data,Fundamental Data
fnd28_nddq1_value_02201q,value of quarterly field: Current Assets Total,"{'id': 'fundamental28', 'name': 'Global Fundamental Data'}","{'id': 'fundamental', 'name': 'Fundamental'}","{'id': 'fundamental-fundamental-data', 'name': 'Fundamental Data'}",GLB,1,TOPDIV3000,MATRIX,1.0,0.6855,0,0,1.6,[],fundamental28,Global Fundamental Data,fundamental,Fundamental,fundamental-fundamental-data,Fundamental Data
fnd28_nddq1_value_02256q,value of quarterly field: Investments In Associated Companies,"{'id': 'fundamental28', 'name': 'Global Fundamental Data'}","{'id': 'fundamental', 'name': 'Fundamental'}","{'id': 'fundamental-fundamental-data', 'name': 'Fundamental Data'}",GLB,1,TOPDIV3000,MATRIX,1.0,0.7403,0,0,1.6,[],fundamental28,Global Fundamental Data,fundamental,Fundamental,fundamental-fundamental-data,Fundamental Data
fnd28_nddq1_value_02300q,value of quarterly field: Total Assets - As Reported,"{'id': 'fundamental28', 'name': 'Global Fundamental Data'}","{'id': 'fundamental', 'name': 'Fundamental'}","{'id': 'fundamental-fundamental-data', 'name': 'Fundamental Data'}",GLB,1,TOPDIV3000,MATRIX,1.0,0.7515,0,0,1.6,[],fundamental28,Global Fundamental Data,fundamental,Fundamental,fundamental-fundamental-data,Fundamental Data
fnd28_nddq1_value_02301q,"value of quarterly field: Property, Plant and Equipment - Gross","{'id': 'fundamental28', 'name': 'Global Fundamental Data'}","{'id': 'fundamental', 'name': 'Fundamental'}","{'id': 'fundamental-fundamental-data', 'name': 'Fundamental Data'}",GLB,1,TOPDIV3000,MATRIX,1.0,0.6759,1,1,1.6,[],fundamental28,Global Fundamental Data,fundamental,Fundamental,fundamental-fundamental-data,Fundamental Data
fnd28_nddq1_value_02401q,value of quarterly field: Accumulated Depreciation,"{'id': 'fundamental28', 'name': 'Global Fundamental Data'}","{'id': 'fundamental', 'name': 'Fundamental'}","{'id': 'fundamental-fundamental-data', 'name': 'Fundamental Data'}",GLB,1,TOPDIV3000,MATRIX,1.0,0.6725,0,0,1.6,[],fundamental28,Global Fundamental Data,fundamental,Fundamental,fundamental-fundamental-data,Fundamental Data
fnd28_nddq1_value_02501q,"value of quarterly field: Property, Plant & Equipment - Net","{'id': 'fundamental28', 'name': 'Global Fundamental Data'}","{'id': 'fundamental', 'name': 'Fundamental'}","{'id': 'fundamental-fundamental-data', 'name': 'Fundamental Data'}",GLB,1,TOPDIV3000,MATRIX,1.0,0.7866,0,0,1.6,[],fundamental28,Global Fundamental Data,fundamental,Fundamental,fundamental-fundamental-data,Fundamental Data
fnd28_nddq1_value_02649q,value of quarterly field: Total Intangible Other Assets - Net,"{'id': 'fundamental28', 'name': 'Global Fundamental Data'}","{'id': 'fundamental', 'name': 'Fundamental'}","{'id': 'fundamental-fundamental-data', 'name': 'Fundamental Data'}",GLB,1,TOPDIV3000,MATRIX,1.0,0.7748,1,1,1.6,[],fundamental28,Global Fundamental Data,fundamental,Fundamental,fundamental-fundamental-data,Fundamental Data
fnd28_nddq1_value_02654q,value of quarterly field: Total Intangible Other Assets - Gross,"{'id': 'fundamental28', 'name': 'Global Fundamental Data'}","{'id': 'fundamental', 'name': 'Fundamental'}","{'id': 'fundamental-fundamental-data', 'name': 'Fundamental Data'}",GLB,1,TOPDIV3000,MATRIX,1.0,0.445,0,0,1.6,[],fundamental28,Global Fundamental Data,fundamental,Fundamental,fundamental-fundamental-data,Fundamental Data
fnd28_nddq1_value_02655q,value of quarterly field: Total Intangible Other Assets Accumulated Amortization,"{'id': 'fundamental28', 'name': 'Global Fundamental Data'}","{'id': 'fundamental', 'name': 'Fundamental'}","{'id': 'fundamental-fundamental-data', 'name': 'Fundamental Data'}",GLB,1,TOPDIV3000,MATRIX,1.0,0.3786,0,0,1.6,[],fundamental28,Global Fundamental Data,fundamental,Fundamental,fundamental-fundamental-data,Fundamental Data
fnd28_nddq1_value_03040q,value of quarterly field: Accounts Payable,"{'id': 'fundamental28', 'name': 'Global Fundamental Data'}","{'id': 'fundamental', 'name': 'Fundamental'}","{'id': 'fundamental-fundamental-data', 'name': 'Fundamental Data'}",GLB,1,TOPDIV3000,MATRIX,1.0,0.6507,0,0,1.6,[],fundamental28,Global Fundamental Data,fundamental,Fundamental,fundamental-fundamental-data,Fundamental Data
fnd28_nddq1_value_03051q,value of quarterly field: Short Term Debt & Current Portion of Long Term Debt,"{'id': 'fundamental28', 'name': 'Global Fundamental Data'}","{'id': 'fundamental', 'name': 'Fundamental'}","{'id': 'fundamental-fundamental-data', 'name': 'Fundamental Data'}",GLB,1,TOPDIV3000,MATRIX,1.0,0.7053,1,1,1.6,[],fundamental28,Global Fundamental Data,fundamental,Fundamental,fundamental-fundamental-data,Fundamental Data
fnd28_nddq1_value_03063q,value of quarterly field: Income Taxes Payable,"{'id': 'fundamental28', 'name': 'Global Fundamental Data'}","{'id': 'fundamental', 'name': 'Fundamental'}","{'id': 'fundamental-fundamental-data', 'name': 'Fundamental Data'}",GLB,1,TOPDIV3000,MATRIX,1.0,0.6273,0,0,1.6,[],fundamental28,Global Fundamental Data,fundamental,Fundamental,fundamental-fundamental-data,Fundamental Data
fnd28_nddq1_value_03069q,value of quarterly field: Other Accrued Expenses,"{'id': 'fundamental28', 'name': 'Global Fundamental Data'}","{'id': 'fundamental', 'name': 'Fundamental'}","{'id': 'fundamental-fundamental-data', 'name': 'Fundamental Data'}",GLB,1,TOPDIV3000,MATRIX,1.0,0.6009,0,0,1.6,[],fundamental28,Global Fundamental Data,fundamental,Fundamental,fundamental-fundamental-data,Fundamental Data
fnd28_nddq1_value_03101q,value of quarterly field: Current Liabilities - Total,"{'id': 'fundamental28', 'name': 'Global Fundamental Data'}","{'id': 'fundamental', 'name': 'Fundamental'}","{'id': 'fundamental-fundamental-data', 'name': 'Fundamental Data'}",GLB,1,TOPDIV3000,MATRIX,1.0,0.6851,0,0,1.6,[],fundamental28,Global Fundamental Data,fundamental,Fundamental,fundamental-fundamental-data,Fundamental Data
fnd28_nddq1_value_03245q,value of quarterly field: Long Term Debt Excluding Capitalized Leases,"{'id': 'fundamental28', 'name': 'Global Fundamental Data'}","{'id': 'fundamental', 'name': 'Fundamental'}","{'id': 'fundamental-fundamental-data', 'name': 'Fundamental Data'}",GLB,1,TOPDIV3000,MATRIX,1.0,0.789,0,0,1.6,[],fundamental28,Global Fundamental Data,fundamental,Fundamental,fundamental-fundamental-data,Fundamental Data
fnd28_nddq1_value_03249q,value of quarterly field: Capitalized Lease Obligations,"{'id': 'fundamental28', 'name': 'Global Fundamental Data'}","{'id': 'fundamental', 'name': 'Fundamental'}","{'id': 'fundamental-fundamental-data', 'name': 'Fundamental Data'}",GLB,1,TOPDIV3000,MATRIX,1.0,0.7791,0,0,1.6,[],fundamental28,Global Fundamental Data,fundamental,Fundamental,fundamental-fundamental-data,Fundamental Data
fnd28_nddq1_value_03263q,value of quarterly field: Deferred Taxes,"{'id': 'fundamental28', 'name': 'Global Fundamental Data'}","{'id': 'fundamental', 'name': 'Fundamental'}","{'id': 'fundamental-fundamental-data', 'name': 'Fundamental Data'}",GLB,1,TOPDIV3000,MATRIX,1.0,0.7793,0,0,1.6,[],fundamental28,Global Fundamental Data,fundamental,Fundamental,fundamental-fundamental-data,Fundamental Data
fnd28_nddq1_value_03351q,value of quarterly field: Total Liabilities,"{'id': 'fundamental28', 'name': 'Global Fundamental Data'}","{'id': 'fundamental', 'name': 'Fundamental'}","{'id': 'fundamental-fundamental-data', 'name': 'Fundamental Data'}",GLB,1,TOPDIV3000,MATRIX,1.0,0.7891,0,0,1.6,[],fundamental28,Global Fundamental Data,fundamental,Fundamental,fundamental-fundamental-data,Fundamental Data
fnd28_nddq1_value_03426q,value of quarterly field: Minority Interest,"{'id': 'fundamental28', 'name': 'Global Fundamental Data'}","{'id': 'fundamental', 'name': 'Fundamental'}","{'id': 'fundamental-fundamental-data', 'name': 'Fundamental Data'}",GLB,1,TOPDIV3000,MATRIX,1.0,0.7862,0,0,1.6,[],fundamental28,Global Fundamental Data,fundamental,Fundamental,fundamental-fundamental-data,Fundamental Data
fnd28_nddq1_value_03451q,value of quarterly field: Preferred Stock,"{'id': 'fundamental28', 'name': 'Global Fundamental Data'}","{'id': 'fundamental', 'name': 'Fundamental'}","{'id': 'fundamental-fundamental-data', 'name': 'Fundamental Data'}",GLB,1,TOPDIV3000,MATRIX,1.0,0.7936,0,0,1.6,[],fundamental28,Global Fundamental Data,fundamental,Fundamental,fundamental-fundamental-data,Fundamental Data
fnd28_nddq1_value_03480q,value of quarterly field: Common Stock,"{'id': 'fundamental28', 'name': 'Global Fundamental Data'}","{'id': 'fundamental', 'name': 'Fundamental'}","{'id': 'fundamental-fundamental-data', 'name': 'Fundamental Data'}",GLB,1,TOPDIV3000,MATRIX,1.0,0.7513,0,0,1.6,[],fundamental28,Global Fundamental Data,fundamental,Fundamental,fundamental-fundamental-data,Fundamental Data
fnd28_nddq1_value_03481q,value of quarterly field: Capital Surplus,"{'id': 'fundamental28', 'name': 'Global Fundamental Data'}","{'id': 'fundamental', 'name': 'Fundamental'}","{'id': 'fundamental-fundamental-data', 'name': 'Fundamental Data'}",GLB,1,TOPDIV3000,MATRIX,1.0,0.7296,0,0,1.6,[],fundamental28,Global Fundamental Data,fundamental,Fundamental,fundamental-fundamental-data,Fundamental Data
fnd28_nddq1_value_03495q,value of quarterly field: Retained Earnings,"{'id': 'fundamental28', 'name': 'Global Fundamental Data'}","{'id': 'fundamental', 'name': 'Fundamental'}","{'id': 'fundamental-fundamental-data', 'name': 'Fundamental Data'}",GLB,1,TOPDIV3000,MATRIX,1.0,0.7522,0,0,1.6,[],fundamental28,Global Fundamental Data,fundamental,Fundamental,fundamental-fundamental-data,Fundamental Data
fnd28_nddq1_value_03497q,value of quarterly field: Unrealized Foreign Exchange Gain/Loss,"{'id': 'fundamental28', 'name': 'Global Fundamental Data'}","{'id': 'fundamental', 'name': 'Fundamental'}","{'id': 'fundamental-fundamental-data', 'name': 'Fundamental Data'}",GLB,1,TOPDIV3000,MATRIX,1.0,0.7162,1,1,1.6,[],fundamental28,Global Fundamental Data,fundamental,Fundamental,fundamental-fundamental-data,Fundamental Data
fnd28_nddq1_value_03498q,value of quarterly field: Unrealized Gain/Loss On Marketable Securities,"{'id': 'fundamental28', 'name': 'Global Fundamental Data'}","{'id': 'fundamental', 'name': 'Fundamental'}","{'id': 'fundamental-fundamental-data', 'name': 'Fundamental Data'}",GLB,1,TOPDIV3000,MATRIX,1.0,0.7395,0,0,1.6,[],fundamental28,Global Fundamental Data,fundamental,Fundamental,fundamental-fundamental-data,Fundamental Data
fnd28_nddq1_value_03499q,value of quarterly field: Treasury Stock,"{'id': 'fundamental28', 'name': 'Global Fundamental Data'}","{'id': 'fundamental', 'name': 'Fundamental'}","{'id': 'fundamental-fundamental-data', 'name': 'Fundamental Data'}",GLB,1,TOPDIV3000,MATRIX,1.0,0.7376,0,0,1.6,[],fundamental28,Global Fundamental Data,fundamental,Fundamental,fundamental-fundamental-data,Fundamental Data
fnd28_nddq1_value_03501q,value of quarterly field: Common Equity,"{'id': 'fundamental28', 'name': 'Global Fundamental Data'}","{'id': 'fundamental', 'name': 'Fundamental'}","{'id': 'fundamental-fundamental-data', 'name': 'Fundamental Data'}",GLB,1,TOPDIV3000,MATRIX,1.0,0.7895,0,0,1.6,[],fundamental28,Global Fundamental Data,fundamental,Fundamental,fundamental-fundamental-data,Fundamental Data
fnd28_nddq1_value_03506q,value of quarterly field: Fully Diluted Equity,"{'id': 'fundamental28', 'name': 'Global Fundamental Data'}","{'id': 'fundamental', 'name': 'Fundamental'}","{'id': 'fundamental-fundamental-data', 'name': 'Fundamental Data'}",GLB,1,TOPDIV3000,MATRIX,1.0,0.3255,0,0,1.6,[],fundamental28,Global Fundamental Data,fundamental,Fundamental,fundamental-fundamental-data,Fundamental Data
fnd28_nddq1_value_03998q,value of quarterly field: Total Capital,"{'id': 'fundamental28', 'name': 'Global Fundamental Data'}","{'id': 'fundamental', 'name': 'Fundamental'}","{'id': 'fundamental-fundamental-data', 'name': 'Fundamental Data'}",GLB,1,TOPDIV3000,MATRIX,1.0,0.3398,0,0,1.6,[],fundamental28,Global Fundamental Data,fundamental,Fundamental,fundamental-fundamental-data,Fundamental Data
fnd28_nddq1_value_04001q,value of quarterly field: Net Income/Starting Line,"{'id': 'fundamental28', 'name': 'Global Fundamental Data'}","{'id': 'fundamental', 'name': 'Fundamental'}","{'id': 'fundamental-fundamental-data', 'name': 'Fundamental Data'}",GLB,1,TOPDIV3000,MATRIX,1.0,0.5114,0,0,1.6,[],fundamental28,Global Fundamental Data,fundamental,Fundamental,fundamental-fundamental-data,Fundamental Data
fnd28_nddq1_value_04049q,value of quarterly field: Depreciation and Depletion,"{'id': 'fundamental28', 'name': 'Global Fundamental Data'}","{'id': 'fundamental', 'name': 'Fundamental'}","{'id': 'fundamental-fundamental-data', 'name': 'Fundamental Data'}",GLB,1,TOPDIV3000,MATRIX,1.0,0.682,0,0,1.6,[],fundamental28,Global Fundamental Data,fundamental,Fundamental,fundamental-fundamental-data,Fundamental Data
fnd28_nddq1_value_04050q,value of quarterly field: Amortization of Intangible Assets,"{'id': 'fundamental28', 'name': 'Global Fundamental Data'}","{'id': 'fundamental', 'name': 'Fundamental'}","{'id': 'fundamental-fundamental-data', 'name': 'Fundamental Data'}",GLB,1,TOPDIV3000,MATRIX,1.0,0.3929,0,0,1.6,[],fundamental28,Global Fundamental Data,fundamental,Fundamental,fundamental-fundamental-data,Fundamental Data
fnd28_nddq1_value_04053q,value of quarterly field: Asset Disposal,"{'id': 'fundamental28', 'name': 'Global Fundamental Data'}","{'id': 'fundamental', 'name': 'Fundamental'}","{'id': 'fundamental-fundamental-data', 'name': 'Fundamental Data'}",GLB,1,TOPDIV3000,MATRIX,1.0,0.4684,0,0,1.6,[],fundamental28,Global Fundamental Data,fundamental,Fundamental,fundamental-fundamental-data,Fundamental Data
fnd28_nddq1_value_04057q,value of quarterly field: Other Cash Flow (Supplementary to Other Cash Flow Total -04051),"{'id': 'fundamental28', 'name': 'Global Fundamental Data'}","{'id': 'fundamental', 'name': 'Fundamental'}","{'id': 'fundamental-fundamental-data', 'name': 'Fundamental Data'}",GLB,1,TOPDIV3000,MATRIX,1.0,0.4856,0,0,1.6,[],fundamental28,Global Fundamental Data,fundamental,Fundamental,fundamental-fundamental-data,Fundamental Data
fnd28_nddq1_value_04148q,value of quarterly field: Interest Paid (Cash Flow),"{'id': 'fundamental28', 'name': 'Global Fundamental Data'}","{'id': 'fundamental', 'name': 'Fundamental'}","{'id': 'fundamental-fundamental-data', 'name': 'Fundamental Data'}",GLB,1,TOPDIV3000,MATRIX,1.0,0.4068,0,0,1.6,[],fundamental28,Global Fundamental Data,fundamental,Fundamental,fundamental-fundamental-data,Fundamental Data
fnd28_nddq1_value_04150q,value of quarterly field: Taxation (Cash Flow),"{'id': 'fundamental28', 'name': 'Global Fundamental Data'}","{'id': 'fundamental', 'name': 'Fundamental'}","{'id': 'fundamental-fundamental-data', 'name': 'Fundamental Data'}",GLB,1,TOPDIV3000,MATRIX,1.0,0.4132,0,0,1.6,[],fundamental28,Global Fundamental Data,fundamental,Fundamental,fundamental-fundamental-data,Fundamental Data
fnd28_nddq1_value_04151q,value of quarterly field: Other Cash Flow - Total,"{'id': 'fundamental28', 'name': 'Global Fundamental Data'}","{'id': 'fundamental', 'name': 'Fundamental'}","{'id': 'fundamental-fundamental-data', 'name': 'Fundamental Data'}",GLB,1,TOPDIV3000,MATRIX,1.0,0.5192,0,0,1.6,[],fundamental28,Global Fundamental Data,fundamental,Fundamental,fundamental-fundamental-data,Fundamental Data
fnd28_nddq1_value_04301q,value of quarterly field: Proceeds From Stock Options,"{'id': 'fundamental28', 'name': 'Global Fundamental Data'}","{'id': 'fundamental', 'name': 'Fundamental'}","{'id': 'fundamental-fundamental-data', 'name': 'Fundamental Data'}",GLB,1,TOPDIV3000,MATRIX,1.0,0.5479,0,0,1.6,[],fundamental28,Global Fundamental Data,fundamental,Fundamental,fundamental-fundamental-data,Fundamental Data
fnd28_nddq1_value_04302q,value of quarterly field: Other Proceeds From Sale/Issuance of Stock,"{'id': 'fundamental28', 'name': 'Global Fundamental Data'}","{'id': 'fundamental', 'name': 'Fundamental'}","{'id': 'fundamental-fundamental-data', 'name': 'Fundamental Data'}",GLB,1,TOPDIV3000,MATRIX,1.0,0.5596,0,0,1.6,[],fundamental28,Global Fundamental Data,fundamental,Fundamental,fundamental-fundamental-data,Fundamental Data
fnd28_nddq1_value_04351q,value of quarterly field: Disposal of Fixed Assets,"{'id': 'fundamental28', 'name': 'Global Fundamental Data'}","{'id': 'fundamental', 'name': 'Fundamental'}","{'id': 'fundamental-fundamental-data', 'name': 'Fundamental Data'}",GLB,1,TOPDIV3000,MATRIX,1.0,0.5539,0,0,1.6,[],fundamental28,Global Fundamental Data,fundamental,Fundamental,fundamental-fundamental-data,Fundamental Data
fnd28_nddq1_value_04401q,value of quarterly field: Long Term Borrowings,"{'id': 'fundamental28', 'name': 'Global Fundamental Data'}","{'id': 'fundamental', 'name': 'Fundamental'}","{'id': 'fundamental-fundamental-data', 'name': 'Fundamental Data'}",GLB,1,TOPDIV3000,MATRIX,1.0,0.5501,0,0,1.6,[],fundamental28,Global Fundamental Data,fundamental,Fundamental,fundamental-fundamental-data,Fundamental Data
fnd28_nddq1_value_04440q,value of quarterly field: Decrease in Investments,"{'id': 'fundamental28', 'name': 'Global Fundamental Data'}","{'id': 'fundamental', 'name': 'Fundamental'}","{'id': 'fundamental-fundamental-data', 'name': 'Fundamental Data'}",GLB,1,TOPDIV3000,MATRIX,1.0,0.5547,0,0,1.6,[],fundamental28,Global Fundamental Data,fundamental,Fundamental,fundamental-fundamental-data,Fundamental Data
fnd28_nddq1_value_04446q,value of quarterly field: Other Sources - Financing,"{'id': 'fundamental28', 'name': 'Global Fundamental Data'}","{'id': 'fundamental', 'name': 'Fundamental'}","{'id': 'fundamental-fundamental-data', 'name': 'Fundamental Data'}",GLB,1,TOPDIV3000,MATRIX,1.0,0.5598,0,0,1.6,[],fundamental28,Global Fundamental Data,fundamental,Fundamental,fundamental-fundamental-data,Fundamental Data
fnd28_nddq1_value_04447q,value of quarterly field: Other Uses - Financing,"{'id': 'fundamental28', 'name': 'Global Fundamental Data'}","{'id': 'fundamental', 'name': 'Fundamental'}","{'id': 'fundamental-fundamental-data', 'name': 'Fundamental Data'}",GLB,1,TOPDIV3000,MATRIX,1.0,0.5605,0,0,1.6,[],fundamental28,Global Fundamental Data,fundamental,Fundamental,fundamental-fundamental-data,Fundamental Data
fnd28_nddq1_value_04551q,value of quarterly field: Cash Dividends Paid - Total,"{'id': 'fundamental28', 'name': 'Global Fundamental Data'}","{'id': 'fundamental', 'name': 'Fundamental'}","{'id': 'fundamental-fundamental-data', 'name': 'Fundamental Data'}",GLB,1,TOPDIV3000,MATRIX,1.0,0.7022,0,0,1.6,[],fundamental28,Global Fundamental Data,fundamental,Fundamental,fundamental-fundamental-data,Fundamental Data
fnd28_nddq1_value_04601q,value of quarterly field: Capital Expenditures (Additions to Fixed Assets),"{'id': 'fundamental28', 'name': 'Global Fundamental Data'}","{'id': 'fundamental', 'name': 'Fundamental'}","{'id': 'fundamental-fundamental-data', 'name': 'Fundamental Data'}",GLB,1,TOPDIV3000,MATRIX,1.0,0.7192,0,0,1.6,[],fundamental28,Global Fundamental Data,fundamental,Fundamental,fundamental-fundamental-data,Fundamental Data
fnd28_nddq1_value_04701q,value of quarterly field: Reduction In Long Term Debt,"{'id': 'fundamental28', 'name': 'Global Fundamental Data'}","{'id': 'fundamental', 'name': 'Fundamental'}","{'id': 'fundamental-fundamental-data', 'name': 'Fundamental Data'}",GLB,1,TOPDIV3000,MATRIX,1.0,0.5545,0,0,1.6,[],fundamental28,Global Fundamental Data,fundamental,Fundamental,fundamental-fundamental-data,Fundamental Data
fnd28_nddq1_value_04751q,"value of quarterly field: Common/Preferred Redeemed, Retired, Converted, Etc.","{'id': 'fundamental28', 'name': 'Global Fundamental Data'}","{'id': 'fundamental', 'name': 'Fundamental'}","{'id': 'fundamental-fundamental-data', 'name': 'Fundamental Data'}",GLB,1,TOPDIV3000,MATRIX,1.0,0.5526,0,0,1.6,[],fundamental28,Global Fundamental Data,fundamental,Fundamental,fundamental-fundamental-data,Fundamental Data
fnd28_nddq1_value_04760q,value of quarterly field: Increase in Investments,"{'id': 'fundamental28', 'name': 'Global Fundamental Data'}","{'id': 'fundamental', 'name': 'Fundamental'}","{'id': 'fundamental-fundamental-data', 'name': 'Fundamental Data'}",GLB,1,TOPDIV3000,MATRIX,1.0,0.553,2,2,1.6,[],fundamental28,Global Fundamental Data,fundamental,Fundamental,fundamental-fundamental-data,Fundamental Data
fnd28_nddq1_value_04795q,value of quarterly field: Other Uses - Investing,"{'id': 'fundamental28', 'name': 'Global Fundamental Data'}","{'id': 'fundamental', 'name': 'Fundamental'}","{'id': 'fundamental-fundamental-data', 'name': 'Fundamental Data'}",GLB,1,TOPDIV3000,MATRIX,1.0,0.5622,0,0,1.6,[],fundamental28,Global Fundamental Data,fundamental,Fundamental,fundamental-fundamental-data,Fundamental Data
fnd28_nddq1_value_04796q,value of quarterly field: Other Sources - Investing,"{'id': 'fundamental28', 'name': 'Global Fundamental Data'}","{'id': 'fundamental', 'name': 'Fundamental'}","{'id': 'fundamental-fundamental-data', 'name': 'Fundamental Data'}",GLB,1,TOPDIV3000,MATRIX,1.0,0.6327,0,0,1.6,[],fundamental28,Global Fundamental Data,fundamental,Fundamental,fundamental-fundamental-data,Fundamental Data
fnd28_nddq1_value_04821q,value of quarterly field: Increase/Decrease In Short Term Borrowings,"{'id': 'fundamental28', 'name': 'Global Fundamental Data'}","{'id': 'fundamental', 'name': 'Fundamental'}","{'id': 'fundamental-fundamental-data', 'name': 'Fundamental Data'}",GLB,1,TOPDIV3000,MATRIX,1.0,0.5181,0,0,1.6,[],fundamental28,Global Fundamental Data,fundamental,Fundamental,fundamental-fundamental-data,Fundamental Data
fnd28_nddq1_value_04825q,value of quarterly field: Decrease/Increase In Receivables,"{'id': 'fundamental28', 'name': 'Global Fundamental Data'}","{'id': 'fundamental', 'name': 'Fundamental'}","{'id': 'fundamental-fundamental-data', 'name': 'Fundamental Data'}",GLB,1,TOPDIV3000,MATRIX,1.0,0.43,0,0,1.6,[],fundamental28,Global Fundamental Data,fundamental,Fundamental,fundamental-fundamental-data,Fundamental Data
fnd28_nddq1_value_04826q,value of quarterly field: Decrease/Increase In Inventories,"{'id': 'fundamental28', 'name': 'Global Fundamental Data'}","{'id': 'fundamental', 'name': 'Fundamental'}","{'id': 'fundamental-fundamental-data', 'name': 'Fundamental Data'}",GLB,1,TOPDIV3000,MATRIX,1.0,0.3825,0,0,1.6,[],fundamental28,Global Fundamental Data,fundamental,Fundamental,fundamental-fundamental-data,Fundamental Data
fnd28_nddq1_value_04827q,value of quarterly field: Increase/Decrease In Accounts Payable,"{'id': 'fundamental28', 'name': 'Global Fundamental Data'}","{'id': 'fundamental', 'name': 'Fundamental'}","{'id': 'fundamental-fundamental-data', 'name': 'Fundamental Data'}",GLB,1,TOPDIV3000,MATRIX,1.0,0.4293,0,0,1.6,[],fundamental28,Global Fundamental Data,fundamental,Fundamental,fundamental-fundamental-data,Fundamental Data
fnd28_nddq1_value_04828q,value of quarterly field: Increase/Decrease In Income Tax Payable,"{'id': 'fundamental28', 'name': 'Global Fundamental Data'}","{'id': 'fundamental', 'name': 'Fundamental'}","{'id': 'fundamental-fundamental-data', 'name': 'Fundamental Data'}",GLB,1,TOPDIV3000,MATRIX,1.0,0.283,0,0,1.6,[],fundamental28,Global Fundamental Data,fundamental,Fundamental,fundamental-fundamental-data,Fundamental Data
fnd28_nddq1_value_04829q,value of quarterly field: Increase/Decrease In Other Accruals,"{'id': 'fundamental28', 'name': 'Global Fundamental Data'}","{'id': 'fundamental', 'name': 'Fundamental'}","{'id': 'fundamental-fundamental-data', 'name': 'Fundamental Data'}",GLB,1,TOPDIV3000,MATRIX,1.0,0.2779,0,0,1.6,[],fundamental28,Global Fundamental Data,fundamental,Fundamental,fundamental-fundamental-data,Fundamental Data
fnd28_nddq1_value_04830q,value of quarterly field: Decrease/Increase In Other Assets/Liabilities,"{'id': 'fundamental28', 'name': 'Global Fundamental Data'}","{'id': 'fundamental', 'name': 'Fundamental'}","{'id': 'fundamental-fundamental-data', 'name': 'Fundamental Data'}",GLB,1,TOPDIV3000,MATRIX,1.0,0.4618,0,0,1.6,[],fundamental28,Global Fundamental Data,fundamental,Fundamental,fundamental-fundamental-data,Fundamental Data
fnd28_nddq1_value_04831q,value of quarterly field: Funds from/for Other Operating Activities,"{'id': 'fundamental28', 'name': 'Global Fundamental Data'}","{'id': 'fundamental', 'name': 'Fundamental'}","{'id': 'fundamental-fundamental-data', 'name': 'Fundamental Data'}",GLB,1,TOPDIV3000,MATRIX,1.0,0.5434,0,0,1.6,[],fundamental28,Global Fundamental Data,fundamental,Fundamental,fundamental-fundamental-data,Fundamental Data
fnd28_nddq1_value_04840q,value of quarterly field: Effect of Exchange Rate on Cash,"{'id': 'fundamental28', 'name': 'Global Fundamental Data'}","{'id': 'fundamental', 'name': 'Fundamental'}","{'id': 'fundamental-fundamental-data', 'name': 'Fundamental Data'}",GLB,1,TOPDIV3000,MATRIX,1.0,0.6115,0,0,1.6,[],fundamental28,Global Fundamental Data,fundamental,Fundamental,fundamental-fundamental-data,Fundamental Data
fnd28_nddq1_value_04851q,value of quarterly field: Increase/Decrease in Cash & Short Term Investments,"{'id': 'fundamental28', 'name': 'Global Fundamental Data'}","{'id': 'fundamental', 'name': 'Fundamental'}","{'id': 'fundamental-fundamental-data', 'name': 'Fundamental Data'}",GLB,1,TOPDIV3000,MATRIX,1.0,0.7276,0,0,1.6,[],fundamental28,Global Fundamental Data,fundamental,Fundamental,fundamental-fundamental-data,Fundamental Data
fnd28_nddq1_value_04870q,value of quarterly field: Net Cash Flow Investing,"{'id': 'fundamental28', 'name': 'Global Fundamental Data'}","{'id': 'fundamental', 'name': 'Fundamental'}","{'id': 'fundamental-fundamental-data', 'name': 'Fundamental Data'}",GLB,1,TOPDIV3000,MATRIX,1.0,0.7285,0,0,1.6,[],fundamental28,Global Fundamental Data,fundamental,Fundamental,fundamental-fundamental-data,Fundamental Data
fnd28_nddq1_value_04890q,value of quarterly field: Net Cash Flow - Financing,"{'id': 'fundamental28', 'name': 'Global Fundamental Data'}","{'id': 'fundamental', 'name': 'Fundamental'}","{'id': 'fundamental-fundamental-data', 'name': 'Fundamental Data'}",GLB,1,TOPDIV3000,MATRIX,1.0,0.7284,0,0,1.6,[],fundamental28,Global Fundamental Data,fundamental,Fundamental,fundamental-fundamental-data,Fundamental Data
fnd28_nddq1_value_05301q,value of quarterly field: Common Shares Outstanding,"{'id': 'fundamental28', 'name': 'Global Fundamental Data'}","{'id': 'fundamental', 'name': 'Fundamental'}","{'id': 'fundamental-fundamental-data', 'name': 'Fundamental Data'}",GLB,1,TOPDIV3000,MATRIX,1.0,0.7986,0,0,1.6,[],fundamental28,Global Fundamental Data,fundamental,Fundamental,fundamental-fundamental-data,Fundamental Data
fnd28_nddq1_value_05303q,value of quarterly field: Treasury Shares,"{'id': 'fundamental28', 'name': 'Global Fundamental Data'}","{'id': 'fundamental', 'name': 'Fundamental'}","{'id': 'fundamental-fundamental-data', 'name': 'Fundamental Data'}",GLB,1,TOPDIV3000,MATRIX,1.0,0.7478,0,0,1.6,[],fundamental28,Global Fundamental Data,fundamental,Fundamental,fundamental-fundamental-data,Fundamental Data
fnd28_nddq1_value_05309q,value of quarterly field: Par Value,"{'id': 'fundamental28', 'name': 'Global Fundamental Data'}","{'id': 'fundamental', 'name': 'Fundamental'}","{'id': 'fundamental-fundamental-data', 'name': 'Fundamental Data'}",GLB,1,TOPDIV3000,MATRIX,1.0,0.5432,1,1,1.6,[],fundamental28,Global Fundamental Data,fundamental,Fundamental,fundamental-fundamental-data,Fundamental Data
fnd28_nddq2_value_18150q,value of quarterly field: Income From Continuing Operations,"{'id': 'fundamental28', 'name': 'Global Fundamental Data'}","{'id': 'fundamental', 'name': 'Fundamental'}","{'id': 'fundamental-fundamental-data', 'name': 'Fundamental Data'}",GLB,1,TOPDIV3000,MATRIX,1.0,0.6818,0,0,1.6,[],fundamental28,Global Fundamental Data,fundamental,Fundamental,fundamental-fundamental-data,Fundamental Data
fnd28_nddq2_value_18165q,value of quarterly field: Deferred Tax Asset - Current,"{'id': 'fundamental28', 'name': 'Global Fundamental Data'}","{'id': 'fundamental', 'name': 'Fundamental'}","{'id': 'fundamental-fundamental-data', 'name': 'Fundamental Data'}",GLB,1,TOPDIV3000,MATRIX,1.0,0.5253,0,0,1.6,[],fundamental28,Global Fundamental Data,fundamental,Fundamental,fundamental-fundamental-data,Fundamental Data
fnd28_nddq2_value_18183q,value of quarterly field: Deferred Taxes-Credit,"{'id': 'fundamental28', 'name': 'Global Fundamental Data'}","{'id': 'fundamental', 'name': 'Fundamental'}","{'id': 'fundamental-fundamental-data', 'name': 'Fundamental Data'}",GLB,1,TOPDIV3000,MATRIX,1.0,0.7053,0,0,1.6,[],fundamental28,Global Fundamental Data,fundamental,Fundamental,fundamental-fundamental-data,Fundamental Data
fnd28_nddq2_value_18184q,value of quarterly field: Deferred Taxes-Debit,"{'id': 'fundamental28', 'name': 'Global Fundamental Data'}","{'id': 'fundamental', 'name': 'Fundamental'}","{'id': 'fundamental-fundamental-data', 'name': 'Fundamental Data'}",GLB,1,TOPDIV3000,MATRIX,1.0,0.6986,0,0,1.6,[],fundamental28,Global Fundamental Data,fundamental,Fundamental,fundamental-fundamental-data,Fundamental Data
fnd28_nddq2_value_18208q,value of quarterly field: Earnings per Share Continuing Operations,"{'id': 'fundamental28', 'name': 'Global Fundamental Data'}","{'id': 'fundamental', 'name': 'Fundamental'}","{'id': 'fundamental-fundamental-data', 'name': 'Fundamental Data'}",GLB,1,TOPDIV3000,MATRIX,1.0,0.6829,1,1,1.6,[],fundamental28,Global Fundamental Data,fundamental,Fundamental,fundamental-fundamental-data,Fundamental Data
fnd28_nddq2_value_18232q,value of quarterly field: Current Portion of Long Term Debt,"{'id': 'fundamental28', 'name': 'Global Fundamental Data'}","{'id': 'fundamental', 'name': 'Fundamental'}","{'id': 'fundamental-fundamental-data', 'name': 'Fundamental Data'}",GLB,1,TOPDIV3000,MATRIX,1.0,0.7287,0,0,1.6,[],fundamental28,Global Fundamental Data,fundamental,Fundamental,fundamental-fundamental-data,Fundamental Data
fnd28_nddq2_value_18274q,"value of quarterly field: Impairment of Property, Plant & Equipment","{'id': 'fundamental28', 'name': 'Global Fundamental Data'}","{'id': 'fundamental', 'name': 'Fundamental'}","{'id': 'fundamental-fundamental-data', 'name': 'Fundamental Data'}",GLB,1,TOPDIV3000,MATRIX,1.0,0.3731,0,0,1.6,[],fundamental28,Global Fundamental Data,fundamental,Fundamental,fundamental-fundamental-data,Fundamental Data
fnd28_nddq2_value_18280q,value of quarterly field: Goodwill/Cost in Excess of Assets Purchased,"{'id': 'fundamental28', 'name': 'Global Fundamental Data'}","{'id': 'fundamental', 'name': 'Fundamental'}","{'id': 'fundamental-fundamental-data', 'name': 'Fundamental Data'}",GLB,1,TOPDIV3000,MATRIX,1.0,0.659,0,0,1.6,[],fundamental28,Global Fundamental Data,fundamental,Fundamental,fundamental-fundamental-data,Fundamental Data
fnd28_nddq2_value_18390q,value of quarterly field: Construction Work in Progress,"{'id': 'fundamental28', 'name': 'Global Fundamental Data'}","{'id': 'fundamental', 'name': 'Fundamental'}","{'id': 'fundamental-fundamental-data', 'name': 'Fundamental Data'}",GLB,1,TOPDIV3000,MATRIX,1.0,0.4625,0,0,1.6,[],fundamental28,Global Fundamental Data,fundamental,Fundamental,fundamental-fundamental-data,Fundamental Data
fnd28_nddq2_value_18854q,value of quarterly field: Comprehensive Income Other,"{'id': 'fundamental28', 'name': 'Global Fundamental Data'}","{'id': 'fundamental', 'name': 'Fundamental'}","{'id': 'fundamental-fundamental-data', 'name': 'Fundamental Data'}",GLB,1,TOPDIV3000,MATRIX,1.0,0.495,0,0,1.6,[],fundamental28,Global Fundamental Data,fundamental,Fundamental,fundamental-fundamental-data,Fundamental Data
fnd28_newq_value_01100q,value of quarterly field: Gross Income,"{'id': 'fundamental28', 'name': 'Global Fundamental Data'}","{'id': 'fundamental', 'name': 'Fundamental'}","{'id': 'fundamental-fundamental-data', 'name': 'Fundamental Data'}",GLB,1,TOPDIV3000,MATRIX,1.0,0.763,0,0,1.6,[],fundamental28,Global Fundamental Data,fundamental,Fundamental,fundamental-fundamental-data,Fundamental Data
fnd28_newq_value_01230q,value of quarterly field: Other Operating Expenses,"{'id': 'fundamental28', 'name': 'Global Fundamental Data'}","{'id': 'fundamental', 'name': 'Fundamental'}","{'id': 'fundamental-fundamental-data', 'name': 'Fundamental Data'}",GLB,1,TOPDIV3000,MATRIX,1.0,0.8408,0,0,1.6,[],fundamental28,Global Fundamental Data,fundamental,Fundamental,fundamental-fundamental-data,Fundamental Data
fnd28_newq_value_01262q,value of quarterly field: Other Income/Expense Net,"{'id': 'fundamental28', 'name': 'Global Fundamental Data'}","{'id': 'fundamental', 'name': 'Fundamental'}","{'id': 'fundamental-fundamental-data', 'name': 'Fundamental Data'}",GLB,1,TOPDIV3000,MATRIX,1.0,0.8374,0,0,1.6,[],fundamental28,Global Fundamental Data,fundamental,Fundamental,fundamental-fundamental-data,Fundamental Data
fnd28_newq_value_01601q,value of quarterly field: Extraordinary Items & Gain/Loss Sale of Assets Supplementary Income Statement Fields,"{'id': 'fundamental28', 'name': 'Global Fundamental Data'}","{'id': 'fundamental', 'name': 'Fundamental'}","{'id': 'fundamental-fundamental-data', 'name': 'Fundamental Data'}",GLB,1,TOPDIV3000,MATRIX,1.0,0.7334,0,0,1.6,[],fundamental28,Global Fundamental Data,fundamental,Fundamental,fundamental-fundamental-data,Fundamental Data
fnd28_newq_value_01651q,value of quarterly field: Net Income - Bottom Line,"{'id': 'fundamental28', 'name': 'Global Fundamental Data'}","{'id': 'fundamental', 'name': 'Fundamental'}","{'id': 'fundamental-fundamental-data', 'name': 'Fundamental Data'}",GLB,1,TOPDIV3000,MATRIX,1.0,0.8474,0,0,1.6,[],fundamental28,Global Fundamental Data,fundamental,Fundamental,fundamental-fundamental-data,Fundamental Data
fnd28_newq_value_01751q,value of quarterly field: Net Income Used to Calculate Earnings per Share,"{'id': 'fundamental28', 'name': 'Global Fundamental Data'}","{'id': 'fundamental', 'name': 'Fundamental'}","{'id': 'fundamental-fundamental-data', 'name': 'Fundamental Data'}",GLB,1,TOPDIV3000,MATRIX,1.0,0.8472,0,0,1.6,[],fundamental28,Global Fundamental Data,fundamental,Fundamental,fundamental-fundamental-data,Fundamental Data
fnd28_newq_value_02005q,value of quarterly field: Cash & Equivalents Generic,"{'id': 'fundamental28', 'name': 'Global Fundamental Data'}","{'id': 'fundamental', 'name': 'Fundamental'}","{'id': 'fundamental-fundamental-data', 'name': 'Fundamental Data'}",GLB,1,TOPDIV3000,MATRIX,1.0,0.8462,0,0,1.6,[],fundamental28,Global Fundamental Data,fundamental,Fundamental,fundamental-fundamental-data,Fundamental Data
fnd28_newq_value_02149q,value of quarterly field: Other Current Assets,"{'id': 'fundamental28', 'name': 'Global Fundamental Data'}","{'id': 'fundamental', 'name': 'Fundamental'}","{'id': 'fundamental-fundamental-data', 'name': 'Fundamental Data'}",GLB,1,TOPDIV3000,MATRIX,1.0,0.7309,0,0,1.6,[],fundamental28,Global Fundamental Data,fundamental,Fundamental,fundamental-fundamental-data,Fundamental Data
fnd28_newq_value_02652q,value of quarterly field: Other Assets,"{'id': 'fundamental28', 'name': 'Global Fundamental Data'}","{'id': 'fundamental', 'name': 'Fundamental'}","{'id': 'fundamental-fundamental-data', 'name': 'Fundamental Data'}",GLB,1,TOPDIV3000,MATRIX,1.0,0.8471,0,0,1.6,[],fundamental28,Global Fundamental Data,fundamental,Fundamental,fundamental-fundamental-data,Fundamental Data
fnd28_newq_value_03066q,value of quarterly field: Other Current Liabilities,"{'id': 'fundamental28', 'name': 'Global Fundamental Data'}","{'id': 'fundamental', 'name': 'Fundamental'}","{'id': 'fundamental-fundamental-data', 'name': 'Fundamental Data'}",GLB,1,TOPDIV3000,MATRIX,1.0,0.7355,0,0,1.6,[],fundamental28,Global Fundamental Data,fundamental,Fundamental,fundamental-fundamental-data,Fundamental Data
fnd28_newq_value_03151q,value of quarterly field: Working Capital,"{'id': 'fundamental28', 'name': 'Global Fundamental Data'}","{'id': 'fundamental', 'name': 'Fundamental'}","{'id': 'fundamental-fundamental-data', 'name': 'Fundamental Data'}",GLB,1,TOPDIV3000,MATRIX,1.0,0.7292,1,1,1.6,[],fundamental28,Global Fundamental Data,fundamental,Fundamental,fundamental-fundamental-data,Fundamental Data
fnd28_newq_value_03251q,value of quarterly field: Long Term Debt,"{'id': 'fundamental28', 'name': 'Global Fundamental Data'}","{'id': 'fundamental', 'name': 'Fundamental'}","{'id': 'fundamental-fundamental-data', 'name': 'Fundamental Data'}",GLB,1,TOPDIV3000,MATRIX,1.0,0.8452,0,0,1.6,[],fundamental28,Global Fundamental Data,fundamental,Fundamental,fundamental-fundamental-data,Fundamental Data
fnd28_newq_value_03255q,value of quarterly field: Total Debt,"{'id': 'fundamental28', 'name': 'Global Fundamental Data'}","{'id': 'fundamental', 'name': 'Fundamental'}","{'id': 'fundamental-fundamental-data', 'name': 'Fundamental Data'}",GLB,1,TOPDIV3000,MATRIX,1.0,0.8503,0,0,1.6,[],fundamental28,Global Fundamental Data,fundamental,Fundamental,fundamental-fundamental-data,Fundamental Data
fnd28_newq_value_03273q,value of quarterly field: Other Liabilities,"{'id': 'fundamental28', 'name': 'Global Fundamental Data'}","{'id': 'fundamental', 'name': 'Fundamental'}","{'id': 'fundamental-fundamental-data', 'name': 'Fundamental Data'}",GLB,1,TOPDIV3000,MATRIX,1.0,0.8455,0,0,1.6,[],fundamental28,Global Fundamental Data,fundamental,Fundamental,fundamental-fundamental-data,Fundamental Data
fnd28_newq_value_03999q,value of quarterly field: Total Liabilities & Shareholders' Equity,"{'id': 'fundamental28', 'name': 'Global Fundamental Data'}","{'id': 'fundamental', 'name': 'Fundamental'}","{'id': 'fundamental-fundamental-data', 'name': 'Fundamental Data'}",GLB,1,TOPDIV3000,MATRIX,1.0,0.846,0,0,1.6,[],fundamental28,Global Fundamental Data,fundamental,Fundamental,fundamental-fundamental-data,Fundamental Data
fnd28_newq_value_04051q,"value of quarterly field: Depreciation, Depletion & Amortization","{'id': 'fundamental28', 'name': 'Global Fundamental Data'}","{'id': 'fundamental', 'name': 'Fundamental'}","{'id': 'fundamental-fundamental-data', 'name': 'Fundamental Data'}",GLB,1,TOPDIV3000,MATRIX,1.0,0.7215,0,0,1.6,[],fundamental28,Global Fundamental Data,fundamental,Fundamental,fundamental-fundamental-data,Fundamental Data
fnd28_newq_value_04199q,value of quarterly field: Deferred Income Taxes (Cash Flow),"{'id': 'fundamental28', 'name': 'Global Fundamental Data'}","{'id': 'fundamental', 'name': 'Fundamental'}","{'id': 'fundamental-fundamental-data', 'name': 'Fundamental Data'}",GLB,1,TOPDIV3000,MATRIX,1.0,0.3815,0,0,1.6,[],fundamental28,Global Fundamental Data,fundamental,Fundamental,fundamental-fundamental-data,Fundamental Data
fnd28_newq_value_04251q,value of quarterly field: Net Proceeds from Sale/Issuance of Common & Preferred,"{'id': 'fundamental28', 'name': 'Global Fundamental Data'}","{'id': 'fundamental', 'name': 'Fundamental'}","{'id': 'fundamental-fundamental-data', 'name': 'Fundamental Data'}",GLB,1,TOPDIV3000,MATRIX,1.0,0.5779,0,0,1.6,[],fundamental28,Global Fundamental Data,fundamental,Fundamental,fundamental-fundamental-data,Fundamental Data
fnd28_newq_value_05486q,value of quarterly field: Tangible Book Value per Share,"{'id': 'fundamental28', 'name': 'Global Fundamental Data'}","{'id': 'fundamental', 'name': 'Fundamental'}","{'id': 'fundamental-fundamental-data', 'name': 'Fundamental Data'}",GLB,1,TOPDIV3000,MATRIX,1.0,0.8349,1,1,1.6,[],fundamental28,Global Fundamental Data,fundamental,Fundamental,fundamental-fundamental-data,Fundamental Data
fnd28_newq_value_05502q,value of quarterly field: Cash Flow per Share Fiscal Period,"{'id': 'fundamental28', 'name': 'Global Fundamental Data'}","{'id': 'fundamental', 'name': 'Fundamental'}","{'id': 'fundamental-fundamental-data', 'name': 'Fundamental Data'}",GLB,1,TOPDIV3000,MATRIX,1.0,0.7969,0,0,1.6,[],fundamental28,Global Fundamental Data,fundamental,Fundamental,fundamental-fundamental-data,Fundamental Data
fnd28_newq_value_07230q,value of quarterly field: Total Assets (U.S.$),"{'id': 'fundamental28', 'name': 'Global Fundamental Data'}","{'id': 'fundamental', 'name': 'Fundamental'}","{'id': 'fundamental-fundamental-data', 'name': 'Fundamental Data'}",GLB,1,TOPDIV3000,MATRIX,1.0,0.846,0,0,1.6,[],fundamental28,Global Fundamental Data,fundamental,Fundamental,fundamental-fundamental-data,Fundamental Data
fnd28_newq_value_08106q,value of quarterly field: Current Ratio,"{'id': 'fundamental28', 'name': 'Global Fundamental Data'}","{'id': 'fundamental', 'name': 'Fundamental'}","{'id': 'fundamental-fundamental-data', 'name': 'Fundamental Data'}",GLB,1,TOPDIV3000,MATRIX,1.0,0.7298,0,0,1.6,[],fundamental28,Global Fundamental Data,fundamental,Fundamental,fundamental-fundamental-data,Fundamental Data
fnd28_newq_value_08111q,value of quarterly field: Cash & Equivalents % Total Current Assets Company Specific Accounting Practices,"{'id': 'fundamental28', 'name': 'Global Fundamental Data'}","{'id': 'fundamental', 'name': 'Fundamental'}","{'id': 'fundamental-fundamental-data', 'name': 'Fundamental Data'}",GLB,1,TOPDIV3000,MATRIX,1.0,0.7291,0,0,1.6,[],fundamental28,Global Fundamental Data,fundamental,Fundamental,fundamental-fundamental-data,Fundamental Data
fnd28_newq_value_08226q,value of quarterly field: Long Term Debt % Common Equity,"{'id': 'fundamental28', 'name': 'Global Fundamental Data'}","{'id': 'fundamental', 'name': 'Fundamental'}","{'id': 'fundamental-fundamental-data', 'name': 'Fundamental Data'}",GLB,1,TOPDIV3000,MATRIX,1.0,0.8433,1,1,1.6,[],fundamental28,Global Fundamental Data,fundamental,Fundamental,fundamental-fundamental-data,Fundamental Data
fnd28_newq_value_08231q,value of quarterly field: Total Debt % Common Equity,"{'id': 'fundamental28', 'name': 'Global Fundamental Data'}","{'id': 'fundamental', 'name': 'Fundamental'}","{'id': 'fundamental-fundamental-data', 'name': 'Fundamental Data'}",GLB,1,TOPDIV3000,MATRIX,1.0,0.8454,0,0,1.6,[],fundamental28,Global Fundamental Data,fundamental,Fundamental,fundamental-fundamental-data,Fundamental Data
fnd28_newq_value_08236q,value of quarterly field: Total Debt % Total Assets,"{'id': 'fundamental28', 'name': 'Global Fundamental Data'}","{'id': 'fundamental', 'name': 'Fundamental'}","{'id': 'fundamental-fundamental-data', 'name': 'Fundamental Data'}",GLB,1,TOPDIV3000,MATRIX,1.0,0.8421,0,0,1.6,[],fundamental28,Global Fundamental Data,fundamental,Fundamental,fundamental-fundamental-data,Fundamental Data
fnd28_newq_value_08241q,value of quarterly field: Common Equity % Total Assets,"{'id': 'fundamental28', 'name': 'Global Fundamental Data'}","{'id': 'fundamental', 'name': 'Fundamental'}","{'id': 'fundamental-fundamental-data', 'name': 'Fundamental Data'}",GLB,1,TOPDIV3000,MATRIX,1.0,0.8463,0,0,1.6,[],fundamental28,Global Fundamental Data,fundamental,Fundamental,fundamental-fundamental-data,Fundamental Data
fnd28_newq_value_08251q,value of quarterly field: Fixed Charge Coverage Ratio,"{'id': 'fundamental28', 'name': 'Global Fundamental Data'}","{'id': 'fundamental', 'name': 'Fundamental'}","{'id': 'fundamental-fundamental-data', 'name': 'Fundamental Data'}",GLB,1,TOPDIV3000,MATRIX,1.0,0.6839,0,0,1.6,[],fundamental28,Global Fundamental Data,fundamental,Fundamental,fundamental-fundamental-data,Fundamental Data
fnd28_newq_value_08261q,value of quarterly field: Operating Cash/Fixed Charges,"{'id': 'fundamental28', 'name': 'Global Fundamental Data'}","{'id': 'fundamental', 'name': 'Fundamental'}","{'id': 'fundamental-fundamental-data', 'name': 'Fundamental Data'}",GLB,1,TOPDIV3000,MATRIX,1.0,0.7283,0,0,1.6,[],fundamental28,Global Fundamental Data,fundamental,Fundamental,fundamental-fundamental-data,Fundamental Data
fnd28_newq_value_08266q,value of quarterly field: Fixed Assets % Common Equity Company Specific Accounting Practices,"{'id': 'fundamental28', 'name': 'Global Fundamental Data'}","{'id': 'fundamental', 'name': 'Fundamental'}","{'id': 'fundamental-fundamental-data', 'name': 'Fundamental Data'}",GLB,1,TOPDIV3000,MATRIX,1.0,0.8438,0,0,1.6,[],fundamental28,Global Fundamental Data,fundamental,Fundamental,fundamental-fundamental-data,Fundamental Data
fnd28_newq_value_08287q,value of quarterly field: Total Assets / Common Equity Ratio,"{'id': 'fundamental28', 'name': 'Global Fundamental Data'}","{'id': 'fundamental', 'name': 'Fundamental'}","{'id': 'fundamental-fundamental-data', 'name': 'Fundamental Data'}",GLB,1,TOPDIV3000,MATRIX,1.0,0.8461,0,0,1.6,[],fundamental28,Global Fundamental Data,fundamental,Fundamental,fundamental-fundamental-data,Fundamental Data
fnd28_newq_value_08301q,value of quarterly field: Return on Equity Total (%),"{'id': 'fundamental28', 'name': 'Global Fundamental Data'}","{'id': 'fundamental', 'name': 'Fundamental'}","{'id': 'fundamental-fundamental-data', 'name': 'Fundamental Data'}",GLB,1,TOPDIV3000,MATRIX,1.0,0.8785,1,1,1.6,[],fundamental28,Global Fundamental Data,fundamental,Fundamental,fundamental-fundamental-data,Fundamental Data
fnd28_newq_value_08306q,value of quarterly field: Gross Profit Margin,"{'id': 'fundamental28', 'name': 'Global Fundamental Data'}","{'id': 'fundamental', 'name': 'Fundamental'}","{'id': 'fundamental-fundamental-data', 'name': 'Fundamental Data'}",GLB,1,TOPDIV3000,MATRIX,1.0,0.7525,0,0,1.6,[],fundamental28,Global Fundamental Data,fundamental,Fundamental,fundamental-fundamental-data,Fundamental Data
fnd28_newq_value_08311q,value of quarterly field: Cash Flow/Sales,"{'id': 'fundamental28', 'name': 'Global Fundamental Data'}","{'id': 'fundamental', 'name': 'Fundamental'}","{'id': 'fundamental-fundamental-data', 'name': 'Fundamental Data'}",GLB,1,TOPDIV3000,MATRIX,1.0,0.785,0,0,1.6,[],fundamental28,Global Fundamental Data,fundamental,Fundamental,fundamental-fundamental-data,Fundamental Data
fnd28_newq_value_08316q,value of quarterly field: Operating Profit Margin,"{'id': 'fundamental28', 'name': 'Global Fundamental Data'}","{'id': 'fundamental', 'name': 'Fundamental'}","{'id': 'fundamental-fundamental-data', 'name': 'Fundamental Data'}",GLB,1,TOPDIV3000,MATRIX,1.0,0.8497,0,0,1.6,[],fundamental28,Global Fundamental Data,fundamental,Fundamental,fundamental-fundamental-data,Fundamental Data
fnd28_newq_value_08321q,value of quarterly field: Pre-tax Margin,"{'id': 'fundamental28', 'name': 'Global Fundamental Data'}","{'id': 'fundamental', 'name': 'Fundamental'}","{'id': 'fundamental-fundamental-data', 'name': 'Fundamental Data'}",GLB,1,TOPDIV3000,MATRIX,1.0,0.844,0,0,1.6,[],fundamental28,Global Fundamental Data,fundamental,Fundamental,fundamental-fundamental-data,Fundamental Data
fnd28_newq_value_08326q,value of quarterly field: Return on Assets,"{'id': 'fundamental28', 'name': 'Global Fundamental Data'}","{'id': 'fundamental', 'name': 'Fundamental'}","{'id': 'fundamental-fundamental-data', 'name': 'Fundamental Data'}",GLB,1,TOPDIV3000,MATRIX,1.0,0.8791,1,1,1.6,[],fundamental28,Global Fundamental Data,fundamental,Fundamental,fundamental-fundamental-data,Fundamental Data
fnd28_newq_value_08346q,value of quarterly field: Tax Rate,"{'id': 'fundamental28', 'name': 'Global Fundamental Data'}","{'id': 'fundamental', 'name': 'Fundamental'}","{'id': 'fundamental-fundamental-data', 'name': 'Fundamental Data'}",GLB,1,TOPDIV3000,MATRIX,1.0,0.8208,0,0,1.6,[],fundamental28,Global Fundamental Data,fundamental,Fundamental,fundamental-fundamental-data,Fundamental Data
fnd28_newq_value_08366q,value of quarterly field: Net Margin,"{'id': 'fundamental28', 'name': 'Global Fundamental Data'}","{'id': 'fundamental', 'name': 'Fundamental'}","{'id': 'fundamental-fundamental-data', 'name': 'Fundamental Data'}",GLB,1,TOPDIV3000,MATRIX,1.0,0.8452,0,0,1.6,[],fundamental28,Global Fundamental Data,fundamental,Fundamental,fundamental-fundamental-data,Fundamental Data
fnd28_newq_value_08371q,value of quarterly field: Return on Equity - per Share,"{'id': 'fundamental28', 'name': 'Global Fundamental Data'}","{'id': 'fundamental', 'name': 'Fundamental'}","{'id': 'fundamental-fundamental-data', 'name': 'Fundamental Data'}",GLB,1,TOPDIV3000,MATRIX,1.0,0.879,0,0,1.6,[],fundamental28,Global Fundamental Data,fundamental,Fundamental,fundamental-fundamental-data,Fundamental Data
fnd28_newq_value_08381q,value of quarterly field: Cash Earnings Return on Equity,"{'id': 'fundamental28', 'name': 'Global Fundamental Data'}","{'id': 'fundamental', 'name': 'Fundamental'}","{'id': 'fundamental-fundamental-data', 'name': 'Fundamental Data'}",GLB,1,TOPDIV3000,MATRIX,1.0,0.7859,0,0,1.6,[],fundamental28,Global Fundamental Data,fundamental,Fundamental,fundamental-fundamental-data,Fundamental Data
fnd28_newq_value_08401q,value of quarterly field: Total Asset Turnover,"{'id': 'fundamental28', 'name': 'Global Fundamental Data'}","{'id': 'fundamental', 'name': 'Fundamental'}","{'id': 'fundamental-fundamental-data', 'name': 'Fundamental Data'}",GLB,1,TOPDIV3000,MATRIX,1.0,0.8425,0,0,1.6,[],fundamental28,Global Fundamental Data,fundamental,Fundamental,fundamental-fundamental-data,Fundamental Data
fnd28_newq_value_08416q,value of quarterly field: Capital Expenditure % Total Assets,"{'id': 'fundamental28', 'name': 'Global Fundamental Data'}","{'id': 'fundamental', 'name': 'Fundamental'}","{'id': 'fundamental-fundamental-data', 'name': 'Fundamental Data'}",GLB,1,TOPDIV3000,MATRIX,1.0,0.6828,0,0,1.6,[],fundamental28,Global Fundamental Data,fundamental,Fundamental,fundamental-fundamental-data,Fundamental Data
fnd28_newq_value_08421q,value of quarterly field: Capital Expenditure % Sales,"{'id': 'fundamental28', 'name': 'Global Fundamental Data'}","{'id': 'fundamental', 'name': 'Fundamental'}","{'id': 'fundamental-fundamental-data', 'name': 'Fundamental Data'}",GLB,1,TOPDIV3000,MATRIX,1.0,0.679,0,0,1.6,[],fundamental28,Global Fundamental Data,fundamental,Fundamental,fundamental-fundamental-data,Fundamental Data
fnd28_newq_value_08579q,value of quarterly field: Market Capitalization Growth (year ago) Profitability,"{'id': 'fundamental28', 'name': 'Global Fundamental Data'}","{'id': 'fundamental', 'name': 'Fundamental'}","{'id': 'fundamental-fundamental-data', 'name': 'Fundamental Data'}",GLB,1,TOPDIV3000,MATRIX,1.0,0.8212,0,0,1.6,[],fundamental28,Global Fundamental Data,fundamental,Fundamental,fundamental-fundamental-data,Fundamental Data
fnd28_newq_value_08601q,value of quarterly field: Earnings per Share Growth,"{'id': 'fundamental28', 'name': 'Global Fundamental Data'}","{'id': 'fundamental', 'name': 'Fundamental'}","{'id': 'fundamental-fundamental-data', 'name': 'Fundamental Data'}",GLB,1,TOPDIV3000,MATRIX,1.0,0.8181,0,0,1.6,[],fundamental28,Global Fundamental Data,fundamental,Fundamental,fundamental-fundamental-data,Fundamental Data
fnd28_newq_value_08606q,value of quarterly field: Book Value per Share Growth (year ago),"{'id': 'fundamental28', 'name': 'Global Fundamental Data'}","{'id': 'fundamental', 'name': 'Fundamental'}","{'id': 'fundamental-fundamental-data', 'name': 'Fundamental Data'}",GLB,1,TOPDIV3000,MATRIX,1.0,0.8503,0,0,1.6,[],fundamental28,Global Fundamental Data,fundamental,Fundamental,fundamental-fundamental-data,Fundamental Data
fnd28_newq_value_08611q,value of quarterly field: Dividends per Share Growth,"{'id': 'fundamental28', 'name': 'Global Fundamental Data'}","{'id': 'fundamental', 'name': 'Fundamental'}","{'id': 'fundamental-fundamental-data', 'name': 'Fundamental Data'}",GLB,1,TOPDIV3000,MATRIX,1.0,0.6906,0,0,1.6,[],fundamental28,Global Fundamental Data,fundamental,Fundamental,fundamental-fundamental-data,Fundamental Data
fnd28_newq_value_08616q,value of quarterly field: Equity Growth (year ago),"{'id': 'fundamental28', 'name': 'Global Fundamental Data'}","{'id': 'fundamental', 'name': 'Fundamental'}","{'id': 'fundamental-fundamental-data', 'name': 'Fundamental Data'}",GLB,1,TOPDIV3000,MATRIX,1.0,0.8398,1,1,1.6,[],fundamental28,Global Fundamental Data,fundamental,Fundamental,fundamental-fundamental-data,Fundamental Data
fnd28_newq_value_08621q,value of quarterly field: Total Assets Growth (year ago),"{'id': 'fundamental28', 'name': 'Global Fundamental Data'}","{'id': 'fundamental', 'name': 'Fundamental'}","{'id': 'fundamental-fundamental-data', 'name': 'Fundamental Data'}",GLB,1,TOPDIV3000,MATRIX,1.0,0.846,0,0,1.6,[],fundamental28,Global Fundamental Data,fundamental,Fundamental,fundamental-fundamental-data,Fundamental Data
fnd28_newq_value_08631q,value of quarterly field: Net Sales/Revenues Growth,"{'id': 'fundamental28', 'name': 'Global Fundamental Data'}","{'id': 'fundamental', 'name': 'Fundamental'}","{'id': 'fundamental-fundamental-data', 'name': 'Fundamental Data'}",GLB,1,TOPDIV3000,MATRIX,1.0,0.8518,0,0,1.6,[],fundamental28,Global Fundamental Data,fundamental,Fundamental,fundamental-fundamental-data,Fundamental Data
fnd28_newq_value_08636q,value of quarterly field: Net Income Growth,"{'id': 'fundamental28', 'name': 'Global Fundamental Data'}","{'id': 'fundamental', 'name': 'Fundamental'}","{'id': 'fundamental-fundamental-data', 'name': 'Fundamental Data'}",GLB,1,TOPDIV3000,MATRIX,1.0,0.8092,0,0,1.6,[],fundamental28,Global Fundamental Data,fundamental,Fundamental,fundamental-fundamental-data,Fundamental Data
fnd28_newq_value_08651q,value of quarterly field: Reinvestment Rate - per Share,"{'id': 'fundamental28', 'name': 'Global Fundamental Data'}","{'id': 'fundamental', 'name': 'Fundamental'}","{'id': 'fundamental-fundamental-data', 'name': 'Fundamental Data'}",GLB,1,TOPDIV3000,MATRIX,1.0,0.8736,0,0,1.6,[],fundamental28,Global Fundamental Data,fundamental,Fundamental,fundamental-fundamental-data,Fundamental Data
fnd28_newq_value_08676q,value of quarterly field: Net Margin Growth,"{'id': 'fundamental28', 'name': 'Global Fundamental Data'}","{'id': 'fundamental', 'name': 'Fundamental'}","{'id': 'fundamental-fundamental-data', 'name': 'Fundamental Data'}",GLB,1,TOPDIV3000,MATRIX,1.0,0.8128,0,0,1.6,[],fundamental28,Global Fundamental Data,fundamental,Fundamental,fundamental-fundamental-data,Fundamental Data
fnd28_newq_value_08801q,value of quarterly field: Total Investment Return year ago Growth Rates,"{'id': 'fundamental28', 'name': 'Global Fundamental Data'}","{'id': 'fundamental', 'name': 'Fundamental'}","{'id': 'fundamental-fundamental-data', 'name': 'Fundamental Data'}",GLB,1,TOPDIV3000,MATRIX,1.0,0.8528,1,1,1.6,[],fundamental28,Global Fundamental Data,fundamental,Fundamental,fundamental-fundamental-data,Fundamental Data
fnd28_newq_value_18155q,value of quarterly field: Operating Income before Depreciation/Amortization (Operating EBITDA),"{'id': 'fundamental28', 'name': 'Global Fundamental Data'}","{'id': 'fundamental', 'name': 'Fundamental'}","{'id': 'fundamental-fundamental-data', 'name': 'Fundamental Data'}",GLB,1,TOPDIV3000,MATRIX,1.0,0.7822,0,0,1.6,[],fundamental28,Global Fundamental Data,fundamental,Fundamental,fundamental-fundamental-data,Fundamental Data
fnd28_newq_value_18191q,value of quarterly field: Earnings before Interest and Taxes (EBIT),"{'id': 'fundamental28', 'name': 'Global Fundamental Data'}","{'id': 'fundamental', 'name': 'Fundamental'}","{'id': 'fundamental-fundamental-data', 'name': 'Fundamental Data'}",GLB,1,TOPDIV3000,MATRIX,1.0,0.8067,0,0,1.6,[],fundamental28,Global Fundamental Data,fundamental,Fundamental,fundamental-fundamental-data,Fundamental Data
fnd28_newq_value_18198q,"value of quarterly field: Earnings before Interest, Taxes, Depreciation & Amortization (EBITDA)","{'id': 'fundamental28', 'name': 'Global Fundamental Data'}","{'id': 'fundamental', 'name': 'Fundamental'}","{'id': 'fundamental-fundamental-data', 'name': 'Fundamental Data'}",GLB,1,TOPDIV3000,MATRIX,1.0,0.7792,0,0,1.6,[],fundamental28,Global Fundamental Data,fundamental,Fundamental,fundamental-fundamental-data,Fundamental Data
fnd28_newq_value_18199q,value of quarterly field: Net Debt,"{'id': 'fundamental28', 'name': 'Global Fundamental Data'}","{'id': 'fundamental', 'name': 'Fundamental'}","{'id': 'fundamental-fundamental-data', 'name': 'Fundamental Data'}",GLB,1,TOPDIV3000,MATRIX,1.0,0.8458,1,1,1.6,[],fundamental28,Global Fundamental Data,fundamental,Fundamental,fundamental-fundamental-data,Fundamental Data
fnd28_pftlta_value_08301a,value of annual field: Return on Equity Total (%),"{'id': 'fundamental28', 'name': 'Global Fundamental Data'}","{'id': 'fundamental', 'name': 'Fundamental'}","{'id': 'fundamental-fundamental-data', 'name': 'Fundamental Data'}",GLB,1,TOPDIV3000,MATRIX,1.0,1.0,2,7,1.6,[],fundamental28,Global Fundamental Data,fundamental,Fundamental,fundamental-fundamental-data,Fundamental Data
fnd28_pftlta_value_08302a,value of annual field: Return On Equity Per Share (Fiscal),"{'id': 'fundamental28', 'name': 'Global Fundamental Data'}","{'id': 'fundamental', 'name': 'Fundamental'}","{'id': 'fundamental-fundamental-data', 'name': 'Fundamental Data'}",GLB,1,TOPDIV3000,MATRIX,1.0,1.0,0,0,1.6,[],fundamental28,Global Fundamental Data,fundamental,Fundamental,fundamental-fundamental-data,Fundamental Data
fnd28_pftlta_value_08305a,value of annual field: Return On Equity - Total (%)- 5 Yr Avg,"{'id': 'fundamental28', 'name': 'Global Fundamental Data'}","{'id': 'fundamental', 'name': 'Fundamental'}","{'id': 'fundamental-fundamental-data', 'name': 'Fundamental Data'}",GLB,1,TOPDIV3000,MATRIX,1.0,0.9508,0,0,1.6,[],fundamental28,Global Fundamental Data,fundamental,Fundamental,fundamental-fundamental-data,Fundamental Data
fnd28_pftlta_value_08306a,value of annual field: Gross Profit Margin,"{'id': 'fundamental28', 'name': 'Global Fundamental Data'}","{'id': 'fundamental', 'name': 'Fundamental'}","{'id': 'fundamental-fundamental-data', 'name': 'Fundamental Data'}",GLB,1,TOPDIV3000,MATRIX,1.0,0.9338,0,0,1.6,[],fundamental28,Global Fundamental Data,fundamental,Fundamental,fundamental-fundamental-data,Fundamental Data
fnd28_pftlta_value_08310a,value of annual field: Gross Profit Margin - 5 Yr Avg,"{'id': 'fundamental28', 'name': 'Global Fundamental Data'}","{'id': 'fundamental', 'name': 'Fundamental'}","{'id': 'fundamental-fundamental-data', 'name': 'Fundamental Data'}",GLB,1,TOPDIV3000,MATRIX,1.0,0.8792,0,0,1.6,[],fundamental28,Global Fundamental Data,fundamental,Fundamental,fundamental-fundamental-data,Fundamental Data
fnd28_pftlta_value_08311a,value of annual field: Cash Flow/Sales,"{'id': 'fundamental28', 'name': 'Global Fundamental Data'}","{'id': 'fundamental', 'name': 'Fundamental'}","{'id': 'fundamental-fundamental-data', 'name': 'Fundamental Data'}",GLB,1,TOPDIV3000,MATRIX,1.0,1.0,0,0,1.6,[],fundamental28,Global Fundamental Data,fundamental,Fundamental,fundamental-fundamental-data,Fundamental Data
fnd28_pftlta_value_08315a,value of annual field: Cash Flow/Sales - 5 Yr Avg,"{'id': 'fundamental28', 'name': 'Global Fundamental Data'}","{'id': 'fundamental', 'name': 'Fundamental'}","{'id': 'fundamental-fundamental-data', 'name': 'Fundamental Data'}",GLB,1,TOPDIV3000,MATRIX,1.0,0.9871,0,0,1.6,[],fundamental28,Global Fundamental Data,fundamental,Fundamental,fundamental-fundamental-data,Fundamental Data
fnd28_pftlta_value_08316a,value of annual field: Operating Profit Margin,"{'id': 'fundamental28', 'name': 'Global Fundamental Data'}","{'id': 'fundamental', 'name': 'Fundamental'}","{'id': 'fundamental-fundamental-data', 'name': 'Fundamental Data'}",GLB,1,TOPDIV3000,MATRIX,1.0,1.0,0,0,1.6,[],fundamental28,Global Fundamental Data,fundamental,Fundamental,fundamental-fundamental-data,Fundamental Data
fnd28_pftlta_value_08320a,value of annual field: Operating Profit Margin - 5 Yr Avg,"{'id': 'fundamental28', 'name': 'Global Fundamental Data'}","{'id': 'fundamental', 'name': 'Fundamental'}","{'id': 'fundamental-fundamental-data', 'name': 'Fundamental Data'}",GLB,1,TOPDIV3000,MATRIX,1.0,0.9884,0,0,1.6,[],fundamental28,Global Fundamental Data,fundamental,Fundamental,fundamental-fundamental-data,Fundamental Data
fnd28_pftlta_value_08321a,value of annual field: Pre-tax Margin,"{'id': 'fundamental28', 'name': 'Global Fundamental Data'}","{'id': 'fundamental', 'name': 'Fundamental'}","{'id': 'fundamental-fundamental-data', 'name': 'Fundamental Data'}",GLB,1,TOPDIV3000,MATRIX,1.0,1.0,0,0,1.6,[],fundamental28,Global Fundamental Data,fundamental,Fundamental,fundamental-fundamental-data,Fundamental Data
fnd28_pftlta_value_08325a,value of annual field: Pretax Margin - 5 Yr Avg,"{'id': 'fundamental28', 'name': 'Global Fundamental Data'}","{'id': 'fundamental', 'name': 'Fundamental'}","{'id': 'fundamental-fundamental-data', 'name': 'Fundamental Data'}",GLB,1,TOPDIV3000,MATRIX,1.0,0.9881,0,0,1.6,[],fundamental28,Global Fundamental Data,fundamental,Fundamental,fundamental-fundamental-data,Fundamental Data
fnd28_pftlta_value_08326a,value of annual field: Return on Assets,"{'id': 'fundamental28', 'name': 'Global Fundamental Data'}","{'id': 'fundamental', 'name': 'Fundamental'}","{'id': 'fundamental-fundamental-data', 'name': 'Fundamental Data'}",GLB,1,TOPDIV3000,MATRIX,1.0,1.0,0,0,1.6,[],fundamental28,Global Fundamental Data,fundamental,Fundamental,fundamental-fundamental-data,Fundamental Data
fnd28_pftlta_value_08330a,value of annual field: Return On Assets - 5 Yr Avg,"{'id': 'fundamental28', 'name': 'Global Fundamental Data'}","{'id': 'fundamental', 'name': 'Fundamental'}","{'id': 'fundamental-fundamental-data', 'name': 'Fundamental Data'}",GLB,1,TOPDIV3000,MATRIX,1.0,0.9682,0,0,1.6,[],fundamental28,Global Fundamental Data,fundamental,Fundamental,fundamental-fundamental-data,Fundamental Data
fnd28_pftlta_value_08331a,value of annual field: Cost of Goods Sold / Sales,"{'id': 'fundamental28', 'name': 'Global Fundamental Data'}","{'id': 'fundamental', 'name': 'Fundamental'}","{'id': 'fundamental-fundamental-data', 'name': 'Fundamental Data'}",GLB,1,TOPDIV3000,MATRIX,1.0,0.915,0,0,1.6,[],fundamental28,Global Fundamental Data,fundamental,Fundamental,fundamental-fundamental-data,Fundamental Data
fnd28_pftlta_value_08335a,value of annual field: Cost Of Goods Sold/Sales - 5 Yr Avg,"{'id': 'fundamental28', 'name': 'Global Fundamental Data'}","{'id': 'fundamental', 'name': 'Fundamental'}","{'id': 'fundamental-fundamental-data', 'name': 'Fundamental Data'}",GLB,1,TOPDIV3000,MATRIX,1.0,0.8786,0,0,1.6,[],fundamental28,Global Fundamental Data,fundamental,Fundamental,fundamental-fundamental-data,Fundamental Data
fnd28_pftlta_value_08336a,"value of annual field: Selling, General & Administrative Expenses / Sales","{'id': 'fundamental28', 'name': 'Global Fundamental Data'}","{'id': 'fundamental', 'name': 'Fundamental'}","{'id': 'fundamental-fundamental-data', 'name': 'Fundamental Data'}",GLB,1,TOPDIV3000,MATRIX,1.0,0.8715,0,0,1.6,[],fundamental28,Global Fundamental Data,fundamental,Fundamental,fundamental-fundamental-data,Fundamental Data
fnd28_pftlta_value_08340a,"value of annual field: Selling, General & Administrative Exp/Sales - 5 Yr Avg","{'id': 'fundamental28', 'name': 'Global Fundamental Data'}","{'id': 'fundamental', 'name': 'Fundamental'}","{'id': 'fundamental-fundamental-data', 'name': 'Fundamental Data'}",GLB,1,TOPDIV3000,MATRIX,1.0,0.8003,0,0,1.6,[],fundamental28,Global Fundamental Data,fundamental,Fundamental,fundamental-fundamental-data,Fundamental Data
fnd28_pftlta_value_08341a,value of annual field: Research & Development Expense / Sales,"{'id': 'fundamental28', 'name': 'Global Fundamental Data'}","{'id': 'fundamental', 'name': 'Fundamental'}","{'id': 'fundamental-fundamental-data', 'name': 'Fundamental Data'}",GLB,1,TOPDIV3000,MATRIX,1.0,0.7102,5,5,1.6,[],fundamental28,Global Fundamental Data,fundamental,Fundamental,fundamental-fundamental-data,Fundamental Data
fnd28_pftlta_value_08345a,value of annual field: Research & Development/Sales,"{'id': 'fundamental28', 'name': 'Global Fundamental Data'}","{'id': 'fundamental', 'name': 'Fundamental'}","{'id': 'fundamental-fundamental-data', 'name': 'Fundamental Data'}",GLB,1,TOPDIV3000,MATRIX,1.0,0.5473,1,1,1.6,[],fundamental28,Global Fundamental Data,fundamental,Fundamental,fundamental-fundamental-data,Fundamental Data
fnd28_pftlta_value_08346a,value of annual field: Tax Rate,"{'id': 'fundamental28', 'name': 'Global Fundamental Data'}","{'id': 'fundamental', 'name': 'Fundamental'}","{'id': 'fundamental-fundamental-data', 'name': 'Fundamental Data'}",GLB,1,TOPDIV3000,MATRIX,1.0,0.9899,2,2,1.6,[],fundamental28,Global Fundamental Data,fundamental,Fundamental,fundamental-fundamental-data,Fundamental Data
fnd28_pftlta_value_08350a,value of annual field: Tax Rate,"{'id': 'fundamental28', 'name': 'Global Fundamental Data'}","{'id': 'fundamental', 'name': 'Fundamental'}","{'id': 'fundamental-fundamental-data', 'name': 'Fundamental Data'}",GLB,1,TOPDIV3000,MATRIX,1.0,0.8041,0,0,1.6,[],fundamental28,Global Fundamental Data,fundamental,Fundamental,fundamental-fundamental-data,Fundamental Data
fnd28_pftlta_value_08351a,Value of annual field: Sales per Employee 5 Year Averages,"{'id': 'fundamental28', 'name': 'Global Fundamental Data'}","{'id': 'fundamental', 'name': 'Fundamental'}","{'id': 'fundamental-fundamental-data', 'name': 'Fundamental Data'}",GLB,1,TOPDIV3000,MATRIX,1.0,1.0,0,0,1.6,[],fundamental28,Global Fundamental Data,fundamental,Fundamental,fundamental-fundamental-data,Fundamental Data
fnd28_pftlta_value_08355a,value of annual field: Sales per Employee Loan Loss Ratios Annual Statistics,"{'id': 'fundamental28', 'name': 'Global Fundamental Data'}","{'id': 'fundamental', 'name': 'Fundamental'}","{'id': 'fundamental-fundamental-data', 'name': 'Fundamental Data'}",GLB,1,TOPDIV3000,MATRIX,1.0,0.9223,0,0,1.6,[],fundamental28,Global Fundamental Data,fundamental,Fundamental,fundamental-fundamental-data,Fundamental Data
fnd28_pftlta_value_08356a,value of annual field: Interest Rate - Estimated Average,"{'id': 'fundamental28', 'name': 'Global Fundamental Data'}","{'id': 'fundamental', 'name': 'Fundamental'}","{'id': 'fundamental-fundamental-data', 'name': 'Fundamental Data'}",GLB,1,TOPDIV3000,MATRIX,1.0,0.9639,0,0,1.6,[],fundamental28,Global Fundamental Data,fundamental,Fundamental,fundamental-fundamental-data,Fundamental Data
fnd28_pftlta_value_08360a,value of annual field: Interest Rate - Estimated Average - 5 Yr Avg,"{'id': 'fundamental28', 'name': 'Global Fundamental Data'}","{'id': 'fundamental', 'name': 'Fundamental'}","{'id': 'fundamental-fundamental-data', 'name': 'Fundamental Data'}",GLB,1,TOPDIV3000,MATRIX,1.0,0.8818,0,0,1.6,[],fundamental28,Global Fundamental Data,fundamental,Fundamental,fundamental-fundamental-data,Fundamental Data
fnd28_pftlta_value_08361a,value of annual field: Operating Income Return on Total Capital,"{'id': 'fundamental28', 'name': 'Global Fundamental Data'}","{'id': 'fundamental', 'name': 'Fundamental'}","{'id': 'fundamental-fundamental-data', 'name': 'Fundamental Data'}",GLB,1,TOPDIV3000,MATRIX,1.0,1.0,0,0,1.6,[],fundamental28,Global Fundamental Data,fundamental,Fundamental,fundamental-fundamental-data,Fundamental Data
fnd28_pftlta_value_08365a,value of annual field: Operating Income/Total Capital - 5 Yr Avg,"{'id': 'fundamental28', 'name': 'Global Fundamental Data'}","{'id': 'fundamental', 'name': 'Fundamental'}","{'id': 'fundamental-fundamental-data', 'name': 'Fundamental Data'}",GLB,1,TOPDIV3000,MATRIX,1.0,0.9642,0,0,1.6,[],fundamental28,Global Fundamental Data,fundamental,Fundamental,fundamental-fundamental-data,Fundamental Data
fnd28_pftlta_value_08366a,value of annual field: Net Margin,"{'id': 'fundamental28', 'name': 'Global Fundamental Data'}","{'id': 'fundamental', 'name': 'Fundamental'}","{'id': 'fundamental-fundamental-data', 'name': 'Fundamental Data'}",GLB,1,TOPDIV3000,MATRIX,1.0,1.0,0,0,1.6,[],fundamental28,Global Fundamental Data,fundamental,Fundamental,fundamental-fundamental-data,Fundamental Data
fnd28_pftlta_value_08370a,value of annual field: Net Margin - 5 Yr Avg Asset Utilization Annual Statistics,"{'id': 'fundamental28', 'name': 'Global Fundamental Data'}","{'id': 'fundamental', 'name': 'Fundamental'}","{'id': 'fundamental-fundamental-data', 'name': 'Fundamental Data'}",GLB,1,TOPDIV3000,MATRIX,1.0,0.9887,0,0,1.6,[],fundamental28,Global Fundamental Data,fundamental,Fundamental,fundamental-fundamental-data,Fundamental Data
fnd28_pftlta_value_08371a,value of annual field: Return on Equity - per Share,"{'id': 'fundamental28', 'name': 'Global Fundamental Data'}","{'id': 'fundamental', 'name': 'Fundamental'}","{'id': 'fundamental-fundamental-data', 'name': 'Fundamental Data'}",GLB,1,TOPDIV3000,MATRIX,1.0,1.0,1,1,1.6,[],fundamental28,Global Fundamental Data,fundamental,Fundamental,fundamental-fundamental-data,Fundamental Data
fnd28_pftlta_value_08375a,value of annual field: Return On Equity - Per Share - 5 Yr Avg,"{'id': 'fundamental28', 'name': 'Global Fundamental Data'}","{'id': 'fundamental', 'name': 'Fundamental'}","{'id': 'fundamental-fundamental-data', 'name': 'Fundamental Data'}",GLB,1,TOPDIV3000,MATRIX,1.0,0.9397,0,0,1.6,[],fundamental28,Global Fundamental Data,fundamental,Fundamental,fundamental-fundamental-data,Fundamental Data
fnd28_pftlta_value_08376a,value of annual field: Return on Invested Capital,"{'id': 'fundamental28', 'name': 'Global Fundamental Data'}","{'id': 'fundamental', 'name': 'Fundamental'}","{'id': 'fundamental-fundamental-data', 'name': 'Fundamental Data'}",GLB,1,TOPDIV3000,MATRIX,1.0,1.0,1,1,1.6,[],fundamental28,Global Fundamental Data,fundamental,Fundamental,fundamental-fundamental-data,Fundamental Data
fnd28_pftlta_value_08380a,value of annual field: Return On Invested Capital - 5 Yr Avg,"{'id': 'fundamental28', 'name': 'Global Fundamental Data'}","{'id': 'fundamental', 'name': 'Fundamental'}","{'id': 'fundamental-fundamental-data', 'name': 'Fundamental Data'}",GLB,1,TOPDIV3000,MATRIX,1.0,0.9662,1,1,1.6,[],fundamental28,Global Fundamental Data,fundamental,Fundamental,fundamental-fundamental-data,Fundamental Data
fnd28_pftlta_value_08381a,value of annual field: Cash Earnings Return on Equity,"{'id': 'fundamental28', 'name': 'Global Fundamental Data'}","{'id': 'fundamental', 'name': 'Fundamental'}","{'id': 'fundamental-fundamental-data', 'name': 'Fundamental Data'}",GLB,1,TOPDIV3000,MATRIX,1.0,1.0,2,2,1.6,[],fundamental28,Global Fundamental Data,fundamental,Fundamental,fundamental-fundamental-data,Fundamental Data
fnd28_pftlta_value_08385a,value of annual field: Cash Earnings Return On Equity - 5 Yr Avg,"{'id': 'fundamental28', 'name': 'Global Fundamental Data'}","{'id': 'fundamental', 'name': 'Fundamental'}","{'id': 'fundamental-fundamental-data', 'name': 'Fundamental Data'}",GLB,1,TOPDIV3000,MATRIX,1.0,0.952,1,1,1.6,[],fundamental28,Global Fundamental Data,fundamental,Fundamental,fundamental-fundamental-data,Fundamental Data
fnd28_pftlta_value_08651a,value of annual field: Reinvestment Rate - per Share,"{'id': 'fundamental28', 'name': 'Global Fundamental Data'}","{'id': 'fundamental', 'name': 'Fundamental'}","{'id': 'fundamental-fundamental-data', 'name': 'Fundamental Data'}",GLB,1,TOPDIV3000,MATRIX,1.0,1.0,0,0,1.6,[],fundamental28,Global Fundamental Data,fundamental,Fundamental,fundamental-fundamental-data,Fundamental Data
fnd28_pftlta_value_08653a,value of annual field: Reinvestment Rate Per Share (Fiscal),"{'id': 'fundamental28', 'name': 'Global Fundamental Data'}","{'id': 'fundamental', 'name': 'Fundamental'}","{'id': 'fundamental-fundamental-data', 'name': 'Fundamental Data'}",GLB,1,TOPDIV3000,MATRIX,1.0,1.0,0,0,1.6,[],fundamental28,Global Fundamental Data,fundamental,Fundamental,fundamental-fundamental-data,Fundamental Data
fnd28_pftlta_value_08655a,value of annual field: Reinvestment Rate - Per Share - 5 Yr Avg,"{'id': 'fundamental28', 'name': 'Global Fundamental Data'}","{'id': 'fundamental', 'name': 'Fundamental'}","{'id': 'fundamental-fundamental-data', 'name': 'Fundamental Data'}",GLB,1,TOPDIV3000,MATRIX,1.0,0.926,0,0,1.6,[],fundamental28,Global Fundamental Data,fundamental,Fundamental,fundamental-fundamental-data,Fundamental Data
fnd28_pftlta_value_08656a,value of annual field: Reinvestment Rate - Total,"{'id': 'fundamental28', 'name': 'Global Fundamental Data'}","{'id': 'fundamental', 'name': 'Fundamental'}","{'id': 'fundamental-fundamental-data', 'name': 'Fundamental Data'}",GLB,1,TOPDIV3000,MATRIX,1.0,1.0,0,0,1.6,[],fundamental28,Global Fundamental Data,fundamental,Fundamental,fundamental-fundamental-data,Fundamental Data
fnd28_pftlta_value_08660a,value of annual field: Reinvestment Rate - Total $ - 5 Yr Avg,"{'id': 'fundamental28', 'name': 'Global Fundamental Data'}","{'id': 'fundamental', 'name': 'Fundamental'}","{'id': 'fundamental-fundamental-data', 'name': 'Fundamental Data'}",GLB,1,TOPDIV3000,MATRIX,1.0,0.9442,0,0,1.6,[],fundamental28,Global Fundamental Data,fundamental,Fundamental,fundamental-fundamental-data,Fundamental Data
fnd28_pftlta_value_08901a,value of annual field: Accounts Payable % Sales,"{'id': 'fundamental28', 'name': 'Global Fundamental Data'}","{'id': 'fundamental', 'name': 'Fundamental'}","{'id': 'fundamental-fundamental-data', 'name': 'Fundamental Data'}",GLB,1,TOPDIV3000,MATRIX,1.0,0.8753,0,0,1.6,[],fundamental28,Global Fundamental Data,fundamental,Fundamental,fundamental-fundamental-data,Fundamental Data
fnd28_pftlta_value_08905a,value of annual field: Accounts Payable/Sales - 5 Yr Avg,"{'id': 'fundamental28', 'name': 'Global Fundamental Data'}","{'id': 'fundamental', 'name': 'Fundamental'}","{'id': 'fundamental-fundamental-data', 'name': 'Fundamental Data'}",GLB,1,TOPDIV3000,MATRIX,1.0,0.8253,0,0,1.6,[],fundamental28,Global Fundamental Data,fundamental,Fundamental,fundamental-fundamental-data,Fundamental Data
fnd28_pftlta_value_08911a,value of annual field: Retained Earnings % Equity,"{'id': 'fundamental28', 'name': 'Global Fundamental Data'}","{'id': 'fundamental', 'name': 'Fundamental'}","{'id': 'fundamental-fundamental-data', 'name': 'Fundamental Data'}",GLB,1,TOPDIV3000,MATRIX,1.0,1.0,0,0,1.6,[],fundamental28,Global Fundamental Data,fundamental,Fundamental,fundamental-fundamental-data,Fundamental Data
fnd28_pftlta_value_08915a,value of annual field: Retained Earnings % Equity,"{'id': 'fundamental28', 'name': 'Global Fundamental Data'}","{'id': 'fundamental', 'name': 'Fundamental'}","{'id': 'fundamental-fundamental-data', 'name': 'Fundamental Data'}",GLB,1,TOPDIV3000,MATRIX,1.0,0.97,2,2,1.6,[],fundamental28,Global Fundamental Data,fundamental,Fundamental,fundamental-fundamental-data,Fundamental Data
fnd28_ratesq_value_08106q,value of quarterly field: Current Ratio,"{'id': 'fundamental28', 'name': 'Global Fundamental Data'}","{'id': 'fundamental', 'name': 'Fundamental'}","{'id': 'fundamental-fundamental-data', 'name': 'Fundamental Data'}",GLB,1,TOPDIV3000,MATRIX,1.0,0.672,4,23,1.6,[],fundamental28,Global Fundamental Data,fundamental,Fundamental,fundamental-fundamental-data,Fundamental Data
fnd28_ratesq_value_08111q,value of quarterly field: Cash & Equivalents % Total Current Assets Company Specific Accounting Practices,"{'id': 'fundamental28', 'name': 'Global Fundamental Data'}","{'id': 'fundamental', 'name': 'Fundamental'}","{'id': 'fundamental-fundamental-data', 'name': 'Fundamental Data'}",GLB,1,TOPDIV3000,MATRIX,1.0,0.6714,0,0,1.6,[],fundamental28,Global Fundamental Data,fundamental,Fundamental,fundamental-fundamental-data,Fundamental Data
fnd28_ratesq_value_08226q,value of quarterly field: Long Term Debt % Common Equity,"{'id': 'fundamental28', 'name': 'Global Fundamental Data'}","{'id': 'fundamental', 'name': 'Fundamental'}","{'id': 'fundamental-fundamental-data', 'name': 'Fundamental Data'}",GLB,1,TOPDIV3000,MATRIX,1.0,0.7769,1,1,1.6,[],fundamental28,Global Fundamental Data,fundamental,Fundamental,fundamental-fundamental-data,Fundamental Data
fnd28_ratesq_value_08231q,value of quarterly field: Total Debt % Common Equity,"{'id': 'fundamental28', 'name': 'Global Fundamental Data'}","{'id': 'fundamental', 'name': 'Fundamental'}","{'id': 'fundamental-fundamental-data', 'name': 'Fundamental Data'}",GLB,1,TOPDIV3000,MATRIX,1.0,0.7783,0,0,1.6,[],fundamental28,Global Fundamental Data,fundamental,Fundamental,fundamental-fundamental-data,Fundamental Data
fnd28_ratesq_value_08236q,value of quarterly field: Total Debt % Total Assets,"{'id': 'fundamental28', 'name': 'Global Fundamental Data'}","{'id': 'fundamental', 'name': 'Fundamental'}","{'id': 'fundamental-fundamental-data', 'name': 'Fundamental Data'}",GLB,1,TOPDIV3000,MATRIX,1.0,0.7756,0,0,1.6,[],fundamental28,Global Fundamental Data,fundamental,Fundamental,fundamental-fundamental-data,Fundamental Data
fnd28_ratesq_value_08241q,value of quarterly field: Common Equity % Total Assets,"{'id': 'fundamental28', 'name': 'Global Fundamental Data'}","{'id': 'fundamental', 'name': 'Fundamental'}","{'id': 'fundamental-fundamental-data', 'name': 'Fundamental Data'}",GLB,1,TOPDIV3000,MATRIX,1.0,0.7793,4,8,1.6,[],fundamental28,Global Fundamental Data,fundamental,Fundamental,fundamental-fundamental-data,Fundamental Data
fnd28_ratesq_value_08251q,value of quarterly field: Fixed Charge Coverage Ratio,"{'id': 'fundamental28', 'name': 'Global Fundamental Data'}","{'id': 'fundamental', 'name': 'Fundamental'}","{'id': 'fundamental-fundamental-data', 'name': 'Fundamental Data'}",GLB,1,TOPDIV3000,MATRIX,1.0,0.6214,0,0,1.6,[],fundamental28,Global Fundamental Data,fundamental,Fundamental,fundamental-fundamental-data,Fundamental Data
fnd28_ratesq_value_08261q,value of quarterly field: Operating Cash/Fixed Charges,"{'id': 'fundamental28', 'name': 'Global Fundamental Data'}","{'id': 'fundamental', 'name': 'Fundamental'}","{'id': 'fundamental-fundamental-data', 'name': 'Fundamental Data'}",GLB,1,TOPDIV3000,MATRIX,1.0,0.6559,1,1,1.6,[],fundamental28,Global Fundamental Data,fundamental,Fundamental,fundamental-fundamental-data,Fundamental Data
fnd28_ratesq_value_08266q,value of quarterly field: Fixed Assets % Common Equity Company Specific Accounting Practices,"{'id': 'fundamental28', 'name': 'Global Fundamental Data'}","{'id': 'fundamental', 'name': 'Fundamental'}","{'id': 'fundamental-fundamental-data', 'name': 'Fundamental Data'}",GLB,1,TOPDIV3000,MATRIX,1.0,0.7768,0,0,1.6,[],fundamental28,Global Fundamental Data,fundamental,Fundamental,fundamental-fundamental-data,Fundamental Data
fnd28_ratesq_value_08287q,value of quarterly field: Total Assets / Common Equity Ratio,"{'id': 'fundamental28', 'name': 'Global Fundamental Data'}","{'id': 'fundamental', 'name': 'Fundamental'}","{'id': 'fundamental-fundamental-data', 'name': 'Fundamental Data'}",GLB,1,TOPDIV3000,MATRIX,1.0,0.7791,2,6,1.6,[],fundamental28,Global Fundamental Data,fundamental,Fundamental,fundamental-fundamental-data,Fundamental Data
fnd28_ratesq_value_08301q,value of quarterly field: Return on Equity Total (%),"{'id': 'fundamental28', 'name': 'Global Fundamental Data'}","{'id': 'fundamental', 'name': 'Fundamental'}","{'id': 'fundamental-fundamental-data', 'name': 'Fundamental Data'}",GLB,1,TOPDIV3000,MATRIX,1.0,0.8043,0,0,1.6,[],fundamental28,Global Fundamental Data,fundamental,Fundamental,fundamental-fundamental-data,Fundamental Data
fnd28_ratesq_value_08306q,value of quarterly field: Gross Profit Margin,"{'id': 'fundamental28', 'name': 'Global Fundamental Data'}","{'id': 'fundamental', 'name': 'Fundamental'}","{'id': 'fundamental-fundamental-data', 'name': 'Fundamental Data'}",GLB,1,TOPDIV3000,MATRIX,1.0,0.6777,0,0,1.6,[],fundamental28,Global Fundamental Data,fundamental,Fundamental,fundamental-fundamental-data,Fundamental Data
fnd28_ratesq_value_08311q,value of quarterly field: Cash Flow/Sales,"{'id': 'fundamental28', 'name': 'Global Fundamental Data'}","{'id': 'fundamental', 'name': 'Fundamental'}","{'id': 'fundamental-fundamental-data', 'name': 'Fundamental Data'}",GLB,1,TOPDIV3000,MATRIX,1.0,0.7152,0,0,1.6,[],fundamental28,Global Fundamental Data,fundamental,Fundamental,fundamental-fundamental-data,Fundamental Data
fnd28_ratesq_value_08316q,value of quarterly field: Operating Profit Margin,"{'id': 'fundamental28', 'name': 'Global Fundamental Data'}","{'id': 'fundamental', 'name': 'Fundamental'}","{'id': 'fundamental-fundamental-data', 'name': 'Fundamental Data'}",GLB,1,TOPDIV3000,MATRIX,1.0,0.7792,0,0,1.6,[],fundamental28,Global Fundamental Data,fundamental,Fundamental,fundamental-fundamental-data,Fundamental Data
fnd28_ratesq_value_08321q,value of quarterly field: Pre-tax Margin,"{'id': 'fundamental28', 'name': 'Global Fundamental Data'}","{'id': 'fundamental', 'name': 'Fundamental'}","{'id': 'fundamental-fundamental-data', 'name': 'Fundamental Data'}",GLB,1,TOPDIV3000,MATRIX,1.0,0.7754,1,1,1.6,[],fundamental28,Global Fundamental Data,fundamental,Fundamental,fundamental-fundamental-data,Fundamental Data
fnd28_ratesq_value_08326q,value of quarterly field: Return on Assets,"{'id': 'fundamental28', 'name': 'Global Fundamental Data'}","{'id': 'fundamental', 'name': 'Fundamental'}","{'id': 'fundamental-fundamental-data', 'name': 'Fundamental Data'}",GLB,1,TOPDIV3000,MATRIX,1.0,0.8052,1,1,1.6,[],fundamental28,Global Fundamental Data,fundamental,Fundamental,fundamental-fundamental-data,Fundamental Data
fnd28_ratesq_value_08346q,value of quarterly field: Tax Rate,"{'id': 'fundamental28', 'name': 'Global Fundamental Data'}","{'id': 'fundamental', 'name': 'Fundamental'}","{'id': 'fundamental-fundamental-data', 'name': 'Fundamental Data'}",GLB,1,TOPDIV3000,MATRIX,1.0,0.7542,0,0,1.6,[],fundamental28,Global Fundamental Data,fundamental,Fundamental,fundamental-fundamental-data,Fundamental Data
fnd28_ratesq_value_08366q,value of quarterly field: Net Margin,"{'id': 'fundamental28', 'name': 'Global Fundamental Data'}","{'id': 'fundamental', 'name': 'Fundamental'}","{'id': 'fundamental-fundamental-data', 'name': 'Fundamental Data'}",GLB,1,TOPDIV3000,MATRIX,1.0,0.7771,0,0,1.6,[],fundamental28,Global Fundamental Data,fundamental,Fundamental,fundamental-fundamental-data,Fundamental Data
fnd28_ratesq_value_08371q,value of quarterly field: Return on Equity - per Share,"{'id': 'fundamental28', 'name': 'Global Fundamental Data'}","{'id': 'fundamental', 'name': 'Fundamental'}","{'id': 'fundamental-fundamental-data', 'name': 'Fundamental Data'}",GLB,1,TOPDIV3000,MATRIX,1.0,0.8045,0,0,1.6,[],fundamental28,Global Fundamental Data,fundamental,Fundamental,fundamental-fundamental-data,Fundamental Data
fnd28_ratesq_value_08381q,value of quarterly field: Cash Earnings Return on Equity,"{'id': 'fundamental28', 'name': 'Global Fundamental Data'}","{'id': 'fundamental', 'name': 'Fundamental'}","{'id': 'fundamental-fundamental-data', 'name': 'Fundamental Data'}",GLB,1,TOPDIV3000,MATRIX,1.0,0.7073,1,1,1.6,[],fundamental28,Global Fundamental Data,fundamental,Fundamental,fundamental-fundamental-data,Fundamental Data
fnd28_ratesq_value_08401q,value of quarterly field: Total Asset Turnover,"{'id': 'fundamental28', 'name': 'Global Fundamental Data'}","{'id': 'fundamental', 'name': 'Fundamental'}","{'id': 'fundamental-fundamental-data', 'name': 'Fundamental Data'}",GLB,1,TOPDIV3000,MATRIX,1.0,0.7715,0,0,1.6,[],fundamental28,Global Fundamental Data,fundamental,Fundamental,fundamental-fundamental-data,Fundamental Data
fnd28_ratesq_value_08416q,value of quarterly field: Capital Expenditure % Total Assets,"{'id': 'fundamental28', 'name': 'Global Fundamental Data'}","{'id': 'fundamental', 'name': 'Fundamental'}","{'id': 'fundamental-fundamental-data', 'name': 'Fundamental Data'}",GLB,1,TOPDIV3000,MATRIX,1.0,0.6163,0,0,1.6,[],fundamental28,Global Fundamental Data,fundamental,Fundamental,fundamental-fundamental-data,Fundamental Data
fnd28_ratesq_value_08421q,value of quarterly field: Capital Expenditure % Sales,"{'id': 'fundamental28', 'name': 'Global Fundamental Data'}","{'id': 'fundamental', 'name': 'Fundamental'}","{'id': 'fundamental-fundamental-data', 'name': 'Fundamental Data'}",GLB,1,TOPDIV3000,MATRIX,1.0,0.6133,1,1,1.6,[],fundamental28,Global Fundamental Data,fundamental,Fundamental,fundamental-fundamental-data,Fundamental Data
fnd28_ratesq_value_08579q,value of quarterly field: Market Capitalization Growth (year ago) Profitability,"{'id': 'fundamental28', 'name': 'Global Fundamental Data'}","{'id': 'fundamental', 'name': 'Fundamental'}","{'id': 'fundamental-fundamental-data', 'name': 'Fundamental Data'}",GLB,1,TOPDIV3000,MATRIX,1.0,0.7421,0,0,1.6,[],fundamental28,Global Fundamental Data,fundamental,Fundamental,fundamental-fundamental-data,Fundamental Data
fnd28_ratesq_value_08601q,value of quarterly field: Earnings per Share Growth,"{'id': 'fundamental28', 'name': 'Global Fundamental Data'}","{'id': 'fundamental', 'name': 'Fundamental'}","{'id': 'fundamental-fundamental-data', 'name': 'Fundamental Data'}",GLB,1,TOPDIV3000,MATRIX,1.0,0.7364,0,0,1.6,[],fundamental28,Global Fundamental Data,fundamental,Fundamental,fundamental-fundamental-data,Fundamental Data
fnd28_ratesq_value_08606q,value of quarterly field: Book Value per Share Growth (year ago),"{'id': 'fundamental28', 'name': 'Global Fundamental Data'}","{'id': 'fundamental', 'name': 'Fundamental'}","{'id': 'fundamental-fundamental-data', 'name': 'Fundamental Data'}",GLB,1,TOPDIV3000,MATRIX,1.0,0.7726,1,1,1.6,[],fundamental28,Global Fundamental Data,fundamental,Fundamental,fundamental-fundamental-data,Fundamental Data
fnd28_ratesq_value_08611q,value of quarterly field: Dividends per Share Growth,"{'id': 'fundamental28', 'name': 'Global Fundamental Data'}","{'id': 'fundamental', 'name': 'Fundamental'}","{'id': 'fundamental-fundamental-data', 'name': 'Fundamental Data'}",GLB,1,TOPDIV3000,MATRIX,1.0,0.6362,1,1,1.6,[],fundamental28,Global Fundamental Data,fundamental,Fundamental,fundamental-fundamental-data,Fundamental Data
fnd28_ratesq_value_08616q,value of quarterly field: Equity Growth (year ago),"{'id': 'fundamental28', 'name': 'Global Fundamental Data'}","{'id': 'fundamental', 'name': 'Fundamental'}","{'id': 'fundamental-fundamental-data', 'name': 'Fundamental Data'}",GLB,1,TOPDIV3000,MATRIX,1.0,0.765,0,0,1.6,[],fundamental28,Global Fundamental Data,fundamental,Fundamental,fundamental-fundamental-data,Fundamental Data
fnd28_ratesq_value_08621q,value of quarterly field: Total Assets Growth (year ago),"{'id': 'fundamental28', 'name': 'Global Fundamental Data'}","{'id': 'fundamental', 'name': 'Fundamental'}","{'id': 'fundamental-fundamental-data', 'name': 'Fundamental Data'}",GLB,1,TOPDIV3000,MATRIX,1.0,0.7706,0,0,1.6,[],fundamental28,Global Fundamental Data,fundamental,Fundamental,fundamental-fundamental-data,Fundamental Data
fnd28_ratesq_value_08631q,value of quarterly field: Net Sales/Revenues Growth,"{'id': 'fundamental28', 'name': 'Global Fundamental Data'}","{'id': 'fundamental', 'name': 'Fundamental'}","{'id': 'fundamental-fundamental-data', 'name': 'Fundamental Data'}",GLB,1,TOPDIV3000,MATRIX,1.0,0.7675,0,0,1.6,[],fundamental28,Global Fundamental Data,fundamental,Fundamental,fundamental-fundamental-data,Fundamental Data
fnd28_ratesq_value_08636q,value of quarterly field: Net Income Growth,"{'id': 'fundamental28', 'name': 'Global Fundamental Data'}","{'id': 'fundamental', 'name': 'Fundamental'}","{'id': 'fundamental-fundamental-data', 'name': 'Fundamental Data'}",GLB,1,TOPDIV3000,MATRIX,1.0,0.7289,0,0,1.6,[],fundamental28,Global Fundamental Data,fundamental,Fundamental,fundamental-fundamental-data,Fundamental Data
fnd28_ratesq_value_08651q,value of quarterly field: Reinvestment Rate - per Share,"{'id': 'fundamental28', 'name': 'Global Fundamental Data'}","{'id': 'fundamental', 'name': 'Fundamental'}","{'id': 'fundamental-fundamental-data', 'name': 'Fundamental Data'}",GLB,1,TOPDIV3000,MATRIX,1.0,0.7999,0,0,1.6,[],fundamental28,Global Fundamental Data,fundamental,Fundamental,fundamental-fundamental-data,Fundamental Data
fnd28_ratesq_value_08676q,value of quarterly field: Net Margin Growth,"{'id': 'fundamental28', 'name': 'Global Fundamental Data'}","{'id': 'fundamental', 'name': 'Fundamental'}","{'id': 'fundamental-fundamental-data', 'name': 'Fundamental Data'}",GLB,1,TOPDIV3000,MATRIX,1.0,0.7317,0,0,1.6,[],fundamental28,Global Fundamental Data,fundamental,Fundamental,fundamental-fundamental-data,Fundamental Data
fnd28_ratesq_value_08801q,value of quarterly field: Total Investment Return year ago Growth Rates,"{'id': 'fundamental28', 'name': 'Global Fundamental Data'}","{'id': 'fundamental', 'name': 'Fundamental'}","{'id': 'fundamental-fundamental-data', 'name': 'Fundamental Data'}",GLB,1,TOPDIV3000,MATRIX,1.0,0.7813,0,0,1.6,[],fundamental28,Global Fundamental Data,fundamental,Fundamental,fundamental-fundamental-data,Fundamental Data
fnd28_statisticsa_value_05101a,value of annual field: Dividends per Share,"{'id': 'fundamental28', 'name': 'Global Fundamental Data'}","{'id': 'fundamental', 'name': 'Fundamental'}","{'id': 'fundamental-fundamental-data', 'name': 'Fundamental Data'}",GLB,1,TOPDIV3000,MATRIX,1.0,0.8219,2,11,1.6,[],fundamental28,Global Fundamental Data,fundamental,Fundamental,fundamental-fundamental-data,Fundamental Data
fnd28_statisticsa_value_05140a,value of annual field: Dividends Per Share - 5 Yr Avg,"{'id': 'fundamental28', 'name': 'Global Fundamental Data'}","{'id': 'fundamental', 'name': 'Fundamental'}","{'id': 'fundamental-fundamental-data', 'name': 'Fundamental Data'}",GLB,1,TOPDIV3000,MATRIX,1.0,0.8123,0,0,1.6,[],fundamental28,Global Fundamental Data,fundamental,Fundamental,fundamental-fundamental-data,Fundamental Data
fnd28_statisticsa_value_05201a,Value of annual field: Earnings per Share (Supported for Non-U.S. only),"{'id': 'fundamental28', 'name': 'Global Fundamental Data'}","{'id': 'fundamental', 'name': 'Fundamental'}","{'id': 'fundamental-fundamental-data', 'name': 'Fundamental Data'}",GLB,1,TOPDIV3000,MATRIX,1.0,1.0,0,0,1.6,[],fundamental28,Global Fundamental Data,fundamental,Fundamental,fundamental-fundamental-data,Fundamental Data
fnd28_statisticsa_value_05210a,value of annual field: Earnings per Share Basic Year,"{'id': 'fundamental28', 'name': 'Global Fundamental Data'}","{'id': 'fundamental', 'name': 'Fundamental'}","{'id': 'fundamental-fundamental-data', 'name': 'Fundamental Data'}",GLB,1,TOPDIV3000,MATRIX,1.0,1.0,0,0,1.6,[],fundamental28,Global Fundamental Data,fundamental,Fundamental,fundamental-fundamental-data,Fundamental Data
fnd28_statisticsa_value_05228a,value of annual field: Discontinued Operations per Share,"{'id': 'fundamental28', 'name': 'Global Fundamental Data'}","{'id': 'fundamental', 'name': 'Fundamental'}","{'id': 'fundamental-fundamental-data', 'name': 'Fundamental Data'}",GLB,1,TOPDIV3000,MATRIX,1.0,0.7546,0,0,1.6,[],fundamental28,Global Fundamental Data,fundamental,Fundamental,fundamental-fundamental-data,Fundamental Data
fnd28_statisticsa_value_05230a,value of annual field: Earnings per Share after Extraordinary Items,"{'id': 'fundamental28', 'name': 'Global Fundamental Data'}","{'id': 'fundamental', 'name': 'Fundamental'}","{'id': 'fundamental-fundamental-data', 'name': 'Fundamental Data'}",GLB,1,TOPDIV3000,MATRIX,1.0,1.0,0,0,1.6,[],fundamental28,Global Fundamental Data,fundamental,Fundamental,fundamental-fundamental-data,Fundamental Data
fnd28_statisticsa_value_05260a,value of annual field: Earnings Per Share - 5 Yr Avg,"{'id': 'fundamental28', 'name': 'Global Fundamental Data'}","{'id': 'fundamental', 'name': 'Fundamental'}","{'id': 'fundamental-fundamental-data', 'name': 'Fundamental Data'}",GLB,1,TOPDIV3000,MATRIX,1.0,0.9916,0,0,1.6,[],fundamental28,Global Fundamental Data,fundamental,Fundamental,fundamental-fundamental-data,Fundamental Data
fnd28_statisticsa_value_05290a,value of annual field: Fully Diluted Earnings per Share,"{'id': 'fundamental28', 'name': 'Global Fundamental Data'}","{'id': 'fundamental', 'name': 'Fundamental'}","{'id': 'fundamental-fundamental-data', 'name': 'Fundamental Data'}",GLB,1,TOPDIV3000,MATRIX,1.0,0.9872,0,0,1.6,[],fundamental28,Global Fundamental Data,fundamental,Fundamental,fundamental-fundamental-data,Fundamental Data
fnd28_statisticsa_value_05301a,value of annual field: Common Shares Outstanding,"{'id': 'fundamental28', 'name': 'Global Fundamental Data'}","{'id': 'fundamental', 'name': 'Fundamental'}","{'id': 'fundamental-fundamental-data', 'name': 'Fundamental Data'}",GLB,1,TOPDIV3000,MATRIX,1.0,1.0,0,0,1.6,[],fundamental28,Global Fundamental Data,fundamental,Fundamental,fundamental-fundamental-data,Fundamental Data
fnd28_statisticsa_value_05303a,value of annual field: Treasury Shares,"{'id': 'fundamental28', 'name': 'Global Fundamental Data'}","{'id': 'fundamental', 'name': 'Fundamental'}","{'id': 'fundamental-fundamental-data', 'name': 'Fundamental Data'}",GLB,1,TOPDIV3000,MATRIX,1.0,0.6301,0,0,1.6,[],fundamental28,Global Fundamental Data,fundamental,Fundamental,fundamental-fundamental-data,Fundamental Data
fnd28_statisticsa_value_05309a,value of annual field: Par Value,"{'id': 'fundamental28', 'name': 'Global Fundamental Data'}","{'id': 'fundamental', 'name': 'Fundamental'}","{'id': 'fundamental-fundamental-data', 'name': 'Fundamental Data'}",GLB,1,TOPDIV3000,MATRIX,1.0,0.7005,0,0,1.6,[],fundamental28,Global Fundamental Data,fundamental,Fundamental,fundamental-fundamental-data,Fundamental Data
fnd28_statisticsa_value_05326a,value of annual field: Number of Shares Authorized,"{'id': 'fundamental28', 'name': 'Global Fundamental Data'}","{'id': 'fundamental', 'name': 'Fundamental'}","{'id': 'fundamental-fundamental-data', 'name': 'Fundamental Data'}",GLB,1,TOPDIV3000,MATRIX,1.0,0.7671,0,0,1.6,[],fundamental28,Global Fundamental Data,fundamental,Fundamental,fundamental-fundamental-data,Fundamental Data
fnd28_statisticsa_value_05476a,value of annual field: Book Value per Share,"{'id': 'fundamental28', 'name': 'Global Fundamental Data'}","{'id': 'fundamental', 'name': 'Fundamental'}","{'id': 'fundamental-fundamental-data', 'name': 'Fundamental Data'}",GLB,1,TOPDIV3000,MATRIX,1.0,1.0,0,0,1.6,[],fundamental28,Global Fundamental Data,fundamental,Fundamental,fundamental-fundamental-data,Fundamental Data
fnd28_statisticsa_value_05486a,value of annual field: Tangible Book Value per Share,"{'id': 'fundamental28', 'name': 'Global Fundamental Data'}","{'id': 'fundamental', 'name': 'Fundamental'}","{'id': 'fundamental-fundamental-data', 'name': 'Fundamental Data'}",GLB,1,TOPDIV3000,MATRIX,1.0,1.0,0,0,1.6,[],fundamental28,Global Fundamental Data,fundamental,Fundamental,fundamental-fundamental-data,Fundamental Data
fnd28_statisticsa_value_05501a,value of annual field: Cash Flow per Share,"{'id': 'fundamental28', 'name': 'Global Fundamental Data'}","{'id': 'fundamental', 'name': 'Fundamental'}","{'id': 'fundamental-fundamental-data', 'name': 'Fundamental Data'}",GLB,1,TOPDIV3000,MATRIX,1.0,1.0,0,0,1.6,[],fundamental28,Global Fundamental Data,fundamental,Fundamental,fundamental-fundamental-data,Fundamental Data
fnd28_statisticsa_value_05502a,value of annual field: Cash Flow per Share Fiscal Period,"{'id': 'fundamental28', 'name': 'Global Fundamental Data'}","{'id': 'fundamental', 'name': 'Fundamental'}","{'id': 'fundamental-fundamental-data', 'name': 'Fundamental Data'}",GLB,1,TOPDIV3000,MATRIX,1.0,1.0,0,0,1.6,[],fundamental28,Global Fundamental Data,fundamental,Fundamental,fundamental-fundamental-data,Fundamental Data
fnd28_statisticsa_value_05503a,value of annual field: Long Term Liabilities per Share,"{'id': 'fundamental28', 'name': 'Global Fundamental Data'}","{'id': 'fundamental', 'name': 'Fundamental'}","{'id': 'fundamental-fundamental-data', 'name': 'Fundamental Data'}",GLB,1,TOPDIV3000,MATRIX,1.0,0.8913,0,0,1.6,[],fundamental28,Global Fundamental Data,fundamental,Fundamental,fundamental-fundamental-data,Fundamental Data
fnd28_statisticsa_value_05505a,value of annual field: Capital Expenditure per Share,"{'id': 'fundamental28', 'name': 'Global Fundamental Data'}","{'id': 'fundamental', 'name': 'Fundamental'}","{'id': 'fundamental-fundamental-data', 'name': 'Fundamental Data'}",GLB,1,TOPDIV3000,MATRIX,1.0,0.8987,0,0,1.6,[],fundamental28,Global Fundamental Data,fundamental,Fundamental,fundamental-fundamental-data,Fundamental Data
fnd28_statisticsa_value_05506a,value of annual field: Working Capital per Share,"{'id': 'fundamental28', 'name': 'Global Fundamental Data'}","{'id': 'fundamental', 'name': 'Fundamental'}","{'id': 'fundamental-fundamental-data', 'name': 'Fundamental Data'}",GLB,1,TOPDIV3000,MATRIX,1.0,0.8839,0,0,1.6,[],fundamental28,Global Fundamental Data,fundamental,Fundamental,fundamental-fundamental-data,Fundamental Data
fnd28_statisticsa_value_05507a,value of annual field: Free Cash Flow per Share,"{'id': 'fundamental28', 'name': 'Global Fundamental Data'}","{'id': 'fundamental', 'name': 'Fundamental'}","{'id': 'fundamental-fundamental-data', 'name': 'Fundamental Data'}",GLB,1,TOPDIV3000,MATRIX,1.0,1.0,0,0,1.6,[],fundamental28,Global Fundamental Data,fundamental,Fundamental,fundamental-fundamental-data,Fundamental Data
fnd28_statisticsa_value_05508a,value of annual field: Sales per Share,"{'id': 'fundamental28', 'name': 'Global Fundamental Data'}","{'id': 'fundamental', 'name': 'Fundamental'}","{'id': 'fundamental-fundamental-data', 'name': 'Fundamental Data'}",GLB,1,TOPDIV3000,MATRIX,1.0,1.0,0,0,1.6,[],fundamental28,Global Fundamental Data,fundamental,Fundamental,fundamental-fundamental-data,Fundamental Data
fnd28_statisticsa_value_05509a,value of annual field: Operating Profit per Share,"{'id': 'fundamental28', 'name': 'Global Fundamental Data'}","{'id': 'fundamental', 'name': 'Fundamental'}","{'id': 'fundamental-fundamental-data', 'name': 'Fundamental Data'}",GLB,1,TOPDIV3000,MATRIX,1.0,1.0,0,0,1.6,[],fundamental28,Global Fundamental Data,fundamental,Fundamental,fundamental-fundamental-data,Fundamental Data
fnd28_statisticsa_value_07230a,value of annual field: Total Assets (U.S.$),"{'id': 'fundamental28', 'name': 'Global Fundamental Data'}","{'id': 'fundamental', 'name': 'Fundamental'}","{'id': 'fundamental-fundamental-data', 'name': 'Fundamental Data'}",GLB,1,TOPDIV3000,MATRIX,1.0,1.0,0,0,1.6,[],fundamental28,Global Fundamental Data,fundamental,Fundamental,fundamental-fundamental-data,Fundamental Data
fnd28_statisticsa_value_07240a,value of annual field: Net Sales or Revenues (U.S.$),"{'id': 'fundamental28', 'name': 'Global Fundamental Data'}","{'id': 'fundamental', 'name': 'Fundamental'}","{'id': 'fundamental-fundamental-data', 'name': 'Fundamental Data'}",GLB,1,TOPDIV3000,MATRIX,1.0,1.0,0,0,1.6,[],fundamental28,Global Fundamental Data,fundamental,Fundamental,fundamental-fundamental-data,Fundamental Data
fnd28_statisticsa_value_07250a,value of annual field: Net Income (U.S.$),"{'id': 'fundamental28', 'name': 'Global Fundamental Data'}","{'id': 'fundamental', 'name': 'Fundamental'}","{'id': 'fundamental-fundamental-data', 'name': 'Fundamental Data'}",GLB,1,TOPDIV3000,MATRIX,1.0,1.0,0,0,1.6,[],fundamental28,Global Fundamental Data,fundamental,Fundamental,fundamental-fundamental-data,Fundamental Data
fnd28_statisticsa_value_18100a,value of annual field: Enterprise Value,"{'id': 'fundamental28', 'name': 'Global Fundamental Data'}","{'id': 'fundamental', 'name': 'Fundamental'}","{'id': 'fundamental-fundamental-data', 'name': 'Fundamental Data'}",GLB,1,TOPDIV3000,MATRIX,1.0,1.0,1,1,1.6,[],fundamental28,Global Fundamental Data,fundamental,Fundamental,fundamental-fundamental-data,Fundamental Data
fnd28_statisticsq_value_05301q,value of quarterly field: Common Shares Outstanding,"{'id': 'fundamental28', 'name': 'Global Fundamental Data'}","{'id': 'fundamental', 'name': 'Fundamental'}","{'id': 'fundamental-fundamental-data', 'name': 'Fundamental Data'}",GLB,1,TOPDIV3000,MATRIX,1.0,0.8521,1,1,1.6,[],fundamental28,Global Fundamental Data,fundamental,Fundamental,fundamental-fundamental-data,Fundamental Data
fnd28_statisticsq_value_05303q,value of quarterly field: Treasury Shares,"{'id': 'fundamental28', 'name': 'Global Fundamental Data'}","{'id': 'fundamental', 'name': 'Fundamental'}","{'id': 'fundamental-fundamental-data', 'name': 'Fundamental Data'}",GLB,1,TOPDIV3000,MATRIX,1.0,0.7476,0,0,1.6,[],fundamental28,Global Fundamental Data,fundamental,Fundamental,fundamental-fundamental-data,Fundamental Data
fnd28_statisticsq_value_05309q,value of quarterly field: Par Value,"{'id': 'fundamental28', 'name': 'Global Fundamental Data'}","{'id': 'fundamental', 'name': 'Fundamental'}","{'id': 'fundamental-fundamental-data', 'name': 'Fundamental Data'}",GLB,1,TOPDIV3000,MATRIX,1.0,0.5581,0,0,1.6,[],fundamental28,Global Fundamental Data,fundamental,Fundamental,fundamental-fundamental-data,Fundamental Data
fnd28_statisticsq_value_05486q,value of quarterly field: Tangible Book Value per Share,"{'id': 'fundamental28', 'name': 'Global Fundamental Data'}","{'id': 'fundamental', 'name': 'Fundamental'}","{'id': 'fundamental-fundamental-data', 'name': 'Fundamental Data'}",GLB,1,TOPDIV3000,MATRIX,1.0,0.8214,0,0,1.6,[],fundamental28,Global Fundamental Data,fundamental,Fundamental,fundamental-fundamental-data,Fundamental Data
fnd28_statisticsq_value_05502q,value of quarterly field: Cash Flow per Share Fiscal Period,"{'id': 'fundamental28', 'name': 'Global Fundamental Data'}","{'id': 'fundamental', 'name': 'Fundamental'}","{'id': 'fundamental-fundamental-data', 'name': 'Fundamental Data'}",GLB,1,TOPDIV3000,MATRIX,1.0,0.7862,0,0,1.6,[],fundamental28,Global Fundamental Data,fundamental,Fundamental,fundamental-fundamental-data,Fundamental Data
fnd28_statisticsq_value_07230q,value of quarterly field: Total Assets (U.S.$),"{'id': 'fundamental28', 'name': 'Global Fundamental Data'}","{'id': 'fundamental', 'name': 'Fundamental'}","{'id': 'fundamental-fundamental-data', 'name': 'Fundamental Data'}",GLB,1,TOPDIV3000,MATRIX,1.0,0.8385,0,0,1.6,[],fundamental28,Global Fundamental Data,fundamental,Fundamental,fundamental-fundamental-data,Fundamental Data
fnd28_statisticsq_value_18208q,value of quarterly field: Earnings per Share Continuing Operations,"{'id': 'fundamental28', 'name': 'Global Fundamental Data'}","{'id': 'fundamental', 'name': 'Fundamental'}","{'id': 'fundamental-fundamental-data', 'name': 'Fundamental Data'}",GLB,1,TOPDIV3000,MATRIX,1.0,0.7087,0,0,1.6,[],fundamental28,Global Fundamental Data,fundamental,Fundamental,fundamental-fundamental-data,Fundamental Data
fnd28_stpera_value_08801a,value of annual field: Total Investment Return year ago Growth Rates,"{'id': 'fundamental28', 'name': 'Global Fundamental Data'}","{'id': 'fundamental', 'name': 'Fundamental'}","{'id': 'fundamental-fundamental-data', 'name': 'Fundamental Data'}",GLB,1,TOPDIV3000,MATRIX,1.0,1.0,2,6,1.6,[],fundamental28,Global Fundamental Data,fundamental,Fundamental,fundamental-fundamental-data,Fundamental Data
fnd28_stpera_value_08803a,Value of annual field: Total Investment Return - 3 Yr Annual Return 5 Year Averages,"{'id': 'fundamental28', 'name': 'Global Fundamental Data'}","{'id': 'fundamental', 'name': 'Fundamental'}","{'id': 'fundamental-fundamental-data', 'name': 'Fundamental Data'}",GLB,1,TOPDIV3000,MATRIX,1.0,0.9657,0,0,1.6,[],fundamental28,Global Fundamental Data,fundamental,Fundamental,fundamental-fundamental-data,Fundamental Data
fnd28_stpera_value_08805a,value of annual field: Total Investment Return - 5 Yr Annual Return,"{'id': 'fundamental28', 'name': 'Global Fundamental Data'}","{'id': 'fundamental', 'name': 'Fundamental'}","{'id': 'fundamental-fundamental-data', 'name': 'Fundamental Data'}",GLB,1,TOPDIV3000,MATRIX,1.0,0.9162,0,0,1.6,[],fundamental28,Global Fundamental Data,fundamental,Fundamental,fundamental-fundamental-data,Fundamental Data
fnd28_stpera_value_08806a,value of annual field: Price Volatility,"{'id': 'fundamental28', 'name': 'Global Fundamental Data'}","{'id': 'fundamental', 'name': 'Fundamental'}","{'id': 'fundamental-fundamental-data', 'name': 'Fundamental Data'}",GLB,1,TOPDIV3000,MATRIX,1.0,0.9429,1,1,1.6,[],fundamental28,Global Fundamental Data,fundamental,Fundamental,fundamental-fundamental-data,Fundamental Data
fnd28_stpera_value_09111a,value of annual field: Price/Earnings Ratio - 5 Yr Avg High,"{'id': 'fundamental28', 'name': 'Global Fundamental Data'}","{'id': 'fundamental', 'name': 'Fundamental'}","{'id': 'fundamental-fundamental-data', 'name': 'Fundamental Data'}",GLB,1,TOPDIV3000,MATRIX,1.0,0.9401,0,0,1.6,[],fundamental28,Global Fundamental Data,fundamental,Fundamental,fundamental-fundamental-data,Fundamental Data
fnd28_stpera_value_09116a,value of annual field: Price/Earnings Ratio - 5 Yr Avg Low,"{'id': 'fundamental28', 'name': 'Global Fundamental Data'}","{'id': 'fundamental', 'name': 'Fundamental'}","{'id': 'fundamental-fundamental-data', 'name': 'Fundamental Data'}",GLB,1,TOPDIV3000,MATRIX,1.0,0.9405,0,0,1.6,[],fundamental28,Global Fundamental Data,fundamental,Fundamental,fundamental-fundamental-data,Fundamental Data
fnd28_stpera_value_09121a,value of annual field: Price/Earnings Ratio - 5 Yr Avg - Close,"{'id': 'fundamental28', 'name': 'Global Fundamental Data'}","{'id': 'fundamental', 'name': 'Fundamental'}","{'id': 'fundamental-fundamental-data', 'name': 'Fundamental Data'}",GLB,1,TOPDIV3000,MATRIX,1.0,0.9411,0,0,1.6,[],fundamental28,Global Fundamental Data,fundamental,Fundamental,fundamental-fundamental-data,Fundamental Data
fnd28_stpera_value_09126a,value of annual field: Price/Earnings Ratio - 5 Yr Avg High-Low,"{'id': 'fundamental28', 'name': 'Global Fundamental Data'}","{'id': 'fundamental', 'name': 'Fundamental'}","{'id': 'fundamental-fundamental-data', 'name': 'Fundamental Data'}",GLB,1,TOPDIV3000,MATRIX,1.0,0.9403,0,0,1.6,[],fundamental28,Global Fundamental Data,fundamental,Fundamental,fundamental-fundamental-data,Fundamental Data
fnd28_stpera_value_09211a,value of annual field: Earnings Yield - 5 Yr Avg High,"{'id': 'fundamental28', 'name': 'Global Fundamental Data'}","{'id': 'fundamental', 'name': 'Fundamental'}","{'id': 'fundamental-fundamental-data', 'name': 'Fundamental Data'}",GLB,1,TOPDIV3000,MATRIX,1.0,0.9405,0,0,1.6,[],fundamental28,Global Fundamental Data,fundamental,Fundamental,fundamental-fundamental-data,Fundamental Data
fnd28_stpera_value_09216a,value of annual field: Earnings Yield - 5 Yr Avg Low,"{'id': 'fundamental28', 'name': 'Global Fundamental Data'}","{'id': 'fundamental', 'name': 'Fundamental'}","{'id': 'fundamental-fundamental-data', 'name': 'Fundamental Data'}",GLB,1,TOPDIV3000,MATRIX,1.0,0.9405,0,0,1.6,[],fundamental28,Global Fundamental Data,fundamental,Fundamental,fundamental-fundamental-data,Fundamental Data
fnd28_stpera_value_09221a,value of annual field: Earnings Yield - 5 Yr Avg - Close,"{'id': 'fundamental28', 'name': 'Global Fundamental Data'}","{'id': 'fundamental', 'name': 'Fundamental'}","{'id': 'fundamental-fundamental-data', 'name': 'Fundamental Data'}",GLB,1,TOPDIV3000,MATRIX,1.0,0.9413,0,0,1.6,[],fundamental28,Global Fundamental Data,fundamental,Fundamental,fundamental-fundamental-data,Fundamental Data
fnd28_stpera_value_09226a,Value of annual field: Earnings Yield - 5 Yr Avg High-Low,"{'id': 'fundamental28', 'name': 'Global Fundamental Data'}","{'id': 'fundamental', 'name': 'Fundamental'}","{'id': 'fundamental-fundamental-data', 'name': 'Fundamental Data'}",GLB,1,TOPDIV3000,MATRIX,1.0,0.9405,0,0,1.6,[],fundamental28,Global Fundamental Data,fundamental,Fundamental,fundamental-fundamental-data,Fundamental Data
fnd28_stpera_value_09311a,value of annual field: Price/Book Value Ratio - 5 Yr Avg High,"{'id': 'fundamental28', 'name': 'Global Fundamental Data'}","{'id': 'fundamental', 'name': 'Fundamental'}","{'id': 'fundamental-fundamental-data', 'name': 'Fundamental Data'}",GLB,1,TOPDIV3000,MATRIX,1.0,0.94,0,0,1.6,[],fundamental28,Global Fundamental Data,fundamental,Fundamental,fundamental-fundamental-data,Fundamental Data
fnd28_stpera_value_09316a,value of annual field: Price/Book Value Ratio - 5 Yr Avg Low,"{'id': 'fundamental28', 'name': 'Global Fundamental Data'}","{'id': 'fundamental', 'name': 'Fundamental'}","{'id': 'fundamental-fundamental-data', 'name': 'Fundamental Data'}",GLB,1,TOPDIV3000,MATRIX,1.0,0.9401,0,0,1.6,[],fundamental28,Global Fundamental Data,fundamental,Fundamental,fundamental-fundamental-data,Fundamental Data
fnd28_stpera_value_09321a,value of annual field: Price/Book Value Ratio - 5 Yr Avg - Close,"{'id': 'fundamental28', 'name': 'Global Fundamental Data'}","{'id': 'fundamental', 'name': 'Fundamental'}","{'id': 'fundamental-fundamental-data', 'name': 'Fundamental Data'}",GLB,1,TOPDIV3000,MATRIX,1.0,0.9409,0,0,1.6,[],fundamental28,Global Fundamental Data,fundamental,Fundamental,fundamental-fundamental-data,Fundamental Data
fnd28_stpera_value_09326a,value of annual field: Price/Book Value Ratio - 5 Yr Avg High-Low,"{'id': 'fundamental28', 'name': 'Global Fundamental Data'}","{'id': 'fundamental', 'name': 'Fundamental'}","{'id': 'fundamental-fundamental-data', 'name': 'Fundamental Data'}",GLB,1,TOPDIV3000,MATRIX,1.0,0.9401,0,0,1.6,[],fundamental28,Global Fundamental Data,fundamental,Fundamental,fundamental-fundamental-data,Fundamental Data
fnd28_stpera_value_09411a,value of annual field: Dividend Yield - 5 Yr Avg High,"{'id': 'fundamental28', 'name': 'Global Fundamental Data'}","{'id': 'fundamental', 'name': 'Fundamental'}","{'id': 'fundamental-fundamental-data', 'name': 'Fundamental Data'}",GLB,1,TOPDIV3000,MATRIX,1.0,0.7946,0,0,1.6,[],fundamental28,Global Fundamental Data,fundamental,Fundamental,fundamental-fundamental-data,Fundamental Data
fnd28_stpera_value_09416a,value of annual field: Dividend Yield - 5 Yr Avg Low,"{'id': 'fundamental28', 'name': 'Global Fundamental Data'}","{'id': 'fundamental', 'name': 'Fundamental'}","{'id': 'fundamental-fundamental-data', 'name': 'Fundamental Data'}",GLB,1,TOPDIV3000,MATRIX,1.0,0.7946,1,1,1.6,[],fundamental28,Global Fundamental Data,fundamental,Fundamental,fundamental-fundamental-data,Fundamental Data
fnd28_stpera_value_09421a,value of annual field: Dividend Yield - 5 Yr Avg - Close,"{'id': 'fundamental28', 'name': 'Global Fundamental Data'}","{'id': 'fundamental', 'name': 'Fundamental'}","{'id': 'fundamental-fundamental-data', 'name': 'Fundamental Data'}",GLB,1,TOPDIV3000,MATRIX,1.0,0.7953,1,1,1.6,[],fundamental28,Global Fundamental Data,fundamental,Fundamental,fundamental-fundamental-data,Fundamental Data
fnd28_stpera_value_09426a,value of annual field: Dividend Yield - 5 Yr Avg High-Low,"{'id': 'fundamental28', 'name': 'Global Fundamental Data'}","{'id': 'fundamental', 'name': 'Fundamental'}","{'id': 'fundamental-fundamental-data', 'name': 'Fundamental Data'}",GLB,1,TOPDIV3000,MATRIX,1.0,0.8133,0,0,1.6,[],fundamental28,Global Fundamental Data,fundamental,Fundamental,fundamental-fundamental-data,Fundamental Data
fnd28_stpera_value_09521a,value of annual field: Dividend Payout Per Share - 5 Yr Avg,"{'id': 'fundamental28', 'name': 'Global Fundamental Data'}","{'id': 'fundamental', 'name': 'Fundamental'}","{'id': 'fundamental-fundamental-data', 'name': 'Fundamental Data'}",GLB,1,TOPDIV3000,MATRIX,1.0,0.7692,1,2,1.6,[],fundamental28,Global Fundamental Data,fundamental,Fundamental,fundamental-fundamental-data,Fundamental Data
fnd28_stpera_value_09621a,value of annual field: Price/Cash Flow Ratio - 5 Yr Avg,"{'id': 'fundamental28', 'name': 'Global Fundamental Data'}","{'id': 'fundamental', 'name': 'Fundamental'}","{'id': 'fundamental-fundamental-data', 'name': 'Fundamental Data'}",GLB,1,TOPDIV3000,MATRIX,1.0,0.941,0,0,1.6,[],fundamental28,Global Fundamental Data,fundamental,Fundamental,fundamental-fundamental-data,Fundamental Data
fnd28_stpera_value_09721a,value of annual field: Market Capitalization/Common Equity - 5 Yr Average Growth Rates Annual Statistics,"{'id': 'fundamental28', 'name': 'Global Fundamental Data'}","{'id': 'fundamental', 'name': 'Fundamental'}","{'id': 'fundamental-fundamental-data', 'name': 'Fundamental Data'}",GLB,1,TOPDIV3000,MATRIX,1.0,0.9378,0,0,1.6,[],fundamental28,Global Fundamental Data,fundamental,Fundamental,fundamental-fundamental-data,Fundamental Data
fnd28_stpera_value_09904a,value of annual field: Price/Sales per Share Ratio,"{'id': 'fundamental28', 'name': 'Global Fundamental Data'}","{'id': 'fundamental', 'name': 'Fundamental'}","{'id': 'fundamental-fundamental-data', 'name': 'Fundamental Data'}",GLB,1,TOPDIV3000,MATRIX,1.0,1.0,0,0,1.6,[],fundamental28,Global Fundamental Data,fundamental,Fundamental,fundamental-fundamental-data,Fundamental Data
fnd28_value_01253q,value of quarterly field: Extraordinary Credit - Pretax,"{'id': 'fundamental28', 'name': 'Global Fundamental Data'}","{'id': 'fundamental', 'name': 'Fundamental'}","{'id': 'fundamental-fundamental-data', 'name': 'Fundamental Data'}",GLB,1,TOPDIV3000,MATRIX,1.0,0.6716,0,0,1.6,[],fundamental28,Global Fundamental Data,fundamental,Fundamental,fundamental-fundamental-data,Fundamental Data
fnd28_value_01267q,value of quarterly field: Pre-tax Equity in Earnings,"{'id': 'fundamental28', 'name': 'Global Fundamental Data'}","{'id': 'fundamental', 'name': 'Fundamental'}","{'id': 'fundamental-fundamental-data', 'name': 'Fundamental Data'}",GLB,1,TOPDIV3000,MATRIX,1.0,0.7159,0,0,1.6,[],fundamental28,Global Fundamental Data,fundamental,Fundamental,fundamental-fundamental-data,Fundamental Data
fnd28_value_01306q,value of quarterly field: Gain/Loss On Disposal of Assets,"{'id': 'fundamental28', 'name': 'Global Fundamental Data'}","{'id': 'fundamental', 'name': 'Fundamental'}","{'id': 'fundamental-fundamental-data', 'name': 'Fundamental Data'}",GLB,1,TOPDIV3000,MATRIX,1.0,0.6108,0,0,1.6,[],fundamental28,Global Fundamental Data,fundamental,Fundamental,fundamental-fundamental-data,Fundamental Data
fnd28_value_01352q,value of quarterly field: Foreign Exchange Transactions,"{'id': 'fundamental28', 'name': 'Global Fundamental Data'}","{'id': 'fundamental', 'name': 'Fundamental'}","{'id': 'fundamental-fundamental-data', 'name': 'Fundamental Data'}",GLB,1,TOPDIV3000,MATRIX,1.0,0.4769,2,2,1.6,[],fundamental28,Global Fundamental Data,fundamental,Fundamental,fundamental-fundamental-data,Fundamental Data
fnd28_value_01503q,value of quarterly field: Equity In Earnings,"{'id': 'fundamental28', 'name': 'Global Fundamental Data'}","{'id': 'fundamental', 'name': 'Fundamental'}","{'id': 'fundamental-fundamental-data', 'name': 'Fundamental Data'}",GLB,1,TOPDIV3000,MATRIX,1.0,0.6612,0,0,1.6,[],fundamental28,Global Fundamental Data,fundamental,Fundamental,fundamental-fundamental-data,Fundamental Data
fnd28_value_03401q,value of quarterly field: Non-Equity Reserves,"{'id': 'fundamental28', 'name': 'Global Fundamental Data'}","{'id': 'fundamental', 'name': 'Fundamental'}","{'id': 'fundamental-fundamental-data', 'name': 'Fundamental Data'}",GLB,1,TOPDIV3000,MATRIX,1.0,0.7366,2,2,1.6,[],fundamental28,Global Fundamental Data,fundamental,Fundamental,fundamental-fundamental-data,Fundamental Data
fnd28_value_03995q,Value of quarterly field: Total Shareholders' Equity,"{'id': 'fundamental28', 'name': 'Global Fundamental Data'}","{'id': 'fundamental', 'name': 'Fundamental'}","{'id': 'fundamental-fundamental-data', 'name': 'Fundamental Data'}",GLB,1,TOPDIV3000,MATRIX,1.0,0.8468,0,0,1.6,[],fundamental28,Global Fundamental Data,fundamental,Fundamental,fundamental-fundamental-data,Fundamental Data
fnd28_value_04052q,value of quarterly field: Dividends,"{'id': 'fundamental28', 'name': 'Global Fundamental Data'}","{'id': 'fundamental', 'name': 'Fundamental'}","{'id': 'fundamental-fundamental-data', 'name': 'Fundamental Data'}",GLB,1,TOPDIV3000,MATRIX,1.0,0.3346,1,1,1.6,[],fundamental28,Global Fundamental Data,fundamental,Fundamental,fundamental-fundamental-data,Fundamental Data
fnd28_value_04054q,value of quarterly field: Discontinued Operations,"{'id': 'fundamental28', 'name': 'Global Fundamental Data'}","{'id': 'fundamental', 'name': 'Fundamental'}","{'id': 'fundamental-fundamental-data', 'name': 'Fundamental Data'}",GLB,1,TOPDIV3000,MATRIX,1.0,0.3623,0,0,1.6,[],fundamental28,Global Fundamental Data,fundamental,Fundamental,fundamental-fundamental-data,Fundamental Data
fnd28_value_04055q,value of quarterly field: Minority Interest,"{'id': 'fundamental28', 'name': 'Global Fundamental Data'}","{'id': 'fundamental', 'name': 'Fundamental'}","{'id': 'fundamental-fundamental-data', 'name': 'Fundamental Data'}",GLB,1,TOPDIV3000,MATRIX,1.0,0.3926,2,2,1.6,[],fundamental28,Global Fundamental Data,fundamental,Fundamental,fundamental-fundamental-data,Fundamental Data
fnd28_value_04056q,value of quarterly field: Equity In Earnings,"{'id': 'fundamental28', 'name': 'Global Fundamental Data'}","{'id': 'fundamental', 'name': 'Fundamental'}","{'id': 'fundamental-fundamental-data', 'name': 'Fundamental Data'}",GLB,1,TOPDIV3000,MATRIX,1.0,0.4314,0,0,1.6,[],fundamental28,Global Fundamental Data,fundamental,Fundamental,fundamental-fundamental-data,Fundamental Data
fnd28_value_04058q,value of quarterly field: Unrealized Gains/Losses From Fair Value Adjustment Of Financial Assets,"{'id': 'fundamental28', 'name': 'Global Fundamental Data'}","{'id': 'fundamental', 'name': 'Fundamental'}","{'id': 'fundamental-fundamental-data', 'name': 'Fundamental Data'}",GLB,1,TOPDIV3000,MATRIX,1.0,0.3692,0,0,1.6,[],fundamental28,Global Fundamental Data,fundamental,Fundamental,fundamental-fundamental-data,Fundamental Data
fnd28_value_04225q,value of quarterly field: Extraordinary Items,"{'id': 'fundamental28', 'name': 'Global Fundamental Data'}","{'id': 'fundamental', 'name': 'Fundamental'}","{'id': 'fundamental-fundamental-data', 'name': 'Fundamental Data'}",GLB,1,TOPDIV3000,MATRIX,1.0,0.5631,0,0,1.6,[],fundamental28,Global Fundamental Data,fundamental,Fundamental,fundamental-fundamental-data,Fundamental Data
fnd28_value_04355q,value of quarterly field: Net Assets From Acquisitions,"{'id': 'fundamental28', 'name': 'Global Fundamental Data'}","{'id': 'fundamental', 'name': 'Fundamental'}","{'id': 'fundamental-fundamental-data', 'name': 'Fundamental Data'}",GLB,1,TOPDIV3000,MATRIX,1.0,0.5452,0,0,1.6,[],fundamental28,Global Fundamental Data,fundamental,Fundamental,fundamental-fundamental-data,Fundamental Data
fnd28_value_04651q,value of quarterly field: Additions to Other Assets,"{'id': 'fundamental28', 'name': 'Global Fundamental Data'}","{'id': 'fundamental', 'name': 'Fundamental'}","{'id': 'fundamental-fundamental-data', 'name': 'Fundamental Data'}",GLB,1,TOPDIV3000,MATRIX,1.0,0.4351,0,0,1.6,[],fundamental28,Global Fundamental Data,fundamental,Fundamental,fundamental-fundamental-data,Fundamental Data
fnd28_value_05006,value of field: Market Price - Current,"{'id': 'fundamental28', 'name': 'Global Fundamental Data'}","{'id': 'fundamental', 'name': 'Fundamental'}","{'id': 'fundamental-fundamental-data', 'name': 'Fundamental Data'}",GLB,1,TOPDIV3000,MATRIX,1.0,1.0,2,2,1.6,[],fundamental28,Global Fundamental Data,fundamental,Fundamental,fundamental-fundamental-data,Fundamental Data
fnd28_value_05007,value of field: Market Price - Year to Date - High,"{'id': 'fundamental28', 'name': 'Global Fundamental Data'}","{'id': 'fundamental', 'name': 'Fundamental'}","{'id': 'fundamental-fundamental-data', 'name': 'Fundamental Data'}",GLB,1,TOPDIV3000,MATRIX,1.0,1.0,0,0,1.6,[],fundamental28,Global Fundamental Data,fundamental,Fundamental,fundamental-fundamental-data,Fundamental Data
fnd28_value_05008,value of field: Market Price - Year to Date - Low,"{'id': 'fundamental28', 'name': 'Global Fundamental Data'}","{'id': 'fundamental', 'name': 'Fundamental'}","{'id': 'fundamental-fundamental-data', 'name': 'Fundamental Data'}",GLB,1,TOPDIV3000,MATRIX,1.0,1.0,0,0,1.6,[],fundamental28,Global Fundamental Data,fundamental,Fundamental,fundamental-fundamental-data,Fundamental Data
fnd28_value_05085q,value of quarterly field: Period Close Price,"{'id': 'fundamental28', 'name': 'Global Fundamental Data'}","{'id': 'fundamental', 'name': 'Fundamental'}","{'id': 'fundamental-fundamental-data', 'name': 'Fundamental Data'}",GLB,1,TOPDIV3000,MATRIX,1.0,0.8219,0,0,1.6,[],fundamental28,Global Fundamental Data,fundamental,Fundamental,fundamental-fundamental-data,Fundamental Data
fnd28_value_05091,value of field: Market Price 52 Week High,"{'id': 'fundamental28', 'name': 'Global Fundamental Data'}","{'id': 'fundamental', 'name': 'Fundamental'}","{'id': 'fundamental-fundamental-data', 'name': 'Fundamental Data'}",GLB,1,TOPDIV3000,MATRIX,1.0,1.0,2,2,1.6,[],fundamental28,Global Fundamental Data,fundamental,Fundamental,fundamental-fundamental-data,Fundamental Data
fnd28_value_05092,value of field: Market Price 52 Week Low,"{'id': 'fundamental28', 'name': 'Global Fundamental Data'}","{'id': 'fundamental', 'name': 'Fundamental'}","{'id': 'fundamental-fundamental-data', 'name': 'Fundamental Data'}",GLB,1,TOPDIV3000,MATRIX,1.0,1.0,1,1,1.6,[],fundamental28,Global Fundamental Data,fundamental,Fundamental,fundamental-fundamental-data,Fundamental Data
fnd28_value_05101,value of field: Dividends per Share,"{'id': 'fundamental28', 'name': 'Global Fundamental Data'}","{'id': 'fundamental', 'name': 'Fundamental'}","{'id': 'fundamental-fundamental-data', 'name': 'Fundamental Data'}",GLB,1,TOPDIV3000,MATRIX,1.0,0.8215,0,0,1.6,[],fundamental28,Global Fundamental Data,fundamental,Fundamental,fundamental-fundamental-data,Fundamental Data
fnd28_value_05116q,value of quarterly field: Dividends per Share (Interim),"{'id': 'fundamental28', 'name': 'Global Fundamental Data'}","{'id': 'fundamental', 'name': 'Fundamental'}","{'id': 'fundamental-fundamental-data', 'name': 'Fundamental Data'}",GLB,1,TOPDIV3000,MATRIX,1.0,0.8673,0,0,1.6,[],fundamental28,Global Fundamental Data,fundamental,Fundamental,fundamental-fundamental-data,Fundamental Data
fnd28_value_05145,value of field: Dividends per Share - Last 12 Months,"{'id': 'fundamental28', 'name': 'Global Fundamental Data'}","{'id': 'fundamental', 'name': 'Fundamental'}","{'id': 'fundamental-fundamental-data', 'name': 'Fundamental Data'}",GLB,1,TOPDIV3000,MATRIX,1.0,0.8046,0,0,1.6,[],fundamental28,Global Fundamental Data,fundamental,Fundamental,fundamental-fundamental-data,Fundamental Data
fnd28_value_05190,value of field: Indicated Dividend Rate,"{'id': 'fundamental28', 'name': 'Global Fundamental Data'}","{'id': 'fundamental', 'name': 'Fundamental'}","{'id': 'fundamental-fundamental-data', 'name': 'Fundamental Data'}",GLB,1,TOPDIV3000,MATRIX,1.0,0.7973,0,0,1.6,[],fundamental28,Global Fundamental Data,fundamental,Fundamental,fundamental-fundamental-data,Fundamental Data
fnd28_value_05191q,value of quarterly field: Common Shares Used to Calculate EPS,"{'id': 'fundamental28', 'name': 'Global Fundamental Data'}","{'id': 'fundamental', 'name': 'Fundamental'}","{'id': 'fundamental-fundamental-data', 'name': 'Fundamental Data'}",GLB,1,TOPDIV3000,MATRIX,1.0,0.848,0,0,1.6,[],fundamental28,Global Fundamental Data,fundamental,Fundamental,fundamental-fundamental-data,Fundamental Data
fnd28_value_05192q,value of quarterly field: Common Shares Used to Calculate Basic EPS,"{'id': 'fundamental28', 'name': 'Global Fundamental Data'}","{'id': 'fundamental', 'name': 'Fundamental'}","{'id': 'fundamental-fundamental-data', 'name': 'Fundamental Data'}",GLB,1,TOPDIV3000,MATRIX,1.0,0.7897,0,0,1.6,[],fundamental28,Global Fundamental Data,fundamental,Fundamental,fundamental-fundamental-data,Fundamental Data
fnd28_value_05194q,value of quarterly field: Common Shares Used to Calculate Fully Diluted EPS Balance Sheet Assets,"{'id': 'fundamental28', 'name': 'Global Fundamental Data'}","{'id': 'fundamental', 'name': 'Fundamental'}","{'id': 'fundamental-fundamental-data', 'name': 'Fundamental Data'}",GLB,1,TOPDIV3000,MATRIX,1.0,0.6816,0,0,1.6,[],fundamental28,Global Fundamental Data,fundamental,Fundamental,fundamental-fundamental-data,Fundamental Data
fnd28_value_05201,Value of field: Earnings per Share (Supported for Non-U.S. only),"{'id': 'fundamental28', 'name': 'Global Fundamental Data'}","{'id': 'fundamental', 'name': 'Fundamental'}","{'id': 'fundamental-fundamental-data', 'name': 'Fundamental Data'}",GLB,1,TOPDIV3000,MATRIX,1.0,1.0,0,0,1.6,[],fundamental28,Global Fundamental Data,fundamental,Fundamental,fundamental-fundamental-data,Fundamental Data
fnd28_value_05202q,value of quarterly field: Earnings per Share Fiscal Period End,"{'id': 'fundamental28', 'name': 'Global Fundamental Data'}","{'id': 'fundamental', 'name': 'Fundamental'}","{'id': 'fundamental-fundamental-data', 'name': 'Fundamental Data'}",GLB,1,TOPDIV3000,MATRIX,1.0,0.7923,0,0,1.6,[],fundamental28,Global Fundamental Data,fundamental,Fundamental,fundamental-fundamental-data,Fundamental Data
fnd28_value_05255,value of field: Earnings per Share - Last 12 Months,"{'id': 'fundamental28', 'name': 'Global Fundamental Data'}","{'id': 'fundamental', 'name': 'Fundamental'}","{'id': 'fundamental-fundamental-data', 'name': 'Fundamental Data'}",GLB,1,TOPDIV3000,MATRIX,1.0,1.0,1,1,1.6,[],fundamental28,Global Fundamental Data,fundamental,Fundamental,fundamental-fundamental-data,Fundamental Data
fnd28_value_05302,value of field: Common Shares Outstanding - Current,"{'id': 'fundamental28', 'name': 'Global Fundamental Data'}","{'id': 'fundamental', 'name': 'Fundamental'}","{'id': 'fundamental-fundamental-data', 'name': 'Fundamental Data'}",GLB,1,TOPDIV3000,MATRIX,1.0,1.0,1,1,1.6,[],fundamental28,Global Fundamental Data,fundamental,Fundamental,fundamental-fundamental-data,Fundamental Data
fnd28_value_05351q,value of quarterly field: Length of Fiscal Period,"{'id': 'fundamental28', 'name': 'Global Fundamental Data'}","{'id': 'fundamental', 'name': 'Fundamental'}","{'id': 'fundamental-fundamental-data', 'name': 'Fundamental Data'}",GLB,1,TOPDIV3000,MATRIX,1.0,0.8773,3,4,1.6,[],fundamental28,Global Fundamental Data,fundamental,Fundamental,fundamental-fundamental-data,Fundamental Data
fnd28_value_05376q,value of quarterly field: Common Dividends (Cash),"{'id': 'fundamental28', 'name': 'Global Fundamental Data'}","{'id': 'fundamental', 'name': 'Fundamental'}","{'id': 'fundamental-fundamental-data', 'name': 'Fundamental Data'}",GLB,1,TOPDIV3000,MATRIX,1.0,0.2921,0,0,1.6,[],fundamental28,Global Fundamental Data,fundamental,Fundamental,fundamental-fundamental-data,Fundamental Data
fnd28_value_05401q,value of quarterly field: Preferred Dividends (Cash),"{'id': 'fundamental28', 'name': 'Global Fundamental Data'}","{'id': 'fundamental', 'name': 'Fundamental'}","{'id': 'fundamental-fundamental-data', 'name': 'Fundamental Data'}",GLB,1,TOPDIV3000,MATRIX,1.0,0.3297,0,0,1.6,[],fundamental28,Global Fundamental Data,fundamental,Fundamental,fundamental-fundamental-data,Fundamental Data
fnd28_value_05450,value of field: Common/Ordinary Shareholders,"{'id': 'fundamental28', 'name': 'Global Fundamental Data'}","{'id': 'fundamental', 'name': 'Fundamental'}","{'id': 'fundamental-fundamental-data', 'name': 'Fundamental Data'}",GLB,1,TOPDIV3000,MATRIX,1.0,0.6904,0,0,1.6,[],fundamental28,Global Fundamental Data,fundamental,Fundamental,fundamental-fundamental-data,Fundamental Data
fnd28_value_05480,value of field: Book Value per Share - Current,"{'id': 'fundamental28', 'name': 'Global Fundamental Data'}","{'id': 'fundamental', 'name': 'Fundamental'}","{'id': 'fundamental-fundamental-data', 'name': 'Fundamental Data'}",GLB,1,TOPDIV3000,MATRIX,1.0,1.0,23,51,1.6,[],fundamental28,Global Fundamental Data,fundamental,Fundamental,fundamental-fundamental-data,Fundamental Data
fnd28_value_05491q,value of quarterly field: Book Value Outstanding Shares - Fiscal,"{'id': 'fundamental28', 'name': 'Global Fundamental Data'}","{'id': 'fundamental', 'name': 'Fundamental'}","{'id': 'fundamental-fundamental-data', 'name': 'Fundamental Data'}",GLB,1,TOPDIV3000,MATRIX,1.0,0.8577,0,0,1.6,[],fundamental28,Global Fundamental Data,fundamental,Fundamental,fundamental-fundamental-data,Fundamental Data
fnd28_value_05510,value of field: Cash Flow per Share - Current Annual Statistics,"{'id': 'fundamental28', 'name': 'Global Fundamental Data'}","{'id': 'fundamental', 'name': 'Fundamental'}","{'id': 'fundamental-fundamental-data', 'name': 'Fundamental Data'}",GLB,1,TOPDIV3000,MATRIX,1.0,1.0,0,0,1.6,[],fundamental28,Global Fundamental Data,fundamental,Fundamental,fundamental-fundamental-data,Fundamental Data
fnd28_value_05575q,value of quarterly field: Stock Split/Dividend Ratio - Fiscal Weekly Time Series,"{'id': 'fundamental28', 'name': 'Global Fundamental Data'}","{'id': 'fundamental', 'name': 'Fundamental'}","{'id': 'fundamental-fundamental-data', 'name': 'Fundamental Data'}",GLB,1,TOPDIV3000,MATRIX,1.0,0.2769,0,0,1.6,[],fundamental28,Global Fundamental Data,fundamental,Fundamental,fundamental-fundamental-data,Fundamental Data
fnd28_value_07210q,value of quarterly field: Market Capitalization (U.S.$),"{'id': 'fundamental28', 'name': 'Global Fundamental Data'}","{'id': 'fundamental', 'name': 'Fundamental'}","{'id': 'fundamental-fundamental-data', 'name': 'Fundamental Data'}",GLB,1,TOPDIV3000,MATRIX,1.0,0.8496,0,0,1.6,[],fundamental28,Global Fundamental Data,fundamental,Fundamental,fundamental-fundamental-data,Fundamental Data
fnd28_value_07220q,value of quarterly field: Common Equity (U.S.$),"{'id': 'fundamental28', 'name': 'Global Fundamental Data'}","{'id': 'fundamental', 'name': 'Fundamental'}","{'id': 'fundamental-fundamental-data', 'name': 'Fundamental Data'}",GLB,1,TOPDIV3000,MATRIX,1.0,0.8473,2,2,1.6,[],fundamental28,Global Fundamental Data,fundamental,Fundamental,fundamental-fundamental-data,Fundamental Data
fnd28_value_07260q,value of quarterly field: Trailing Twelve Months Net Profit (U.S. $),"{'id': 'fundamental28', 'name': 'Global Fundamental Data'}","{'id': 'fundamental', 'name': 'Fundamental'}","{'id': 'fundamental-fundamental-data', 'name': 'Fundamental Data'}",GLB,1,TOPDIV3000,MATRIX,1.0,0.8706,0,0,1.6,[],fundamental28,Global Fundamental Data,fundamental,Fundamental,fundamental-fundamental-data,Fundamental Data
fnd28_value_07270q,Value of quarterly field: Trailing 12 Months Net Sales/Revenue (U.S. $),"{'id': 'fundamental28', 'name': 'Global Fundamental Data'}","{'id': 'fundamental', 'name': 'Fundamental'}","{'id': 'fundamental-fundamental-data', 'name': 'Fundamental Data'}",GLB,1,TOPDIV3000,MATRIX,1.0,0.8729,1,1,1.6,[],fundamental28,Global Fundamental Data,fundamental,Fundamental,fundamental-fundamental-data,Fundamental Data
fnd28_value_08001q,value of quarterly field: Market Capitalization,"{'id': 'fundamental28', 'name': 'Global Fundamental Data'}","{'id': 'fundamental', 'name': 'Fundamental'}","{'id': 'fundamental-fundamental-data', 'name': 'Fundamental Data'}",GLB,1,TOPDIV3000,MATRIX,1.0,0.8497,0,0,1.6,[],fundamental28,Global Fundamental Data,fundamental,Fundamental,fundamental-fundamental-data,Fundamental Data
fnd28_value_08003,value of field: Market Capitalization (Public) - Current,"{'id': 'fundamental28', 'name': 'Global Fundamental Data'}","{'id': 'fundamental', 'name': 'Fundamental'}","{'id': 'fundamental-fundamental-data', 'name': 'Fundamental Data'}",GLB,1,TOPDIV3000,MATRIX,1.0,1.0,0,0,1.6,[],fundamental28,Global Fundamental Data,fundamental,Fundamental,fundamental-fundamental-data,Fundamental Data
fnd28_value_08005,value of field: Market Capitalization - Current,"{'id': 'fundamental28', 'name': 'Global Fundamental Data'}","{'id': 'fundamental', 'name': 'Fundamental'}","{'id': 'fundamental-fundamental-data', 'name': 'Fundamental Data'}",GLB,1,TOPDIV3000,MATRIX,1.0,1.0,5,5,1.6,[],fundamental28,Global Fundamental Data,fundamental,Fundamental,fundamental-fundamental-data,Fundamental Data
fnd28_value_08106,value of field: Current Ratio,"{'id': 'fundamental28', 'name': 'Global Fundamental Data'}","{'id': 'fundamental', 'name': 'Fundamental'}","{'id': 'fundamental-fundamental-data', 'name': 'Fundamental Data'}",GLB,1,TOPDIV3000,MATRIX,1.0,0.8175,1,1,1.6,[],fundamental28,Global Fundamental Data,fundamental,Fundamental,fundamental-fundamental-data,Fundamental Data
fnd28_value_08111,value of field: Cash & Equivalents % Total Current Assets Company Specific Accounting Practices,"{'id': 'fundamental28', 'name': 'Global Fundamental Data'}","{'id': 'fundamental', 'name': 'Fundamental'}","{'id': 'fundamental-fundamental-data', 'name': 'Fundamental Data'}",GLB,1,TOPDIV3000,MATRIX,1.0,0.8173,1,1,1.6,[],fundamental28,Global Fundamental Data,fundamental,Fundamental,fundamental-fundamental-data,Fundamental Data
fnd28_value_08125,value of field: Receivables % Total Current Assets - 5 Yr Avg,"{'id': 'fundamental28', 'name': 'Global Fundamental Data'}","{'id': 'fundamental', 'name': 'Fundamental'}","{'id': 'fundamental-fundamental-data', 'name': 'Fundamental Data'}",GLB,1,TOPDIV3000,MATRIX,1.0,0.8386,0,0,1.6,[],fundamental28,Global Fundamental Data,fundamental,Fundamental,fundamental-fundamental-data,Fundamental Data
fnd28_value_08126,Value of field: Inventories - Days Held 5-Year Averages,"{'id': 'fundamental28', 'name': 'Global Fundamental Data'}","{'id': 'fundamental', 'name': 'Fundamental'}","{'id': 'fundamental-fundamental-data', 'name': 'Fundamental Data'}",GLB,1,TOPDIV3000,MATRIX,1.0,0.817,0,0,1.6,[],fundamental28,Global Fundamental Data,fundamental,Fundamental,fundamental-fundamental-data,Fundamental Data
fnd28_value_08140,value of field: Inventory Turnover - 5 Yr Avg,"{'id': 'fundamental28', 'name': 'Global Fundamental Data'}","{'id': 'fundamental', 'name': 'Fundamental'}","{'id': 'fundamental-fundamental-data', 'name': 'Fundamental Data'}",GLB,1,TOPDIV3000,MATRIX,1.0,0.743,0,0,1.6,[],fundamental28,Global Fundamental Data,fundamental,Fundamental,fundamental-fundamental-data,Fundamental Data
fnd28_value_08141,value of field: Net Sales % Working Capital,"{'id': 'fundamental28', 'name': 'Global Fundamental Data'}","{'id': 'fundamental', 'name': 'Fundamental'}","{'id': 'fundamental-fundamental-data', 'name': 'Fundamental Data'}",GLB,1,TOPDIV3000,MATRIX,1.0,0.8826,0,0,1.6,[],fundamental28,Global Fundamental Data,fundamental,Fundamental,fundamental-fundamental-data,Fundamental Data
fnd28_value_08205,value of field: Equity % Total Capital - 5 Yr Avg,"{'id': 'fundamental28', 'name': 'Global Fundamental Data'}","{'id': 'fundamental', 'name': 'Fundamental'}","{'id': 'fundamental-fundamental-data', 'name': 'Fundamental Data'}",GLB,1,TOPDIV3000,MATRIX,1.0,0.9871,0,0,1.6,[],fundamental28,Global Fundamental Data,fundamental,Fundamental,fundamental-fundamental-data,Fundamental Data
fnd28_value_08216,value of field: Long Term Debt % Total Capital,"{'id': 'fundamental28', 'name': 'Global Fundamental Data'}","{'id': 'fundamental', 'name': 'Fundamental'}","{'id': 'fundamental-fundamental-data', 'name': 'Fundamental Data'}",GLB,1,TOPDIV3000,MATRIX,1.0,0.9493,2,2,1.6,[],fundamental28,Global Fundamental Data,fundamental,Fundamental,fundamental-fundamental-data,Fundamental Data
fnd28_value_08226,value of field: Long Term Debt % Common Equity,"{'id': 'fundamental28', 'name': 'Global Fundamental Data'}","{'id': 'fundamental', 'name': 'Fundamental'}","{'id': 'fundamental-fundamental-data', 'name': 'Fundamental Data'}",GLB,1,TOPDIV3000,MATRIX,1.0,0.8806,1,1,1.6,[],fundamental28,Global Fundamental Data,fundamental,Fundamental,fundamental-fundamental-data,Fundamental Data
fnd28_value_08231,value of field: Total Debt % Common Equity,"{'id': 'fundamental28', 'name': 'Global Fundamental Data'}","{'id': 'fundamental', 'name': 'Fundamental'}","{'id': 'fundamental-fundamental-data', 'name': 'Fundamental Data'}",GLB,1,TOPDIV3000,MATRIX,1.0,0.9048,1,1,1.6,[],fundamental28,Global Fundamental Data,fundamental,Fundamental,fundamental-fundamental-data,Fundamental Data
fnd28_value_08236,value of field: Total Debt % Total Assets,"{'id': 'fundamental28', 'name': 'Global Fundamental Data'}","{'id': 'fundamental', 'name': 'Fundamental'}","{'id': 'fundamental-fundamental-data', 'name': 'Fundamental Data'}",GLB,1,TOPDIV3000,MATRIX,1.0,0.9045,1,1,1.6,[],fundamental28,Global Fundamental Data,fundamental,Fundamental,fundamental-fundamental-data,Fundamental Data
fnd28_value_08241,value of field: Common Equity % Total Assets,"{'id': 'fundamental28', 'name': 'Global Fundamental Data'}","{'id': 'fundamental', 'name': 'Fundamental'}","{'id': 'fundamental-fundamental-data', 'name': 'Fundamental Data'}",GLB,1,TOPDIV3000,MATRIX,1.0,0.9584,1,1,1.6,[],fundamental28,Global Fundamental Data,fundamental,Fundamental,fundamental-fundamental-data,Fundamental Data
fnd28_value_08261,value of field: Operating Cash/Fixed Charges,"{'id': 'fundamental28', 'name': 'Global Fundamental Data'}","{'id': 'fundamental', 'name': 'Fundamental'}","{'id': 'fundamental-fundamental-data', 'name': 'Fundamental Data'}",GLB,1,TOPDIV3000,MATRIX,1.0,0.9367,0,0,1.6,[],fundamental28,Global Fundamental Data,fundamental,Fundamental,fundamental-fundamental-data,Fundamental Data
fnd28_value_08266,value of field: Fixed Assets % Common Equity Company Specific Accounting Practices,"{'id': 'fundamental28', 'name': 'Global Fundamental Data'}","{'id': 'fundamental', 'name': 'Fundamental'}","{'id': 'fundamental-fundamental-data', 'name': 'Fundamental Data'}",GLB,1,TOPDIV3000,MATRIX,1.0,0.9509,0,0,1.6,[],fundamental28,Global Fundamental Data,fundamental,Fundamental,fundamental-fundamental-data,Fundamental Data
fnd28_value_08271,value of field: Working Capital % Total Capital Five Year Averages,"{'id': 'fundamental28', 'name': 'Global Fundamental Data'}","{'id': 'fundamental', 'name': 'Fundamental'}","{'id': 'fundamental-fundamental-data', 'name': 'Fundamental Data'}",GLB,1,TOPDIV3000,MATRIX,1.0,0.8826,0,0,1.6,[],fundamental28,Global Fundamental Data,fundamental,Fundamental,fundamental-fundamental-data,Fundamental Data
fnd28_value_08287,value of field: Total Assets / Common Equity Ratio,"{'id': 'fundamental28', 'name': 'Global Fundamental Data'}","{'id': 'fundamental', 'name': 'Fundamental'}","{'id': 'fundamental-fundamental-data', 'name': 'Fundamental Data'}",GLB,1,TOPDIV3000,MATRIX,1.0,0.9584,4,6,1.6,[],fundamental28,Global Fundamental Data,fundamental,Fundamental,fundamental-fundamental-data,Fundamental Data
fnd28_value_08401,value of field: Total Asset Turnover,"{'id': 'fundamental28', 'name': 'Global Fundamental Data'}","{'id': 'fundamental', 'name': 'Fundamental'}","{'id': 'fundamental-fundamental-data', 'name': 'Fundamental Data'}",GLB,1,TOPDIV3000,MATRIX,1.0,0.953,1,1,1.6,[],fundamental28,Global Fundamental Data,fundamental,Fundamental,fundamental-fundamental-data,Fundamental Data
fnd28_value_08405,value of field: Total Asset Turnover - 5 Yr Avg Leverage Annual Statistics,"{'id': 'fundamental28', 'name': 'Global Fundamental Data'}","{'id': 'fundamental', 'name': 'Fundamental'}","{'id': 'fundamental-fundamental-data', 'name': 'Fundamental Data'}",GLB,1,TOPDIV3000,MATRIX,1.0,0.9885,0,0,1.6,[],fundamental28,Global Fundamental Data,fundamental,Fundamental,fundamental-fundamental-data,Fundamental Data
fnd28_value_08416,value of field: Capital Expenditure % Total Assets,"{'id': 'fundamental28', 'name': 'Global Fundamental Data'}","{'id': 'fundamental', 'name': 'Fundamental'}","{'id': 'fundamental-fundamental-data', 'name': 'Fundamental Data'}",GLB,1,TOPDIV3000,MATRIX,1.0,0.9161,0,0,1.6,[],fundamental28,Global Fundamental Data,fundamental,Fundamental,fundamental-fundamental-data,Fundamental Data
fnd28_value_08421,value of field: Capital Expenditure % Sales,"{'id': 'fundamental28', 'name': 'Global Fundamental Data'}","{'id': 'fundamental', 'name': 'Fundamental'}","{'id': 'fundamental-fundamental-data', 'name': 'Fundamental Data'}",GLB,1,TOPDIV3000,MATRIX,1.0,0.877,0,0,1.6,[],fundamental28,Global Fundamental Data,fundamental,Fundamental,fundamental-fundamental-data,Fundamental Data
fnd28_value_08579,value of field: Market Capitalization Growth (year ago) Profitability,"{'id': 'fundamental28', 'name': 'Global Fundamental Data'}","{'id': 'fundamental', 'name': 'Fundamental'}","{'id': 'fundamental-fundamental-data', 'name': 'Fundamental Data'}",GLB,1,TOPDIV3000,MATRIX,1.0,0.9383,0,0,1.6,[],fundamental28,Global Fundamental Data,fundamental,Fundamental,fundamental-fundamental-data,Fundamental Data
fnd28_value_08601,value of field: Earnings per Share Growth,"{'id': 'fundamental28', 'name': 'Global Fundamental Data'}","{'id': 'fundamental', 'name': 'Fundamental'}","{'id': 'fundamental-fundamental-data', 'name': 'Fundamental Data'}",GLB,1,TOPDIV3000,MATRIX,1.0,0.913,1,1,1.6,[],fundamental28,Global Fundamental Data,fundamental,Fundamental,fundamental-fundamental-data,Fundamental Data
fnd28_value_08604,value of field: Earnings Per Share - 3 Yr Annual Growth Five Year Averages,"{'id': 'fundamental28', 'name': 'Global Fundamental Data'}","{'id': 'fundamental', 'name': 'Fundamental'}","{'id': 'fundamental-fundamental-data', 'name': 'Fundamental Data'}",GLB,1,TOPDIV3000,MATRIX,1.0,0.947,0,0,1.6,[],fundamental28,Global Fundamental Data,fundamental,Fundamental,fundamental-fundamental-data,Fundamental Data
fnd28_value_08606,value of field: Book Value per Share Growth (year ago),"{'id': 'fundamental28', 'name': 'Global Fundamental Data'}","{'id': 'fundamental', 'name': 'Fundamental'}","{'id': 'fundamental-fundamental-data', 'name': 'Fundamental Data'}",GLB,1,TOPDIV3000,MATRIX,1.0,0.9519,0,0,1.6,[],fundamental28,Global Fundamental Data,fundamental,Fundamental,fundamental-fundamental-data,Fundamental Data
fnd28_value_08611,value of field: Dividends per Share Growth,"{'id': 'fundamental28', 'name': 'Global Fundamental Data'}","{'id': 'fundamental', 'name': 'Fundamental'}","{'id': 'fundamental-fundamental-data', 'name': 'Fundamental Data'}",GLB,1,TOPDIV3000,MATRIX,1.0,0.6063,1,2,1.6,[],fundamental28,Global Fundamental Data,fundamental,Fundamental,fundamental-fundamental-data,Fundamental Data
fnd28_value_08616,value of field: Equity Growth (year ago),"{'id': 'fundamental28', 'name': 'Global Fundamental Data'}","{'id': 'fundamental', 'name': 'Fundamental'}","{'id': 'fundamental-fundamental-data', 'name': 'Fundamental Data'}",GLB,1,TOPDIV3000,MATRIX,1.0,0.9469,6,6,1.6,[],fundamental28,Global Fundamental Data,fundamental,Fundamental,fundamental-fundamental-data,Fundamental Data
fnd28_value_08621,value of field: Total Assets Growth (year ago),"{'id': 'fundamental28', 'name': 'Global Fundamental Data'}","{'id': 'fundamental', 'name': 'Fundamental'}","{'id': 'fundamental-fundamental-data', 'name': 'Fundamental Data'}",GLB,1,TOPDIV3000,MATRIX,1.0,0.9559,1,1,1.6,[],fundamental28,Global Fundamental Data,fundamental,Fundamental,fundamental-fundamental-data,Fundamental Data
fnd28_value_08635,value of field: Net Sales / Revenues - 5 Yr Annual Growth,"{'id': 'fundamental28', 'name': 'Global Fundamental Data'}","{'id': 'fundamental', 'name': 'Fundamental'}","{'id': 'fundamental-fundamental-data', 'name': 'Fundamental Data'}",GLB,1,TOPDIV3000,MATRIX,1.0,0.9692,0,0,1.6,[],fundamental28,Global Fundamental Data,fundamental,Fundamental,fundamental-fundamental-data,Fundamental Data
fnd28_value_08646,value of field: Operating Income Growth,"{'id': 'fundamental28', 'name': 'Global Fundamental Data'}","{'id': 'fundamental', 'name': 'Fundamental'}","{'id': 'fundamental-fundamental-data', 'name': 'Fundamental Data'}",GLB,1,TOPDIV3000,MATRIX,1.0,0.9929,0,0,1.6,[],fundamental28,Global Fundamental Data,fundamental,Fundamental,fundamental-fundamental-data,Fundamental Data
fnd28_value_08676,value of field: Net Margin Growth,"{'id': 'fundamental28', 'name': 'Global Fundamental Data'}","{'id': 'fundamental', 'name': 'Fundamental'}","{'id': 'fundamental-fundamental-data', 'name': 'Fundamental Data'}",GLB,1,TOPDIV3000,MATRIX,1.0,0.9082,0,0,1.6,[],fundamental28,Global Fundamental Data,fundamental,Fundamental,fundamental-fundamental-data,Fundamental Data
fnd28_value_08698q,value of quarterly field: Net Sales/Revenue Growth (period vs. year ago),"{'id': 'fundamental28', 'name': 'Global Fundamental Data'}","{'id': 'fundamental', 'name': 'Fundamental'}","{'id': 'fundamental-fundamental-data', 'name': 'Fundamental Data'}",GLB,1,TOPDIV3000,MATRIX,1.0,0.863,1,1,1.6,[],fundamental28,Global Fundamental Data,fundamental,Fundamental,fundamental-fundamental-data,Fundamental Data
fnd28_value_08699q,value of quarterly field: Earnings per Share Growth (Period vs. Year Ago),"{'id': 'fundamental28', 'name': 'Global Fundamental Data'}","{'id': 'fundamental', 'name': 'Fundamental'}","{'id': 'fundamental-fundamental-data', 'name': 'Fundamental Data'}",GLB,1,TOPDIV3000,MATRIX,1.0,0.8135,1,1,1.6,[],fundamental28,Global Fundamental Data,fundamental,Fundamental,fundamental-fundamental-data,Fundamental Data
fnd28_value_08716,value of field: Foreign Assets Growth,"{'id': 'fundamental28', 'name': 'Global Fundamental Data'}","{'id': 'fundamental', 'name': 'Fundamental'}","{'id': 'fundamental-fundamental-data', 'name': 'Fundamental Data'}",GLB,1,TOPDIV3000,MATRIX,1.0,0.8524,0,0,1.6,[],fundamental28,Global Fundamental Data,fundamental,Fundamental,fundamental-fundamental-data,Fundamental Data
fnd28_value_08721,value of field: Foreign Sales Growth,"{'id': 'fundamental28', 'name': 'Global Fundamental Data'}","{'id': 'fundamental', 'name': 'Fundamental'}","{'id': 'fundamental-fundamental-data', 'name': 'Fundamental Data'}",GLB,1,TOPDIV3000,MATRIX,1.0,0.6762,1,1,1.6,[],fundamental28,Global Fundamental Data,fundamental,Fundamental,fundamental-fundamental-data,Fundamental Data
fnd28_value_08735,value of field: Foreign Sales % Total Sales,"{'id': 'fundamental28', 'name': 'Global Fundamental Data'}","{'id': 'fundamental', 'name': 'Fundamental'}","{'id': 'fundamental-fundamental-data', 'name': 'Fundamental Data'}",GLB,1,TOPDIV3000,MATRIX,1.0,0.8228,1,1,1.6,[],fundamental28,Global Fundamental Data,fundamental,Fundamental,fundamental-fundamental-data,Fundamental Data
fnd28_value_08801,Value of field: Total Investment Return Year-Ago Growth Rates,"{'id': 'fundamental28', 'name': 'Global Fundamental Data'}","{'id': 'fundamental', 'name': 'Fundamental'}","{'id': 'fundamental-fundamental-data', 'name': 'Fundamental Data'}",GLB,1,TOPDIV3000,MATRIX,1.0,0.9279,0,0,1.6,[],fundamental28,Global Fundamental Data,fundamental,Fundamental,fundamental-fundamental-data,Fundamental Data
fnd28_value_08803,Value of field: Total Investment Return - 3 Yr Annual Return 5 Year Averages,"{'id': 'fundamental28', 'name': 'Global Fundamental Data'}","{'id': 'fundamental', 'name': 'Fundamental'}","{'id': 'fundamental-fundamental-data', 'name': 'Fundamental Data'}",GLB,1,TOPDIV3000,MATRIX,1.0,0.9655,1,1,1.6,[],fundamental28,Global Fundamental Data,fundamental,Fundamental,fundamental-fundamental-data,Fundamental Data
fnd28_value_08910,value of field: Cash Dividends/Cash Flow - 5 Yr Avg,"{'id': 'fundamental28', 'name': 'Global Fundamental Data'}","{'id': 'fundamental', 'name': 'Fundamental'}","{'id': 'fundamental-fundamental-data', 'name': 'Fundamental Data'}",GLB,1,TOPDIV3000,MATRIX,1.0,0.7486,0,0,1.6,[],fundamental28,Global Fundamental Data,fundamental,Fundamental,fundamental-fundamental-data,Fundamental Data
fnd28_value_09100,value of field: Price/Earnings Ratio - High,"{'id': 'fundamental28', 'name': 'Global Fundamental Data'}","{'id': 'fundamental', 'name': 'Fundamental'}","{'id': 'fundamental-fundamental-data', 'name': 'Fundamental Data'}",GLB,1,TOPDIV3000,MATRIX,1.0,1.0,0,0,1.6,[],fundamental28,Global Fundamental Data,fundamental,Fundamental,fundamental-fundamental-data,Fundamental Data
fnd28_value_09104q,value of quarterly field: Price/Earnings Ratio Close,"{'id': 'fundamental28', 'name': 'Global Fundamental Data'}","{'id': 'fundamental', 'name': 'Fundamental'}","{'id': 'fundamental-fundamental-data', 'name': 'Fundamental Data'}",GLB,1,TOPDIV3000,MATRIX,1.0,0.8774,0,0,1.6,[],fundamental28,Global Fundamental Data,fundamental,Fundamental,fundamental-fundamental-data,Fundamental Data
fnd28_value_09106,value of field: Price/Earnings Ratio - Avg High-Low,"{'id': 'fundamental28', 'name': 'Global Fundamental Data'}","{'id': 'fundamental', 'name': 'Fundamental'}","{'id': 'fundamental-fundamental-data', 'name': 'Fundamental Data'}",GLB,1,TOPDIV3000,MATRIX,1.0,1.0,0,0,1.6,[],fundamental28,Global Fundamental Data,fundamental,Fundamental,fundamental-fundamental-data,Fundamental Data
fnd28_value_09201,value of field: Earnings Yield - Low,"{'id': 'fundamental28', 'name': 'Global Fundamental Data'}","{'id': 'fundamental', 'name': 'Fundamental'}","{'id': 'fundamental-fundamental-data', 'name': 'Fundamental Data'}",GLB,1,TOPDIV3000,MATRIX,1.0,1.0,2,2,1.6,[],fundamental28,Global Fundamental Data,fundamental,Fundamental,fundamental-fundamental-data,Fundamental Data
fnd28_value_09202,value of field: Earnings Yield - Current,"{'id': 'fundamental28', 'name': 'Global Fundamental Data'}","{'id': 'fundamental', 'name': 'Fundamental'}","{'id': 'fundamental-fundamental-data', 'name': 'Fundamental Data'}",GLB,1,TOPDIV3000,MATRIX,1.0,1.0,1,1,1.6,[],fundamental28,Global Fundamental Data,fundamental,Fundamental,fundamental-fundamental-data,Fundamental Data
fnd28_value_09301,value of field: Price/Book Value Ratio - Low,"{'id': 'fundamental28', 'name': 'Global Fundamental Data'}","{'id': 'fundamental', 'name': 'Fundamental'}","{'id': 'fundamental-fundamental-data', 'name': 'Fundamental Data'}",GLB,1,TOPDIV3000,MATRIX,1.0,1.0,0,0,1.6,[],fundamental28,Global Fundamental Data,fundamental,Fundamental,fundamental-fundamental-data,Fundamental Data
fnd28_value_09304q,value of quarterly field: Price/Book Value Ratio - Close,"{'id': 'fundamental28', 'name': 'Global Fundamental Data'}","{'id': 'fundamental', 'name': 'Fundamental'}","{'id': 'fundamental-fundamental-data', 'name': 'Fundamental Data'}",GLB,1,TOPDIV3000,MATRIX,1.0,0.8523,0,0,1.6,[],fundamental28,Global Fundamental Data,fundamental,Fundamental,fundamental-fundamental-data,Fundamental Data
fnd28_value_09316,value of field: Price/Book Value Ratio - 5 Yr Avg Low,"{'id': 'fundamental28', 'name': 'Global Fundamental Data'}","{'id': 'fundamental', 'name': 'Fundamental'}","{'id': 'fundamental-fundamental-data', 'name': 'Fundamental Data'}",GLB,1,TOPDIV3000,MATRIX,1.0,0.9398,0,0,1.6,[],fundamental28,Global Fundamental Data,fundamental,Fundamental,fundamental-fundamental-data,Fundamental Data
fnd28_value_09402,value of field: Dividend Yield - Current,"{'id': 'fundamental28', 'name': 'Global Fundamental Data'}","{'id': 'fundamental', 'name': 'Fundamental'}","{'id': 'fundamental-fundamental-data', 'name': 'Fundamental Data'}",GLB,1,TOPDIV3000,MATRIX,1.0,0.8494,2,2,1.6,[],fundamental28,Global Fundamental Data,fundamental,Fundamental,fundamental-fundamental-data,Fundamental Data
fnd28_value_09404q,value of quarterly field: Dividend Yield - Close,"{'id': 'fundamental28', 'name': 'Global Fundamental Data'}","{'id': 'fundamental', 'name': 'Fundamental'}","{'id': 'fundamental-fundamental-data', 'name': 'Fundamental Data'}",GLB,1,TOPDIV3000,MATRIX,1.0,0.873,0,0,1.6,[],fundamental28,Global Fundamental Data,fundamental,Fundamental,fundamental-fundamental-data,Fundamental Data
fnd28_value_09411,value of field: Dividend Yield - 5 Yr Avg High,"{'id': 'fundamental28', 'name': 'Global Fundamental Data'}","{'id': 'fundamental', 'name': 'Fundamental'}","{'id': 'fundamental-fundamental-data', 'name': 'Fundamental Data'}",GLB,1,TOPDIV3000,MATRIX,1.0,0.7943,0,0,1.6,[],fundamental28,Global Fundamental Data,fundamental,Fundamental,fundamental-fundamental-data,Fundamental Data
fnd28_value_09416,value of field: Dividend Yield - 5 Yr Avg Low,"{'id': 'fundamental28', 'name': 'Global Fundamental Data'}","{'id': 'fundamental', 'name': 'Fundamental'}","{'id': 'fundamental-fundamental-data', 'name': 'Fundamental Data'}",GLB,1,TOPDIV3000,MATRIX,1.0,0.7943,0,0,1.6,[],fundamental28,Global Fundamental Data,fundamental,Fundamental,fundamental-fundamental-data,Fundamental Data
fnd28_value_09602,value of field: Price/Cash Flow - Current,"{'id': 'fundamental28', 'name': 'Global Fundamental Data'}","{'id': 'fundamental', 'name': 'Fundamental'}","{'id': 'fundamental-fundamental-data', 'name': 'Fundamental Data'}",GLB,1,TOPDIV3000,MATRIX,1.0,1.0,0,0,1.6,[],fundamental28,Global Fundamental Data,fundamental,Fundamental,fundamental-fundamental-data,Fundamental Data
fnd28_value_09604,value of field: Price/Cash Flow Ratio,"{'id': 'fundamental28', 'name': 'Global Fundamental Data'}","{'id': 'fundamental', 'name': 'Fundamental'}","{'id': 'fundamental-fundamental-data', 'name': 'Fundamental Data'}",GLB,1,TOPDIV3000,MATRIX,1.0,1.0,0,0,1.6,[],fundamental28,Global Fundamental Data,fundamental,Fundamental,fundamental-fundamental-data,Fundamental Data
fnd28_value_09604q,value of quarterly field: Price/Cash Flow Ratio,"{'id': 'fundamental28', 'name': 'Global Fundamental Data'}","{'id': 'fundamental', 'name': 'Fundamental'}","{'id': 'fundamental-fundamental-data', 'name': 'Fundamental Data'}",GLB,1,TOPDIV3000,MATRIX,1.0,0.8764,0,0,1.6,[],fundamental28,Global Fundamental Data,fundamental,Fundamental,fundamental-fundamental-data,Fundamental Data
fnd28_value_09704q,value of quarterly field: Market Capitalization to Common Equity,"{'id': 'fundamental28', 'name': 'Global Fundamental Data'}","{'id': 'fundamental', 'name': 'Fundamental'}","{'id': 'fundamental-fundamental-data', 'name': 'Fundamental Data'}",GLB,1,TOPDIV3000,MATRIX,1.0,0.8442,0,0,1.6,[],fundamental28,Global Fundamental Data,fundamental,Fundamental,fundamental-fundamental-data,Fundamental Data
fnd28_value_09904,value of field: Price/Sales per Share Ratio,"{'id': 'fundamental28', 'name': 'Global Fundamental Data'}","{'id': 'fundamental', 'name': 'Fundamental'}","{'id': 'fundamental-fundamental-data', 'name': 'Fundamental Data'}",GLB,1,TOPDIV3000,MATRIX,1.0,1.0,0,0,1.6,[],fundamental28,Global Fundamental Data,fundamental,Fundamental,fundamental-fundamental-data,Fundamental Data
fnd28_value_09905q,value of quarterly field: Market Capitalization to Trailing Twelve Months Revenue Ratio,"{'id': 'fundamental28', 'name': 'Global Fundamental Data'}","{'id': 'fundamental', 'name': 'Fundamental'}","{'id': 'fundamental-fundamental-data', 'name': 'Fundamental Data'}",GLB,1,TOPDIV3000,MATRIX,1.0,0.8389,0,0,1.6,[],fundamental28,Global Fundamental Data,fundamental,Fundamental,fundamental-fundamental-data,Fundamental Data
fnd28_value_15121,value of field: Total Capital % Total Assets,"{'id': 'fundamental28', 'name': 'Global Fundamental Data'}","{'id': 'fundamental', 'name': 'Fundamental'}","{'id': 'fundamental-fundamental-data', 'name': 'Fundamental Data'}",GLB,1,TOPDIV3000,MATRIX,1.0,1.0,4,30,1.6,[],fundamental28,Global Fundamental Data,fundamental,Fundamental,fundamental-fundamental-data,Fundamental Data
fnd28_value_18100q,value of quarterly field: Enterprise Value,"{'id': 'fundamental28', 'name': 'Global Fundamental Data'}","{'id': 'fundamental', 'name': 'Fundamental'}","{'id': 'fundamental-fundamental-data', 'name': 'Fundamental Data'}",GLB,1,TOPDIV3000,MATRIX,1.0,0.8479,0,0,1.6,[],fundamental28,Global Fundamental Data,fundamental,Fundamental,fundamental-fundamental-data,Fundamental Data
fnd28_value_18140a,value of annual field: Rental/Operating Lease Expense,"{'id': 'fundamental28', 'name': 'Global Fundamental Data'}","{'id': 'fundamental', 'name': 'Fundamental'}","{'id': 'fundamental-fundamental-data', 'name': 'Fundamental Data'}",GLB,1,TOPDIV3000,MATRIX,1.0,0.76,0,0,1.6,[],fundamental28,Global Fundamental Data,fundamental,Fundamental,fundamental-fundamental-data,Fundamental Data
fnd28_value_18141a,value of annual field: Lease Commitments - Year 1,"{'id': 'fundamental28', 'name': 'Global Fundamental Data'}","{'id': 'fundamental', 'name': 'Fundamental'}","{'id': 'fundamental-fundamental-data', 'name': 'Fundamental Data'}",GLB,1,TOPDIV3000,MATRIX,1.0,0.8713,0,0,1.6,[],fundamental28,Global Fundamental Data,fundamental,Fundamental,fundamental-fundamental-data,Fundamental Data
fnd28_value_18166a,value of annual field: Deferred Tax Liability Current,"{'id': 'fundamental28', 'name': 'Global Fundamental Data'}","{'id': 'fundamental', 'name': 'Fundamental'}","{'id': 'fundamental-fundamental-data', 'name': 'Fundamental Data'}",GLB,1,TOPDIV3000,MATRIX,1.0,0.2644,0,0,1.6,[],fundamental28,Global Fundamental Data,fundamental,Fundamental,fundamental-fundamental-data,Fundamental Data
fnd28_value_18166q,value of quarterly field: Deferred Tax Liability Current,"{'id': 'fundamental28', 'name': 'Global Fundamental Data'}","{'id': 'fundamental', 'name': 'Fundamental'}","{'id': 'fundamental-fundamental-data', 'name': 'Fundamental Data'}",GLB,1,TOPDIV3000,MATRIX,1.0,0.2653,0,0,1.6,[],fundamental28,Global Fundamental Data,fundamental,Fundamental,fundamental-fundamental-data,Fundamental Data
fnd28_value_18183a,value of annual field: Deferred Taxes-Credit,"{'id': 'fundamental28', 'name': 'Global Fundamental Data'}","{'id': 'fundamental', 'name': 'Fundamental'}","{'id': 'fundamental-fundamental-data', 'name': 'Fundamental Data'}",GLB,1,TOPDIV3000,MATRIX,1.0,0.8561,0,0,1.6,[],fundamental28,Global Fundamental Data,fundamental,Fundamental,fundamental-fundamental-data,Fundamental Data
fnd28_value_18184a,value of annual field: Deferred Taxes-Debit,"{'id': 'fundamental28', 'name': 'Global Fundamental Data'}","{'id': 'fundamental', 'name': 'Fundamental'}","{'id': 'fundamental-fundamental-data', 'name': 'Fundamental Data'}",GLB,1,TOPDIV3000,MATRIX,1.0,0.8469,0,0,1.6,[],fundamental28,Global Fundamental Data,fundamental,Fundamental,fundamental-fundamental-data,Fundamental Data
fnd28_value_18186a,value of annual field: Current Domestic Income Tax,"{'id': 'fundamental28', 'name': 'Global Fundamental Data'}","{'id': 'fundamental', 'name': 'Fundamental'}","{'id': 'fundamental-fundamental-data', 'name': 'Fundamental Data'}",GLB,1,TOPDIV3000,MATRIX,1.0,0.9752,0,0,1.6,[],fundamental28,Global Fundamental Data,fundamental,Fundamental,fundamental-fundamental-data,Fundamental Data
fnd28_value_18187a,value of annual field: Current Foreign Income Tax,"{'id': 'fundamental28', 'name': 'Global Fundamental Data'}","{'id': 'fundamental', 'name': 'Fundamental'}","{'id': 'fundamental-fundamental-data', 'name': 'Fundamental Data'}",GLB,1,TOPDIV3000,MATRIX,1.0,0.8454,0,0,1.6,[],fundamental28,Global Fundamental Data,fundamental,Fundamental,fundamental-fundamental-data,Fundamental Data
fnd28_value_18188a,value of annual field: Deferred Domestic Income Tax,"{'id': 'fundamental28', 'name': 'Global Fundamental Data'}","{'id': 'fundamental', 'name': 'Fundamental'}","{'id': 'fundamental-fundamental-data', 'name': 'Fundamental Data'}",GLB,1,TOPDIV3000,MATRIX,1.0,0.9549,1,1,1.6,[],fundamental28,Global Fundamental Data,fundamental,Fundamental,fundamental-fundamental-data,Fundamental Data
fnd28_value_18189a,value of annual field: Deferred Foreign Income Tax,"{'id': 'fundamental28', 'name': 'Global Fundamental Data'}","{'id': 'fundamental', 'name': 'Fundamental'}","{'id': 'fundamental-fundamental-data', 'name': 'Fundamental Data'}",GLB,1,TOPDIV3000,MATRIX,1.0,0.8119,1,1,1.6,[],fundamental28,Global Fundamental Data,fundamental,Fundamental,fundamental-fundamental-data,Fundamental Data
fnd28_value_18193q,value of quarterly field: Earnings per Share - As Reported,"{'id': 'fundamental28', 'name': 'Global Fundamental Data'}","{'id': 'fundamental', 'name': 'Fundamental'}","{'id': 'fundamental-fundamental-data', 'name': 'Fundamental Data'}",GLB,1,TOPDIV3000,MATRIX,1.0,0.7861,1,1,1.6,[],fundamental28,Global Fundamental Data,fundamental,Fundamental,fundamental-fundamental-data,Fundamental Data
fnd28_value_18200a,value of annual field: Discontinued Operations (Total),"{'id': 'fundamental28', 'name': 'Global Fundamental Data'}","{'id': 'fundamental', 'name': 'Fundamental'}","{'id': 'fundamental-fundamental-data', 'name': 'Fundamental Data'}",GLB,1,TOPDIV3000,MATRIX,1.0,0.8927,1,7,1.6,[],fundamental28,Global Fundamental Data,fundamental,Fundamental,fundamental-fundamental-data,Fundamental Data
fnd28_value_18200q,value of quarterly field: Discontinued Operations (Total),"{'id': 'fundamental28', 'name': 'Global Fundamental Data'}","{'id': 'fundamental', 'name': 'Fundamental'}","{'id': 'fundamental-fundamental-data', 'name': 'Fundamental Data'}",GLB,1,TOPDIV3000,MATRIX,1.0,0.2589,0,0,1.6,[],fundamental28,Global Fundamental Data,fundamental,Fundamental,fundamental-fundamental-data,Fundamental Data
fnd28_value_18205q,value of quarterly field: Discontinued Operations Total per Share,"{'id': 'fundamental28', 'name': 'Global Fundamental Data'}","{'id': 'fundamental', 'name': 'Fundamental'}","{'id': 'fundamental-fundamental-data', 'name': 'Fundamental Data'}",GLB,1,TOPDIV3000,MATRIX,1.0,0.54,0,0,1.6,[],fundamental28,Global Fundamental Data,fundamental,Fundamental,fundamental-fundamental-data,Fundamental Data
fnd28_value_18208,value of field: Earnings per Share Continuing Operations,"{'id': 'fundamental28', 'name': 'Global Fundamental Data'}","{'id': 'fundamental', 'name': 'Fundamental'}","{'id': 'fundamental-fundamental-data', 'name': 'Fundamental Data'}",GLB,1,TOPDIV3000,MATRIX,1.0,0.8563,0,0,1.6,[],fundamental28,Global Fundamental Data,fundamental,Fundamental,fundamental-fundamental-data,Fundamental Data
fnd28_value_18208a,value of annual field: Earnings per Share Continuing Operations,"{'id': 'fundamental28', 'name': 'Global Fundamental Data'}","{'id': 'fundamental', 'name': 'Fundamental'}","{'id': 'fundamental-fundamental-data', 'name': 'Fundamental Data'}",GLB,1,TOPDIV3000,MATRIX,1.0,0.8565,1,1,1.6,[],fundamental28,Global Fundamental Data,fundamental,Fundamental,fundamental-fundamental-data,Fundamental Data
fnd28_value_18209q,value of quarterly field: EPS Fiscal Period Generic after Extra Items,"{'id': 'fundamental28', 'name': 'Global Fundamental Data'}","{'id': 'fundamental', 'name': 'Fundamental'}","{'id': 'fundamental-fundamental-data', 'name': 'Fundamental Data'}",GLB,1,TOPDIV3000,MATRIX,1.0,0.7909,1,1,1.6,[],fundamental28,Global Fundamental Data,fundamental,Fundamental,fundamental-fundamental-data,Fundamental Data
fnd28_value_18218q,value of quarterly field: Cumulative Effect of Accounting Change,"{'id': 'fundamental28', 'name': 'Global Fundamental Data'}","{'id': 'fundamental', 'name': 'Fundamental'}","{'id': 'fundamental-fundamental-data', 'name': 'Fundamental Data'}",GLB,1,TOPDIV3000,MATRIX,1.0,0.6255,0,0,1.6,[],fundamental28,Global Fundamental Data,fundamental,Fundamental,fundamental-fundamental-data,Fundamental Data
fnd28_value_18224a,value of annual field: Amortization and Impairment of Goodwill,"{'id': 'fundamental28', 'name': 'Global Fundamental Data'}","{'id': 'fundamental', 'name': 'Fundamental'}","{'id': 'fundamental-fundamental-data', 'name': 'Fundamental Data'}",GLB,1,TOPDIV3000,MATRIX,1.0,0.572,0,0,1.6,[],fundamental28,Global Fundamental Data,fundamental,Fundamental,fundamental-fundamental-data,Fundamental Data
fnd28_value_18225a,value of annual field: Impairment of Goodwill,"{'id': 'fundamental28', 'name': 'Global Fundamental Data'}","{'id': 'fundamental', 'name': 'Fundamental'}","{'id': 'fundamental-fundamental-data', 'name': 'Fundamental Data'}",GLB,1,TOPDIV3000,MATRIX,1.0,0.3016,0,0,1.6,[],fundamental28,Global Fundamental Data,fundamental,Fundamental,fundamental-fundamental-data,Fundamental Data
fnd28_value_18226a,value of annual field: Impairment of Other Intangibles,"{'id': 'fundamental28', 'name': 'Global Fundamental Data'}","{'id': 'fundamental', 'name': 'Fundamental'}","{'id': 'fundamental-fundamental-data', 'name': 'Fundamental Data'}",GLB,1,TOPDIV3000,MATRIX,1.0,0.28,0,0,1.6,[],fundamental28,Global Fundamental Data,fundamental,Fundamental,fundamental-fundamental-data,Fundamental Data
fnd28_value_18232a,value of annual field: Current Portion of Long Term Debt,"{'id': 'fundamental28', 'name': 'Global Fundamental Data'}","{'id': 'fundamental', 'name': 'Fundamental'}","{'id': 'fundamental-fundamental-data', 'name': 'Fundamental Data'}",GLB,1,TOPDIV3000,MATRIX,1.0,0.8322,0,0,1.6,[],fundamental28,Global Fundamental Data,fundamental,Fundamental,fundamental-fundamental-data,Fundamental Data
fnd28_value_18259q,value of quarterly field: Includes Extraordinary Credit/Charge Per Share - Fiscal,"{'id': 'fundamental28', 'name': 'Global Fundamental Data'}","{'id': 'fundamental', 'name': 'Fundamental'}","{'id': 'fundamental-fundamental-data', 'name': 'Fundamental Data'}",GLB,1,TOPDIV3000,MATRIX,1.0,0.2875,0,0,1.6,[],fundamental28,Global Fundamental Data,fundamental,Fundamental,fundamental-fundamental-data,Fundamental Data
fnd28_value_18260q,value of quarterly field: Excludes Pre-tax Extraordinary Credit/Charge per Share - Fiscal,"{'id': 'fundamental28', 'name': 'Global Fundamental Data'}","{'id': 'fundamental', 'name': 'Fundamental'}","{'id': 'fundamental-fundamental-data', 'name': 'Fundamental Data'}",GLB,1,TOPDIV3000,MATRIX,1.0,0.5404,0,0,1.6,[],fundamental28,Global Fundamental Data,fundamental,Fundamental,fundamental-fundamental-data,Fundamental Data
fnd28_value_18261q,value of quarterly field: Includes Pre-tax Extraordinary Credit/Charge per Share - Fiscal,"{'id': 'fundamental28', 'name': 'Global Fundamental Data'}","{'id': 'fundamental', 'name': 'Fundamental'}","{'id': 'fundamental-fundamental-data', 'name': 'Fundamental Data'}",GLB,1,TOPDIV3000,MATRIX,1.0,0.6243,0,0,1.6,[],fundamental28,Global Fundamental Data,fundamental,Fundamental,fundamental-fundamental-data,Fundamental Data
fnd28_value_18262q,value of quarterly field: Trailing Twelve Months Net Sales/Revenues,"{'id': 'fundamental28', 'name': 'Global Fundamental Data'}","{'id': 'fundamental', 'name': 'Fundamental'}","{'id': 'fundamental-fundamental-data', 'name': 'Fundamental Data'}",GLB,1,TOPDIV3000,MATRIX,1.0,0.8736,0,0,1.6,[],fundamental28,Global Fundamental Data,fundamental,Fundamental,fundamental-fundamental-data,Fundamental Data
fnd28_value_18263q,Value of quarterly field: Trailing 12 Months Net Profit,"{'id': 'fundamental28', 'name': 'Global Fundamental Data'}","{'id': 'fundamental', 'name': 'Fundamental'}","{'id': 'fundamental-fundamental-data', 'name': 'Fundamental Data'}",GLB,1,TOPDIV3000,MATRIX,1.0,0.8711,0,0,1.6,[],fundamental28,Global Fundamental Data,fundamental,Fundamental,fundamental-fundamental-data,Fundamental Data
fnd28_value_18264q,Value of quarterly field: Trailing 12 Months Earnings per Share,"{'id': 'fundamental28', 'name': 'Global Fundamental Data'}","{'id': 'fundamental', 'name': 'Fundamental'}","{'id': 'fundamental-fundamental-data', 'name': 'Fundamental Data'}",GLB,1,TOPDIV3000,MATRIX,1.0,0.8813,0,0,1.6,[],fundamental28,Global Fundamental Data,fundamental,Fundamental,fundamental-fundamental-data,Fundamental Data
fnd28_value_18265q,value of quarterly field: Trailing Twelve Months Cash Flow per Share,"{'id': 'fundamental28', 'name': 'Global Fundamental Data'}","{'id': 'fundamental', 'name': 'Fundamental'}","{'id': 'fundamental-fundamental-data', 'name': 'Fundamental Data'}",GLB,1,TOPDIV3000,MATRIX,1.0,0.8799,0,0,1.6,[],fundamental28,Global Fundamental Data,fundamental,Fundamental,fundamental-fundamental-data,Fundamental Data
fnd28_value_18266q,value of quarterly field: Trailing Twelve Months Dividends,"{'id': 'fundamental28', 'name': 'Global Fundamental Data'}","{'id': 'fundamental', 'name': 'Fundamental'}","{'id': 'fundamental-fundamental-data', 'name': 'Fundamental Data'}",GLB,1,TOPDIV3000,MATRIX,1.0,0.7727,0,0,1.6,[],fundamental28,Global Fundamental Data,fundamental,Fundamental,fundamental-fundamental-data,Fundamental Data
fnd28_value_18267q,value of quarterly field: Trailing Twelve Months Gross Margin,"{'id': 'fundamental28', 'name': 'Global Fundamental Data'}","{'id': 'fundamental', 'name': 'Fundamental'}","{'id': 'fundamental-fundamental-data', 'name': 'Fundamental Data'}",GLB,1,TOPDIV3000,MATRIX,1.0,0.7517,0,0,1.6,[],fundamental28,Global Fundamental Data,fundamental,Fundamental,fundamental-fundamental-data,Fundamental Data
fnd28_value_18268q,value of quarterly field: Trailing Twelve Months Net Margin Asset Utilization,"{'id': 'fundamental28', 'name': 'Global Fundamental Data'}","{'id': 'fundamental', 'name': 'Fundamental'}","{'id': 'fundamental-fundamental-data', 'name': 'Fundamental Data'}",GLB,1,TOPDIV3000,MATRIX,1.0,0.8692,0,0,1.6,[],fundamental28,Global Fundamental Data,fundamental,Fundamental,fundamental-fundamental-data,Fundamental Data
fnd28_value_18269q,Value of quarterly field: Trailing 12 Months Interest Expense,"{'id': 'fundamental28', 'name': 'Global Fundamental Data'}","{'id': 'fundamental', 'name': 'Fundamental'}","{'id': 'fundamental-fundamental-data', 'name': 'Fundamental Data'}",GLB,1,TOPDIV3000,MATRIX,1.0,0.8652,1,1,1.6,[],fundamental28,Global Fundamental Data,fundamental,Fundamental,fundamental-fundamental-data,Fundamental Data
fnd28_value_18270q,Value of quarterly field: Trailing 12 Months Income Taxes,"{'id': 'fundamental28', 'name': 'Global Fundamental Data'}","{'id': 'fundamental', 'name': 'Fundamental'}","{'id': 'fundamental-fundamental-data', 'name': 'Fundamental Data'}",GLB,1,TOPDIV3000,MATRIX,1.0,0.8701,0,0,1.6,[],fundamental28,Global Fundamental Data,fundamental,Fundamental,fundamental-fundamental-data,Fundamental Data
fnd28_value_18271q,Value of quarterly field: Trailing 12 Months Pre-Tax Income,"{'id': 'fundamental28', 'name': 'Global Fundamental Data'}","{'id': 'fundamental', 'name': 'Fundamental'}","{'id': 'fundamental-fundamental-data', 'name': 'Fundamental Data'}",GLB,1,TOPDIV3000,MATRIX,1.0,0.8706,0,0,1.6,[],fundamental28,Global Fundamental Data,fundamental,Fundamental,fundamental-fundamental-data,Fundamental Data
fnd28_value_18274a,"value of annual field: Impairment of Property, Plant & Equipment","{'id': 'fundamental28', 'name': 'Global Fundamental Data'}","{'id': 'fundamental', 'name': 'Fundamental'}","{'id': 'fundamental-fundamental-data', 'name': 'Fundamental Data'}",GLB,1,TOPDIV3000,MATRIX,1.0,0.6758,0,0,1.6,[],fundamental28,Global Fundamental Data,fundamental,Fundamental,fundamental-fundamental-data,Fundamental Data
fnd28_value_18275a,value of annual field: Impairment of Financial Fixed Assets,"{'id': 'fundamental28', 'name': 'Global Fundamental Data'}","{'id': 'fundamental', 'name': 'Fundamental'}","{'id': 'fundamental-fundamental-data', 'name': 'Fundamental Data'}",GLB,1,TOPDIV3000,MATRIX,1.0,0.5131,0,0,1.6,[],fundamental28,Global Fundamental Data,fundamental,Fundamental,fundamental-fundamental-data,Fundamental Data
fnd28_value_18286q,value of quarterly field: Derivative Liabilities Non-Current,"{'id': 'fundamental28', 'name': 'Global Fundamental Data'}","{'id': 'fundamental', 'name': 'Fundamental'}","{'id': 'fundamental-fundamental-data', 'name': 'Fundamental Data'}",GLB,1,TOPDIV3000,MATRIX,1.0,0.2896,0,0,1.6,[],fundamental28,Global Fundamental Data,fundamental,Fundamental,fundamental-fundamental-data,Fundamental Data
fnd28_value_18287q,value of quarterly field: Derivative Liabilities Current,"{'id': 'fundamental28', 'name': 'Global Fundamental Data'}","{'id': 'fundamental', 'name': 'Fundamental'}","{'id': 'fundamental-fundamental-data', 'name': 'Fundamental Data'}",GLB,1,TOPDIV3000,MATRIX,1.0,0.2684,0,0,1.6,[],fundamental28,Global Fundamental Data,fundamental,Fundamental,fundamental-fundamental-data,Fundamental Data
fnd28_value_18289q,value of quarterly field: Non-Redeemable Preferred Stock,"{'id': 'fundamental28', 'name': 'Global Fundamental Data'}","{'id': 'fundamental', 'name': 'Fundamental'}","{'id': 'fundamental-fundamental-data', 'name': 'Fundamental Data'}",GLB,1,TOPDIV3000,MATRIX,1.0,0.7195,0,0,1.6,[],fundamental28,Global Fundamental Data,fundamental,Fundamental,fundamental-fundamental-data,Fundamental Data
fnd28_value_18290q,value of quarterly field: Redeemable Preferred Stock,"{'id': 'fundamental28', 'name': 'Global Fundamental Data'}","{'id': 'fundamental', 'name': 'Fundamental'}","{'id': 'fundamental-fundamental-data', 'name': 'Fundamental Data'}",GLB,1,TOPDIV3000,MATRIX,1.0,0.7186,0,0,1.6,[],fundamental28,Global Fundamental Data,fundamental,Fundamental,fundamental-fundamental-data,Fundamental Data
fnd28_value_18304q,value of quarterly field: Trailing Twelve Months Pre-tax Margin,"{'id': 'fundamental28', 'name': 'Global Fundamental Data'}","{'id': 'fundamental', 'name': 'Fundamental'}","{'id': 'fundamental-fundamental-data', 'name': 'Fundamental Data'}",GLB,1,TOPDIV3000,MATRIX,1.0,0.8687,1,1,1.6,[],fundamental28,Global Fundamental Data,fundamental,Fundamental,fundamental-fundamental-data,Fundamental Data
fnd28_value_18305q,value of quarterly field: Trailing Twelve Months Operating Profit,"{'id': 'fundamental28', 'name': 'Global Fundamental Data'}","{'id': 'fundamental', 'name': 'Fundamental'}","{'id': 'fundamental-fundamental-data', 'name': 'Fundamental Data'}",GLB,1,TOPDIV3000,MATRIX,1.0,0.8715,0,0,1.6,[],fundamental28,Global Fundamental Data,fundamental,Fundamental,fundamental-fundamental-data,Fundamental Data
fnd28_value_18306q,value of quarterly field: Trailing Twelve Months Operating Margin,"{'id': 'fundamental28', 'name': 'Global Fundamental Data'}","{'id': 'fundamental', 'name': 'Fundamental'}","{'id': 'fundamental-fundamental-data', 'name': 'Fundamental Data'}",GLB,1,TOPDIV3000,MATRIX,1.0,0.8696,0,0,1.6,[],fundamental28,Global Fundamental Data,fundamental,Fundamental,fundamental-fundamental-data,Fundamental Data
fnd28_value_18308q,value of quarterly field: Trailing Twelve Months EBIT,"{'id': 'fundamental28', 'name': 'Global Fundamental Data'}","{'id': 'fundamental', 'name': 'Fundamental'}","{'id': 'fundamental-fundamental-data', 'name': 'Fundamental Data'}",GLB,1,TOPDIV3000,MATRIX,1.0,0.8579,0,0,1.6,[],fundamental28,Global Fundamental Data,fundamental,Fundamental,fundamental-fundamental-data,Fundamental Data
fnd28_value_18309q,value of quarterly field: Trailing Twelve Months EBITDA,"{'id': 'fundamental28', 'name': 'Global Fundamental Data'}","{'id': 'fundamental', 'name': 'Fundamental'}","{'id': 'fundamental-fundamental-data', 'name': 'Fundamental Data'}",GLB,1,TOPDIV3000,MATRIX,1.0,0.8544,1,1,1.6,[],fundamental28,Global Fundamental Data,fundamental,Fundamental,fundamental-fundamental-data,Fundamental Data
fnd28_value_18310q,value of quarterly field: Trailing Twelve Months Net Cash Flow Operating Activities,"{'id': 'fundamental28', 'name': 'Global Fundamental Data'}","{'id': 'fundamental', 'name': 'Fundamental'}","{'id': 'fundamental-fundamental-data', 'name': 'Fundamental Data'}",GLB,1,TOPDIV3000,MATRIX,1.0,0.8592,0,0,1.6,[],fundamental28,Global Fundamental Data,fundamental,Fundamental,fundamental-fundamental-data,Fundamental Data
fnd28_value_18311q,Value of quarterly field: Trailing 12 Months Capital Expenditures,"{'id': 'fundamental28', 'name': 'Global Fundamental Data'}","{'id': 'fundamental', 'name': 'Fundamental'}","{'id': 'fundamental-fundamental-data', 'name': 'Fundamental Data'}",GLB,1,TOPDIV3000,MATRIX,1.0,0.8547,0,0,1.6,[],fundamental28,Global Fundamental Data,fundamental,Fundamental,fundamental-fundamental-data,Fundamental Data
fnd28_value_18312q,value of quarterly field: Trailing Twelve Months Cost of Goods Sold,"{'id': 'fundamental28', 'name': 'Global Fundamental Data'}","{'id': 'fundamental', 'name': 'Fundamental'}","{'id': 'fundamental-fundamental-data', 'name': 'Fundamental Data'}",GLB,1,TOPDIV3000,MATRIX,1.0,0.746,0,0,1.6,[],fundamental28,Global Fundamental Data,fundamental,Fundamental,fundamental-fundamental-data,Fundamental Data
fnd28_value_18313q,"value of quarterly field: Trailing Twelve Months Depreciation, Depletion & Amortization","{'id': 'fundamental28', 'name': 'Global Fundamental Data'}","{'id': 'fundamental', 'name': 'Fundamental'}","{'id': 'fundamental-fundamental-data', 'name': 'Fundamental Data'}",GLB,1,TOPDIV3000,MATRIX,1.0,0.8635,0,0,1.6,[],fundamental28,Global Fundamental Data,fundamental,Fundamental,fundamental-fundamental-data,Fundamental Data
fnd28_value_18318q,value of quarterly field: Trailing Twelve Months Cash Dividends Paid,"{'id': 'fundamental28', 'name': 'Global Fundamental Data'}","{'id': 'fundamental', 'name': 'Fundamental'}","{'id': 'fundamental-fundamental-data', 'name': 'Fundamental Data'}",GLB,1,TOPDIV3000,MATRIX,1.0,0.8501,1,1,1.6,[],fundamental28,Global Fundamental Data,fundamental,Fundamental,fundamental-fundamental-data,Fundamental Data
fnd28_value_18324q,value of quarterly field: Unrealized Valuation Gains/Losses - Total,"{'id': 'fundamental28', 'name': 'Global Fundamental Data'}","{'id': 'fundamental', 'name': 'Fundamental'}","{'id': 'fundamental-fundamental-data', 'name': 'Fundamental Data'}",GLB,1,TOPDIV3000,MATRIX,1.0,0.4984,0,0,1.6,[],fundamental28,Global Fundamental Data,fundamental,Fundamental,fundamental-fundamental-data,Fundamental Data
fnd28_value_18352a,value of annual field: Unfunded Pension Liabilities,"{'id': 'fundamental28', 'name': 'Global Fundamental Data'}","{'id': 'fundamental', 'name': 'Fundamental'}","{'id': 'fundamental-fundamental-data', 'name': 'Fundamental Data'}",GLB,1,TOPDIV3000,MATRIX,1.0,0.6454,0,0,1.6,[],fundamental28,Global Fundamental Data,fundamental,Fundamental,fundamental-fundamental-data,Fundamental Data
fnd28_value_18375a,value of annual field: Land,"{'id': 'fundamental28', 'name': 'Global Fundamental Data'}","{'id': 'fundamental', 'name': 'Fundamental'}","{'id': 'fundamental-fundamental-data', 'name': 'Fundamental Data'}",GLB,1,TOPDIV3000,MATRIX,1.0,0.5809,0,0,1.6,[],fundamental28,Global Fundamental Data,fundamental,Fundamental,fundamental-fundamental-data,Fundamental Data
fnd28_value_18376a,value of annual field: Buildings,"{'id': 'fundamental28', 'name': 'Global Fundamental Data'}","{'id': 'fundamental', 'name': 'Fundamental'}","{'id': 'fundamental-fundamental-data', 'name': 'Fundamental Data'}",GLB,1,TOPDIV3000,MATRIX,1.0,0.7874,0,0,1.6,[],fundamental28,Global Fundamental Data,fundamental,Fundamental,fundamental-fundamental-data,Fundamental Data
fnd28_value_18377a,value of annual field: Machinery & Equipment,"{'id': 'fundamental28', 'name': 'Global Fundamental Data'}","{'id': 'fundamental', 'name': 'Fundamental'}","{'id': 'fundamental-fundamental-data', 'name': 'Fundamental Data'}",GLB,1,TOPDIV3000,MATRIX,1.0,0.7625,0,0,1.6,[],fundamental28,Global Fundamental Data,fundamental,Fundamental,fundamental-fundamental-data,Fundamental Data
fnd28_value_18379a,"value of annual field: Property, Plant & Equipment - Other","{'id': 'fundamental28', 'name': 'Global Fundamental Data'}","{'id': 'fundamental', 'name': 'Fundamental'}","{'id': 'fundamental-fundamental-data', 'name': 'Fundamental Data'}",GLB,1,TOPDIV3000,MATRIX,1.0,0.764,0,0,1.6,[],fundamental28,Global Fundamental Data,fundamental,Fundamental,fundamental-fundamental-data,Fundamental Data
fnd28_value_18381a,"value of annual field: Property, Plant & Equipment under Capitalized Leases","{'id': 'fundamental28', 'name': 'Global Fundamental Data'}","{'id': 'fundamental', 'name': 'Fundamental'}","{'id': 'fundamental-fundamental-data', 'name': 'Fundamental Data'}",GLB,1,TOPDIV3000,MATRIX,1.0,0.4235,0,0,1.6,[],fundamental28,Global Fundamental Data,fundamental,Fundamental,fundamental-fundamental-data,Fundamental Data
fnd28_value_18408q,value of quarterly field: Derivative Assets Non-Current,"{'id': 'fundamental28', 'name': 'Global Fundamental Data'}","{'id': 'fundamental', 'name': 'Fundamental'}","{'id': 'fundamental-fundamental-data', 'name': 'Fundamental Data'}",GLB,1,TOPDIV3000,MATRIX,1.0,0.2929,0,0,1.6,[],fundamental28,Global Fundamental Data,fundamental,Fundamental,fundamental-fundamental-data,Fundamental Data
fnd28_value_18420q,value of quarterly field: Earnings per Share Fiscal Period Basic,"{'id': 'fundamental28', 'name': 'Global Fundamental Data'}","{'id': 'fundamental', 'name': 'Fundamental'}","{'id': 'fundamental-fundamental-data', 'name': 'Fundamental Data'}",GLB,1,TOPDIV3000,MATRIX,1.0,0.7974,1,1,1.6,[],fundamental28,Global Fundamental Data,fundamental,Fundamental,fundamental-fundamental-data,Fundamental Data
fnd28_value_18426q,value of quarterly field: Earnings Per Share (EPS) Included Extra Cr/Chg After Tax Basic,"{'id': 'fundamental28', 'name': 'Global Fundamental Data'}","{'id': 'fundamental', 'name': 'Fundamental'}","{'id': 'fundamental-fundamental-data', 'name': 'Fundamental Data'}",GLB,1,TOPDIV3000,MATRIX,1.0,0.3233,0,0,1.6,[],fundamental28,Global Fundamental Data,fundamental,Fundamental,fundamental-fundamental-data,Fundamental Data
fnd28_value_18428q,value of quarterly field: Earnings per Share Included Extra Pre-tax Cr/Chg Basic,"{'id': 'fundamental28', 'name': 'Global Fundamental Data'}","{'id': 'fundamental', 'name': 'Fundamental'}","{'id': 'fundamental-fundamental-data', 'name': 'Fundamental Data'}",GLB,1,TOPDIV3000,MATRIX,1.0,0.661,0,0,1.6,[],fundamental28,Global Fundamental Data,fundamental,Fundamental,fundamental-fundamental-data,Fundamental Data
fnd28_value_18440q,value of quarterly field: Earnings per Share Fiscal Period - Fully Diluted,"{'id': 'fundamental28', 'name': 'Global Fundamental Data'}","{'id': 'fundamental', 'name': 'Fundamental'}","{'id': 'fundamental-fundamental-data', 'name': 'Fundamental Data'}",GLB,1,TOPDIV3000,MATRIX,1.0,0.7611,1,1,1.6,[],fundamental28,Global Fundamental Data,fundamental,Fundamental,fundamental-fundamental-data,Fundamental Data
fnd28_value_18446q,value of quarterly field: Earnings Per Share (EPS) Included Extra Cr/Chg After Tax Fully Diluted,"{'id': 'fundamental28', 'name': 'Global Fundamental Data'}","{'id': 'fundamental', 'name': 'Fundamental'}","{'id': 'fundamental-fundamental-data', 'name': 'Fundamental Data'}",GLB,1,TOPDIV3000,MATRIX,1.0,0.3224,0,0,1.6,[],fundamental28,Global Fundamental Data,fundamental,Fundamental,fundamental-fundamental-data,Fundamental Data
fnd28_value_18448q,value of quarterly field: Earnings per Share Included Extra Pre-tax Cr/Chg Fully Diluted,"{'id': 'fundamental28', 'name': 'Global Fundamental Data'}","{'id': 'fundamental', 'name': 'Fundamental'}","{'id': 'fundamental-fundamental-data', 'name': 'Fundamental Data'}",GLB,1,TOPDIV3000,MATRIX,1.0,0.6447,0,0,1.6,[],fundamental28,Global Fundamental Data,fundamental,Fundamental,fundamental-fundamental-data,Fundamental Data
fnd28_value_18457q,value of quarterly field: Earnings per Share Included Extra Pre-tax Cr/Chg Basic Revised,"{'id': 'fundamental28', 'name': 'Global Fundamental Data'}","{'id': 'fundamental', 'name': 'Fundamental'}","{'id': 'fundamental-fundamental-data', 'name': 'Fundamental Data'}",GLB,1,TOPDIV3000,MATRIX,1.0,0.6087,0,0,1.6,[],fundamental28,Global Fundamental Data,fundamental,Fundamental,fundamental-fundamental-data,Fundamental Data
fnd28_value_18458q,value of quarterly field: Earnings per Share Included Extra Pre-tax Cr/Chg Fully Diluted - Revised,"{'id': 'fundamental28', 'name': 'Global Fundamental Data'}","{'id': 'fundamental', 'name': 'Fundamental'}","{'id': 'fundamental-fundamental-data', 'name': 'Fundamental Data'}",GLB,1,TOPDIV3000,MATRIX,1.0,0.5732,0,0,1.6,[],fundamental28,Global Fundamental Data,fundamental,Fundamental,fundamental-fundamental-data,Fundamental Data
fnd28_value_18469q,value of quarterly field: Earnings per Share Fiscal Period Basic Revised,"{'id': 'fundamental28', 'name': 'Global Fundamental Data'}","{'id': 'fundamental', 'name': 'Fundamental'}","{'id': 'fundamental-fundamental-data', 'name': 'Fundamental Data'}",GLB,1,TOPDIV3000,MATRIX,1.0,0.6918,1,1,1.6,[],fundamental28,Global Fundamental Data,fundamental,Fundamental,fundamental-fundamental-data,Fundamental Data
fnd28_value_18470q,value of quarterly field: Earnings per Share Fiscal Period Fully Diluted Revised,"{'id': 'fundamental28', 'name': 'Global Fundamental Data'}","{'id': 'fundamental', 'name': 'Fundamental'}","{'id': 'fundamental-fundamental-data', 'name': 'Fundamental Data'}",GLB,1,TOPDIV3000,MATRIX,1.0,0.6824,0,0,1.6,[],fundamental28,Global Fundamental Data,fundamental,Fundamental,fundamental-fundamental-data,Fundamental Data
fnd28_value_18571q,value of quarterly field: Unrealized Valuation Gains/Losses Investments,"{'id': 'fundamental28', 'name': 'Global Fundamental Data'}","{'id': 'fundamental', 'name': 'Fundamental'}","{'id': 'fundamental-fundamental-data', 'name': 'Fundamental Data'}",GLB,1,TOPDIV3000,MATRIX,1.0,0.3076,0,0,1.6,[],fundamental28,Global Fundamental Data,fundamental,Fundamental,fundamental-fundamental-data,Fundamental Data
fnd28_value_18574q,value of quarterly field: Unrealized Valuation Gains/Losses Hedges/Derivatives,"{'id': 'fundamental28', 'name': 'Global Fundamental Data'}","{'id': 'fundamental', 'name': 'Fundamental'}","{'id': 'fundamental-fundamental-data', 'name': 'Fundamental Data'}",GLB,1,TOPDIV3000,MATRIX,1.0,0.3178,0,0,1.6,[],fundamental28,Global Fundamental Data,fundamental,Fundamental,fundamental-fundamental-data,Fundamental Data
fnd28_value_18851q,value of quarterly field: Comprehensive Income Pension Liability,"{'id': 'fundamental28', 'name': 'Global Fundamental Data'}","{'id': 'fundamental', 'name': 'Fundamental'}","{'id': 'fundamental-fundamental-data', 'name': 'Fundamental Data'}",GLB,1,TOPDIV3000,MATRIX,1.0,0.3074,0,0,1.6,[],fundamental28,Global Fundamental Data,fundamental,Fundamental,fundamental-fundamental-data,Fundamental Data
fnd28_value_18852q,value of quarterly field: Comprehensive Income Hedging Gain/Loss,"{'id': 'fundamental28', 'name': 'Global Fundamental Data'}","{'id': 'fundamental', 'name': 'Fundamental'}","{'id': 'fundamental-fundamental-data', 'name': 'Fundamental Data'}",GLB,1,TOPDIV3000,MATRIX,1.0,0.3888,0,0,1.6,[],fundamental28,Global Fundamental Data,fundamental,Fundamental,fundamental-fundamental-data,Fundamental Data
fnd28_value_18862q,value of quarterly field: Trailing Twelve Months Funds From Operations Other Fields,"{'id': 'fundamental28', 'name': 'Global Fundamental Data'}","{'id': 'fundamental', 'name': 'Fundamental'}","{'id': 'fundamental-fundamental-data', 'name': 'Fundamental Data'}",GLB,1,TOPDIV3000,MATRIX,1.0,0.8647,0,0,1.6,[],fundamental28,Global Fundamental Data,fundamental,Fundamental,fundamental-fundamental-data,Fundamental Data
fnd28_value_19501,value of field: Product Segment 1 - Sales,"{'id': 'fundamental28', 'name': 'Global Fundamental Data'}","{'id': 'fundamental', 'name': 'Fundamental'}","{'id': 'fundamental-fundamental-data', 'name': 'Fundamental Data'}",GLB,1,TOPDIV3000,MATRIX,1.0,1.0,3,15,1.6,[],fundamental28,Global Fundamental Data,fundamental,Fundamental,fundamental-fundamental-data,Fundamental Data
fnd28_value_19502,value of field: Product Segment 1 - Operating Income,"{'id': 'fundamental28', 'name': 'Global Fundamental Data'}","{'id': 'fundamental', 'name': 'Fundamental'}","{'id': 'fundamental-fundamental-data', 'name': 'Fundamental Data'}",GLB,1,TOPDIV3000,MATRIX,1.0,0.9394,1,1,1.6,[],fundamental28,Global Fundamental Data,fundamental,Fundamental,fundamental-fundamental-data,Fundamental Data
fnd28_value_19503,value of field: Product Segment 1 - Assets,"{'id': 'fundamental28', 'name': 'Global Fundamental Data'}","{'id': 'fundamental', 'name': 'Fundamental'}","{'id': 'fundamental-fundamental-data', 'name': 'Fundamental Data'}",GLB,1,TOPDIV3000,MATRIX,1.0,0.9142,0,0,1.6,[],fundamental28,Global Fundamental Data,fundamental,Fundamental,fundamental-fundamental-data,Fundamental Data
fnd28_value_19504,value of field: Product Segment 1 - Capital Expenditures,"{'id': 'fundamental28', 'name': 'Global Fundamental Data'}","{'id': 'fundamental', 'name': 'Fundamental'}","{'id': 'fundamental-fundamental-data', 'name': 'Fundamental Data'}",GLB,1,TOPDIV3000,MATRIX,1.0,0.847,1,1,1.6,[],fundamental28,Global Fundamental Data,fundamental,Fundamental,fundamental-fundamental-data,Fundamental Data
fnd28_value_19505,value of field: Product Segment 1 - Depreciation,"{'id': 'fundamental28', 'name': 'Global Fundamental Data'}","{'id': 'fundamental', 'name': 'Fundamental'}","{'id': 'fundamental-fundamental-data', 'name': 'Fundamental Data'}",GLB,1,TOPDIV3000,MATRIX,1.0,0.8669,0,0,1.6,[],fundamental28,Global Fundamental Data,fundamental,Fundamental,fundamental-fundamental-data,Fundamental Data
fnd28_value_19511,value of field: Product Segment 2 - Sales,"{'id': 'fundamental28', 'name': 'Global Fundamental Data'}","{'id': 'fundamental', 'name': 'Fundamental'}","{'id': 'fundamental-fundamental-data', 'name': 'Fundamental Data'}",GLB,1,TOPDIV3000,MATRIX,1.0,0.8708,3,4,1.6,[],fundamental28,Global Fundamental Data,fundamental,Fundamental,fundamental-fundamental-data,Fundamental Data
fnd28_value_19512,value of field: Product Segment 2 - Operating Income,"{'id': 'fundamental28', 'name': 'Global Fundamental Data'}","{'id': 'fundamental', 'name': 'Fundamental'}","{'id': 'fundamental-fundamental-data', 'name': 'Fundamental Data'}",GLB,1,TOPDIV3000,MATRIX,1.0,0.7527,0,0,1.6,[],fundamental28,Global Fundamental Data,fundamental,Fundamental,fundamental-fundamental-data,Fundamental Data
fnd28_value_19513,value of field: Product Segment 2 - Assets,"{'id': 'fundamental28', 'name': 'Global Fundamental Data'}","{'id': 'fundamental', 'name': 'Fundamental'}","{'id': 'fundamental-fundamental-data', 'name': 'Fundamental Data'}",GLB,1,TOPDIV3000,MATRIX,1.0,0.7177,0,0,1.6,[],fundamental28,Global Fundamental Data,fundamental,Fundamental,fundamental-fundamental-data,Fundamental Data
fnd28_value_19514,value of field: Product Segment 2 - Capital Expenditures,"{'id': 'fundamental28', 'name': 'Global Fundamental Data'}","{'id': 'fundamental', 'name': 'Fundamental'}","{'id': 'fundamental-fundamental-data', 'name': 'Fundamental Data'}",GLB,1,TOPDIV3000,MATRIX,1.0,0.6315,0,0,1.6,[],fundamental28,Global Fundamental Data,fundamental,Fundamental,fundamental-fundamental-data,Fundamental Data
fnd28_value_19515,value of field: Product Segment 2 - Depreciation,"{'id': 'fundamental28', 'name': 'Global Fundamental Data'}","{'id': 'fundamental', 'name': 'Fundamental'}","{'id': 'fundamental-fundamental-data', 'name': 'Fundamental Data'}",GLB,1,TOPDIV3000,MATRIX,1.0,0.6624,1,1,1.6,[],fundamental28,Global Fundamental Data,fundamental,Fundamental,fundamental-fundamental-data,Fundamental Data
fnd28_value_19521,value of field: Product Segment 3 - Sales,"{'id': 'fundamental28', 'name': 'Global Fundamental Data'}","{'id': 'fundamental', 'name': 'Fundamental'}","{'id': 'fundamental-fundamental-data', 'name': 'Fundamental Data'}",GLB,1,TOPDIV3000,MATRIX,1.0,0.8059,1,1,1.6,[],fundamental28,Global Fundamental Data,fundamental,Fundamental,fundamental-fundamental-data,Fundamental Data
fnd28_value_19522,value of field: Product Segment 3 - Operating Income,"{'id': 'fundamental28', 'name': 'Global Fundamental Data'}","{'id': 'fundamental', 'name': 'Fundamental'}","{'id': 'fundamental-fundamental-data', 'name': 'Fundamental Data'}",GLB,1,TOPDIV3000,MATRIX,1.0,0.7039,0,0,1.6,[],fundamental28,Global Fundamental Data,fundamental,Fundamental,fundamental-fundamental-data,Fundamental Data
fnd28_value_19523,value of field: Product Segment 3 - Assets,"{'id': 'fundamental28', 'name': 'Global Fundamental Data'}","{'id': 'fundamental', 'name': 'Fundamental'}","{'id': 'fundamental-fundamental-data', 'name': 'Fundamental Data'}",GLB,1,TOPDIV3000,MATRIX,1.0,0.6735,1,1,1.6,[],fundamental28,Global Fundamental Data,fundamental,Fundamental,fundamental-fundamental-data,Fundamental Data
fnd28_value_19524,value of field: Product Segment 3 - Capital Expenditures,"{'id': 'fundamental28', 'name': 'Global Fundamental Data'}","{'id': 'fundamental', 'name': 'Fundamental'}","{'id': 'fundamental-fundamental-data', 'name': 'Fundamental Data'}",GLB,1,TOPDIV3000,MATRIX,1.0,0.57,0,0,1.6,[],fundamental28,Global Fundamental Data,fundamental,Fundamental,fundamental-fundamental-data,Fundamental Data
fnd28_value_19525,value of field: Product Segment 3 - Depreciation,"{'id': 'fundamental28', 'name': 'Global Fundamental Data'}","{'id': 'fundamental', 'name': 'Fundamental'}","{'id': 'fundamental-fundamental-data', 'name': 'Fundamental Data'}",GLB,1,TOPDIV3000,MATRIX,1.0,0.6078,0,0,1.6,[],fundamental28,Global Fundamental Data,fundamental,Fundamental,fundamental-fundamental-data,Fundamental Data
fnd28_value_19531,value of field: Product Segment 4 - Sales,"{'id': 'fundamental28', 'name': 'Global Fundamental Data'}","{'id': 'fundamental', 'name': 'Fundamental'}","{'id': 'fundamental-fundamental-data', 'name': 'Fundamental Data'}",GLB,1,TOPDIV3000,MATRIX,1.0,0.6689,0,0,1.6,[],fundamental28,Global Fundamental Data,fundamental,Fundamental,fundamental-fundamental-data,Fundamental Data
fnd28_value_19532,value of field: Product Segment 4 - Operating Income,"{'id': 'fundamental28', 'name': 'Global Fundamental Data'}","{'id': 'fundamental', 'name': 'Fundamental'}","{'id': 'fundamental-fundamental-data', 'name': 'Fundamental Data'}",GLB,1,TOPDIV3000,MATRIX,1.0,0.5891,0,0,1.6,[],fundamental28,Global Fundamental Data,fundamental,Fundamental,fundamental-fundamental-data,Fundamental Data
fnd28_value_19533,value of field: Product Segment 4 - Assets,"{'id': 'fundamental28', 'name': 'Global Fundamental Data'}","{'id': 'fundamental', 'name': 'Fundamental'}","{'id': 'fundamental-fundamental-data', 'name': 'Fundamental Data'}",GLB,1,TOPDIV3000,MATRIX,1.0,0.5554,0,0,1.6,[],fundamental28,Global Fundamental Data,fundamental,Fundamental,fundamental-fundamental-data,Fundamental Data
fnd28_value_19534,value of field: Product Segment 4 - Capital Expenditures,"{'id': 'fundamental28', 'name': 'Global Fundamental Data'}","{'id': 'fundamental', 'name': 'Fundamental'}","{'id': 'fundamental-fundamental-data', 'name': 'Fundamental Data'}",GLB,1,TOPDIV3000,MATRIX,1.0,0.4671,0,0,1.6,[],fundamental28,Global Fundamental Data,fundamental,Fundamental,fundamental-fundamental-data,Fundamental Data
fnd28_value_19535,value of field: Product Segment 4 - Depreciation,"{'id': 'fundamental28', 'name': 'Global Fundamental Data'}","{'id': 'fundamental', 'name': 'Fundamental'}","{'id': 'fundamental-fundamental-data', 'name': 'Fundamental Data'}",GLB,1,TOPDIV3000,MATRIX,1.0,0.5002,0,0,1.6,[],fundamental28,Global Fundamental Data,fundamental,Fundamental,fundamental-fundamental-data,Fundamental Data
fnd28_value_19541,value of field: Product Segment 5 - Sales,"{'id': 'fundamental28', 'name': 'Global Fundamental Data'}","{'id': 'fundamental', 'name': 'Fundamental'}","{'id': 'fundamental-fundamental-data', 'name': 'Fundamental Data'}",GLB,1,TOPDIV3000,MATRIX,1.0,0.4929,0,0,1.6,[],fundamental28,Global Fundamental Data,fundamental,Fundamental,fundamental-fundamental-data,Fundamental Data
fnd28_value_19542,value of field: Product Segment 5 - Operating Income,"{'id': 'fundamental28', 'name': 'Global Fundamental Data'}","{'id': 'fundamental', 'name': 'Fundamental'}","{'id': 'fundamental-fundamental-data', 'name': 'Fundamental Data'}",GLB,1,TOPDIV3000,MATRIX,1.0,0.4327,1,1,1.6,[],fundamental28,Global Fundamental Data,fundamental,Fundamental,fundamental-fundamental-data,Fundamental Data
fnd28_value_19543,value of field: Product Segment 5 - Assets,"{'id': 'fundamental28', 'name': 'Global Fundamental Data'}","{'id': 'fundamental', 'name': 'Fundamental'}","{'id': 'fundamental-fundamental-data', 'name': 'Fundamental Data'}",GLB,1,TOPDIV3000,MATRIX,1.0,0.4049,0,0,1.6,[],fundamental28,Global Fundamental Data,fundamental,Fundamental,fundamental-fundamental-data,Fundamental Data
fnd28_value_19544,value of field: Product Segment 5 - Capital Expenditures,"{'id': 'fundamental28', 'name': 'Global Fundamental Data'}","{'id': 'fundamental', 'name': 'Fundamental'}","{'id': 'fundamental-fundamental-data', 'name': 'Fundamental Data'}",GLB,1,TOPDIV3000,MATRIX,1.0,0.3346,0,0,1.6,[],fundamental28,Global Fundamental Data,fundamental,Fundamental,fundamental-fundamental-data,Fundamental Data
fnd28_value_19545,value of field: Product Segment 5 - Depreciation,"{'id': 'fundamental28', 'name': 'Global Fundamental Data'}","{'id': 'fundamental', 'name': 'Fundamental'}","{'id': 'fundamental-fundamental-data', 'name': 'Fundamental Data'}",GLB,1,TOPDIV3000,MATRIX,1.0,0.3633,0,0,1.6,[],fundamental28,Global Fundamental Data,fundamental,Fundamental,fundamental-fundamental-data,Fundamental Data
fnd28_value_19551,value of field: Product Segment 6 - Sales,"{'id': 'fundamental28', 'name': 'Global Fundamental Data'}","{'id': 'fundamental', 'name': 'Fundamental'}","{'id': 'fundamental-fundamental-data', 'name': 'Fundamental Data'}",GLB,1,TOPDIV3000,MATRIX,1.0,0.3176,1,1,1.6,[],fundamental28,Global Fundamental Data,fundamental,Fundamental,fundamental-fundamental-data,Fundamental Data
fnd28_value_19552,value of field: Product Segment 6 - Operating Income,"{'id': 'fundamental28', 'name': 'Global Fundamental Data'}","{'id': 'fundamental', 'name': 'Fundamental'}","{'id': 'fundamental-fundamental-data', 'name': 'Fundamental Data'}",GLB,1,TOPDIV3000,MATRIX,1.0,0.2764,0,0,1.6,[],fundamental28,Global Fundamental Data,fundamental,Fundamental,fundamental-fundamental-data,Fundamental Data
fnd28_value_19553,value of field: Product Segment 6 - Assets,"{'id': 'fundamental28', 'name': 'Global Fundamental Data'}","{'id': 'fundamental', 'name': 'Fundamental'}","{'id': 'fundamental-fundamental-data', 'name': 'Fundamental Data'}",GLB,1,TOPDIV3000,MATRIX,1.0,0.262,0,0,1.6,[],fundamental28,Global Fundamental Data,fundamental,Fundamental,fundamental-fundamental-data,Fundamental Data
fnd28_wcannuala_value_08251,value of field: Fixed Charge Coverage Ratio,"{'id': 'fundamental28', 'name': 'Global Fundamental Data'}","{'id': 'fundamental', 'name': 'Fundamental'}","{'id': 'fundamental-fundamental-data', 'name': 'Fundamental Data'}",GLB,1,TOPDIV3000,MATRIX,1.0,0.9353,6,8,1.6,[],fundamental28,Global Fundamental Data,fundamental,Fundamental,fundamental-fundamental-data,Fundamental Data
fnd28_wcannuala_value_08306,value of field: Gross Profit Margin,"{'id': 'fundamental28', 'name': 'Global Fundamental Data'}","{'id': 'fundamental', 'name': 'Fundamental'}","{'id': 'fundamental-fundamental-data', 'name': 'Fundamental Data'}",GLB,1,TOPDIV3000,MATRIX,1.0,0.8667,2,2,1.6,[],fundamental28,Global Fundamental Data,fundamental,Fundamental,fundamental-fundamental-data,Fundamental Data
fnd28_wcannuala_value_08311,value of field: Cash Flow/Sales,"{'id': 'fundamental28', 'name': 'Global Fundamental Data'}","{'id': 'fundamental', 'name': 'Fundamental'}","{'id': 'fundamental-fundamental-data', 'name': 'Fundamental Data'}",GLB,1,TOPDIV3000,MATRIX,1.0,0.9559,1,1,1.6,[],fundamental28,Global Fundamental Data,fundamental,Fundamental,fundamental-fundamental-data,Fundamental Data
fnd28_wcannuala_value_08321,value of field: Pre-tax Margin,"{'id': 'fundamental28', 'name': 'Global Fundamental Data'}","{'id': 'fundamental', 'name': 'Fundamental'}","{'id': 'fundamental-fundamental-data', 'name': 'Fundamental Data'}",GLB,1,TOPDIV3000,MATRIX,1.0,0.9543,0,0,1.6,[],fundamental28,Global Fundamental Data,fundamental,Fundamental,fundamental-fundamental-data,Fundamental Data
fnd28_wcannuala_value_08636,value of field: Net Income Growth,"{'id': 'fundamental28', 'name': 'Global Fundamental Data'}","{'id': 'fundamental', 'name': 'Fundamental'}","{'id': 'fundamental-fundamental-data', 'name': 'Fundamental Data'}",GLB,1,TOPDIV3000,MATRIX,1.0,0.9079,0,0,1.6,[],fundamental28,Global Fundamental Data,fundamental,Fundamental,fundamental-fundamental-data,Fundamental Data
fnd28_wcannuala_value_08651,value of field: Reinvestment Rate - per Share,"{'id': 'fundamental28', 'name': 'Global Fundamental Data'}","{'id': 'fundamental', 'name': 'Fundamental'}","{'id': 'fundamental-fundamental-data', 'name': 'Fundamental Data'}",GLB,1,TOPDIV3000,MATRIX,1.0,0.9445,3,3,1.6,[],fundamental28,Global Fundamental Data,fundamental,Fundamental,fundamental-fundamental-data,Fundamental Data
fnd28_wcbshtassetq_value_02999q,value of quarterly field: Total Assets,"{'id': 'fundamental28', 'name': 'Global Fundamental Data'}","{'id': 'fundamental', 'name': 'Fundamental'}","{'id': 'fundamental-fundamental-data', 'name': 'Fundamental Data'}",GLB,1,TOPDIV3000,MATRIX,1.0,0.8441,1,4,1.6,[],fundamental28,Global Fundamental Data,fundamental,Fundamental,fundamental-fundamental-data,Fundamental Data
fnd28_wcfsq1_value_01706q,value of quarterly field: Net Income after Preferred Dividends (Basic EPS),"{'id': 'fundamental28', 'name': 'Global Fundamental Data'}","{'id': 'fundamental', 'name': 'Fundamental'}","{'id': 'fundamental-fundamental-data', 'name': 'Fundamental Data'}",GLB,1,TOPDIV3000,MATRIX,1.0,0.8438,1,6,1.6,[],fundamental28,Global Fundamental Data,fundamental,Fundamental,fundamental-fundamental-data,Fundamental Data
fnd28_wcfsq1_value_02999q,value of quarterly field: Total Assets,"{'id': 'fundamental28', 'name': 'Global Fundamental Data'}","{'id': 'fundamental', 'name': 'Fundamental'}","{'id': 'fundamental-fundamental-data', 'name': 'Fundamental Data'}",GLB,1,TOPDIV3000,MATRIX,1.0,0.8458,0,0,1.6,[],fundamental28,Global Fundamental Data,fundamental,Fundamental,fundamental-fundamental-data,Fundamental Data
fnd28_wcfsq1_value_04860q,value of quarterly field: Net Cash Flow - Operating Activities,"{'id': 'fundamental28', 'name': 'Global Fundamental Data'}","{'id': 'fundamental', 'name': 'Fundamental'}","{'id': 'fundamental-fundamental-data', 'name': 'Fundamental Data'}",GLB,1,TOPDIV3000,MATRIX,1.0,0.7694,1,1,1.6,[],fundamental28,Global Fundamental Data,fundamental,Fundamental,fundamental-fundamental-data,Fundamental Data
fnd28_wcishtq_value_01706q,value of quarterly field: Net Income after Preferred Dividends (Basic EPS),"{'id': 'fundamental28', 'name': 'Global Fundamental Data'}","{'id': 'fundamental', 'name': 'Fundamental'}","{'id': 'fundamental-fundamental-data', 'name': 'Fundamental Data'}",GLB,1,TOPDIV3000,MATRIX,1.0,0.8431,2,27,1.6,[],fundamental28,Global Fundamental Data,fundamental,Fundamental,fundamental-fundamental-data,Fundamental Data
fnd28_wcnddq1_value_01706q,value of quarterly field: Net Income after Preferred Dividends (Basic EPS),"{'id': 'fundamental28', 'name': 'Global Fundamental Data'}","{'id': 'fundamental', 'name': 'Fundamental'}","{'id': 'fundamental-fundamental-data', 'name': 'Fundamental Data'}",GLB,1,TOPDIV3000,MATRIX,1.0,0.789,1,1,1.6,[],fundamental28,Global Fundamental Data,fundamental,Fundamental,fundamental-fundamental-data,Fundamental Data
fnd28_wcnddq1_value_02999q,value of quarterly field: Total Assets,"{'id': 'fundamental28', 'name': 'Global Fundamental Data'}","{'id': 'fundamental', 'name': 'Fundamental'}","{'id': 'fundamental-fundamental-data', 'name': 'Fundamental Data'}",GLB,1,TOPDIV3000,MATRIX,1.0,0.7896,0,0,1.6,[],fundamental28,Global Fundamental Data,fundamental,Fundamental,fundamental-fundamental-data,Fundamental Data
fnd28_wcnddq1_value_04860q,value of quarterly field: Net Cash Flow - Operating Activities,"{'id': 'fundamental28', 'name': 'Global Fundamental Data'}","{'id': 'fundamental', 'name': 'Fundamental'}","{'id': 'fundamental-fundamental-data', 'name': 'Fundamental Data'}",GLB,1,TOPDIV3000,MATRIX,1.0,0.73,0,0,1.6,[],fundamental28,Global Fundamental Data,fundamental,Fundamental,fundamental-fundamental-data,Fundamental Data
fnd28_wsannualstats_value_05502,value of field: Cash Flow per Share Fiscal Period,"{'id': 'fundamental28', 'name': 'Global Fundamental Data'}","{'id': 'fundamental', 'name': 'Fundamental'}","{'id': 'fundamental-fundamental-data', 'name': 'Fundamental Data'}",GLB,1,TOPDIV3000,MATRIX,1.0,1.0,4,12,1.6,[],fundamental28,Global Fundamental Data,fundamental,Fundamental,fundamental-fundamental-data,Fundamental Data
fnd28_wsannualstats_value_05507,value of field: Free Cash Flow per Share,"{'id': 'fundamental28', 'name': 'Global Fundamental Data'}","{'id': 'fundamental', 'name': 'Fundamental'}","{'id': 'fundamental-fundamental-data', 'name': 'Fundamental Data'}",GLB,1,TOPDIV3000,MATRIX,1.0,1.0,0,0,1.6,[],fundamental28,Global Fundamental Data,fundamental,Fundamental,fundamental-fundamental-data,Fundamental Data
fnd28_wsannualstats_value_05509,value of field: Operating Profit per Share,"{'id': 'fundamental28', 'name': 'Global Fundamental Data'}","{'id': 'fundamental', 'name': 'Fundamental'}","{'id': 'fundamental-fundamental-data', 'name': 'Fundamental Data'}",GLB,1,TOPDIV3000,MATRIX,1.0,1.0,0,0,1.6,[],fundamental28,Global Fundamental Data,fundamental,Fundamental,fundamental-fundamental-data,Fundamental Data
fnd28_wsannualstats_value_08251,value of field: Fixed Charge Coverage Ratio,"{'id': 'fundamental28', 'name': 'Global Fundamental Data'}","{'id': 'fundamental', 'name': 'Fundamental'}","{'id': 'fundamental-fundamental-data', 'name': 'Fundamental Data'}",GLB,1,TOPDIV3000,MATRIX,1.0,1.0,0,0,1.6,[],fundamental28,Global Fundamental Data,fundamental,Fundamental,fundamental-fundamental-data,Fundamental Data
fnd28_wsannualstats_value_08306,value of field: Gross Profit Margin,"{'id': 'fundamental28', 'name': 'Global Fundamental Data'}","{'id': 'fundamental', 'name': 'Fundamental'}","{'id': 'fundamental-fundamental-data', 'name': 'Fundamental Data'}",GLB,1,TOPDIV3000,MATRIX,1.0,0.9337,0,0,1.6,[],fundamental28,Global Fundamental Data,fundamental,Fundamental,fundamental-fundamental-data,Fundamental Data
fnd28_wsannualstats_value_08310,value of field: Gross Profit Margin - 5 Yr Avg,"{'id': 'fundamental28', 'name': 'Global Fundamental Data'}","{'id': 'fundamental', 'name': 'Fundamental'}","{'id': 'fundamental-fundamental-data', 'name': 'Fundamental Data'}",GLB,1,TOPDIV3000,MATRIX,1.0,0.8789,0,0,1.6,[],fundamental28,Global Fundamental Data,fundamental,Fundamental,fundamental-fundamental-data,Fundamental Data
fnd28_wsannualstats_value_08311,value of field: Cash Flow/Sales,"{'id': 'fundamental28', 'name': 'Global Fundamental Data'}","{'id': 'fundamental', 'name': 'Fundamental'}","{'id': 'fundamental-fundamental-data', 'name': 'Fundamental Data'}",GLB,1,TOPDIV3000,MATRIX,1.0,1.0,1,1,1.6,[],fundamental28,Global Fundamental Data,fundamental,Fundamental,fundamental-fundamental-data,Fundamental Data
fnd28_wsannualstats_value_08315,value of field: Cash Flow/Sales - 5 Yr Avg,"{'id': 'fundamental28', 'name': 'Global Fundamental Data'}","{'id': 'fundamental', 'name': 'Fundamental'}","{'id': 'fundamental-fundamental-data', 'name': 'Fundamental Data'}",GLB,1,TOPDIV3000,MATRIX,1.0,0.9868,0,0,1.6,[],fundamental28,Global Fundamental Data,fundamental,Fundamental,fundamental-fundamental-data,Fundamental Data
fnd28_wsannualstats_value_08321,value of field: Pre-tax Margin,"{'id': 'fundamental28', 'name': 'Global Fundamental Data'}","{'id': 'fundamental', 'name': 'Fundamental'}","{'id': 'fundamental-fundamental-data', 'name': 'Fundamental Data'}",GLB,1,TOPDIV3000,MATRIX,1.0,1.0,2,2,1.6,[],fundamental28,Global Fundamental Data,fundamental,Fundamental,fundamental-fundamental-data,Fundamental Data
fnd28_wsannualstats_value_08331,value of field: Cost of Goods Sold / Sales,"{'id': 'fundamental28', 'name': 'Global Fundamental Data'}","{'id': 'fundamental', 'name': 'Fundamental'}","{'id': 'fundamental-fundamental-data', 'name': 'Fundamental Data'}",GLB,1,TOPDIV3000,MATRIX,1.0,0.9149,0,0,1.6,[],fundamental28,Global Fundamental Data,fundamental,Fundamental,fundamental-fundamental-data,Fundamental Data
fnd28_wsannualstats_value_08335,value of field: Cost Of Goods Sold/Sales - 5 Yr Avg,"{'id': 'fundamental28', 'name': 'Global Fundamental Data'}","{'id': 'fundamental', 'name': 'Fundamental'}","{'id': 'fundamental-fundamental-data', 'name': 'Fundamental Data'}",GLB,1,TOPDIV3000,MATRIX,1.0,0.8783,1,1,1.6,[],fundamental28,Global Fundamental Data,fundamental,Fundamental,fundamental-fundamental-data,Fundamental Data
fnd28_wsannualstats_value_08336,"value of field: Selling, General & Administrative Expenses / Sales","{'id': 'fundamental28', 'name': 'Global Fundamental Data'}","{'id': 'fundamental', 'name': 'Fundamental'}","{'id': 'fundamental-fundamental-data', 'name': 'Fundamental Data'}",GLB,1,TOPDIV3000,MATRIX,1.0,0.8714,2,2,1.6,[],fundamental28,Global Fundamental Data,fundamental,Fundamental,fundamental-fundamental-data,Fundamental Data
fnd28_wsannualstats_value_08355,value of field: Sales per Employee Loan Loss Ratios Annual Statistics,"{'id': 'fundamental28', 'name': 'Global Fundamental Data'}","{'id': 'fundamental', 'name': 'Fundamental'}","{'id': 'fundamental-fundamental-data', 'name': 'Fundamental Data'}",GLB,1,TOPDIV3000,MATRIX,1.0,0.922,0,0,1.6,[],fundamental28,Global Fundamental Data,fundamental,Fundamental,fundamental-fundamental-data,Fundamental Data
fnd28_wsannualstats_value_08376,value of field: Return on Invested Capital,"{'id': 'fundamental28', 'name': 'Global Fundamental Data'}","{'id': 'fundamental', 'name': 'Fundamental'}","{'id': 'fundamental-fundamental-data', 'name': 'Fundamental Data'}",GLB,1,TOPDIV3000,MATRIX,1.0,1.0,0,0,1.6,[],fundamental28,Global Fundamental Data,fundamental,Fundamental,fundamental-fundamental-data,Fundamental Data
fnd28_wsannualstats_value_08636,value of field: Net Income Growth,"{'id': 'fundamental28', 'name': 'Global Fundamental Data'}","{'id': 'fundamental', 'name': 'Fundamental'}","{'id': 'fundamental-fundamental-data', 'name': 'Fundamental Data'}",GLB,1,TOPDIV3000,MATRIX,1.0,0.9842,1,1,1.6,[],fundamental28,Global Fundamental Data,fundamental,Fundamental,fundamental-fundamental-data,Fundamental Data
fnd28_wsannualstats_value_08651,value of field: Reinvestment Rate - per Share,"{'id': 'fundamental28', 'name': 'Global Fundamental Data'}","{'id': 'fundamental', 'name': 'Fundamental'}","{'id': 'fundamental-fundamental-data', 'name': 'Fundamental Data'}",GLB,1,TOPDIV3000,MATRIX,1.0,1.0,0,0,1.6,[],fundamental28,Global Fundamental Data,fundamental,Fundamental,fundamental-fundamental-data,Fundamental Data
fnd28_wsannualstats_value_08901,value of field: Accounts Payable % Sales,"{'id': 'fundamental28', 'name': 'Global Fundamental Data'}","{'id': 'fundamental', 'name': 'Fundamental'}","{'id': 'fundamental-fundamental-data', 'name': 'Fundamental Data'}",GLB,1,TOPDIV3000,MATRIX,1.0,0.8753,0,0,1.6,[],fundamental28,Global Fundamental Data,fundamental,Fundamental,fundamental-fundamental-data,Fundamental Data
fnd28_wsannualstats_value_08911,value of field: Retained Earnings % Equity,"{'id': 'fundamental28', 'name': 'Global Fundamental Data'}","{'id': 'fundamental', 'name': 'Fundamental'}","{'id': 'fundamental-fundamental-data', 'name': 'Fundamental Data'}",GLB,1,TOPDIV3000,MATRIX,1.0,1.0,4,4,1.6,[],fundamental28,Global Fundamental Data,fundamental,Fundamental,fundamental-fundamental-data,Fundamental Data
fnd28_wsannualstats_value_09104,value of field: Price/Earnings Ratio Close,"{'id': 'fundamental28', 'name': 'Global Fundamental Data'}","{'id': 'fundamental', 'name': 'Fundamental'}","{'id': 'fundamental-fundamental-data', 'name': 'Fundamental Data'}",GLB,1,TOPDIV3000,MATRIX,1.0,1.0,4,5,1.6,[],fundamental28,Global Fundamental Data,fundamental,Fundamental,fundamental-fundamental-data,Fundamental Data
