id,description,dataset,category,subcategory,region,delay,universe,type,dateCoverage,coverage,userCount,alphaCount,pyramidMultiplier,themes,dataset_id,dataset_name,category_id,category_name,subcategory_id,subcategory_name
fnd65_allcap_sedol_52whigh,It is defined as the month-end price divided by the highest monthly closing price in the past 12-month.,"{'id': 'fundamental65', 'name': 'Factor Ratios and its Rank Model'}","{'id': 'model', 'name': 'Model'}","{'id': 'model-estimates-models', 'name': 'Estimates Models'}",EUR,1,TOPCS1600,MATRIX,1.0,0.8606,10,14,1.4,"[{'id': '7yd5mJB', 'name': 'EUR TOPCS1600 ATOM Datasets Theme', 'multiplier': 2.0}]",fundamental65,Factor Ratios and its Rank Model,model,Model,model-estimates-models,Estimates Models
fnd65_allcap_sedol_60dsigma,Sigma is defined as the standard deviation of monthly price returns.,"{'id': 'fundamental65', 'name': 'Factor Ratios and its Rank Model'}","{'id': 'model', 'name': 'Model'}","{'id': 'model-estimates-models', 'name': 'Estimates Models'}",EUR,1,TOPCS1600,MATRIX,1.0,0.8587,0,0,1.4,"[{'id': '7yd5mJB', 'name': 'EUR TOPCS1600 ATOM Datasets Theme', 'multiplier': 2.0}]",fundamental65,Factor Ratios and its Rank Model,model,Model,model-estimates-models,Estimates Models
fnd65_allcap_sedol_6351_rp,It is defined as the moving average of a stock's prices in the last 15 weeks divided by the moving average of its prices in the last 36 weeks.,"{'id': 'fundamental65', 'name': 'Factor Ratios and its Rank Model'}","{'id': 'model', 'name': 'Model'}","{'id': 'model-estimates-models', 'name': 'Estimates Models'}",EUR,1,TOPCS1600,MATRIX,1.0,0.8514,3,3,1.4,"[{'id': '7yd5mJB', 'name': 'EUR TOPCS1600 ATOM Datasets Theme', 'multiplier': 2.0}]",fundamental65,Factor Ratios and its Rank Model,model,Model,model-estimates-models,Estimates Models
fnd65_allcap_sedol_actrtn12m,It is defined as the percent change in price for a stock from month t-13 to month t-1.,"{'id': 'fundamental65', 'name': 'Factor Ratios and its Rank Model'}","{'id': 'model', 'name': 'Model'}","{'id': 'model-estimates-models', 'name': 'Estimates Models'}",EUR,1,TOPCS1600,MATRIX,1.0,0.8488,0,0,1.4,"[{'id': '7yd5mJB', 'name': 'EUR TOPCS1600 ATOM Datasets Theme', 'multiplier': 2.0}]",fundamental65,Factor Ratios and its Rank Model,model,Model,model-estimates-models,Estimates Models
fnd65_allcap_sedol_actrtn18m,It is defined as the percent change in price for a stock from month t-19 to month t-1.,"{'id': 'fundamental65', 'name': 'Factor Ratios and its Rank Model'}","{'id': 'model', 'name': 'Model'}","{'id': 'model-estimates-models', 'name': 'Estimates Models'}",EUR,1,TOPCS1600,MATRIX,1.0,0.8413,0,0,1.4,"[{'id': '7yd5mJB', 'name': 'EUR TOPCS1600 ATOM Datasets Theme', 'multiplier': 2.0}]",fundamental65,Factor Ratios and its Rank Model,model,Model,model-estimates-models,Estimates Models
fnd65_allcap_sedol_actrtn1m,It is defined as the percent change in price for a stock from month t-1 to month t.,"{'id': 'fundamental65', 'name': 'Factor Ratios and its Rank Model'}","{'id': 'model', 'name': 'Model'}","{'id': 'model-estimates-models', 'name': 'Estimates Models'}",EUR,1,TOPCS1600,MATRIX,1.0,0.8606,1,1,1.4,"[{'id': '7yd5mJB', 'name': 'EUR TOPCS1600 ATOM Datasets Theme', 'multiplier': 2.0}]",fundamental65,Factor Ratios and its Rank Model,model,Model,model-estimates-models,Estimates Models
fnd65_allcap_sedol_actrtn24m,It is defined as the percent change in price for a stock from month t-25 to month t-1.,"{'id': 'fundamental65', 'name': 'Factor Ratios and its Rank Model'}","{'id': 'model', 'name': 'Model'}","{'id': 'model-estimates-models', 'name': 'Estimates Models'}",EUR,1,TOPCS1600,MATRIX,1.0,0.8323,2,2,1.4,"[{'id': '7yd5mJB', 'name': 'EUR TOPCS1600 ATOM Datasets Theme', 'multiplier': 2.0}]",fundamental65,Factor Ratios and its Rank Model,model,Model,model-estimates-models,Estimates Models
fnd65_allcap_sedol_actrtn2m,It is defined as the percent change in price for a stock from month t-2 to month t.,"{'id': 'fundamental65', 'name': 'Factor Ratios and its Rank Model'}","{'id': 'model', 'name': 'Model'}","{'id': 'model-estimates-models', 'name': 'Estimates Models'}",EUR,1,TOPCS1600,MATRIX,1.0,0.8602,0,0,1.4,"[{'id': '7yd5mJB', 'name': 'EUR TOPCS1600 ATOM Datasets Theme', 'multiplier': 2.0}]",fundamental65,Factor Ratios and its Rank Model,model,Model,model-estimates-models,Estimates Models
fnd65_allcap_sedol_actrtn36m,It is defined as the percent change in price for a stock from month t-37 to month t-1.,"{'id': 'fundamental65', 'name': 'Factor Ratios and its Rank Model'}","{'id': 'model', 'name': 'Model'}","{'id': 'model-estimates-models', 'name': 'Estimates Models'}",EUR,1,TOPCS1600,MATRIX,1.0,0.809,0,0,1.4,"[{'id': '7yd5mJB', 'name': 'EUR TOPCS1600 ATOM Datasets Theme', 'multiplier': 2.0}]",fundamental65,Factor Ratios and its Rank Model,model,Model,model-estimates-models,Estimates Models
fnd65_allcap_sedol_actrtn3m,It is defined as the percent change in price for a stock from month t-3 to month t.,"{'id': 'fundamental65', 'name': 'Factor Ratios and its Rank Model'}","{'id': 'model', 'name': 'Model'}","{'id': 'model-estimates-models', 'name': 'Estimates Models'}",EUR,1,TOPCS1600,MATRIX,1.0,0.86,1,1,1.4,"[{'id': '7yd5mJB', 'name': 'EUR TOPCS1600 ATOM Datasets Theme', 'multiplier': 2.0}]",fundamental65,Factor Ratios and its Rank Model,model,Model,model-estimates-models,Estimates Models
fnd65_allcap_sedol_actrtn60m,It is defined as the percent change in price for a stock from month t-61 to month t-1.,"{'id': 'fundamental65', 'name': 'Factor Ratios and its Rank Model'}","{'id': 'model', 'name': 'Model'}","{'id': 'model-estimates-models', 'name': 'Estimates Models'}",EUR,1,TOPCS1600,MATRIX,1.0,0.7662,0,0,1.4,"[{'id': '7yd5mJB', 'name': 'EUR TOPCS1600 ATOM Datasets Theme', 'multiplier': 2.0}]",fundamental65,Factor Ratios and its Rank Model,model,Model,model-estimates-models,Estimates Models
fnd65_allcap_sedol_actrtn60m12lag,It is defined as the percent change in price for a stock from month t-72 to month t-12.,"{'id': 'fundamental65', 'name': 'Factor Ratios and its Rank Model'}","{'id': 'model', 'name': 'Model'}","{'id': 'model-estimates-models', 'name': 'Estimates Models'}",EUR,1,TOPCS1600,MATRIX,1.0,0.7396,0,0,1.4,"[{'id': '7yd5mJB', 'name': 'EUR TOPCS1600 ATOM Datasets Theme', 'multiplier': 2.0}]",fundamental65,Factor Ratios and its Rank Model,model,Model,model-estimates-models,Estimates Models
fnd65_allcap_sedol_actrtn6m,It is defined as the percent change in price for a stock from month t-7 to month t-1.,"{'id': 'fundamental65', 'name': 'Factor Ratios and its Rank Model'}","{'id': 'model', 'name': 'Model'}","{'id': 'model-estimates-models', 'name': 'Estimates Models'}",EUR,1,TOPCS1600,MATRIX,1.0,0.8525,0,0,1.4,"[{'id': '7yd5mJB', 'name': 'EUR TOPCS1600 ATOM Datasets Theme', 'multiplier': 2.0}]",fundamental65,Factor Ratios and its Rank Model,model,Model,model-estimates-models,Estimates Models
fnd65_allcap_sedol_actrtn9m,It is defined as a stock's price percent change from month t-10 to month t-1.,"{'id': 'fundamental65', 'name': 'Factor Ratios and its Rank Model'}","{'id': 'model', 'name': 'Model'}","{'id': 'model-estimates-models', 'name': 'Estimates Models'}",EUR,1,TOPCS1600,MATRIX,1.0,0.8499,0,0,1.4,"[{'id': '7yd5mJB', 'name': 'EUR TOPCS1600 ATOM Datasets Theme', 'multiplier': 2.0}]",fundamental65,Factor Ratios and its Rank Model,model,Model,model-estimates-models,Estimates Models
fnd65_allcap_sedol_ad,It is defined as the most recently reported total debt divided by total assets.,"{'id': 'fundamental65', 'name': 'Factor Ratios and its Rank Model'}","{'id': 'model', 'name': 'Model'}","{'id': 'model-estimates-models', 'name': 'Estimates Models'}",EUR,1,TOPCS1600,MATRIX,1.0,0.854,1,1,1.4,"[{'id': '7yd5mJB', 'name': 'EUR TOPCS1600 ATOM Datasets Theme', 'multiplier': 2.0}]",fundamental65,Factor Ratios and its Rank Model,model,Model,model-estimates-models,Estimates Models
fnd65_allcap_sedol_adpmoc,"It is defined as the most recently reported sum of long-term debt, short-term debt, underfunded pension liabilities, operating lease expense, and preferred stock, divided by the total assets.","{'id': 'fundamental65', 'name': 'Factor Ratios and its Rank Model'}","{'id': 'model', 'name': 'Model'}","{'id': 'model-estimates-models', 'name': 'Estimates Models'}",EUR,1,TOPCS1600,MATRIX,1.0,0.8494,1,1,1.4,"[{'id': '7yd5mJB', 'name': 'EUR TOPCS1600 ATOM Datasets Theme', 'multiplier': 2.0}]",fundamental65,Factor Ratios and its Rank Model,model,Model,model-estimates-models,Estimates Models
fnd65_allcap_sedol_ags,"It is defined as the trailing 12-month selling, general management, and administration expenses divided by the trailing 12-month sales.","{'id': 'fundamental65', 'name': 'Factor Ratios and its Rank Model'}","{'id': 'model', 'name': 'Model'}","{'id': 'model-estimates-models', 'name': 'Estimates Models'}",EUR,1,TOPCS1600,MATRIX,1.0,0.7213,2,3,1.4,"[{'id': '7yd5mJB', 'name': 'EUR TOPCS1600 ATOM Datasets Theme', 'multiplier': 2.0}]",fundamental65,Factor Ratios and its Rank Model,model,Model,model-estimates-models,Estimates Models
fnd65_allcap_sedol_alpha60m,It is defined as the intercept of the regression line which best fits a stock's monthly price return against the S&P 500 index monthly return over last 60-month period.,"{'id': 'fundamental65', 'name': 'Factor Ratios and its Rank Model'}","{'id': 'model', 'name': 'Model'}","{'id': 'model-estimates-models', 'name': 'Estimates Models'}",EUR,1,TOPCS1600,MATRIX,1.0,0.7684,0,0,1.4,"[{'id': '7yd5mJB', 'name': 'EUR TOPCS1600 ATOM Datasets Theme', 'multiplier': 2.0}]",fundamental65,Factor Ratios and its Rank Model,model,Model,model-estimates-models,Estimates Models
fnd65_allcap_sedol_altmanz,Altman Z = 1.2* (Current Assets - Current Liabilities)/TA + 1.4*Retained Earnings/TA + 3.3*Earnings before Interest and Taxes/TA + 0.6*Market Value of Preferred and Common Equity/Book Value of Total Liabilities + 1.0*Sales/TA where TA denotes total assets.,"{'id': 'fundamental65', 'name': 'Factor Ratios and its Rank Model'}","{'id': 'model', 'name': 'Model'}","{'id': 'model-estimates-models', 'name': 'Estimates Models'}",EUR,1,TOPCS1600,MATRIX,1.0,0.6937,0,0,1.4,"[{'id': '7yd5mJB', 'name': 'EUR TOPCS1600 ATOM Datasets Theme', 'multiplier': 2.0}]",fundamental65,Factor Ratios and its Rank Model,model,Model,model-estimates-models,Estimates Models
fnd65_allcap_sedol_aoer,It is defined as the reported cumulative retained earnings from the most recent quarter divided by reported total assets from the most recent quarter.,"{'id': 'fundamental65', 'name': 'Factor Ratios and its Rank Model'}","{'id': 'model', 'name': 'Model'}","{'id': 'model-estimates-models', 'name': 'Estimates Models'}",EUR,1,TOPCS1600,MATRIX,1.0,0.858,4,4,1.4,"[{'id': '7yd5mJB', 'name': 'EUR TOPCS1600 ATOM Datasets Theme', 'multiplier': 2.0}]",fundamental65,Factor Ratios and its Rank Model,model,Model,model-estimates-models,Estimates Models
fnd65_allcap_sedol_aor,It is defined as the trailing 12-month income before extra items divided by the average of total assets in the same period.,"{'id': 'fundamental65', 'name': 'Factor Ratios and its Rank Model'}","{'id': 'model', 'name': 'Model'}","{'id': 'model-estimates-models', 'name': 'Estimates Models'}",EUR,1,TOPCS1600,MATRIX,1.0,0.8587,3,3,1.4,"[{'id': '7yd5mJB', 'name': 'EUR TOPCS1600 ATOM Datasets Theme', 'multiplier': 2.0}]",fundamental65,Factor Ratios and its Rank Model,model,Model,model-estimates-models,Estimates Models
fnd65_allcap_sedol_apemtt,"It is defined as the most recently reported trailing 12-month earnings per share after extraordinary items for a stock, divided by its trading price.","{'id': 'fundamental65', 'name': 'Factor Ratios and its Rank Model'}","{'id': 'model', 'name': 'Model'}","{'id': 'model-estimates-models', 'name': 'Estimates Models'}",EUR,1,TOPCS1600,MATRIX,1.0,0.8587,1,1,1.4,"[{'id': '7yd5mJB', 'name': 'EUR TOPCS1600 ATOM Datasets Theme', 'multiplier': 2.0}]",fundamental65,Factor Ratios and its Rank Model,model,Model,model-estimates-models,Estimates Models
fnd65_allcap_sedol_apg,It is defined as the TTM (Sales-COGS)/ Total Assets.,"{'id': 'fundamental65', 'name': 'Factor Ratios and its Rank Model'}","{'id': 'model', 'name': 'Model'}","{'id': 'model-estimates-models', 'name': 'Estimates Models'}",EUR,1,TOPCS1600,MATRIX,1.0,0.7601,1,1,1.4,"[{'id': '7yd5mJB', 'name': 'EUR TOPCS1600 ATOM Datasets Theme', 'multiplier': 2.0}]",fundamental65,Factor Ratios and its Rank Model,model,Model,model-estimates-models,Estimates Models
fnd65_allcap_sedol_apgghcy1_,It is defined as the difference between the most recent quarterly reported gross profit to assets and that of the same quarter one year ago. Gross profit to assets = TTM (Sales-COGS)/ Total Assets. COGS is cost of goods sold.,"{'id': 'fundamental65', 'name': 'Factor Ratios and its Rank Model'}","{'id': 'model', 'name': 'Model'}","{'id': 'model-estimates-models', 'name': 'Estimates Models'}",EUR,1,TOPCS1600,MATRIX,1.0,0.7601,0,0,1.4,"[{'id': '7yd5mJB', 'name': 'EUR TOPCS1600 ATOM Datasets Theme', 'multiplier': 2.0}]",fundamental65,Factor Ratios and its Rank Model,model,Model,model-estimates-models,Estimates Models
fnd65_allcap_sedol_apgghcy3_,It is defined as the difference between the most recent quarterly reported gross profit to assets and that of the same quarter three year ago. Gross profit to assets = TTM (Sales-COGS)/ Total Assets,"{'id': 'fundamental65', 'name': 'Factor Ratios and its Rank Model'}","{'id': 'model', 'name': 'Model'}","{'id': 'model-estimates-models', 'name': 'Estimates Models'}",EUR,1,TOPCS1600,MATRIX,1.0,0.7537,0,0,1.4,"[{'id': '7yd5mJB', 'name': 'EUR TOPCS1600 ATOM Datasets Theme', 'multiplier': 2.0}]",fundamental65,Factor Ratios and its Rank Model,model,Model,model-estimates-models,Estimates Models
fnd65_allcap_sedol_apsales,It is defined as the annual aggregate sales for Asia-Pacific as reported by the company divided by total annual sales.,"{'id': 'fundamental65', 'name': 'Factor Ratios and its Rank Model'}","{'id': 'model', 'name': 'Model'}","{'id': 'model-estimates-models', 'name': 'Estimates Models'}",EUR,1,TOPCS1600,MATRIX,1.0,0.3556,0,0,1.4,"[{'id': '7yd5mJB', 'name': 'EUR TOPCS1600 ATOM Datasets Theme', 'multiplier': 2.0}]",fundamental65,Factor Ratios and its Rank Model,model,Model,model-estimates-models,Estimates Models
fnd65_allcap_sedol_aspanratio,It is defined as a stock's quarterly operating assets minus its operating liabilities deflated by the lagged total assets.,"{'id': 'fundamental65', 'name': 'Factor Ratios and its Rank Model'}","{'id': 'model', 'name': 'Model'}","{'id': 'model-estimates-models', 'name': 'Estimates Models'}",EUR,1,TOPCS1600,MATRIX,1.0,0.7796,1,1,1.4,"[{'id': '7yd5mJB', 'name': 'EUR TOPCS1600 ATOM Datasets Theme', 'multiplier': 2.0}]",fundamental65,Factor Ratios and its Rank Model,model,Model,model-estimates-models,Estimates Models
fnd65_allcap_sedol_aspemtty3gc,It is defined as the 3-year geometric growth rate of the most recently reported TTM EPS after extraordinary items for a stock.,"{'id': 'fundamental65', 'name': 'Factor Ratios and its Rank Model'}","{'id': 'model', 'name': 'Model'}","{'id': 'model-estimates-models', 'name': 'Estimates Models'}",EUR,1,TOPCS1600,MATRIX,1.0,0.8506,0,0,1.4,"[{'id': '7yd5mJB', 'name': 'EUR TOPCS1600 ATOM Datasets Theme', 'multiplier': 2.0}]",fundamental65,Factor Ratios and its Rank Model,model,Model,model-estimates-models,Estimates Models
fnd65_allcap_sedol_astcomp,It is defined as the total current assets from the most recent quarter divided by the total assets from the most recent quarter.,"{'id': 'fundamental65', 'name': 'Factor Ratios and its Rank Model'}","{'id': 'model', 'name': 'Model'}","{'id': 'model-estimates-models', 'name': 'Estimates Models'}",EUR,1,TOPCS1600,MATRIX,1.0,0.696,1,1,1.4,"[{'id': '7yd5mJB', 'name': 'EUR TOPCS1600 ATOM Datasets Theme', 'multiplier': 2.0}]",fundamental65,Factor Ratios and its Rank Model,model,Model,model-estimates-models,Estimates Models
fnd65_allcap_sedol_astto,It is defined as the trailing 12-month sales divided by the most recently reported quarterly assets.,"{'id': 'fundamental65', 'name': 'Factor Ratios and its Rank Model'}","{'id': 'model', 'name': 'Model'}","{'id': 'model-estimates-models', 'name': 'Estimates Models'}",EUR,1,TOPCS1600,MATRIX,1.0,0.8521,0,0,1.4,"[{'id': '7yd5mJB', 'name': 'EUR TOPCS1600 ATOM Datasets Theme', 'multiplier': 2.0}]",fundamental65,Factor Ratios and its Rank Model,model,Model,model-estimates-models,Estimates Models
fnd65_allcap_sedol_avg10yep,"It is defined as the average earnings of the stock over the past 10 years, divided by its current price.","{'id': 'fundamental65', 'name': 'Factor Ratios and its Rank Model'}","{'id': 'model', 'name': 'Model'}","{'id': 'model-estimates-models', 'name': 'Estimates Models'}",EUR,1,TOPCS1600,MATRIX,1.0,0.8263,0,0,1.4,"[{'id': '7yd5mJB', 'name': 'EUR TOPCS1600 ATOM Datasets Theme', 'multiplier': 2.0}]",fundamental65,Factor Ratios and its Rank Model,model,Model,model-estimates-models,Estimates Models
fnd65_allcap_sedol_beta,It is defined as 0.67 times the 60-month beta plus 0.33. Beta is the covariance between a stock's monthly return and the monthly S&P 500 index return in the prior 60-month period divided by the variance of the monthly S&P 500 index return in the same period.,"{'id': 'fundamental65', 'name': 'Factor Ratios and its Rank Model'}","{'id': 'model', 'name': 'Model'}","{'id': 'model-estimates-models', 'name': 'Estimates Models'}",EUR,1,TOPCS1600,MATRIX,1.0,0.8251,0,0,1.4,"[{'id': '7yd5mJB', 'name': 'EUR TOPCS1600 ATOM Datasets Theme', 'multiplier': 2.0}]",fundamental65,Factor Ratios and its Rank Model,model,Model,model-estimates-models,Estimates Models
fnd65_allcap_sedol_betasigma,It is defined as the product of the adjusted 60-month Beta and 60-month Sigma (standard deviation of monthly price returns).,"{'id': 'fundamental65', 'name': 'Factor Ratios and its Rank Model'}","{'id': 'model', 'name': 'Model'}","{'id': 'model-estimates-models', 'name': 'Estimates Models'}",EUR,1,TOPCS1600,MATRIX,1.0,0.7692,0,0,1.4,"[{'id': '7yd5mJB', 'name': 'EUR TOPCS1600 ATOM Datasets Theme', 'multiplier': 2.0}]",fundamental65,Factor Ratios and its Rank Model,model,Model,model-estimates-models,Estimates Models
fnd65_allcap_sedol_bmpo,It is defined as the most recently reported quarterly operating income divided by the corresponding quarterly sales.,"{'id': 'fundamental65', 'name': 'Factor Ratios and its Rank Model'}","{'id': 'model', 'name': 'Model'}","{'id': 'model-estimates-models', 'name': 'Estimates Models'}",EUR,1,TOPCS1600,MATRIX,1.0,0.8465,1,1,1.4,"[{'id': '7yd5mJB', 'name': 'EUR TOPCS1600 ATOM Datasets Theme', 'multiplier': 2.0}]",fundamental65,Factor Ratios and its Rank Model,model,Model,model-estimates-models,Estimates Models
fnd65_allcap_sedol_booklev,It is defined as the most recently reported quarterly total assets divided by the book equity.,"{'id': 'fundamental65', 'name': 'Factor Ratios and its Rank Model'}","{'id': 'model', 'name': 'Model'}","{'id': 'model-estimates-models', 'name': 'Estimates Models'}",EUR,1,TOPCS1600,MATRIX,1.0,0.8587,1,1,1.4,"[{'id': '7yd5mJB', 'name': 'EUR TOPCS1600 ATOM Datasets Theme', 'multiplier': 2.0}]",fundamental65,Factor Ratios and its Rank Model,model,Model,model-estimates-models,Estimates Models
fnd65_allcap_sedol_bpemtt,It is defined as the most recently reported trailing 12-month earnings per share before extraordinary items for a stock divided by its trading price.,"{'id': 'fundamental65', 'name': 'Factor Ratios and its Rank Model'}","{'id': 'model', 'name': 'Model'}","{'id': 'model-estimates-models', 'name': 'Estimates Models'}",EUR,1,TOPCS1600,MATRIX,1.0,0.8587,0,0,1.4,"[{'id': '7yd5mJB', 'name': 'EUR TOPCS1600 ATOM Datasets Theme', 'multiplier': 2.0}]",fundamental65,Factor Ratios and its Rank Model,model,Model,model-estimates-models,Estimates Models
fnd65_allcap_sedol_capacq,It is defined as the trailing 12-month operating cash flow less than the trailing 12-month cash dividends and then divided by the total expenditures in the same period.,"{'id': 'fundamental65', 'name': 'Factor Ratios and its Rank Model'}","{'id': 'model', 'name': 'Model'}","{'id': 'model-estimates-models', 'name': 'Estimates Models'}",EUR,1,TOPCS1600,MATRIX,1.0,0.8425,7,8,1.4,"[{'id': '7yd5mJB', 'name': 'EUR TOPCS1600 ATOM Datasets Theme', 'multiplier': 2.0}]",fundamental65,Factor Ratios and its Rank Model,model,Model,model-estimates-models,Estimates Models
fnd65_allcap_sedol_capexast,It is defined as trailing 12-month capital expenditures divided by the total assets from the most recent quarter.,"{'id': 'fundamental65', 'name': 'Factor Ratios and its Rank Model'}","{'id': 'model', 'name': 'Model'}","{'id': 'model-estimates-models', 'name': 'Estimates Models'}",EUR,1,TOPCS1600,MATRIX,1.0,0.8441,0,0,1.4,"[{'id': '7yd5mJB', 'name': 'EUR TOPCS1600 ATOM Datasets Theme', 'multiplier': 2.0}]",fundamental65,Factor Ratios and its Rank Model,model,Model,model-estimates-models,Estimates Models
fnd65_allcap_sedol_capexdeplink,It is defined as the absolute value of the difference between ranked (1-1000) quarterly capital expenditures to assets and ranked (1-1000) quarterly depreciation to assets.,"{'id': 'fundamental65', 'name': 'Factor Ratios and its Rank Model'}","{'id': 'model', 'name': 'Model'}","{'id': 'model-estimates-models', 'name': 'Estimates Models'}",EUR,1,TOPCS1600,MATRIX,1.0,0.7834,0,0,1.4,"[{'id': '7yd5mJB', 'name': 'EUR TOPCS1600 ATOM Datasets Theme', 'multiplier': 2.0}]",fundamental65,Factor Ratios and its Rank Model,model,Model,model-estimates-models,Estimates Models
fnd65_allcap_sedol_capexsale,It is defined as trailing 12-month capital expenditures divided by trailing 12-month sales.,"{'id': 'fundamental65', 'name': 'Factor Ratios and its Rank Model'}","{'id': 'model', 'name': 'Model'}","{'id': 'model-estimates-models', 'name': 'Estimates Models'}",EUR,1,TOPCS1600,MATRIX,1.0,0.8382,0,0,1.4,"[{'id': '7yd5mJB', 'name': 'EUR TOPCS1600 ATOM Datasets Theme', 'multiplier': 2.0}]",fundamental65,Factor Ratios and its Rank Model,model,Model,model-estimates-models,Estimates Models
fnd65_allcap_sedol_cashburnrate,It is defined as: -(Cash From Operations + Cash from Investments)/(Cash + Short-term Investments).,"{'id': 'fundamental65', 'name': 'Factor Ratios and its Rank Model'}","{'id': 'model', 'name': 'Model'}","{'id': 'model-estimates-models', 'name': 'Estimates Models'}",EUR,1,TOPCS1600,MATRIX,1.0,0.7787,3,3,1.4,"[{'id': '7yd5mJB', 'name': 'EUR TOPCS1600 ATOM Datasets Theme', 'multiplier': 2.0}]",fundamental65,Factor Ratios and its Rank Model,model,Model,model-estimates-models,Estimates Models
fnd65_allcap_sedol_cashc,It is defined as the average inventory days plus the average collection days minus the average payable days.,"{'id': 'fundamental65', 'name': 'Factor Ratios and its Rank Model'}","{'id': 'model', 'name': 'Model'}","{'id': 'model-estimates-models', 'name': 'Estimates Models'}",EUR,1,TOPCS1600,MATRIX,1.0,0.6738,0,0,1.4,"[{'id': '7yd5mJB', 'name': 'EUR TOPCS1600 ATOM Datasets Theme', 'multiplier': 2.0}]",fundamental65,Factor Ratios and its Rank Model,model,Model,model-estimates-models,Estimates Models
fnd65_allcap_sedol_cashp,It is defined as the most recently reported cash and equivalents per share of a company divided by trading price.,"{'id': 'fundamental65', 'name': 'Factor Ratios and its Rank Model'}","{'id': 'model', 'name': 'Model'}","{'id': 'model-estimates-models', 'name': 'Estimates Models'}",EUR,1,TOPCS1600,MATRIX,1.0,0.7788,0,0,1.4,"[{'id': '7yd5mJB', 'name': 'EUR TOPCS1600 ATOM Datasets Theme', 'multiplier': 2.0}]",fundamental65,Factor Ratios and its Rank Model,model,Model,model-estimates-models,Estimates Models
fnd65_allcap_sedol_cashratio,It is defined as the most recently reported quarterly cash and equivalents divided by current liabilities.,"{'id': 'fundamental65', 'name': 'Factor Ratios and its Rank Model'}","{'id': 'model', 'name': 'Model'}","{'id': 'model-estimates-models', 'name': 'Estimates Models'}",EUR,1,TOPCS1600,MATRIX,1.0,0.6976,1,1,1.4,"[{'id': '7yd5mJB', 'name': 'EUR TOPCS1600 ATOM Datasets Theme', 'multiplier': 2.0}]",fundamental65,Factor Ratios and its Rank Model,model,Model,model-estimates-models,Estimates Models
fnd65_allcap_sedol_cashsale,It is defined as the average cash and equivalents in the trailing 12 months divided by the trailing 12-month sales.,"{'id': 'fundamental65', 'name': 'Factor Ratios and its Rank Model'}","{'id': 'model', 'name': 'Model'}","{'id': 'model-estimates-models', 'name': 'Estimates Models'}",EUR,1,TOPCS1600,MATRIX,1.0,0.7729,1,1,1.4,"[{'id': '7yd5mJB', 'name': 'EUR TOPCS1600 ATOM Datasets Theme', 'multiplier': 2.0}]",fundamental65,Factor Ratios and its Rank Model,model,Model,model-estimates-models,Estimates Models
fnd65_allcap_sedol_cashsev,It is defined as the total cash & equivalents dividd by the sum of the market value of common equity and book value of long-term debt.,"{'id': 'fundamental65', 'name': 'Factor Ratios and its Rank Model'}","{'id': 'model', 'name': 'Model'}","{'id': 'model-estimates-models', 'name': 'Estimates Models'}",EUR,1,TOPCS1600,MATRIX,1.0,0.7788,0,0,1.4,"[{'id': '7yd5mJB', 'name': 'EUR TOPCS1600 ATOM Datasets Theme', 'multiplier': 2.0}]",fundamental65,Factor Ratios and its Rank Model,model,Model,model-estimates-models,Estimates Models
fnd65_allcap_sedol_ccacw,It equals to: Increase in Accounts Receivables + Increase in Inventory + Decrease in Accounts Payable and Accrued Liabilities + Decrease in Accrued Income Taxes + Increase (Decrease) in Assets (Liabilities).,"{'id': 'fundamental65', 'name': 'Factor Ratios and its Rank Model'}","{'id': 'model', 'name': 'Model'}","{'id': 'model-estimates-models', 'name': 'Estimates Models'}",EUR,1,TOPCS1600,MATRIX,1.0,0.5443,1,1,1.4,"[{'id': '7yd5mJB', 'name': 'EUR TOPCS1600 ATOM Datasets Theme', 'multiplier': 2.0}]",fundamental65,Factor Ratios and its Rank Model,model,Model,model-estimates-models,Estimates Models
fnd65_allcap_sedol_ceroe,It is defined as the trailing 12-month funds from operations divided by the average of current and previous year equity value.,"{'id': 'fundamental65', 'name': 'Factor Ratios and its Rank Model'}","{'id': 'model', 'name': 'Model'}","{'id': 'model-estimates-models', 'name': 'Estimates Models'}",EUR,1,TOPCS1600,MATRIX,1.0,0.8471,2,2,1.4,"[{'id': '7yd5mJB', 'name': 'EUR TOPCS1600 ATOM Datasets Theme', 'multiplier': 2.0}]",fundamental65,Factor Ratios and its Rank Model,model,Model,model-estimates-models,Estimates Models
fnd65_allcap_sedol_cfita,It is defined as the trailing 12-month cash flow from the investing portion of the cash flow statement divided by the average total assets of the last 4 quarters.,"{'id': 'fundamental65', 'name': 'Factor Ratios and its Rank Model'}","{'id': 'model', 'name': 'Model'}","{'id': 'model-estimates-models', 'name': 'Estimates Models'}",EUR,1,TOPCS1600,MATRIX,1.0,0.8559,0,0,1.4,"[{'id': '7yd5mJB', 'name': 'EUR TOPCS1600 ATOM Datasets Theme', 'multiplier': 2.0}]",fundamental65,Factor Ratios and its Rank Model,model,Model,model-estimates-models,Estimates Models
fnd65_allcap_sedol_cfleverage,It is defined as the total liabilities divided by the trailing 12-month operating cash flow.,"{'id': 'fundamental65', 'name': 'Factor Ratios and its Rank Model'}","{'id': 'model', 'name': 'Model'}","{'id': 'model-estimates-models', 'name': 'Estimates Models'}",EUR,1,TOPCS1600,MATRIX,1.0,0.7485,0,0,1.4,"[{'id': '7yd5mJB', 'name': 'EUR TOPCS1600 ATOM Datasets Theme', 'multiplier': 2.0}]",fundamental65,Factor Ratios and its Rank Model,model,Model,model-estimates-models,Estimates Models
fnd65_allcap_sedol_cfroi,"It is defined as the trailing 12-month cash flow divided by the average invested capital in the same period. Invested capital equals the sum of common equity, long-term debt, minority interest, and preferred stock.","{'id': 'fundamental65', 'name': 'Factor Ratios and its Rank Model'}","{'id': 'model', 'name': 'Model'}","{'id': 'model-estimates-models', 'name': 'Estimates Models'}",EUR,1,TOPCS1600,MATRIX,1.0,0.8524,0,0,1.4,"[{'id': '7yd5mJB', 'name': 'EUR TOPCS1600 ATOM Datasets Theme', 'multiplier': 2.0}]",fundamental65,Factor Ratios and its Rank Model,model,Model,model-estimates-models,Estimates Models
fnd65_allcap_sedol_cg3yroic,"It is defined as the 3-year geometric growth rate of return on invested capital. Where return on invested capital equals the trailing 12-month net income and interest expenses divided by the average reported invested capital. Invested capital is equal to the sum of common equity, long-term debt, minority interest, and preferred stock.","{'id': 'fundamental65', 'name': 'Factor Ratios and its Rank Model'}","{'id': 'model', 'name': 'Model'}","{'id': 'model-estimates-models', 'name': 'Estimates Models'}",EUR,1,TOPCS1600,MATRIX,1.0,0.8375,0,0,1.4,"[{'id': '7yd5mJB', 'name': 'EUR TOPCS1600 ATOM Datasets Theme', 'multiplier': 2.0}]",fundamental65,Factor Ratios and its Rank Model,model,Model,model-estimates-models,Estimates Models
fnd65_allcap_sedol_cg3ysales,It is defined as the geometric growth rate of the trailing 12-month sales per share in the last 12 quarters.,"{'id': 'fundamental65', 'name': 'Factor Ratios and its Rank Model'}","{'id': 'model', 'name': 'Model'}","{'id': 'model-estimates-models', 'name': 'Estimates Models'}",EUR,1,TOPCS1600,MATRIX,1.0,0.8401,0,0,1.4,"[{'id': '7yd5mJB', 'name': 'EUR TOPCS1600 ATOM Datasets Theme', 'multiplier': 2.0}]",fundamental65,Factor Ratios and its Rank Model,model,Model,model-estimates-models,Estimates Models
fnd65_allcap_sedol_chg12mtotdebt,"It is defined as the 12-month relative change in total debt, where total debt is the sum of long-term and short-term debt.","{'id': 'fundamental65', 'name': 'Factor Ratios and its Rank Model'}","{'id': 'model', 'name': 'Model'}","{'id': 'model-estimates-models', 'name': 'Estimates Models'}",EUR,1,TOPCS1600,MATRIX,1.0,0.8397,0,0,1.4,"[{'id': '7yd5mJB', 'name': 'EUR TOPCS1600 ATOM Datasets Theme', 'multiplier': 2.0}]",fundamental65,Factor Ratios and its Rank Model,model,Model,model-estimates-models,Estimates Models
fnd65_allcap_sedol_chg3ycfast,It is defined as the most recently reported trailing 12-month operating cash flow minus 12-quarter ago comparable trailing 12-month cash flow scaled by the average total assets in the same period.,"{'id': 'fundamental65', 'name': 'Factor Ratios and its Rank Model'}","{'id': 'model', 'name': 'Model'}","{'id': 'model-estimates-models', 'name': 'Estimates Models'}",EUR,1,TOPCS1600,MATRIX,1.0,0.8406,1,1,1.4,"[{'id': '7yd5mJB', 'name': 'EUR TOPCS1600 ATOM Datasets Theme', 'multiplier': 2.0}]",fundamental65,Factor Ratios and its Rank Model,model,Model,model-estimates-models,Estimates Models
fnd65_allcap_sedol_chg3yepsast,"It is defined as the trailing 12-month earnings per share before extra items (EPS) minus the EPS 12-quarters ago, deflated by the average total assets per share.","{'id': 'fundamental65', 'name': 'Factor Ratios and its Rank Model'}","{'id': 'model', 'name': 'Model'}","{'id': 'model-estimates-models', 'name': 'Estimates Models'}",EUR,1,TOPCS1600,MATRIX,1.0,0.8506,0,0,1.4,"[{'id': '7yd5mJB', 'name': 'EUR TOPCS1600 ATOM Datasets Theme', 'multiplier': 2.0}]",fundamental65,Factor Ratios and its Rank Model,model,Model,model-estimates-models,Estimates Models
fnd65_allcap_sedol_chg3yepsp,It is defined as the difference between the the trailing 12-month earnings per share and that of 12-quarters ago for a stock divided by its rading price.,"{'id': 'fundamental65', 'name': 'Factor Ratios and its Rank Model'}","{'id': 'model', 'name': 'Model'}","{'id': 'model-estimates-models', 'name': 'Estimates Models'}",EUR,1,TOPCS1600,MATRIX,1.0,0.8506,0,0,1.4,"[{'id': '7yd5mJB', 'name': 'EUR TOPCS1600 ATOM Datasets Theme', 'multiplier': 2.0}]",fundamental65,Factor Ratios and its Rank Model,model,Model,model-estimates-models,Estimates Models
fnd65_allcap_sedol_chg3yfcfast,It is defined as the trailing 12-month free cash flow minus 12 quarters ago trailing 12-month free cash flow divided by the average total assets.,"{'id': 'fundamental65', 'name': 'Factor Ratios and its Rank Model'}","{'id': 'model', 'name': 'Model'}","{'id': 'model-estimates-models', 'name': 'Estimates Models'}",EUR,1,TOPCS1600,MATRIX,1.0,0.8435,1,1,1.4,"[{'id': '7yd5mJB', 'name': 'EUR TOPCS1600 ATOM Datasets Theme', 'multiplier': 2.0}]",fundamental65,Factor Ratios and its Rank Model,model,Model,model-estimates-models,Estimates Models
fnd65_allcap_sedol_chg3yocfast,It is defined as the most recently reported trailing 12-month operating cash flow (OCF) minus the OCF 12 quarters ago deflated by the average total assets.,"{'id': 'fundamental65', 'name': 'Factor Ratios and its Rank Model'}","{'id': 'model', 'name': 'Model'}","{'id': 'model-estimates-models', 'name': 'Estimates Models'}",EUR,1,TOPCS1600,MATRIX,1.0,0.8464,1,1,1.4,"[{'id': '7yd5mJB', 'name': 'EUR TOPCS1600 ATOM Datasets Theme', 'multiplier': 2.0}]",fundamental65,Factor Ratios and its Rank Model,model,Model,model-estimates-models,Estimates Models
fnd65_allcap_sedol_chg6malpha18m,"It is defined as the 6-month change in a stock's 18-month alpha, which equals the intercept from the regression of a stock price's monthly return against the S&P 500 index monthly return over last 18-month period.","{'id': 'fundamental65', 'name': 'Factor Ratios and its Rank Model'}","{'id': 'model', 'name': 'Model'}","{'id': 'model-estimates-models', 'name': 'Estimates Models'}",EUR,1,TOPCS1600,MATRIX,1.0,0.8328,0,0,1.4,"[{'id': '7yd5mJB', 'name': 'EUR TOPCS1600 ATOM Datasets Theme', 'multiplier': 2.0}]",fundamental65,Factor Ratios and its Rank Model,model,Model,model-estimates-models,Estimates Models
fnd65_allcap_sedol_chgalpha12m,"It is defined as the 6-month change in a stock's 12-month alpha, which equals the intercept from the regression of a stock price's monthly return against the S&P 500 index monthly return over last 12-month period.","{'id': 'fundamental65', 'name': 'Factor Ratios and its Rank Model'}","{'id': 'model', 'name': 'Model'}","{'id': 'model-estimates-models', 'name': 'Estimates Models'}",EUR,1,TOPCS1600,MATRIX,1.0,0.8429,0,0,1.4,"[{'id': '7yd5mJB', 'name': 'EUR TOPCS1600 ATOM Datasets Theme', 'multiplier': 2.0}]",fundamental65,Factor Ratios and its Rank Model,model,Model,model-estimates-models,Estimates Models
fnd65_allcap_sedol_chgalpha36m,"It is defined as the 6-month change in a stock's 36-month alpha, which equals the intercept from the regression of a stock price's monthly return against the S&P 500 index monthly return over last 36-month period.","{'id': 'fundamental65', 'name': 'Factor Ratios and its Rank Model'}","{'id': 'model', 'name': 'Model'}","{'id': 'model-estimates-models', 'name': 'Estimates Models'}",EUR,1,TOPCS1600,MATRIX,1.0,0.8012,0,0,1.4,"[{'id': '7yd5mJB', 'name': 'EUR TOPCS1600 ATOM Datasets Theme', 'multiplier': 2.0}]",fundamental65,Factor Ratios and its Rank Model,model,Model,model-estimates-models,Estimates Models
fnd65_allcap_sedol_chgars,It is defined as the change between the last reported accounts receivable as a percentage of trailing 12-month sales and that percentage 4 quarters ago.,"{'id': 'fundamental65', 'name': 'Factor Ratios and its Rank Model'}","{'id': 'model', 'name': 'Model'}","{'id': 'model-estimates-models', 'name': 'Estimates Models'}",EUR,1,TOPCS1600,MATRIX,1.0,0.7683,0,0,1.4,"[{'id': '7yd5mJB', 'name': 'EUR TOPCS1600 ATOM Datasets Theme', 'multiplier': 2.0}]",fundamental65,Factor Ratios and its Rank Model,model,Model,model-estimates-models,Estimates Models
fnd65_allcap_sedol_chginvavgast,It is defined as the 12 month change is the quarterly total inventories scaled by the average of assets at the most recent quarter end and 4 quarters prior.,"{'id': 'fundamental65', 'name': 'Factor Ratios and its Rank Model'}","{'id': 'model', 'name': 'Model'}","{'id': 'model-estimates-models', 'name': 'Estimates Models'}",EUR,1,TOPCS1600,MATRIX,1.0,0.6504,0,0,1.4,"[{'id': '7yd5mJB', 'name': 'EUR TOPCS1600 ATOM Datasets Theme', 'multiplier': 2.0}]",fundamental65,Factor Ratios and its Rank Model,model,Model,model-estimates-models,Estimates Models
fnd65_allcap_sedol_chgnoa,"It is defined as the year-over-year change of net operating assets to total assets, where net operating assets equal the most recent quarterly short-term debt plus long-term debt + preferred equity plus common equity minus cash.","{'id': 'fundamental65', 'name': 'Factor Ratios and its Rank Model'}","{'id': 'model', 'name': 'Model'}","{'id': 'model-estimates-models', 'name': 'Estimates Models'}",EUR,1,TOPCS1600,MATRIX,1.0,0.7779,0,0,1.4,"[{'id': '7yd5mJB', 'name': 'EUR TOPCS1600 ATOM Datasets Theme', 'multiplier': 2.0}]",fundamental65,Factor Ratios and its Rank Model,model,Model,model-estimates-models,Estimates Models
fnd65_allcap_sedol_chgollev,"It is defined as the current quarter operating liability leverage less the operating liability leverage 4 quarters ago, where operating liability leverage equals 1 minus the ratio of (short-term debt + long-term debt + common equity + preferred equity - cash) to (total assets - cash)","{'id': 'fundamental65', 'name': 'Factor Ratios and its Rank Model'}","{'id': 'model', 'name': 'Model'}","{'id': 'model-estimates-models', 'name': 'Estimates Models'}",EUR,1,TOPCS1600,MATRIX,1.0,0.8571,0,0,1.4,"[{'id': '7yd5mJB', 'name': 'EUR TOPCS1600 ATOM Datasets Theme', 'multiplier': 2.0}]",fundamental65,Factor Ratios and its Rank Model,model,Model,model-estimates-models,Estimates Models
fnd65_allcap_sedol_chgqtrepssurp,"It is defined as the change in quarterly earnings surprise (Actual EPS - Consensus Estimate EPS), scaled by the most recent closing price.","{'id': 'fundamental65', 'name': 'Factor Ratios and its Rank Model'}","{'id': 'model', 'name': 'Model'}","{'id': 'model-estimates-models', 'name': 'Estimates Models'}",EUR,1,TOPCS1600,MATRIX,1.0,0.8217,0,0,1.4,"[{'id': '7yd5mJB', 'name': 'EUR TOPCS1600 ATOM Datasets Theme', 'multiplier': 2.0}]",fundamental65,Factor Ratios and its Rank Model,model,Model,model-estimates-models,Estimates Models
fnd65_allcap_sedol_chgreccast,It is defined as the percent change in the most recent quarterly reported accounts receivable to current assets ratio from the ratio for the same quarter one year ago.,"{'id': 'fundamental65', 'name': 'Factor Ratios and its Rank Model'}","{'id': 'model', 'name': 'Model'}","{'id': 'model-estimates-models', 'name': 'Estimates Models'}",EUR,1,TOPCS1600,MATRIX,1.0,0.6945,0,0,1.4,"[{'id': '7yd5mJB', 'name': 'EUR TOPCS1600 ATOM Datasets Theme', 'multiplier': 2.0}]",fundamental65,Factor Ratios and its Rank Model,model,Model,model-estimates-models,Estimates Models
fnd65_allcap_sedol_chgsgasale,"It is defined as the difference between the yearly change in quarterly Selling, General and Administrative expenses and yearly change in quarterly sales.","{'id': 'fundamental65', 'name': 'Factor Ratios and its Rank Model'}","{'id': 'model', 'name': 'Model'}","{'id': 'model-estimates-models', 'name': 'Estimates Models'}",EUR,1,TOPCS1600,MATRIX,1.0,0.6703,0,0,1.4,"[{'id': '7yd5mJB', 'name': 'EUR TOPCS1600 ATOM Datasets Theme', 'multiplier': 2.0}]",fundamental65,Factor Ratios and its Rank Model,model,Model,model-estimates-models,Estimates Models
fnd65_allcap_sedol_chgvolpre4y,It is defined as the change in the most recent 6-month moving average of monthly turnover ratio (average monthly trading volume/total shares outstanding) as compared to the 12-month moving average of monthly turnover ratio 4 years ago.,"{'id': 'fundamental65', 'name': 'Factor Ratios and its Rank Model'}","{'id': 'model', 'name': 'Model'}","{'id': 'model-estimates-models', 'name': 'Estimates Models'}",EUR,1,TOPCS1600,MATRIX,1.0,0.784,0,0,1.4,"[{'id': '7yd5mJB', 'name': 'EUR TOPCS1600 ATOM Datasets Theme', 'multiplier': 2.0}]",fundamental65,Factor Ratios and its Rank Model,model,Model,model-estimates-models,Estimates Models
fnd65_allcap_sedol_cogsinvt,It is defined as the absolute value of the difference between the yearly percent change in trailing 12-month cost of goods sold and the yearly percent change in inventory level.,"{'id': 'fundamental65', 'name': 'Factor Ratios and its Rank Model'}","{'id': 'model', 'name': 'Model'}","{'id': 'model-estimates-models', 'name': 'Estimates Models'}",EUR,1,TOPCS1600,MATRIX,1.0,0.6457,0,0,1.4,"[{'id': '7yd5mJB', 'name': 'EUR TOPCS1600 ATOM Datasets Theme', 'multiplier': 2.0}]",fundamental65,Factor Ratios and its Rank Model,model,Model,model-estimates-models,Estimates Models
fnd65_allcap_sedol_coreepsp,"It is defined as the trailing 12-month earnings per share from operations for a stock deflated by its trading price. This item excludes the cumulative effect of accounting change, discounted operations, extraordinary items, and special items.","{'id': 'fundamental65', 'name': 'Factor Ratios and its Rank Model'}","{'id': 'model', 'name': 'Model'}","{'id': 'model-estimates-models', 'name': 'Estimates Models'}",EUR,1,TOPCS1600,MATRIX,1.0,0.8587,0,0,1.4,"[{'id': '7yd5mJB', 'name': 'EUR TOPCS1600 ATOM Datasets Theme', 'multiplier': 2.0}]",fundamental65,Factor Ratios and its Rank Model,model,Model,model-estimates-models,Estimates Models
fnd65_allcap_sedol_covol,It is defined as the slope of the least squares regression line of the last 60 months of monthly trading volume against time,"{'id': 'fundamental65', 'name': 'Factor Ratios and its Rank Model'}","{'id': 'model', 'name': 'Model'}","{'id': 'model-estimates-models', 'name': 'Estimates Models'}",EUR,1,TOPCS1600,MATRIX,1.0,0.8277,0,0,1.4,"[{'id': '7yd5mJB', 'name': 'EUR TOPCS1600 ATOM Datasets Theme', 'multiplier': 2.0}]",fundamental65,Factor Ratios and its Rank Model,model,Model,model-estimates-models,Estimates Models
fnd65_allcap_sedol_cpgspea2y,"It is defined as a stock's most recent consensus analysts earnings forecast for fiscal year 2 minus the consensus forecast for year 1, divided by the consensus forecast for year 1.","{'id': 'fundamental65', 'name': 'Factor Ratios and its Rank Model'}","{'id': 'model', 'name': 'Model'}","{'id': 'model-estimates-models', 'name': 'Estimates Models'}",EUR,1,TOPCS1600,MATRIX,1.0,0.8497,0,0,1.4,"[{'id': '7yd5mJB', 'name': 'EUR TOPCS1600 ATOM Datasets Theme', 'multiplier': 2.0}]",fundamental65,Factor Ratios and its Rank Model,model,Model,model-estimates-models,Estimates Models
fnd65_allcap_sedol_curindbp_,It is defined as a stock's current book-to-price ratio (BP) less the average of the BPs of all stocks in the same industry deflated by the standard deviation of the BPs of all stocks in the same relative universe.,"{'id': 'fundamental65', 'name': 'Factor Ratios and its Rank Model'}","{'id': 'model', 'name': 'Model'}","{'id': 'model-estimates-models', 'name': 'Estimates Models'}",EUR,1,TOPCS1600,MATRIX,1.0,0.8587,0,0,1.4,"[{'id': '7yd5mJB', 'name': 'EUR TOPCS1600 ATOM Datasets Theme', 'multiplier': 2.0}]",fundamental65,Factor Ratios and its Rank Model,model,Model,model-estimates-models,Estimates Models
fnd65_allcap_sedol_curindcfp_,"It is defined as a stock's trailing 12-month cash flow-to-price ratio (CFP) minus the average of the CFPs of all stocks in the same industry, deflated by the standard deviation of the CFPs of all stocks in the same relative universe.","{'id': 'fundamental65', 'name': 'Factor Ratios and its Rank Model'}","{'id': 'model', 'name': 'Model'}","{'id': 'model-estimates-models', 'name': 'Estimates Models'}",EUR,1,TOPCS1600,MATRIX,1.0,0.8547,2,2,1.4,"[{'id': '7yd5mJB', 'name': 'EUR TOPCS1600 ATOM Datasets Theme', 'multiplier': 2.0}]",fundamental65,Factor Ratios and its Rank Model,model,Model,model-estimates-models,Estimates Models
fnd65_allcap_sedol_curinddivp_,It is defined as a stock's trailing 12-month dividend yield (DivYield) less the average of the DivYields of all stocks in the same industry deflated by the standard deviation of the DivYields of all stocks in the same relative universe.,"{'id': 'fundamental65', 'name': 'Factor Ratios and its Rank Model'}","{'id': 'model', 'name': 'Model'}","{'id': 'model-estimates-models', 'name': 'Estimates Models'}",EUR,1,TOPCS1600,MATRIX,1.0,0.8464,0,0,1.4,"[{'id': '7yd5mJB', 'name': 'EUR TOPCS1600 ATOM Datasets Theme', 'multiplier': 2.0}]",fundamental65,Factor Ratios and its Rank Model,model,Model,model-estimates-models,Estimates Models
fnd65_allcap_sedol_curindebitdap_,It is defined as a stock's trailing 12-month EBITDA-to-price ratio (EBITDAP) less the average of the EBITDAPs of all stocks in the same industry deflated by the standard deviation of the EBITDAPs of all stocks in the same relative universe.,"{'id': 'fundamental65', 'name': 'Factor Ratios and its Rank Model'}","{'id': 'model', 'name': 'Model'}","{'id': 'model-estimates-models', 'name': 'Estimates Models'}",EUR,1,TOPCS1600,MATRIX,1.0,0.8547,0,0,1.4,"[{'id': '7yd5mJB', 'name': 'EUR TOPCS1600 ATOM Datasets Theme', 'multiplier': 2.0}]",fundamental65,Factor Ratios and its Rank Model,model,Model,model-estimates-models,Estimates Models
fnd65_allcap_sedol_curindep_,It is defined as a stock's trailing 12-month earnings per share before extra items-to-price ratio (EP) less the average of the EPs of all stocks in the same industry deflated by the standard deviation of these EPs.,"{'id': 'fundamental65', 'name': 'Factor Ratios and its Rank Model'}","{'id': 'model', 'name': 'Model'}","{'id': 'model-estimates-models', 'name': 'Estimates Models'}",EUR,1,TOPCS1600,MATRIX,1.0,0.8587,1,1,1.4,"[{'id': '7yd5mJB', 'name': 'EUR TOPCS1600 ATOM Datasets Theme', 'multiplier': 2.0}]",fundamental65,Factor Ratios and its Rank Model,model,Model,model-estimates-models,Estimates Models
fnd65_allcap_sedol_curindfcfp_,"It is defined as a stock's trailing 12-month free cash flow-to-price ratio (FCFP) less the average of the FCFPs of all stocks in the same industry, deflated by the standard deviation of the FCFPs of all stocks in the same relative universe.","{'id': 'fundamental65', 'name': 'Factor Ratios and its Rank Model'}","{'id': 'model', 'name': 'Model'}","{'id': 'model-estimates-models', 'name': 'Estimates Models'}",EUR,1,TOPCS1600,MATRIX,1.0,0.8567,2,2,1.4,"[{'id': '7yd5mJB', 'name': 'EUR TOPCS1600 ATOM Datasets Theme', 'multiplier': 2.0}]",fundamental65,Factor Ratios and its Rank Model,model,Model,model-estimates-models,Estimates Models
fnd65_allcap_sedol_curindocfp_,It is defined as a stock's trailing 12-month operating cash flow-to-price ratio (OCFP) minus the average of the OCFPs of all stocks in the same industry deflated by the standard deviation of the OCFPs of all stocks in the same relative universe.,"{'id': 'fundamental65', 'name': 'Factor Ratios and its Rank Model'}","{'id': 'model', 'name': 'Model'}","{'id': 'model-estimates-models', 'name': 'Estimates Models'}",EUR,1,TOPCS1600,MATRIX,1.0,0.8568,5,8,1.4,"[{'id': '7yd5mJB', 'name': 'EUR TOPCS1600 ATOM Datasets Theme', 'multiplier': 2.0}]",fundamental65,Factor Ratios and its Rank Model,model,Model,model-estimates-models,Estimates Models
fnd65_allcap_sedol_curindocfta_,It is defined as a stock's trailing 12-month operating cash flow-to-total assets ratio (OCFTA) less the average of the OCFTA of all stocks in the same industry deflated by the standard deviation of the OCFTAs of all stocks in the same relative universe.,"{'id': 'fundamental65', 'name': 'Factor Ratios and its Rank Model'}","{'id': 'model', 'name': 'Model'}","{'id': 'model-estimates-models', 'name': 'Estimates Models'}",EUR,1,TOPCS1600,MATRIX,1.0,0.8568,1,1,1.4,"[{'id': '7yd5mJB', 'name': 'EUR TOPCS1600 ATOM Datasets Theme', 'multiplier': 2.0}]",fundamental65,Factor Ratios and its Rank Model,model,Model,model-estimates-models,Estimates Models
fnd65_allcap_sedol_curindsp_,It is defined as a stock's trailing 12-month sales-to-price ratio (SP) less the average of the SPs of all stocks in the same industry deflated by the standard deviation of the SPs of all stocks in the same relative universe.,"{'id': 'fundamental65', 'name': 'Factor Ratios and its Rank Model'}","{'id': 'model', 'name': 'Model'}","{'id': 'model-estimates-models', 'name': 'Estimates Models'}",EUR,1,TOPCS1600,MATRIX,1.0,0.8587,0,0,1.4,"[{'id': '7yd5mJB', 'name': 'EUR TOPCS1600 ATOM Datasets Theme', 'multiplier': 2.0}]",fundamental65,Factor Ratios and its Rank Model,model,Model,model-estimates-models,Estimates Models
fnd65_allcap_sedol_curratio,It is defined as the reported current assets from the most recent quarter divided by the current liabilities from the most recent quarter.,"{'id': 'fundamental65', 'name': 'Factor Ratios and its Rank Model'}","{'id': 'model', 'name': 'Model'}","{'id': 'model-estimates-models', 'name': 'Estimates Models'}",EUR,1,TOPCS1600,MATRIX,1.0,0.696,0,0,1.4,"[{'id': '7yd5mJB', 'name': 'EUR TOPCS1600 ATOM Datasets Theme', 'multiplier': 2.0}]",fundamental65,Factor Ratios and its Rank Model,model,Model,model-estimates-models,Estimates Models
fnd65_allcap_sedol_cvvolp20d,It is defined as the coefficient of variation of the last 20 days of daily trading volume divided by the coefficient of variation of closing prices for the same time period.,"{'id': 'fundamental65', 'name': 'Factor Ratios and its Rank Model'}","{'id': 'model', 'name': 'Model'}","{'id': 'model-estimates-models', 'name': 'Estimates Models'}",EUR,1,TOPCS1600,MATRIX,1.0,0.8606,1,1,1.4,"[{'id': '7yd5mJB', 'name': 'EUR TOPCS1600 ATOM Datasets Theme', 'multiplier': 2.0}]",fundamental65,Factor Ratios and its Rank Model,model,Model,model-estimates-models,Estimates Models
fnd65_allcap_sedol_cws,It is defined as the average of working capital for the trailing 12 months divided by the total sales in the same period. Working capital equals the inventory plus accounts receivable minus accounts payable on the balance sheet.,"{'id': 'fundamental65', 'name': 'Factor Ratios and its Rank Model'}","{'id': 'model', 'name': 'Model'}","{'id': 'model-estimates-models', 'name': 'Estimates Models'}",EUR,1,TOPCS1600,MATRIX,1.0,0.6894,0,0,1.4,"[{'id': '7yd5mJB', 'name': 'EUR TOPCS1600 ATOM Datasets Theme', 'multiplier': 2.0}]",fundamental65,Factor Ratios and its Rank Model,model,Model,model-estimates-models,Estimates Models
fnd65_allcap_sedol_d41isr,Relative Strength Index measures the average up/down price moves over prior 14 days. This momentum indicator is used to identify overbought/oversold names.,"{'id': 'fundamental65', 'name': 'Factor Ratios and its Rank Model'}","{'id': 'model', 'name': 'Model'}","{'id': 'model-estimates-models', 'name': 'Estimates Models'}",EUR,1,TOPCS1600,MATRIX,1.0,0.8606,0,0,1.4,"[{'id': '7yd5mJB', 'name': 'EUR TOPCS1600 ATOM Datasets Theme', 'multiplier': 2.0}]",fundamental65,Factor Ratios and its Rank Model,model,Model,model-estimates-models,Estimates Models
fnd65_allcap_sedol_dcc,It is defined as the most recently reported quarterly cash flow from operations less the cash dividends divided by the current interest-bearing debt.,"{'id': 'fundamental65', 'name': 'Factor Ratios and its Rank Model'}","{'id': 'model', 'name': 'Model'}","{'id': 'model-estimates-models', 'name': 'Estimates Models'}",EUR,1,TOPCS1600,MATRIX,1.0,0.8238,2,2,1.4,"[{'id': '7yd5mJB', 'name': 'EUR TOPCS1600 ATOM Datasets Theme', 'multiplier': 2.0}]",fundamental65,Factor Ratios and its Rank Model,model,Model,model-estimates-models,Estimates Models
fnd65_allcap_sedol_debtcf,It is defined as the sum of the most recent reported long term debt and short-term interesting bearing debt divided by the trailing 12-month cash flow.,"{'id': 'fundamental65', 'name': 'Factor Ratios and its Rank Model'}","{'id': 'model', 'name': 'Model'}","{'id': 'model-estimates-models', 'name': 'Estimates Models'}",EUR,1,TOPCS1600,MATRIX,1.0,0.7427,0,0,1.4,"[{'id': '7yd5mJB', 'name': 'EUR TOPCS1600 ATOM Datasets Theme', 'multiplier': 2.0}]",fundamental65,Factor Ratios and its Rank Model,model,Model,model-estimates-models,Estimates Models
fnd65_allcap_sedol_debtmktcap,It is defined as the long-term debt plus short-term debt divided by market capitalization.,"{'id': 'fundamental65', 'name': 'Factor Ratios and its Rank Model'}","{'id': 'model', 'name': 'Model'}","{'id': 'model-estimates-models', 'name': 'Estimates Models'}",EUR,1,TOPCS1600,MATRIX,1.0,0.854,1,1,1.4,"[{'id': '7yd5mJB', 'name': 'EUR TOPCS1600 ATOM Datasets Theme', 'multiplier': 2.0}]",fundamental65,Factor Ratios and its Rank Model,model,Model,model-estimates-models,Estimates Models
fnd65_allcap_sedol_div5yg,It is defined as the 5-year growth in dividends,"{'id': 'fundamental65', 'name': 'Factor Ratios and its Rank Model'}","{'id': 'model', 'name': 'Model'}","{'id': 'model-estimates-models', 'name': 'Estimates Models'}",EUR,1,TOPCS1600,MATRIX,1.0,0.6712,0,0,1.4,"[{'id': '7yd5mJB', 'name': 'EUR TOPCS1600 ATOM Datasets Theme', 'multiplier': 2.0}]",fundamental65,Factor Ratios and its Rank Model,model,Model,model-estimates-models,Estimates Models
fnd65_allcap_sedol_divcf,It is defined as the trailing 12-month cash dividends divided by the trailing 12-month cash flow. Cash dividends represent the total amount of cash dividends paid for both common and preferred stock.,"{'id': 'fundamental65', 'name': 'Factor Ratios and its Rank Model'}","{'id': 'model', 'name': 'Model'}","{'id': 'model-estimates-models', 'name': 'Estimates Models'}",EUR,1,TOPCS1600,MATRIX,1.0,0.5199,0,0,1.4,"[{'id': '7yd5mJB', 'name': 'EUR TOPCS1600 ATOM Datasets Theme', 'multiplier': 2.0}]",fundamental65,Factor Ratios and its Rank Model,model,Model,model-estimates-models,Estimates Models
fnd65_allcap_sedol_divcov,It is defined as a company's trailing 12-month earnings from operations divided by the amount of its indicated annual dividends.,"{'id': 'fundamental65', 'name': 'Factor Ratios and its Rank Model'}","{'id': 'model', 'name': 'Model'}","{'id': 'model-estimates-models', 'name': 'Estimates Models'}",EUR,1,TOPCS1600,MATRIX,1.0,0.6529,0,0,1.4,"[{'id': '7yd5mJB', 'name': 'EUR TOPCS1600 ATOM Datasets Theme', 'multiplier': 2.0}]",fundamental65,Factor Ratios and its Rank Model,model,Model,model-estimates-models,Estimates Models
fnd65_allcap_sedol_divgp,It is defined as total dividends paid divided by (revenue - cost of goods sold).,"{'id': 'fundamental65', 'name': 'Factor Ratios and its Rank Model'}","{'id': 'model', 'name': 'Model'}","{'id': 'model-estimates-models', 'name': 'Estimates Models'}",EUR,1,TOPCS1600,MATRIX,1.0,0.4992,0,0,1.4,"[{'id': '7yd5mJB', 'name': 'EUR TOPCS1600 ATOM Datasets Theme', 'multiplier': 2.0}]",fundamental65,Factor Ratios and its Rank Model,model,Model,model-estimates-models,Estimates Models
fnd65_allcap_sedol_divyield,It is defined as the trailing 12-month dividends per share for a stock divided by its trading price.,"{'id': 'fundamental65', 'name': 'Factor Ratios and its Rank Model'}","{'id': 'model', 'name': 'Model'}","{'id': 'model-estimates-models', 'name': 'Estimates Models'}",EUR,1,TOPCS1600,MATRIX,1.0,0.5923,0,0,1.4,"[{'id': '7yd5mJB', 'name': 'EUR TOPCS1600 ATOM Datasets Theme', 'multiplier': 2.0}]",fundamental65,Factor Ratios and its Rank Model,model,Model,model-estimates-models,Estimates Models
fnd65_allcap_sedol_dpcapex,It is defined as the absolute value of the difference between the yearly percent change in trailing 12-month depreciation expense and the yearly percent change in trailing 12-month capital expenditure.,"{'id': 'fundamental65', 'name': 'Factor Ratios and its Rank Model'}","{'id': 'model', 'name': 'Model'}","{'id': 'model-estimates-models', 'name': 'Estimates Models'}",EUR,1,TOPCS1600,MATRIX,1.0,0.7696,0,0,1.4,"[{'id': '7yd5mJB', 'name': 'EUR TOPCS1600 ATOM Datasets Theme', 'multiplier': 2.0}]",fundamental65,Factor Ratios and its Rank Model,model,Model,model-estimates-models,Estimates Models
fnd65_allcap_sedol_dsu,"It is defined as the beta coefficient to change in US Dollar Value, which is estimated by a 60-month multiple regression of returns on several macroeconomic factors.","{'id': 'fundamental65', 'name': 'Factor Ratios and its Rank Model'}","{'id': 'model', 'name': 'Model'}","{'id': 'model-estimates-models', 'name': 'Estimates Models'}",EUR,1,TOPCS1600,MATRIX,1.0,0.8499,0,0,1.4,"[{'id': '7yd5mJB', 'name': 'EUR TOPCS1600 ATOM Datasets Theme', 'multiplier': 2.0}]",fundamental65,Factor Ratios and its Rank Model,model,Model,model-estimates-models,Estimates Models
fnd65_allcap_sedol_dtsm1_rd,It is defined as the standard deviation of a stock's daily total return over the trailing one month.,"{'id': 'fundamental65', 'name': 'Factor Ratios and its Rank Model'}","{'id': 'model', 'name': 'Model'}","{'id': 'model-estimates-models', 'name': 'Estimates Models'}",EUR,1,TOPCS1600,MATRIX,1.0,0.8606,0,0,1.4,"[{'id': '7yd5mJB', 'name': 'EUR TOPCS1600 ATOM Datasets Theme', 'multiplier': 2.0}]",fundamental65,Factor Ratios and its Rank Model,model,Model,model-estimates-models,Estimates Models
fnd65_allcap_sedol_earningstorpedo,"It is defined as Next 4 Quarter EPS Estimate + TTM Real Earnings Surprise/ TTM EPS where, TTM Earnings Surprise = Actual EPS - Est EPS, summed over the last 4 quarters.","{'id': 'fundamental65', 'name': 'Factor Ratios and its Rank Model'}","{'id': 'model', 'name': 'Model'}","{'id': 'model-estimates-models', 'name': 'Estimates Models'}",EUR,1,TOPCS1600,MATRIX,1.0,0.8313,1,1,1.4,"[{'id': '7yd5mJB', 'name': 'EUR TOPCS1600 ATOM Datasets Theme', 'multiplier': 2.0}]",fundamental65,Factor Ratios and its Rank Model,model,Model,model-estimates-models,Estimates Models
fnd65_allcap_sedol_earnshortfall,"It is defined as the difference between reported accounting earnings and free cash flow, scaled by average assets.","{'id': 'fundamental65', 'name': 'Factor Ratios and its Rank Model'}","{'id': 'model', 'name': 'Model'}","{'id': 'model-estimates-models', 'name': 'Estimates Models'}",EUR,1,TOPCS1600,MATRIX,1.0,0.8559,0,0,1.4,"[{'id': '7yd5mJB', 'name': 'EUR TOPCS1600 ATOM Datasets Theme', 'multiplier': 2.0}]",fundamental65,Factor Ratios and its Rank Model,model,Model,model-estimates-models,Estimates Models
fnd65_allcap_sedol_ebitdadebt,"It is defined as trailing-twelve-month earnings before interest, taxes, depreciation, and amortization divided by current total debt.","{'id': 'fundamental65', 'name': 'Factor Ratios and its Rank Model'}","{'id': 'model', 'name': 'Model'}","{'id': 'model-estimates-models', 'name': 'Estimates Models'}",EUR,1,TOPCS1600,MATRIX,1.0,0.8501,3,3,1.4,"[{'id': '7yd5mJB', 'name': 'EUR TOPCS1600 ATOM Datasets Theme', 'multiplier': 2.0}]",fundamental65,Factor Ratios and its Rank Model,model,Model,model-estimates-models,Estimates Models
fnd65_allcap_sedol_ebitdadebtchg,"It is defined as the annual change in the ratio of trailing-twelve-month earnings before interest, taxes, depreciation, and amortization divided by current total debt","{'id': 'fundamental65', 'name': 'Factor Ratios and its Rank Model'}","{'id': 'model', 'name': 'Model'}","{'id': 'model-estimates-models', 'name': 'Estimates Models'}",EUR,1,TOPCS1600,MATRIX,1.0,0.8347,1,1,1.4,"[{'id': '7yd5mJB', 'name': 'EUR TOPCS1600 ATOM Datasets Theme', 'multiplier': 2.0}]",fundamental65,Factor Ratios and its Rank Model,model,Model,model-estimates-models,Estimates Models
fnd65_allcap_sedol_ebitdaev,"It is defined as the trailing 12-month earnings before interest,taxes,depreciation and amortization for a stock deflated by its enterprise value (EV). EV= Equity Market Value + Long-term Debt + Short-term Debt + Preferred Stock + Minority Interest -Cash.","{'id': 'fundamental65', 'name': 'Factor Ratios and its Rank Model'}","{'id': 'model', 'name': 'Model'}","{'id': 'model-estimates-models', 'name': 'Estimates Models'}",EUR,1,TOPCS1600,MATRIX,1.0,0.8542,0,0,1.4,"[{'id': '7yd5mJB', 'name': 'EUR TOPCS1600 ATOM Datasets Theme', 'multiplier': 2.0}]",fundamental65,Factor Ratios and its Rank Model,model,Model,model-estimates-models,Estimates Models
fnd65_allcap_sedol_ebitdap,"It is defined as the trailing 12-month earnings before interest, taxes, depreciation and amortization for a company divided by its trading price.","{'id': 'fundamental65', 'name': 'Factor Ratios and its Rank Model'}","{'id': 'model', 'name': 'Model'}","{'id': 'model-estimates-models', 'name': 'Estimates Models'}",EUR,1,TOPCS1600,MATRIX,1.0,0.8547,0,0,1.4,"[{'id': '7yd5mJB', 'name': 'EUR TOPCS1600 ATOM Datasets Theme', 'multiplier': 2.0}]",fundamental65,Factor Ratios and its Rank Model,model,Model,model-estimates-models,Estimates Models
fnd65_allcap_sedol_ed,It is defined as the most recently reported total long-term debt divided by total book equity.,"{'id': 'fundamental65', 'name': 'Factor Ratios and its Rank Model'}","{'id': 'model', 'name': 'Model'}","{'id': 'model-estimates-models', 'name': 'Estimates Models'}",EUR,1,TOPCS1600,MATRIX,1.0,0.8462,0,0,1.4,"[{'id': '7yd5mJB', 'name': 'EUR TOPCS1600 ATOM Datasets Theme', 'multiplier': 2.0}]",fundamental65,Factor Ratios and its Rank Model,model,Model,model-estimates-models,Estimates Models
fnd65_allcap_sedol_emeasales,It is defined as the annual aggregate sales for EMEA as reported by the company divided by total annual sales.,"{'id': 'fundamental65', 'name': 'Factor Ratios and its Rank Model'}","{'id': 'model', 'name': 'Model'}","{'id': 'model-estimates-models', 'name': 'Estimates Models'}",EUR,1,TOPCS1600,MATRIX,1.0,0.8132,0,0,1.4,"[{'id': '7yd5mJB', 'name': 'EUR TOPCS1600 ATOM Datasets Theme', 'multiplier': 2.0}]",fundamental65,Factor Ratios and its Rank Model,model,Model,model-estimates-models,Estimates Models
fnd65_allcap_sedol_epschgetr,It is defined as the trailing 12-month pre-tax income per share times the difference between most recent trailing 12-month effective tax rate and that of 4 quarters ago.The effective tax rate is defined as total tax expense divided by pre-tax income.,"{'id': 'fundamental65', 'name': 'Factor Ratios and its Rank Model'}","{'id': 'model', 'name': 'Model'}","{'id': 'model-estimates-models', 'name': 'Estimates Models'}",EUR,1,TOPCS1600,MATRIX,1.0,0.7172,0,0,1.4,"[{'id': '7yd5mJB', 'name': 'EUR TOPCS1600 ATOM Datasets Theme', 'multiplier': 2.0}]",fundamental65,Factor Ratios and its Rank Model,model,Model,model-estimates-models,Estimates Models
fnd65_allcap_sedol_equityto,It is defined as the trailing 12-month sales divided by the average of trailing 12-month reported book equity.,"{'id': 'fundamental65', 'name': 'Factor Ratios and its Rank Model'}","{'id': 'model', 'name': 'Model'}","{'id': 'model-estimates-models', 'name': 'Estimates Models'}",EUR,1,TOPCS1600,MATRIX,1.0,0.8521,0,0,1.4,"[{'id': '7yd5mJB', 'name': 'EUR TOPCS1600 ATOM Datasets Theme', 'multiplier': 2.0}]",fundamental65,Factor Ratios and its Rank Model,model,Model,model-estimates-models,Estimates Models
fnd65_allcap_sedol_fc_curindfwdep_,It is defined as a stock's next 4-quarter's analysts consensus earnings estimates-to-price ratio (FwdEP) less the average of the FwdEPs of all stocks in the same industry deflated by the standard deviation of the these FwdEPs.,"{'id': 'fundamental65', 'name': 'Factor Ratios and its Rank Model'}","{'id': 'model', 'name': 'Model'}","{'id': 'model-estimates-models', 'name': 'Estimates Models'}",EUR,1,TOPCS1600,MATRIX,1.0,0.8501,0,0,1.4,"[{'id': '7yd5mJB', 'name': 'EUR TOPCS1600 ATOM Datasets Theme', 'multiplier': 2.0}]",fundamental65,Factor Ratios and its Rank Model,model,Model,model-estimates-models,Estimates Models
fnd65_allcap_sedol_fc_dypeg,It is defined as the reciprocal of a stock's forward 12-month P/E ratio divided by the total growth rate. The total growth rate is defined as the sum of the forecasted long-term growth rate and the indicated dividend yield.,"{'id': 'fundamental65', 'name': 'Factor Ratios and its Rank Model'}","{'id': 'model', 'name': 'Model'}","{'id': 'model-estimates-models', 'name': 'Estimates Models'}",EUR,1,TOPCS1600,MATRIX,1.0,0.6908,0,0,1.4,"[{'id': '7yd5mJB', 'name': 'EUR TOPCS1600 ATOM Datasets Theme', 'multiplier': 2.0}]",fundamental65,Factor Ratios and its Rank Model,model,Model,model-estimates-models,Estimates Models
fnd65_allcap_sedol_fc_ebop,It is defined as a stock's valuation based on Edwards-Bell-Ohlson (EBO) model deflated by its trading price. EBO is a modified dividend discount model that measures a firm's intrinsic value by comparing generated earnings to the cost of capital.,"{'id': 'fundamental65', 'name': 'Factor Ratios and its Rank Model'}","{'id': 'model', 'name': 'Model'}","{'id': 'model-estimates-models', 'name': 'Estimates Models'}",EUR,1,TOPCS1600,MATRIX,1.0,0.8153,0,0,1.4,"[{'id': '7yd5mJB', 'name': 'EUR TOPCS1600 ATOM Datasets Theme', 'multiplier': 2.0}]",fundamental65,Factor Ratios and its Rank Model,model,Model,model-estimates-models,Estimates Models
fnd65_allcap_sedol_fc_estep,It is defined as the next fiscal year median consensus earnings estimate divided by trading price.,"{'id': 'fundamental65', 'name': 'Factor Ratios and its Rank Model'}","{'id': 'model', 'name': 'Model'}","{'id': 'model-estimates-models', 'name': 'Estimates Models'}",EUR,1,TOPCS1600,MATRIX,1.0,0.851,0,0,1.4,"[{'id': '7yd5mJB', 'name': 'EUR TOPCS1600 ATOM Datasets Theme', 'multiplier': 2.0}]",fundamental65,Factor Ratios and its Rank Model,model,Model,model-estimates-models,Estimates Models
fnd65_allcap_sedol_fc_fcfroey1p,It is defined as the trailing 12-month free cash flow per share multiplied by the next 4-quarter consensus earnings forecasts divided by the most recently reported book value per share scaled by its trading price.,"{'id': 'fundamental65', 'name': 'Factor Ratios and its Rank Model'}","{'id': 'model', 'name': 'Model'}","{'id': 'model-estimates-models', 'name': 'Estimates Models'}",EUR,1,TOPCS1600,MATRIX,1.0,0.8359,0,0,1.4,"[{'id': '7yd5mJB', 'name': 'EUR TOPCS1600 ATOM Datasets Theme', 'multiplier': 2.0}]",fundamental65,Factor Ratios and its Rank Model,model,Model,model-estimates-models,Estimates Models
fnd65_allcap_sedol_fc_fqsurstd,It is defined as the most recent quarterly earnings surprise (actual fiscal quarter EPS less the consensus earnings estimate) adjusted by the standard deviation of analyst forecasts.,"{'id': 'fundamental65', 'name': 'Factor Ratios and its Rank Model'}","{'id': 'model', 'name': 'Model'}","{'id': 'model-estimates-models', 'name': 'Estimates Models'}",EUR,1,TOPCS1600,MATRIX,1.0,0.7418,0,0,1.4,"[{'id': '7yd5mJB', 'name': 'EUR TOPCS1600 ATOM Datasets Theme', 'multiplier': 2.0}]",fundamental65,Factor Ratios and its Rank Model,model,Model,model-estimates-models,Estimates Models
fnd65_allcap_sedol_fc_fwdroe,It is defined as a stock's analysts earnings estimates for next four quarters divided by its most recent reported common equity per share.,"{'id': 'fundamental65', 'name': 'Factor Ratios and its Rank Model'}","{'id': 'model', 'name': 'Model'}","{'id': 'model-estimates-models', 'name': 'Estimates Models'}",EUR,1,TOPCS1600,MATRIX,1.0,0.8356,0,0,1.4,"[{'id': '7yd5mJB', 'name': 'EUR TOPCS1600 ATOM Datasets Theme', 'multiplier': 2.0}]",fundamental65,Factor Ratios and its Rank Model,model,Model,model-estimates-models,Estimates Models
fnd65_allcap_sedol_fc_numest,It is defined as the number of analysts earnings estimates for fiscal year 1 for a stock.,"{'id': 'fundamental65', 'name': 'Factor Ratios and its Rank Model'}","{'id': 'model', 'name': 'Model'}","{'id': 'model-estimates-models', 'name': 'Estimates Models'}",EUR,1,TOPCS1600,MATRIX,1.0,0.851,0,0,1.4,"[{'id': '7yd5mJB', 'name': 'EUR TOPCS1600 ATOM Datasets Theme', 'multiplier': 2.0}]",fundamental65,Factor Ratios and its Rank Model,model,Model,model-estimates-models,Estimates Models
fnd65_allcap_sedol_fc_numrevy1,"It is defined as the weighted average of the number of FY1 analyst earnings forecasts raised minus the number lowered within a month, divided by the total number of analyst forecasts.","{'id': 'fundamental65', 'name': 'Factor Ratios and its Rank Model'}","{'id': 'model', 'name': 'Model'}","{'id': 'model-estimates-models', 'name': 'Estimates Models'}",EUR,1,TOPCS1600,MATRIX,1.0,0.8035,2,2,1.4,"[{'id': '7yd5mJB', 'name': 'EUR TOPCS1600 ATOM Datasets Theme', 'multiplier': 2.0}]",fundamental65,Factor Ratios and its Rank Model,model,Model,model-estimates-models,Estimates Models
fnd65_allcap_sedol_fc_rel5yfwdep,It is defined as a stock's current next 4-quarter's consensus analyst earnings forecasts-to-price ratio (FwdEP) minus the average of the FwdEPs ratio in the last 60-month scaled by the standard deviation of the FwdEPs over the same period.,"{'id': 'fundamental65', 'name': 'Factor Ratios and its Rank Model'}","{'id': 'model', 'name': 'Model'}","{'id': 'model-estimates-models', 'name': 'Estimates Models'}",EUR,1,TOPCS1600,MATRIX,1.0,0.844,0,0,1.4,"[{'id': '7yd5mJB', 'name': 'EUR TOPCS1600 ATOM Datasets Theme', 'multiplier': 2.0}]",fundamental65,Factor Ratios and its Rank Model,model,Model,model-estimates-models,Estimates Models
fnd65_allcap_sedol_fc_rev3y1,"It is defined as the change in the current mean consensus earnings estimate for fiscal year 1 less that of three months ago, deflated by its trading price.","{'id': 'fundamental65', 'name': 'Factor Ratios and its Rank Model'}","{'id': 'model', 'name': 'Model'}","{'id': 'model-estimates-models', 'name': 'Estimates Models'}",EUR,1,TOPCS1600,MATRIX,1.0,0.84,1,2,1.4,"[{'id': '7yd5mJB', 'name': 'EUR TOPCS1600 ATOM Datasets Theme', 'multiplier': 2.0}]",fundamental65,Factor Ratios and its Rank Model,model,Model,model-estimates-models,Estimates Models
fnd65_allcap_sedol_fc_rev3y2,"It is defined as the change in the current mean consensus earnings estimate for fiscal year 2 less than that of three months ago, deflated by its trading price.","{'id': 'fundamental65', 'name': 'Factor Ratios and its Rank Model'}","{'id': 'model', 'name': 'Model'}","{'id': 'model-estimates-models', 'name': 'Estimates Models'}",EUR,1,TOPCS1600,MATRIX,1.0,0.8416,1,1,1.4,"[{'id': '7yd5mJB', 'name': 'EUR TOPCS1600 ATOM Datasets Theme', 'multiplier': 2.0}]",fundamental65,Factor Ratios and its Rank Model,model,Model,model-estimates-models,Estimates Models
fnd65_allcap_sedol_fc_rev6,"It is defined as the average of prior 6-month monthly changes in a stock's consensus analysts' earnings forecasts for fiscal year 1, scaled by the previous month-end trading price.","{'id': 'fundamental65', 'name': 'Factor Ratios and its Rank Model'}","{'id': 'model', 'name': 'Model'}","{'id': 'model-estimates-models', 'name': 'Estimates Models'}",EUR,1,TOPCS1600,MATRIX,1.0,0.8327,1,1,1.4,"[{'id': '7yd5mJB', 'name': 'EUR TOPCS1600 ATOM Datasets Theme', 'multiplier': 2.0}]",fundamental65,Factor Ratios and its Rank Model,model,Model,model-estimates-models,Estimates Models
fnd65_allcap_sedol_fc_stdevfy1epsp,It is defined as the standard deviation of analyst forecasts for fiscal year 1 earnings scaled by closing price.,"{'id': 'fundamental65', 'name': 'Factor Ratios and its Rank Model'}","{'id': 'model', 'name': 'Model'}","{'id': 'model-estimates-models', 'name': 'Estimates Models'}",EUR,1,TOPCS1600,MATRIX,1.0,0.8366,1,1,1.4,"[{'id': '7yd5mJB', 'name': 'EUR TOPCS1600 ATOM Datasets Theme', 'multiplier': 2.0}]",fundamental65,Factor Ratios and its Rank Model,model,Model,model-estimates-models,Estimates Models
fnd65_allcap_sedol_fc_stdevfy2epsp,It is defined as the standard deviation of analyst forecasts for fiscal year 2 earnings scaled by closing price.,"{'id': 'fundamental65', 'name': 'Factor Ratios and its Rank Model'}","{'id': 'model', 'name': 'Model'}","{'id': 'model-estimates-models', 'name': 'Estimates Models'}",EUR,1,TOPCS1600,MATRIX,1.0,0.8337,0,0,1.4,"[{'id': '7yd5mJB', 'name': 'EUR TOPCS1600 ATOM Datasets Theme', 'multiplier': 2.0}]",fundamental65,Factor Ratios and its Rank Model,model,Model,model-estimates-models,Estimates Models
fnd65_allcap_sedol_fc_y2repsg,"It is defined as the most recent consensus earnings forecast for fiscal year 2 minus the most recently reported fiscal year earnings, deflated by trading price.","{'id': 'fundamental65', 'name': 'Factor Ratios and its Rank Model'}","{'id': 'model', 'name': 'Model'}","{'id': 'model-estimates-models', 'name': 'Estimates Models'}",EUR,1,TOPCS1600,MATRIX,1.0,0.8268,0,0,1.4,"[{'id': '7yd5mJB', 'name': 'EUR TOPCS1600 ATOM Datasets Theme', 'multiplier': 2.0}]",fundamental65,Factor Ratios and its Rank Model,model,Model,model-estimates-models,Estimates Models
fnd65_allcap_sedol_fcfequity,It is defined as the trailing 12-month free cash flow divided by the average book equity value in the same period.,"{'id': 'fundamental65', 'name': 'Factor Ratios and its Rank Model'}","{'id': 'model', 'name': 'Model'}","{'id': 'model-estimates-models', 'name': 'Estimates Models'}",EUR,1,TOPCS1600,MATRIX,1.0,0.8492,2,2,1.4,"[{'id': '7yd5mJB', 'name': 'EUR TOPCS1600 ATOM Datasets Theme', 'multiplier': 2.0}]",fundamental65,Factor Ratios and its Rank Model,model,Model,model-estimates-models,Estimates Models
fnd65_allcap_sedol_fcfghc,It is defined as the trailing 12-month free cash flow minus 4 quarters ago trailing 12-month free cash flow divided by the average total assets.,"{'id': 'fundamental65', 'name': 'Factor Ratios and its Rank Model'}","{'id': 'model', 'name': 'Model'}","{'id': 'model-estimates-models', 'name': 'Estimates Models'}",EUR,1,TOPCS1600,MATRIX,1.0,0.8544,1,1,1.4,"[{'id': '7yd5mJB', 'name': 'EUR TOPCS1600 ATOM Datasets Theme', 'multiplier': 2.0}]",fundamental65,Factor Ratios and its Rank Model,model,Model,model-estimates-models,Estimates Models
fnd65_allcap_sedol_fcfroi,"It is defined as the trailing 12-month free cash flow divided by the average invested capital in the same period. Invested capital equals the sum of common equity,long-term debt,minority interest and preferred stock.","{'id': 'fundamental65', 'name': 'Factor Ratios and its Rank Model'}","{'id': 'model', 'name': 'Model'}","{'id': 'model-estimates-models', 'name': 'Estimates Models'}",EUR,1,TOPCS1600,MATRIX,1.0,0.8544,4,4,1.4,"[{'id': '7yd5mJB', 'name': 'EUR TOPCS1600 ATOM Datasets Theme', 'multiplier': 2.0}]",fundamental65,Factor Ratios and its Rank Model,model,Model,model-estimates-models,Estimates Models
fnd65_allcap_sedol_fcfsale,It is defined as the trailing 12-month free cash flow divided by the trailing 12-month sales.,"{'id': 'fundamental65', 'name': 'Factor Ratios and its Rank Model'}","{'id': 'model', 'name': 'Model'}","{'id': 'model-estimates-models', 'name': 'Estimates Models'}",EUR,1,TOPCS1600,MATRIX,1.0,0.85,5,9,1.4,"[{'id': '7yd5mJB', 'name': 'EUR TOPCS1600 ATOM Datasets Theme', 'multiplier': 2.0}]",fundamental65,Factor Ratios and its Rank Model,model,Model,model-estimates-models,Estimates Models
fnd65_allcap_sedol_fcfy3gc,It is defined as the 3 year geometric growth rate of free cash flow,"{'id': 'fundamental65', 'name': 'Factor Ratios and its Rank Model'}","{'id': 'model', 'name': 'Model'}","{'id': 'model-estimates-models', 'name': 'Estimates Models'}",EUR,1,TOPCS1600,MATRIX,1.0,0.8435,2,2,1.4,"[{'id': '7yd5mJB', 'name': 'EUR TOPCS1600 ATOM Datasets Theme', 'multiplier': 2.0}]",fundamental65,Factor Ratios and its Rank Model,model,Model,model-estimates-models,Estimates Models
fnd65_allcap_sedol_fcghc,It is defined as the trailing 12-month cash flow minus comparable trailing 12-month cash flow from 4 quarters ago scaled by the average total assets.,"{'id': 'fundamental65', 'name': 'Factor Ratios and its Rank Model'}","{'id': 'model', 'name': 'Model'}","{'id': 'model-estimates-models', 'name': 'Estimates Models'}",EUR,1,TOPCS1600,MATRIX,1.0,0.8516,1,1,1.4,"[{'id': '7yd5mJB', 'name': 'EUR TOPCS1600 ATOM Datasets Theme', 'multiplier': 2.0}]",fundamental65,Factor Ratios and its Rank Model,model,Model,model-estimates-models,Estimates Models
fnd65_allcap_sedol_fcoghc,It is defined as the most recently reported trailing 12-month operating cash flow minus 4 quarter ago trailing 12-month operating cash flow divided by the average total assets.,"{'id': 'fundamental65', 'name': 'Factor Ratios and its Rank Model'}","{'id': 'model', 'name': 'Model'}","{'id': 'model-estimates-models', 'name': 'Estimates Models'}",EUR,1,TOPCS1600,MATRIX,1.0,0.8553,0,0,1.4,"[{'id': '7yd5mJB', 'name': 'EUR TOPCS1600 ATOM Datasets Theme', 'multiplier': 2.0}]",fundamental65,Factor Ratios and its Rank Model,model,Model,model-estimates-models,Estimates Models
fnd65_allcap_sedol_fixastto,It is defined as the trailing 12-month sales divided by the average of the total fixed assets in the same period.,"{'id': 'fundamental65', 'name': 'Factor Ratios and its Rank Model'}","{'id': 'model', 'name': 'Model'}","{'id': 'model-estimates-models', 'name': 'Estimates Models'}",EUR,1,TOPCS1600,MATRIX,1.0,0.8511,1,1,1.4,"[{'id': '7yd5mJB', 'name': 'EUR TOPCS1600 ATOM Datasets Theme', 'multiplier': 2.0}]",fundamental65,Factor Ratios and its Rank Model,model,Model,model-estimates-models,Estimates Models
fnd65_allcap_sedol_flowratio,It is defined as the difference between current assets and cash & equivalents divided by the difference between current liabilities and short-term debt. All items are from the most recent quarter.,"{'id': 'fundamental65', 'name': 'Factor Ratios and its Rank Model'}","{'id': 'model', 'name': 'Model'}","{'id': 'model-estimates-models', 'name': 'Estimates Models'}",EUR,1,TOPCS1600,MATRIX,1.0,0.6953,1,1,1.4,"[{'id': '7yd5mJB', 'name': 'EUR TOPCS1600 ATOM Datasets Theme', 'multiplier': 2.0}]",fundamental65,Factor Ratios and its Rank Model,model,Model,model-estimates-models,Estimates Models
fnd65_allcap_sedol_fqsurstd60dlag,"It is defined the most recent actual fiscal quarter EPS less the consensus earnings estimate 60 days ago, adjusted by the standard deviation of analyst forecasts 60 days ago.","{'id': 'fundamental65', 'name': 'Factor Ratios and its Rank Model'}","{'id': 'model', 'name': 'Model'}","{'id': 'model-estimates-models', 'name': 'Estimates Models'}",EUR,1,TOPCS1600,MATRIX,1.0,0.7635,0,0,1.4,"[{'id': '7yd5mJB', 'name': 'EUR TOPCS1600 ATOM Datasets Theme', 'multiplier': 2.0}]",fundamental65,Factor Ratios and its Rank Model,model,Model,model-estimates-models,Estimates Models
fnd65_allcap_sedol_fwdebitdaev,It is defined as the FY1 estimate of EBITDA/Enterprise Value.,"{'id': 'fundamental65', 'name': 'Factor Ratios and its Rank Model'}","{'id': 'model', 'name': 'Model'}","{'id': 'model-estimates-models', 'name': 'Estimates Models'}",EUR,1,TOPCS1600,MATRIX,1.0,0.808,0,0,1.4,"[{'id': '7yd5mJB', 'name': 'EUR TOPCS1600 ATOM Datasets Theme', 'multiplier': 2.0}]",fundamental65,Factor Ratios and its Rank Model,model,Model,model-estimates-models,Estimates Models
fnd65_allcap_sedol_gear,It is defined as the long-term debt divided by the difference between total assets and current liability.,"{'id': 'fundamental65', 'name': 'Factor Ratios and its Rank Model'}","{'id': 'model', 'name': 'Model'}","{'id': 'model-estimates-models', 'name': 'Estimates Models'}",EUR,1,TOPCS1600,MATRIX,1.0,0.8462,0,0,1.4,"[{'id': '7yd5mJB', 'name': 'EUR TOPCS1600 ATOM Datasets Theme', 'multiplier': 2.0}]",fundamental65,Factor Ratios and its Rank Model,model,Model,model-estimates-models,Estimates Models
fnd65_allcap_sedol_grahamnum,"It is defined as the Graham Number divided by price, where the Graham Number is equal to the squared root of (22.5 X Earnings Per Share x Book Value Per Share).","{'id': 'fundamental65', 'name': 'Factor Ratios and its Rank Model'}","{'id': 'model', 'name': 'Model'}","{'id': 'model-estimates-models', 'name': 'Estimates Models'}",EUR,1,TOPCS1600,MATRIX,1.0,0.6399,0,0,1.4,"[{'id': '7yd5mJB', 'name': 'EUR TOPCS1600 ATOM Datasets Theme', 'multiplier': 2.0}]",fundamental65,Factor Ratios and its Rank Model,model,Model,model-estimates-models,Estimates Models
fnd65_allcap_sedol_gspea2y_cf,"It is defined as the most recent consensus earnings forecast for fiscal year 2 minus the consensus earnings forecast for fiscal year 1, divided by trading price.","{'id': 'fundamental65', 'name': 'Factor Ratios and its Rank Model'}","{'id': 'model', 'name': 'Model'}","{'id': 'model-estimates-models', 'name': 'Estimates Models'}",EUR,1,TOPCS1600,MATRIX,1.0,0.8505,0,0,1.4,"[{'id': '7yd5mJB', 'name': 'EUR TOPCS1600 ATOM Datasets Theme', 'multiplier': 2.0}]",fundamental65,Factor Ratios and its Rank Model,model,Model,model-estimates-models,Estimates Models
fnd65_allcap_sedol_gtl,It is defined as the consensus long term growth forecast. It generally represents an expected annual increase in operating earnings over the company's next full business cycle.,"{'id': 'fundamental65', 'name': 'Factor Ratios and its Rank Model'}","{'id': 'model', 'name': 'Model'}","{'id': 'model-estimates-models', 'name': 'Estimates Models'}",EUR,1,TOPCS1600,MATRIX,1.0,0.7461,0,0,1.4,"[{'id': '7yd5mJB', 'name': 'EUR TOPCS1600 ATOM Datasets Theme', 'multiplier': 2.0}]",fundamental65,Factor Ratios and its Rank Model,model,Model,model-estimates-models,Estimates Models
fnd65_allcap_sedol_gtlm6ghc,It is defined as the percent change in the most recent mean consensus long-term growth forecast as compared to those of 6 months ago.,"{'id': 'fundamental65', 'name': 'Factor Ratios and its Rank Model'}","{'id': 'model', 'name': 'Model'}","{'id': 'model-estimates-models', 'name': 'Estimates Models'}",EUR,1,TOPCS1600,MATRIX,1.0,0.4777,0,0,1.4,"[{'id': '7yd5mJB', 'name': 'EUR TOPCS1600 ATOM Datasets Theme', 'multiplier': 2.0}]",fundamental65,Factor Ratios and its Rank Model,model,Model,model-estimates-models,Estimates Models
fnd65_allcap_sedol_ica,It is defined as the change in a firm's most recent trailing 12-month capital investment intensity compared to the average of its prior 3-year investment intensity.,"{'id': 'fundamental65', 'name': 'Factor Ratios and its Rank Model'}","{'id': 'model', 'name': 'Model'}","{'id': 'model-estimates-models', 'name': 'Estimates Models'}",EUR,1,TOPCS1600,MATRIX,1.0,0.8224,0,0,1.4,"[{'id': '7yd5mJB', 'name': 'EUR TOPCS1600 ATOM Datasets Theme', 'multiplier': 2.0}]",fundamental65,Factor Ratios and its Rank Model,model,Model,model-estimates-models,Estimates Models
fnd65_allcap_sedol_idb,It measures how many days a company can cover its daily operating expenses (cost of goods sold and SG&A) by only using its cash and receivables on its balance sheet.,"{'id': 'fundamental65', 'name': 'Factor Ratios and its Rank Model'}","{'id': 'model', 'name': 'Model'}","{'id': 'model-estimates-models', 'name': 'Estimates Models'}",EUR,1,TOPCS1600,MATRIX,1.0,0.6365,0,0,1.4,"[{'id': '7yd5mJB', 'name': 'EUR TOPCS1600 ATOM Datasets Theme', 'multiplier': 2.0}]",fundamental65,Factor Ratios and its Rank Model,model,Model,model-estimates-models,Estimates Models
fnd65_allcap_sedol_indrelcroe_,It is defined as a stock's lagged quarterly return on equity (ROE) minus the average of the ROEs of all stocks in the same industry deflated by the standard deviation of these ROEs.,"{'id': 'fundamental65', 'name': 'Factor Ratios and its Rank Model'}","{'id': 'model', 'name': 'Model'}","{'id': 'model-estimates-models', 'name': 'Estimates Models'}",EUR,1,TOPCS1600,MATRIX,1.0,0.8473,0,0,1.4,"[{'id': '7yd5mJB', 'name': 'EUR TOPCS1600 ATOM Datasets Theme', 'multiplier': 2.0}]",fundamental65,Factor Ratios and its Rank Model,model,Model,model-estimates-models,Estimates Models
fnd65_allcap_sedol_indrelrecd_,"It is defined as a stock's asset-adjusted annual doubtful receivables minus the average of the receivables of all stocks in the same industry, adjusted for the standard deviation of these receivables.","{'id': 'fundamental65', 'name': 'Factor Ratios and its Rank Model'}","{'id': 'model', 'name': 'Model'}","{'id': 'model-estimates-models', 'name': 'Estimates Models'}",EUR,1,TOPCS1600,MATRIX,1.0,0.5174,0,0,1.4,"[{'id': '7yd5mJB', 'name': 'EUR TOPCS1600 ATOM Datasets Theme', 'multiplier': 2.0}]",fundamental65,Factor Ratios and its Rank Model,model,Model,model-estimates-models,Estimates Models
fnd65_allcap_sedol_indrelrtn4w_,"It is defined as a stock's return in the last 4 weeks minus the average of the comparable returns of all stocks in the same industry, deflated by the standard deviation of these returns.","{'id': 'fundamental65', 'name': 'Factor Ratios and its Rank Model'}","{'id': 'model', 'name': 'Model'}","{'id': 'model-estimates-models', 'name': 'Estimates Models'}",EUR,1,TOPCS1600,MATRIX,1.0,0.8587,0,0,1.4,"[{'id': '7yd5mJB', 'name': 'EUR TOPCS1600 ATOM Datasets Theme', 'multiplier': 2.0}]",fundamental65,Factor Ratios and its Rank Model,model,Model,model-estimates-models,Estimates Models
fnd65_allcap_sedol_indrelrtn5d_,"It is defined as a stock's return in the last 5 days minus the average of the comparable returns of all stocks in the same industry, then deflated by the standard deviation of these returns.","{'id': 'fundamental65', 'name': 'Factor Ratios and its Rank Model'}","{'id': 'model', 'name': 'Model'}","{'id': 'model-estimates-models', 'name': 'Estimates Models'}",EUR,1,TOPCS1600,MATRIX,1.0,0.8587,0,0,1.4,"[{'id': '7yd5mJB', 'name': 'EUR TOPCS1600 ATOM Datasets Theme', 'multiplier': 2.0}]",fundamental65,Factor Ratios and its Rank Model,model,Model,model-estimates-models,Estimates Models
fnd65_allcap_sedol_inflation,"It is defined as the beta coefficient to Change in Inflation, which is estimated by a 60-month multiple regression of returns on several macroeconomic factors.","{'id': 'fundamental65', 'name': 'Factor Ratios and its Rank Model'}","{'id': 'model', 'name': 'Model'}","{'id': 'model-estimates-models', 'name': 'Estimates Models'}",EUR,1,TOPCS1600,MATRIX,1.0,0.8499,0,0,1.4,"[{'id': '7yd5mJB', 'name': 'EUR TOPCS1600 ATOM Datasets Theme', 'multiplier': 2.0}]",fundamental65,Factor Ratios and its Rank Model,model,Model,model-estimates-models,Estimates Models
fnd65_allcap_sedol_invast,It is defined as the current inventory level deflated by the total assets from most recent quarter.,"{'id': 'fundamental65', 'name': 'Factor Ratios and its Rank Model'}","{'id': 'model', 'name': 'Model'}","{'id': 'model-estimates-models', 'name': 'Estimates Models'}",EUR,1,TOPCS1600,MATRIX,1.0,0.6405,0,0,1.4,"[{'id': '7yd5mJB', 'name': 'EUR TOPCS1600 ATOM Datasets Theme', 'multiplier': 2.0}]",fundamental65,Factor Ratios and its Rank Model,model,Model,model-estimates-models,Estimates Models
fnd65_allcap_sedol_iqa,It is defined as the year-over-year change of 1 minus the ratio of current assets plus PP&E divided by total assets.,"{'id': 'fundamental65', 'name': 'Factor Ratios and its Rank Model'}","{'id': 'model', 'name': 'Model'}","{'id': 'model-estimates-models', 'name': 'Estimates Models'}",EUR,1,TOPCS1600,MATRIX,1.0,0.6901,0,0,1.4,"[{'id': '7yd5mJB', 'name': 'EUR TOPCS1600 ATOM Datasets Theme', 'multiplier': 2.0}]",fundamental65,Factor Ratios and its Rank Model,model,Model,model-estimates-models,Estimates Models
fnd65_allcap_sedol_irttmsalesev,It is defined as a stock's trailing 12 month sales-to-enterprise (SEV) value less the average of the SEVs of all stocks in the same industry deflated by the standard deviation of the SEVs of all stocks in the same relative universe.,"{'id': 'fundamental65', 'name': 'Factor Ratios and its Rank Model'}","{'id': 'model', 'name': 'Model'}","{'id': 'model-estimates-models', 'name': 'Estimates Models'}",EUR,1,TOPCS1600,MATRIX,1.0,0.8587,8,13,1.4,"[{'id': '7yd5mJB', 'name': 'EUR TOPCS1600 ATOM Datasets Theme', 'multiplier': 2.0}]",fundamental65,Factor Ratios and its Rank Model,model,Model,model-estimates-models,Estimates Models
fnd65_allcap_sedol_lagegp,"It is defined as the trailing 12-month earnings per share before extraordinary items times the change in yearly trailing 12-month sales per share growth rate, divided by the trading price.","{'id': 'fundamental65', 'name': 'Factor Ratios and its Rank Model'}","{'id': 'model', 'name': 'Model'}","{'id': 'model-estimates-models', 'name': 'Estimates Models'}",EUR,1,TOPCS1600,MATRIX,1.0,0.8497,0,0,1.4,"[{'id': '7yd5mJB', 'name': 'EUR TOPCS1600 ATOM Datasets Theme', 'multiplier': 2.0}]",fundamental65,Factor Ratios and its Rank Model,model,Model,model-estimates-models,Estimates Models
fnd65_allcap_sedol_lasales,It is defined as the annual aggregate sales for Latin America as reported by the company divided by total annual sales.,"{'id': 'fundamental65', 'name': 'Factor Ratios and its Rank Model'}","{'id': 'model', 'name': 'Model'}","{'id': 'model-estimates-models', 'name': 'Estimates Models'}",EUR,1,TOPCS1600,MATRIX,1.0,0.2526,0,0,1.4,"[{'id': '7yd5mJB', 'name': 'EUR TOPCS1600 ATOM Datasets Theme', 'multiplier': 2.0}]",fundamental65,Factor Ratios and its Rank Model,model,Model,model-estimates-models,Estimates Models
fnd65_allcap_sedol_lfd,It is defined as the sum of the trailing 12-month pretax income and the trailing 12-month interest expense divided by the trailing 12-month pretax income.,"{'id': 'fundamental65', 'name': 'Factor Ratios and its Rank Model'}","{'id': 'model', 'name': 'Model'}","{'id': 'model-estimates-models', 'name': 'Estimates Models'}",EUR,1,TOPCS1600,MATRIX,1.0,0.8556,0,0,1.4,"[{'id': '7yd5mJB', 'name': 'EUR TOPCS1600 ATOM Datasets Theme', 'multiplier': 2.0}]",fundamental65,Factor Ratios and its Rank Model,model,Model,model-estimates-models,Estimates Models
fnd65_allcap_sedol_liqcoeff,It is the slope of the regression between the monthly stock trading turnover ratio (X) and the contemporary monthly stock price returns (Y).,"{'id': 'fundamental65', 'name': 'Factor Ratios and its Rank Model'}","{'id': 'model', 'name': 'Model'}","{'id': 'model-estimates-models', 'name': 'Estimates Models'}",EUR,1,TOPCS1600,MATRIX,1.0,0.8491,0,0,1.4,"[{'id': '7yd5mJB', 'name': 'EUR TOPCS1600 ATOM Datasets Theme', 'multiplier': 2.0}]",fundamental65,Factor Ratios and its Rank Model,model,Model,model-estimates-models,Estimates Models
fnd65_allcap_sedol_lumqca,It is defined as the most recent quarterly reported invested capital divided by the trailing 12-month EBITDA.,"{'id': 'fundamental65', 'name': 'Factor Ratios and its Rank Model'}","{'id': 'model', 'name': 'Model'}","{'id': 'model-estimates-models', 'name': 'Estimates Models'}",EUR,1,TOPCS1600,MATRIX,1.0,0.7562,0,0,1.4,"[{'id': '7yd5mJB', 'name': 'EUR TOPCS1600 ATOM Datasets Theme', 'multiplier': 2.0}]",fundamental65,Factor Ratios and its Rank Model,model,Model,model-estimates-models,Estimates Models
fnd65_allcap_sedol_m42rav,It is defined as the minimum of a stock's monthly price return in the last 24-month period.,"{'id': 'fundamental65', 'name': 'Factor Ratios and its Rank Model'}","{'id': 'model', 'name': 'Model'}","{'id': 'model-estimates-models', 'name': 'Estimates Models'}",EUR,1,TOPCS1600,MATRIX,1.0,0.8328,0,0,1.4,"[{'id': '7yd5mJB', 'name': 'EUR TOPCS1600 ATOM Datasets Theme', 'multiplier': 2.0}]",fundamental65,Factor Ratios and its Rank Model,model,Model,model-estimates-models,Estimates Models
fnd65_allcap_sedol_m6dn2ntr,It is defined as the percent change in a stock's price from month t-12 to month t-7.,"{'id': 'fundamental65', 'name': 'Factor Ratios and its Rank Model'}","{'id': 'model', 'name': 'Model'}","{'id': 'model-estimates-models', 'name': 'Estimates Models'}",EUR,1,TOPCS1600,MATRIX,1.0,0.849,0,0,1.4,"[{'id': '7yd5mJB', 'name': 'EUR TOPCS1600 ATOM Datasets Theme', 'multiplier': 2.0}]",fundamental65,Factor Ratios and its Rank Model,model,Model,model-estimates-models,Estimates Models
fnd65_allcap_sedol_md,"It is defined as the financial distress model employed by Campbell, Hilscher, and Szilagyi (2008) and Chen and Zhang (2009).","{'id': 'fundamental65', 'name': 'Factor Ratios and its Rank Model'}","{'id': 'model', 'name': 'Model'}","{'id': 'model-estimates-models', 'name': 'Estimates Models'}",EUR,1,TOPCS1600,MATRIX,1.0,0.7552,0,0,1.4,"[{'id': '7yd5mJB', 'name': 'EUR TOPCS1600 ATOM Datasets Theme', 'multiplier': 2.0}]",fundamental65,Factor Ratios and its Rank Model,model,Model,model-estimates-models,Estimates Models
fnd65_allcap_sedol_milliq,It is defined as the monthly average of the daily absolute return to the daily dollar trading volume ratio.,"{'id': 'fundamental65', 'name': 'Factor Ratios and its Rank Model'}","{'id': 'model', 'name': 'Model'}","{'id': 'model-estimates-models', 'name': 'Estimates Models'}",EUR,1,TOPCS1600,MATRIX,1.0,0.8606,0,0,1.4,"[{'id': '7yd5mJB', 'name': 'EUR TOPCS1600 ATOM Datasets Theme', 'multiplier': 2.0}]",fundamental65,Factor Ratios and its Rank Model,model,Model,model-estimates-models,Estimates Models
fnd65_allcap_sedol_mktcappera,It is defined as a stock's current market cap divided by the number of analysts providing Fiscal Year 1 earnings estimates.,"{'id': 'fundamental65', 'name': 'Factor Ratios and its Rank Model'}","{'id': 'model', 'name': 'Model'}","{'id': 'model-estimates-models', 'name': 'Estimates Models'}",EUR,1,TOPCS1600,MATRIX,1.0,0.851,0,0,1.4,"[{'id': '7yd5mJB', 'name': 'EUR TOPCS1600 ATOM Datasets Theme', 'multiplier': 2.0}]",fundamental65,Factor Ratios and its Rank Model,model,Model,model-estimates-models,Estimates Models
fnd65_allcap_sedol_mktlev,It is defined as a stock's total market value plus the most recent reported quarterly book debt then divided by the market value.,"{'id': 'fundamental65', 'name': 'Factor Ratios and its Rank Model'}","{'id': 'model', 'name': 'Model'}","{'id': 'model-estimates-models', 'name': 'Estimates Models'}",EUR,1,TOPCS1600,MATRIX,1.0,0.8587,0,0,1.4,"[{'id': '7yd5mJB', 'name': 'EUR TOPCS1600 ATOM Datasets Theme', 'multiplier': 2.0}]",fundamental65,Factor Ratios and its Rank Model,model,Model,model-estimates-models,Estimates Models
fnd65_allcap_sedol_mpg,It is defined as the TTM (Sales-COGS)/ Sales.,"{'id': 'fundamental65', 'name': 'Factor Ratios and its Rank Model'}","{'id': 'model', 'name': 'Model'}","{'id': 'model-estimates-models', 'name': 'Estimates Models'}",EUR,1,TOPCS1600,MATRIX,1.0,0.7581,0,0,1.4,"[{'id': '7yd5mJB', 'name': 'EUR TOPCS1600 ATOM Datasets Theme', 'multiplier': 2.0}]",fundamental65,Factor Ratios and its Rank Model,model,Model,model-estimates-models,Estimates Models
fnd65_allcap_sedol_mpgghcy3_,It is defined as the most recent quarterly reported gross profit margin minus the margin for the same quarter three year ago. Gross profit margin =TTM (Sales-COGS)/ Sales.,"{'id': 'fundamental65', 'name': 'Factor Ratios and its Rank Model'}","{'id': 'model', 'name': 'Model'}","{'id': 'model-estimates-models', 'name': 'Estimates Models'}",EUR,1,TOPCS1600,MATRIX,1.0,0.7315,0,0,1.4,"[{'id': '7yd5mJB', 'name': 'EUR TOPCS1600 ATOM Datasets Theme', 'multiplier': 2.0}]",fundamental65,Factor Ratios and its Rank Model,model,Model,model-estimates-models,Estimates Models
fnd65_allcap_sedol_mpgy3gc,It is defined as the 3-year geometric growth rate of gross margins.,"{'id': 'fundamental65', 'name': 'Factor Ratios and its Rank Model'}","{'id': 'model', 'name': 'Model'}","{'id': 'model-estimates-models', 'name': 'Estimates Models'}",EUR,1,TOPCS1600,MATRIX,1.0,0.7315,0,0,1.4,"[{'id': '7yd5mJB', 'name': 'EUR TOPCS1600 ATOM Datasets Theme', 'multiplier': 2.0}]",fundamental65,Factor Ratios and its Rank Model,model,Model,model-estimates-models,Estimates Models
fnd65_allcap_sedol_mpn,It is defined as the most recently reported quarterly net income after tax divided by the corresponding quarterly sales.,"{'id': 'fundamental65', 'name': 'Factor Ratios and its Rank Model'}","{'id': 'model', 'name': 'Model'}","{'id': 'model-estimates-models', 'name': 'Estimates Models'}",EUR,1,TOPCS1600,MATRIX,1.0,0.8502,1,1,1.4,"[{'id': '7yd5mJB', 'name': 'EUR TOPCS1600 ATOM Datasets Theme', 'multiplier': 2.0}]",fundamental65,Factor Ratios and its Rank Model,model,Model,model-estimates-models,Estimates Models
fnd65_allcap_sedol_mpnghc,It is defined as the most recent quarterly net profit margin (NPM) minus the NPM 4 quarters ago. Net profit margin is net income divided by total sales.,"{'id': 'fundamental65', 'name': 'Factor Ratios and its Rank Model'}","{'id': 'model', 'name': 'Model'}","{'id': 'model-estimates-models', 'name': 'Estimates Models'}",EUR,1,TOPCS1600,MATRIX,1.0,0.8463,0,0,1.4,"[{'id': '7yd5mJB', 'name': 'EUR TOPCS1600 ATOM Datasets Theme', 'multiplier': 2.0}]",fundamental65,Factor Ratios and its Rank Model,model,Model,model-estimates-models,Estimates Models
fnd65_allcap_sedol_mpoghc,It is defined as the most recent quarterly operating profit margin minus that of 4 quarters ago. Operating profit margin is income from operations divided by total sales.,"{'id': 'fundamental65', 'name': 'Factor Ratios and its Rank Model'}","{'id': 'model', 'name': 'Model'}","{'id': 'model-estimates-models', 'name': 'Estimates Models'}",EUR,1,TOPCS1600,MATRIX,1.0,0.8397,0,0,1.4,"[{'id': '7yd5mJB', 'name': 'EUR TOPCS1600 ATOM Datasets Theme', 'multiplier': 2.0}]",fundamental65,Factor Ratios and its Rank Model,model,Model,model-estimates-models,Estimates Models
fnd65_allcap_sedol_mpoy3gc,It is defined as the 3 year geometric growth rate of operating profit margins. Where operating profit margin is defined as the most recently reported quarterly operating income divided by the corresponding quarterly sales.,"{'id': 'fundamental65', 'name': 'Factor Ratios and its Rank Model'}","{'id': 'model', 'name': 'Model'}","{'id': 'model-estimates-models', 'name': 'Estimates Models'}",EUR,1,TOPCS1600,MATRIX,1.0,0.83,0,0,1.4,"[{'id': '7yd5mJB', 'name': 'EUR TOPCS1600 ATOM Datasets Theme', 'multiplier': 2.0}]",fundamental65,Factor Ratios and its Rank Model,model,Model,model-estimates-models,Estimates Models
fnd65_allcap_sedol_mrspe_cf,"It is defined as the 3-month change in the median FY1 consensus earnings forecast, scaled by the current mean earnings estimate.","{'id': 'fundamental65', 'name': 'Factor Ratios and its Rank Model'}","{'id': 'model', 'name': 'Model'}","{'id': 'model-estimates-models', 'name': 'Estimates Models'}",EUR,1,TOPCS1600,MATRIX,1.0,0.7421,0,0,1.4,"[{'id': '7yd5mJB', 'name': 'EUR TOPCS1600 ATOM Datasets Theme', 'multiplier': 2.0}]",fundamental65,Factor Ratios and its Rank Model,model,Model,model-estimates-models,Estimates Models
fnd65_allcap_sedol_nasales,It is defined as the annual aggregate sales for North America as reported by the company divided by total annual sales.,"{'id': 'fundamental65', 'name': 'Factor Ratios and its Rank Model'}","{'id': 'model', 'name': 'Model'}","{'id': 'model-estimates-models', 'name': 'Estimates Models'}",EUR,1,TOPCS1600,MATRIX,1.0,0.4424,0,0,1.4,"[{'id': '7yd5mJB', 'name': 'EUR TOPCS1600 ATOM Datasets Theme', 'multiplier': 2.0}]",fundamental65,Factor Ratios and its Rank Model,model,Model,model-estimates-models,Estimates Models
fnd65_allcap_sedol_netcashp,It is defined as the most recently reported quarterly cash & equivalents less the long-term debt and current debt for a stock divided by its current market value.,"{'id': 'fundamental65', 'name': 'Factor Ratios and its Rank Model'}","{'id': 'model', 'name': 'Model'}","{'id': 'model-estimates-models', 'name': 'Estimates Models'}",EUR,1,TOPCS1600,MATRIX,1.0,0.7773,0,0,1.4,"[{'id': '7yd5mJB', 'name': 'EUR TOPCS1600 ATOM Datasets Theme', 'multiplier': 2.0}]",fundamental65,Factor Ratios and its Rank Model,model,Model,model-estimates-models,Estimates Models
fnd65_allcap_sedol_netdebt,"It is defined as the net debt divided by the sum of the net debt, preferred stock, and common stock, where net debt equals the long-term debt plus short-term debt minus cash & equivalents. All items are from the most recent quarter.","{'id': 'fundamental65', 'name': 'Factor Ratios and its Rank Model'}","{'id': 'model', 'name': 'Model'}","{'id': 'model-estimates-models', 'name': 'Estimates Models'}",EUR,1,TOPCS1600,MATRIX,1.0,0.8506,0,0,1.4,"[{'id': '7yd5mJB', 'name': 'EUR TOPCS1600 ATOM Datasets Theme', 'multiplier': 2.0}]",fundamental65,Factor Ratios and its Rank Model,model,Model,model-estimates-models,Estimates Models
fnd65_allcap_sedol_netdebtebitda,"It is defined as the net debt divided by EBITDA, where net debt equals the long-term debt plus short-term debt minus cash and equivalents.","{'id': 'fundamental65', 'name': 'Factor Ratios and its Rank Model'}","{'id': 'model', 'name': 'Model'}","{'id': 'model-estimates-models', 'name': 'Estimates Models'}",EUR,1,TOPCS1600,MATRIX,1.0,0.8232,0,0,1.4,"[{'id': '7yd5mJB', 'name': 'EUR TOPCS1600 ATOM Datasets Theme', 'multiplier': 2.0}]",fundamental65,Factor Ratios and its Rank Model,model,Model,model-estimates-models,Estimates Models
fnd65_allcap_sedol_nfaldebt,It is defined as the most recently reported net fixed assets divided by the total long-term debt.,"{'id': 'fundamental65', 'name': 'Factor Ratios and its Rank Model'}","{'id': 'model', 'name': 'Model'}","{'id': 'model-estimates-models', 'name': 'Estimates Models'}",EUR,1,TOPCS1600,MATRIX,1.0,0.8454,0,0,1.4,"[{'id': '7yd5mJB', 'name': 'EUR TOPCS1600 ATOM Datasets Theme', 'multiplier': 2.0}]",fundamental65,Factor Ratios and its Rank Model,model,Model,model-estimates-models,Estimates Models
fnd65_allcap_sedol_niper,It is defined as the income after taxes for the trailing 12 months divided by the number of employees at the end of the last reported fiscal year.,"{'id': 'fundamental65', 'name': 'Factor Ratios and its Rank Model'}","{'id': 'model', 'name': 'Model'}","{'id': 'model-estimates-models', 'name': 'Estimates Models'}",EUR,1,TOPCS1600,MATRIX,1.0,0.8473,0,0,1.4,"[{'id': '7yd5mJB', 'name': 'EUR TOPCS1600 ATOM Datasets Theme', 'multiplier': 2.0}]",fundamental65,Factor Ratios and its Rank Model,model,Model,model-estimates-models,Estimates Models
fnd65_allcap_sedol_nla_u,It is defined as the natural logarithm of the most recent quarterly reported total assets in USD.,"{'id': 'fundamental65', 'name': 'Factor Ratios and its Rank Model'}","{'id': 'model', 'name': 'Model'}","{'id': 'model-estimates-models', 'name': 'Estimates Models'}",EUR,1,TOPCS1600,MATRIX,1.0,0.8587,1,1,1.4,"[{'id': '7yd5mJB', 'name': 'EUR TOPCS1600 ATOM Datasets Theme', 'multiplier': 2.0}]",fundamental65,Factor Ratios and its Rank Model,model,Model,model-estimates-models,Estimates Models
fnd65_allcap_sedol_nlassets,It is defined as the natural logarithm of the most recent quarterly reported total assets.,"{'id': 'fundamental65', 'name': 'Factor Ratios and its Rank Model'}","{'id': 'model', 'name': 'Model'}","{'id': 'model-estimates-models', 'name': 'Estimates Models'}",EUR,1,TOPCS1600,MATRIX,1.0,0.8587,0,0,1.4,"[{'id': '7yd5mJB', 'name': 'EUR TOPCS1600 ATOM Datasets Theme', 'multiplier': 2.0}]",fundamental65,Factor Ratios and its Rank Model,model,Model,model-estimates-models,Estimates Models
fnd65_allcap_sedol_nlmc,It is defined as the natural logarithm of the cubic of a stock's total market value.,"{'id': 'fundamental65', 'name': 'Factor Ratios and its Rank Model'}","{'id': 'model', 'name': 'Model'}","{'id': 'model-estimates-models', 'name': 'Estimates Models'}",EUR,1,TOPCS1600,MATRIX,1.0,0.8606,2,4,1.4,"[{'id': '7yd5mJB', 'name': 'EUR TOPCS1600 ATOM Datasets Theme', 'multiplier': 2.0}]",fundamental65,Factor Ratios and its Rank Model,model,Model,model-estimates-models,Estimates Models
fnd65_allcap_sedol_nlmc_u,It is defined as the natural logarithm of the cubic of a stock's total market value in USD.,"{'id': 'fundamental65', 'name': 'Factor Ratios and its Rank Model'}","{'id': 'model', 'name': 'Model'}","{'id': 'model-estimates-models', 'name': 'Estimates Models'}",EUR,1,TOPCS1600,MATRIX,1.0,0.8606,2,2,1.4,"[{'id': '7yd5mJB', 'name': 'EUR TOPCS1600 ATOM Datasets Theme', 'multiplier': 2.0}]",fundamental65,Factor Ratios and its Rank Model,model,Model,model-estimates-models,Estimates Models
fnd65_allcap_sedol_nlprice,It is defined as the natural logarithm of the cubic of a stock's unadjusted closing price.,"{'id': 'fundamental65', 'name': 'Factor Ratios and its Rank Model'}","{'id': 'model', 'name': 'Model'}","{'id': 'model-estimates-models', 'name': 'Estimates Models'}",EUR,1,TOPCS1600,MATRIX,1.0,0.8606,0,0,1.4,"[{'id': '7yd5mJB', 'name': 'EUR TOPCS1600 ATOM Datasets Theme', 'multiplier': 2.0}]",fundamental65,Factor Ratios and its Rank Model,model,Model,model-estimates-models,Estimates Models
fnd65_allcap_sedol_nlprice_usd,It is defined as the natural logarithm of the cubic of a stock's unadjusted closing price in USD.,"{'id': 'fundamental65', 'name': 'Factor Ratios and its Rank Model'}","{'id': 'model', 'name': 'Model'}","{'id': 'model-estimates-models', 'name': 'Estimates Models'}",EUR,1,TOPCS1600,MATRIX,1.0,0.8606,0,0,1.4,"[{'id': '7yd5mJB', 'name': 'EUR TOPCS1600 ATOM Datasets Theme', 'multiplier': 2.0}]",fundamental65,Factor Ratios and its Rank Model,model,Model,model-estimates-models,Estimates Models
fnd65_allcap_sedol_nlsales,It is defined as the natural logarithm of the cubic of a company's trailing 12-month sales.,"{'id': 'fundamental65', 'name': 'Factor Ratios and its Rank Model'}","{'id': 'model', 'name': 'Model'}","{'id': 'model-estimates-models', 'name': 'Estimates Models'}",EUR,1,TOPCS1600,MATRIX,1.0,0.8521,0,0,1.4,"[{'id': '7yd5mJB', 'name': 'EUR TOPCS1600 ATOM Datasets Theme', 'multiplier': 2.0}]",fundamental65,Factor Ratios and its Rank Model,model,Model,model-estimates-models,Estimates Models
fnd65_allcap_sedol_nlsales_usd,It is defined as the natural logarithm of the cubic of a company's trailing 12-month sales in USD.,"{'id': 'fundamental65', 'name': 'Factor Ratios and its Rank Model'}","{'id': 'model', 'name': 'Model'}","{'id': 'model-estimates-models', 'name': 'Estimates Models'}",EUR,1,TOPCS1600,MATRIX,1.0,0.8521,0,0,1.4,"[{'id': '7yd5mJB', 'name': 'EUR TOPCS1600 ATOM Datasets Theme', 'multiplier': 2.0}]",fundamental65,Factor Ratios and its Rank Model,model,Model,model-estimates-models,Estimates Models
fnd65_allcap_sedol_nlvolcap,It is defined as the natural logarithm of the quotient of the trailing 12-month average of the monthly trading volume to the trailing 12-month average of monthly market capitalization.,"{'id': 'fundamental65', 'name': 'Factor Ratios and its Rank Model'}","{'id': 'model', 'name': 'Model'}","{'id': 'model-estimates-models', 'name': 'Estimates Models'}",EUR,1,TOPCS1600,MATRIX,1.0,0.8558,0,0,1.4,"[{'id': '7yd5mJB', 'name': 'EUR TOPCS1600 ATOM Datasets Theme', 'multiplier': 2.0}]",fundamental65,Factor Ratios and its Rank Model,model,Model,model-estimates-models,Estimates Models
fnd65_allcap_sedol_nnastp,It is defined as the current assets per share minus total liabilites per share divided by the price.,"{'id': 'fundamental65', 'name': 'Factor Ratios and its Rank Model'}","{'id': 'model', 'name': 'Model'}","{'id': 'model-estimates-models', 'name': 'Estimates Models'}",EUR,1,TOPCS1600,MATRIX,1.0,0.696,0,0,1.4,"[{'id': '7yd5mJB', 'name': 'EUR TOPCS1600 ATOM Datasets Theme', 'multiplier': 2.0}]",fundamental65,Factor Ratios and its Rank Model,model,Model,model-estimates-models,Estimates Models
fnd65_allcap_sedol_noato,"It is defined as trailing-12-month sales divided by the last 4-quarters average net operating assets, which equals short-term debt + long-term debt + preferred equity + common equity - cash.","{'id': 'fundamental65', 'name': 'Factor Ratios and its Rank Model'}","{'id': 'model', 'name': 'Model'}","{'id': 'model-estimates-models', 'name': 'Estimates Models'}",EUR,1,TOPCS1600,MATRIX,1.0,0.8521,1,1,1.4,"[{'id': '7yd5mJB', 'name': 'EUR TOPCS1600 ATOM Datasets Theme', 'multiplier': 2.0}]",fundamental65,Factor Ratios and its Rank Model,model,Model,model-estimates-models,Estimates Models
fnd65_allcap_sedol_nopatmargin,It is defined as: (Net Income + Interest Expense*(1-Effective Tax Rate))/Net Sales. All items are for the trailing 12-month. Effective tax rate equals income taxes for the trailing twelve months divided by the trailing twelve months' income before taxes.,"{'id': 'fundamental65', 'name': 'Factor Ratios and its Rank Model'}","{'id': 'model', 'name': 'Model'}","{'id': 'model-estimates-models', 'name': 'Estimates Models'}",EUR,1,TOPCS1600,MATRIX,1.0,0.8363,0,0,1.4,"[{'id': '7yd5mJB', 'name': 'EUR TOPCS1600 ATOM Datasets Theme', 'multiplier': 2.0}]",fundamental65,Factor Ratios and its Rank Model,model,Model,model-estimates-models,Estimates Models
fnd65_allcap_sedol_ntrm01ff,It is defined as the percent change in a stock's price from month t-12 to month t-2.,"{'id': 'fundamental65', 'name': 'Factor Ratios and its Rank Model'}","{'id': 'model', 'name': 'Model'}","{'id': 'model-estimates-models', 'name': 'Estimates Models'}",EUR,1,TOPCS1600,MATRIX,1.0,0.8491,0,0,1.4,"[{'id': '7yd5mJB', 'name': 'EUR TOPCS1600 ATOM Datasets Theme', 'multiplier': 2.0}]",fundamental65,Factor Ratios and its Rank Model,model,Model,model-estimates-models,Estimates Models
fnd65_allcap_sedol_numrevy2,"It is defined as the weighted average of the number of FY2 analyst earnings forecasts raised less the number lowered within a month, divided by the total number of analyst forecasts.","{'id': 'fundamental65', 'name': 'Factor Ratios and its Rank Model'}","{'id': 'model', 'name': 'Model'}","{'id': 'model-estimates-models', 'name': 'Estimates Models'}",EUR,1,TOPCS1600,MATRIX,1.0,0.8003,1,1,1.4,"[{'id': '7yd5mJB', 'name': 'EUR TOPCS1600 ATOM Datasets Theme', 'multiplier': 2.0}]",fundamental65,Factor Ratios and its Rank Model,model,Model,model-estimates-models,Estimates Models
fnd65_allcap_sedol_ocfast,It is defined as the trailing 12-month net cash flow from operations divided by the average total assets.,"{'id': 'fundamental65', 'name': 'Factor Ratios and its Rank Model'}","{'id': 'model', 'name': 'Model'}","{'id': 'model-estimates-models', 'name': 'Estimates Models'}",EUR,1,TOPCS1600,MATRIX,1.0,0.8568,5,6,1.4,"[{'id': '7yd5mJB', 'name': 'EUR TOPCS1600 ATOM Datasets Theme', 'multiplier': 2.0}]",fundamental65,Factor Ratios and its Rank Model,model,Model,model-estimates-models,Estimates Models
fnd65_allcap_sedol_ocfmargin,It is defined as the trailing 12-month cash flow from operations scaled by the trailing 12-month sales.,"{'id': 'fundamental65', 'name': 'Factor Ratios and its Rank Model'}","{'id': 'model', 'name': 'Model'}","{'id': 'model-estimates-models', 'name': 'Estimates Models'}",EUR,1,TOPCS1600,MATRIX,1.0,0.8502,3,3,1.4,"[{'id': '7yd5mJB', 'name': 'EUR TOPCS1600 ATOM Datasets Theme', 'multiplier': 2.0}]",fundamental65,Factor Ratios and its Rank Model,model,Model,model-estimates-models,Estimates Models
fnd65_allcap_sedol_ocfratio,It is defined as a stock's most recently reported quarterly cash flow from operations divided by its current liabilities.,"{'id': 'fundamental65', 'name': 'Factor Ratios and its Rank Model'}","{'id': 'model', 'name': 'Model'}","{'id': 'model-estimates-models', 'name': 'Estimates Models'}",EUR,1,TOPCS1600,MATRIX,1.0,0.696,5,5,1.4,"[{'id': '7yd5mJB', 'name': 'EUR TOPCS1600 ATOM Datasets Theme', 'multiplier': 2.0}]",fundamental65,Factor Ratios and its Rank Model,model,Model,model-estimates-models,Estimates Models
fnd65_allcap_sedol_ocfroi,"It is defined as the trailing 12-month operating cash flow divided by the average invested capital in the same period. Invested capital equals the sum of common equity,long-term debt,minority interest and preferred stock.","{'id': 'fundamental65', 'name': 'Factor Ratios and its Rank Model'}","{'id': 'model', 'name': 'Model'}","{'id': 'model-estimates-models', 'name': 'Estimates Models'}",EUR,1,TOPCS1600,MATRIX,1.0,0.8545,3,3,1.4,"[{'id': '7yd5mJB', 'name': 'EUR TOPCS1600 ATOM Datasets Theme', 'multiplier': 2.0}]",fundamental65,Factor Ratios and its Rank Model,model,Model,model-estimates-models,Estimates Models
fnd65_allcap_sedol_ohlsonscore,"It is a model assessing a company's probability of bankruptcy by considering firm size,capital structure, financial performance, and liquidity. It is derived from Ohlson (1980).","{'id': 'fundamental65', 'name': 'Factor Ratios and its Rank Model'}","{'id': 'model', 'name': 'Model'}","{'id': 'model-estimates-models', 'name': 'Estimates Models'}",EUR,1,TOPCS1600,MATRIX,1.0,0.69,0,0,1.4,"[{'id': '7yd5mJB', 'name': 'EUR TOPCS1600 ATOM Datasets Theme', 'multiplier': 2.0}]",fundamental65,Factor Ratios and its Rank Model,model,Model,model-estimates-models,Estimates Models
fnd65_allcap_sedol_oilprice,"It is defined as the beta coefficient to Change in Oil Prices, which is estimated by a 60 month multiple regression of returns on several macroeconomic factors.","{'id': 'fundamental65', 'name': 'Factor Ratios and its Rank Model'}","{'id': 'model', 'name': 'Model'}","{'id': 'model-estimates-models', 'name': 'Estimates Models'}",EUR,1,TOPCS1600,MATRIX,1.0,0.8499,1,1,1.4,"[{'id': '7yd5mJB', 'name': 'EUR TOPCS1600 ATOM Datasets Theme', 'multiplier': 2.0}]",fundamental65,Factor Ratios and its Rank Model,model,Model,model-estimates-models,Estimates Models
fnd65_allcap_sedol_ollev,It is defined as 1 minus the ratio of (short-term debt + long-term debt + common equity + preferred equity - cash) to (total assets - cash) in the current quarter.,"{'id': 'fundamental65', 'name': 'Factor Ratios and its Rank Model'}","{'id': 'model', 'name': 'Model'}","{'id': 'model-estimates-models', 'name': 'Estimates Models'}",EUR,1,TOPCS1600,MATRIX,1.0,0.8587,0,0,1.4,"[{'id': '7yd5mJB', 'name': 'EUR TOPCS1600 ATOM Datasets Theme', 'multiplier': 2.0}]",fundamental65,Factor Ratios and its Rank Model,model,Model,model-estimates-models,Estimates Models
fnd65_allcap_sedol_opincltd,It is defined as the difference between the yearly percent change in operating income and the yearly percent change in long-term debt.,"{'id': 'fundamental65', 'name': 'Factor Ratios and its Rank Model'}","{'id': 'model', 'name': 'Model'}","{'id': 'model-estimates-models', 'name': 'Estimates Models'}",EUR,1,TOPCS1600,MATRIX,1.0,0.7875,0,0,1.4,"[{'id': '7yd5mJB', 'name': 'EUR TOPCS1600 ATOM Datasets Theme', 'multiplier': 2.0}]",fundamental65,Factor Ratios and its Rank Model,model,Model,model-estimates-models,Estimates Models
fnd65_allcap_sedol_oplev,It is defined as the percent change in the trailing 12-month operating income from previous quarter divided by the percent change in trailing 12-month sales from previous quarter.,"{'id': 'fundamental65', 'name': 'Factor Ratios and its Rank Model'}","{'id': 'model', 'name': 'Model'}","{'id': 'model-estimates-models', 'name': 'Estimates Models'}",EUR,1,TOPCS1600,MATRIX,1.0,0.786,0,0,1.4,"[{'id': '7yd5mJB', 'name': 'EUR TOPCS1600 ATOM Datasets Theme', 'multiplier': 2.0}]",fundamental65,Factor Ratios and its Rank Model,model,Model,model-estimates-models,Estimates Models
fnd65_allcap_sedol_otvni,It is defined as the trailing 12-month cost of goods sold divided by the average inventory in the same period.,"{'id': 'fundamental65', 'name': 'Factor Ratios and its Rank Model'}","{'id': 'model', 'name': 'Model'}","{'id': 'model-estimates-models', 'name': 'Estimates Models'}",EUR,1,TOPCS1600,MATRIX,1.0,0.6441,0,0,1.4,"[{'id': '7yd5mJB', 'name': 'EUR TOPCS1600 ATOM Datasets Theme', 'multiplier': 2.0}]",fundamental65,Factor Ratios and its Rank Model,model,Model,model-estimates-models,Estimates Models
fnd65_allcap_sedol_p50_200ratio,It is defined as the moving average of a stock's prices in last 50 days divided by the moving average of its prices in last 200 days.,"{'id': 'fundamental65', 'name': 'Factor Ratios and its Rank Model'}","{'id': 'model', 'name': 'Model'}","{'id': 'model-estimates-models', 'name': 'Estimates Models'}",EUR,1,TOPCS1600,MATRIX,1.0,0.8499,0,0,1.4,"[{'id': '7yd5mJB', 'name': 'EUR TOPCS1600 ATOM Datasets Theme', 'multiplier': 2.0}]",fundamental65,Factor Ratios and its Rank Model,model,Model,model-estimates-models,Estimates Models
fnd65_allcap_sedol_past,It is defined as a stock's trading price divided by the most recent quarterly reported total assets per share.,"{'id': 'fundamental65', 'name': 'Factor Ratios and its Rank Model'}","{'id': 'model', 'name': 'Model'}","{'id': 'model-estimates-models', 'name': 'Estimates Models'}",EUR,1,TOPCS1600,MATRIX,1.0,0.8587,0,0,1.4,"[{'id': '7yd5mJB', 'name': 'EUR TOPCS1600 ATOM Datasets Theme', 'multiplier': 2.0}]",fundamental65,Factor Ratios and its Rank Model,model,Model,model-estimates-models,Estimates Models
fnd65_allcap_sedol_pau,It is defined as the difference between current accounts payable and the expected level of accounts payable (multiplying the prior year's closing account balance by the growth in costs of goods sold in the trailing 12-months) scaled by the total assets.,"{'id': 'fundamental65', 'name': 'Factor Ratios and its Rank Model'}","{'id': 'model', 'name': 'Model'}","{'id': 'model-estimates-models', 'name': 'Estimates Models'}",EUR,1,TOPCS1600,MATRIX,1.0,0.6736,0,0,1.4,"[{'id': '7yd5mJB', 'name': 'EUR TOPCS1600 ATOM Datasets Theme', 'multiplier': 2.0}]",fundamental65,Factor Ratios and its Rank Model,model,Model,model-estimates-models,Estimates Models
fnd65_allcap_sedol_pb,It is defined as the most recently reported book value per share for a stock deflated by its trading price.,"{'id': 'fundamental65', 'name': 'Factor Ratios and its Rank Model'}","{'id': 'model', 'name': 'Model'}","{'id': 'model-estimates-models', 'name': 'Estimates Models'}",EUR,1,TOPCS1600,MATRIX,1.0,0.8587,0,0,1.4,"[{'id': '7yd5mJB', 'name': 'EUR TOPCS1600 ATOM Datasets Theme', 'multiplier': 2.0}]",fundamental65,Factor Ratios and its Rank Model,model,Model,model-estimates-models,Estimates Models
fnd65_allcap_sedol_pbdwf,It is defined as the average quarterly forward-looking book value per share divided by close price.,"{'id': 'fundamental65', 'name': 'Factor Ratios and its Rank Model'}","{'id': 'model', 'name': 'Model'}","{'id': 'model-estimates-models', 'name': 'Estimates Models'}",EUR,1,TOPCS1600,MATRIX,1.0,0.8323,1,1,1.4,"[{'id': '7yd5mJB', 'name': 'EUR TOPCS1600 ATOM Datasets Theme', 'multiplier': 2.0}]",fundamental65,Factor Ratios and its Rank Model,model,Model,model-estimates-models,Estimates Models
fnd65_allcap_sedol_pbroeresidual,"An adjustment to the classic price-to-book model incorporating firm growth, based on a variation of the model developed by Wilcox and Philips (2005).","{'id': 'fundamental65', 'name': 'Factor Ratios and its Rank Model'}","{'id': 'model', 'name': 'Model'}","{'id': 'model-estimates-models', 'name': 'Estimates Models'}",EUR,1,TOPCS1600,MATRIX,1.0,0.6805,0,0,1.4,"[{'id': '7yd5mJB', 'name': 'EUR TOPCS1600 ATOM Datasets Theme', 'multiplier': 2.0}]",fundamental65,Factor Ratios and its Rank Model,model,Model,model-estimates-models,Estimates Models
fnd65_allcap_sedol_pbwt,It is defined as the time-weighted average of book value per share estimates in fiscal year 1 and fiscal year 2 divided by close price,"{'id': 'fundamental65', 'name': 'Factor Ratios and its Rank Model'}","{'id': 'model', 'name': 'Model'}","{'id': 'model-estimates-models', 'name': 'Estimates Models'}",EUR,1,TOPCS1600,MATRIX,1.0,0.8308,0,0,1.4,"[{'id': '7yd5mJB', 'name': 'EUR TOPCS1600 ATOM Datasets Theme', 'multiplier': 2.0}]",fundamental65,Factor Ratios and its Rank Model,model,Model,model-estimates-models,Estimates Models
fnd65_allcap_sedol_pca,It is defined as the average of the trailing 12-month reported accounts receivable multiplied by 365 and then divided by the trailing 12-month sales.,"{'id': 'fundamental65', 'name': 'Factor Ratios and its Rank Model'}","{'id': 'model', 'name': 'Model'}","{'id': 'model-estimates-models', 'name': 'Estimates Models'}",EUR,1,TOPCS1600,MATRIX,1.0,0.7721,0,0,1.4,"[{'id': '7yd5mJB', 'name': 'EUR TOPCS1600 ATOM Datasets Theme', 'multiplier': 2.0}]",fundamental65,Factor Ratios and its Rank Model,model,Model,model-estimates-models,Estimates Models
fnd65_allcap_sedol_pcdwf,It is defined as the average quarterly forward-looking cash flows per share divided by close price.,"{'id': 'fundamental65', 'name': 'Factor Ratios and its Rank Model'}","{'id': 'model', 'name': 'Model'}","{'id': 'model-estimates-models', 'name': 'Estimates Models'}",EUR,1,TOPCS1600,MATRIX,1.0,0.7952,0,0,1.4,"[{'id': '7yd5mJB', 'name': 'EUR TOPCS1600 ATOM Datasets Theme', 'multiplier': 2.0}]",fundamental65,Factor Ratios and its Rank Model,model,Model,model-estimates-models,Estimates Models
fnd65_allcap_sedol_pctabv260low,It is defined as a stock's current closing price divided by its lowest daily low price in last 260 trading days.,"{'id': 'fundamental65', 'name': 'Factor Ratios and its Rank Model'}","{'id': 'model', 'name': 'Model'}","{'id': 'model-estimates-models', 'name': 'Estimates Models'}",EUR,1,TOPCS1600,MATRIX,1.0,0.8605,2,4,1.4,"[{'id': '7yd5mJB', 'name': 'EUR TOPCS1600 ATOM Datasets Theme', 'multiplier': 2.0}]",fundamental65,Factor Ratios and its Rank Model,model,Model,model-estimates-models,Estimates Models
fnd65_allcap_sedol_pctchg3ycf,It is defined as the percent change in a stock's most recent trailing 12-month cash flow per share (CF) as compared to its CF 12 quarters ago.,"{'id': 'fundamental65', 'name': 'Factor Ratios and its Rank Model'}","{'id': 'model', 'name': 'Model'}","{'id': 'model-estimates-models', 'name': 'Estimates Models'}",EUR,1,TOPCS1600,MATRIX,1.0,0.8228,0,0,1.4,"[{'id': '7yd5mJB', 'name': 'EUR TOPCS1600 ATOM Datasets Theme', 'multiplier': 2.0}]",fundamental65,Factor Ratios and its Rank Model,model,Model,model-estimates-models,Estimates Models
fnd65_allcap_sedol_pctchg3yeps,It is defined as the percent change in a stock's most recent trailing 12-month earnings per share (EPS) as compared to its EPS 12 quarters ago.,"{'id': 'fundamental65', 'name': 'Factor Ratios and its Rank Model'}","{'id': 'model', 'name': 'Model'}","{'id': 'model-estimates-models', 'name': 'Estimates Models'}",EUR,1,TOPCS1600,MATRIX,1.0,0.8298,0,0,1.4,"[{'id': '7yd5mJB', 'name': 'EUR TOPCS1600 ATOM Datasets Theme', 'multiplier': 2.0}]",fundamental65,Factor Ratios and its Rank Model,model,Model,model-estimates-models,Estimates Models
fnd65_allcap_sedol_pctchg3yfcf,It is defined as the percent change in a stock's most recent trailing 12-month free cash flow per share (FCF) as compared to its FCF 12 quarters ago.,"{'id': 'fundamental65', 'name': 'Factor Ratios and its Rank Model'}","{'id': 'model', 'name': 'Model'}","{'id': 'model-estimates-models', 'name': 'Estimates Models'}",EUR,1,TOPCS1600,MATRIX,1.0,0.801,0,0,1.4,"[{'id': '7yd5mJB', 'name': 'EUR TOPCS1600 ATOM Datasets Theme', 'multiplier': 2.0}]",fundamental65,Factor Ratios and its Rank Model,model,Model,model-estimates-models,Estimates Models
fnd65_allcap_sedol_pctchg3yocf,It is defined as the percent change in a stock's most recent trailing 12-month operating cash flow per share (OCF) as compared to its OCF 12 quarters ago.,"{'id': 'fundamental65', 'name': 'Factor Ratios and its Rank Model'}","{'id': 'model', 'name': 'Model'}","{'id': 'model-estimates-models', 'name': 'Estimates Models'}",EUR,1,TOPCS1600,MATRIX,1.0,0.8265,0,0,1.4,"[{'id': '7yd5mJB', 'name': 'EUR TOPCS1600 ATOM Datasets Theme', 'multiplier': 2.0}]",fundamental65,Factor Ratios and its Rank Model,model,Model,model-estimates-models,Estimates Models
fnd65_allcap_sedol_pctchgastto,It is defined as the percentage change in the most recent asset turnover ratio compared to that of 4 quarters ago. Asset turnover ratio is the trailing 12-month sales divided by the average total assets in the same period.,"{'id': 'fundamental65', 'name': 'Factor Ratios and its Rank Model'}","{'id': 'model', 'name': 'Model'}","{'id': 'model-estimates-models', 'name': 'Estimates Models'}",EUR,1,TOPCS1600,MATRIX,1.0,0.8497,0,0,1.4,"[{'id': '7yd5mJB', 'name': 'EUR TOPCS1600 ATOM Datasets Theme', 'multiplier': 2.0}]",fundamental65,Factor Ratios and its Rank Model,model,Model,model-estimates-models,Estimates Models
fnd65_allcap_sedol_pctchgcf,It is defined as the percent change in a stock's most recent trailing 12-month cash flow per share (CF) as compared to the CF 4 quarters ago.,"{'id': 'fundamental65', 'name': 'Factor Ratios and its Rank Model'}","{'id': 'model', 'name': 'Model'}","{'id': 'model-estimates-models', 'name': 'Estimates Models'}",EUR,1,TOPCS1600,MATRIX,1.0,0.83,0,0,1.4,"[{'id': '7yd5mJB', 'name': 'EUR TOPCS1600 ATOM Datasets Theme', 'multiplier': 2.0}]",fundamental65,Factor Ratios and its Rank Model,model,Model,model-estimates-models,Estimates Models
fnd65_allcap_sedol_pctchgeps,It is defined as the percent change in a stock's most recent trailing 12-month earnings per share before extra items (EPS) as compared to the EPS 4 quarters ago.,"{'id': 'fundamental65', 'name': 'Factor Ratios and its Rank Model'}","{'id': 'model', 'name': 'Model'}","{'id': 'model-estimates-models', 'name': 'Estimates Models'}",EUR,1,TOPCS1600,MATRIX,1.0,0.8208,0,0,1.4,"[{'id': '7yd5mJB', 'name': 'EUR TOPCS1600 ATOM Datasets Theme', 'multiplier': 2.0}]",fundamental65,Factor Ratios and its Rank Model,model,Model,model-estimates-models,Estimates Models
fnd65_allcap_sedol_pctchgfcf,It is defined as the percent change in a stock's most recent trailing 12-month free cash flow per share (FCF) as compared to the FCF 4 quarters ago.,"{'id': 'fundamental65', 'name': 'Factor Ratios and its Rank Model'}","{'id': 'model', 'name': 'Model'}","{'id': 'model-estimates-models', 'name': 'Estimates Models'}",EUR,1,TOPCS1600,MATRIX,1.0,0.8083,0,0,1.4,"[{'id': '7yd5mJB', 'name': 'EUR TOPCS1600 ATOM Datasets Theme', 'multiplier': 2.0}]",fundamental65,Factor Ratios and its Rank Model,model,Model,model-estimates-models,Estimates Models
fnd65_allcap_sedol_pctchgocf,It is defined as the percent change of a stock's most recent trailing 12-month operating cash flow per share (OCF) as compared to the OCF 4 quarters ago.,"{'id': 'fundamental65', 'name': 'Factor Ratios and its Rank Model'}","{'id': 'model', 'name': 'Model'}","{'id': 'model-estimates-models', 'name': 'Estimates Models'}",EUR,1,TOPCS1600,MATRIX,1.0,0.8273,0,0,1.4,"[{'id': '7yd5mJB', 'name': 'EUR TOPCS1600 ATOM Datasets Theme', 'multiplier': 2.0}]",fundamental65,Factor Ratios and its Rank Model,model,Model,model-estimates-models,Estimates Models
fnd65_allcap_sedol_pctchgqtrast,It is defined as the growth in the most recently reported quarterly total assets per share as compared to that of four quarters ago.,"{'id': 'fundamental65', 'name': 'Factor Ratios and its Rank Model'}","{'id': 'model', 'name': 'Model'}","{'id': 'model-estimates-models', 'name': 'Estimates Models'}",EUR,1,TOPCS1600,MATRIX,1.0,0.858,0,0,1.4,"[{'id': '7yd5mJB', 'name': 'EUR TOPCS1600 ATOM Datasets Theme', 'multiplier': 2.0}]",fundamental65,Factor Ratios and its Rank Model,model,Model,model-estimates-models,Estimates Models
fnd65_allcap_sedol_pctchgqtrsales,It is defined as the growth in the most recently reported quarterly sales per share as compared to 4 quarters ago.,"{'id': 'fundamental65', 'name': 'Factor Ratios and its Rank Model'}","{'id': 'model', 'name': 'Model'}","{'id': 'model-estimates-models', 'name': 'Estimates Models'}",EUR,1,TOPCS1600,MATRIX,1.0,0.849,0,0,1.4,"[{'id': '7yd5mJB', 'name': 'EUR TOPCS1600 ATOM Datasets Theme', 'multiplier': 2.0}]",fundamental65,Factor Ratios and its Rank Model,model,Model,model-estimates-models,Estimates Models
fnd65_allcap_sedol_pcurlia,It is defined as a stock's most recently reported quarterly current liabilities per share divided by its closing price.,"{'id': 'fundamental65', 'name': 'Factor Ratios and its Rank Model'}","{'id': 'model', 'name': 'Model'}","{'id': 'model-estimates-models', 'name': 'Estimates Models'}",EUR,1,TOPCS1600,MATRIX,1.0,0.6976,0,0,1.4,"[{'id': '7yd5mJB', 'name': 'EUR TOPCS1600 ATOM Datasets Theme', 'multiplier': 2.0}]",fundamental65,Factor Ratios and its Rank Model,model,Model,model-estimates-models,Estimates Models
fnd65_allcap_sedol_pcwt,It is defined as the time-weighted average of cash flows per share estimates in fiscal year 1 and fiscal year 2 divided by close price.,"{'id': 'fundamental65', 'name': 'Factor Ratios and its Rank Model'}","{'id': 'model', 'name': 'Model'}","{'id': 'model-estimates-models', 'name': 'Estimates Models'}",EUR,1,TOPCS1600,MATRIX,1.0,0.7952,0,0,1.4,"[{'id': '7yd5mJB', 'name': 'EUR TOPCS1600 ATOM Datasets Theme', 'multiplier': 2.0}]",fundamental65,Factor Ratios and its Rank Model,model,Model,model-estimates-models,Estimates Models
fnd65_allcap_sedol_pd09erpvc,It is defined as the coefficient of variation of the last 20 days of daily trading volume divided by the coefficient of variation of closing prices for the same time period.,"{'id': 'fundamental65', 'name': 'Factor Ratios and its Rank Model'}","{'id': 'model', 'name': 'Model'}","{'id': 'model-estimates-models', 'name': 'Estimates Models'}",EUR,1,TOPCS1600,MATRIX,1.0,0.8576,0,0,1.4,"[{'id': '7yd5mJB', 'name': 'EUR TOPCS1600 ATOM Datasets Theme', 'multiplier': 2.0}]",fundamental65,Factor Ratios and its Rank Model,model,Model,model-estimates-models,Estimates Models
fnd65_allcap_sedol_pe_wt,This factor uses a time-weighted combination of FY1 and FY2 earnings estimates to create a twelve-month forward earnings forecast. This earnings factor is a unique compliment to the wide variety of earnings-related metrics available to determine a company's fair value.,"{'id': 'fundamental65', 'name': 'Factor Ratios and its Rank Model'}","{'id': 'model', 'name': 'Model'}","{'id': 'model-estimates-models', 'name': 'Estimates Models'}",EUR,1,TOPCS1600,MATRIX,1.0,0.851,0,0,1.4,"[{'id': '7yd5mJB', 'name': 'EUR TOPCS1600 ATOM Datasets Theme', 'multiplier': 2.0}]",fundamental65,Factor Ratios and its Rank Model,model,Model,model-estimates-models,Estimates Models
fnd65_allcap_sedol_pedu,It is defined as the difference between the trailing 12-month depreciation expenses and the expected level of depreciation expenses (multiplying the prior year's closing account balance by the growth in total fixed assets) scaled by the total assets.,"{'id': 'fundamental65', 'name': 'Factor Ratios and its Rank Model'}","{'id': 'model', 'name': 'Model'}","{'id': 'model-estimates-models', 'name': 'Estimates Models'}",EUR,1,TOPCS1600,MATRIX,1.0,0.8501,1,1,1.4,"[{'id': '7yd5mJB', 'name': 'EUR TOPCS1600 ATOM Datasets Theme', 'multiplier': 2.0}]",fundamental65,Factor Ratios and its Rank Model,model,Model,model-estimates-models,Estimates Models
fnd65_allcap_sedol_pedwf_cf,It is defined as the next 4 quarters' mean consensus earnings estimate divided by the price.,"{'id': 'fundamental65', 'name': 'Factor Ratios and its Rank Model'}","{'id': 'model', 'name': 'Model'}","{'id': 'model-estimates-models', 'name': 'Estimates Models'}",EUR,1,TOPCS1600,MATRIX,1.0,0.851,0,0,1.4,"[{'id': '7yd5mJB', 'name': 'EUR TOPCS1600 ATOM Datasets Theme', 'multiplier': 2.0}]",fundamental65,Factor Ratios and its Rank Model,model,Model,model-estimates-models,Estimates Models
fnd65_allcap_sedol_pelh_cf,"It is defined as the sum of the 3-month change in the highest and lowest FY1 earnings estimate, scaled by month-end trading price.","{'id': 'fundamental65', 'name': 'Factor Ratios and its Rank Model'}","{'id': 'model', 'name': 'Model'}","{'id': 'model-estimates-models', 'name': 'Estimates Models'}",EUR,1,TOPCS1600,MATRIX,1.0,0.8394,1,1,1.4,"[{'id': '7yd5mJB', 'name': 'EUR TOPCS1600 ATOM Datasets Theme', 'multiplier': 2.0}]",fundamental65,Factor Ratios and its Rank Model,model,Model,model-estimates-models,Estimates Models
fnd65_allcap_sedol_perg,"It is defined as the stock price divided by the leading 12-month consensus earnings forecast, scaled by the average long-term growth rate estimate, and multiplied by the stock's 36-month beta.","{'id': 'fundamental65', 'name': 'Factor Ratios and its Rank Model'}","{'id': 'model', 'name': 'Model'}","{'id': 'model-estimates-models', 'name': 'Estimates Models'}",EUR,1,TOPCS1600,MATRIX,1.0,0.6899,0,0,1.4,"[{'id': '7yd5mJB', 'name': 'EUR TOPCS1600 ATOM Datasets Theme', 'multiplier': 2.0}]",fundamental65,Factor Ratios and its Rank Model,model,Model,model-estimates-models,Estimates Models
fnd65_allcap_sedol_pfcf_cf,"It is defined as the next 4 quarters' mean consensus earnings estimate plus trailing 12-month depreciation expense per share minus corresponding capital expenditures, divided by trading price.","{'id': 'fundamental65', 'name': 'Factor Ratios and its Rank Model'}","{'id': 'model', 'name': 'Model'}","{'id': 'model-estimates-models', 'name': 'Estimates Models'}",EUR,1,TOPCS1600,MATRIX,1.0,0.8442,1,1,1.4,"[{'id': '7yd5mJB', 'name': 'EUR TOPCS1600 ATOM Datasets Theme', 'multiplier': 2.0}]",fundamental65,Factor Ratios and its Rank Model,model,Model,model-estimates-models,Estimates Models
fnd65_allcap_sedol_pfcfghc,It is defined as the difference between the trailing 12-month free cash flow per share and that of 4 quarters ago for a stock divided by its trading price.,"{'id': 'fundamental65', 'name': 'Factor Ratios and its Rank Model'}","{'id': 'model', 'name': 'Model'}","{'id': 'model-estimates-models', 'name': 'Estimates Models'}",EUR,1,TOPCS1600,MATRIX,1.0,0.8544,0,0,1.4,"[{'id': '7yd5mJB', 'name': 'EUR TOPCS1600 ATOM Datasets Theme', 'multiplier': 2.0}]",fundamental65,Factor Ratios and its Rank Model,model,Model,model-estimates-models,Estimates Models
fnd65_allcap_sedol_pfcfmtt,It is defined as the trailing 12-month free cash flow per share for a stock divided by its trading price. Free cash flow equals operating cash flow minus capital expenditures and cash dividends.,"{'id': 'fundamental65', 'name': 'Factor Ratios and its Rank Model'}","{'id': 'model', 'name': 'Model'}","{'id': 'model-estimates-models', 'name': 'Estimates Models'}",EUR,1,TOPCS1600,MATRIX,1.0,0.8567,3,3,1.4,"[{'id': '7yd5mJB', 'name': 'EUR TOPCS1600 ATOM Datasets Theme', 'multiplier': 2.0}]",fundamental65,Factor Ratios and its Rank Model,model,Model,model-estimates-models,Estimates Models
fnd65_allcap_sedol_pfcfy3ghc,It is defined as the difference between the most recently reported trailing 12-month free cash flow per share and that of 12-quarters ago for a stock divided by its trading price.,"{'id': 'fundamental65', 'name': 'Factor Ratios and its Rank Model'}","{'id': 'model', 'name': 'Model'}","{'id': 'model-estimates-models', 'name': 'Estimates Models'}",EUR,1,TOPCS1600,MATRIX,1.0,0.8435,0,0,1.4,"[{'id': '7yd5mJB', 'name': 'EUR TOPCS1600 ATOM Datasets Theme', 'multiplier': 2.0}]",fundamental65,Factor Ratios and its Rank Model,model,Model,model-estimates-models,Estimates Models
fnd65_allcap_sedol_pfcghc,It is defined as the difference between the trailing 12-month cash flow per share and that of 12 quarters ago for a stock divided by its trading price.,"{'id': 'fundamental65', 'name': 'Factor Ratios and its Rank Model'}","{'id': 'model', 'name': 'Model'}","{'id': 'model-estimates-models', 'name': 'Estimates Models'}",EUR,1,TOPCS1600,MATRIX,1.0,0.8516,1,1,1.4,"[{'id': '7yd5mJB', 'name': 'EUR TOPCS1600 ATOM Datasets Theme', 'multiplier': 2.0}]",fundamental65,Factor Ratios and its Rank Model,model,Model,model-estimates-models,Estimates Models
fnd65_allcap_sedol_pfcmtt,It is defined as the trailing 12-month cash flows per share for a stock scaled by its trading price. Cash flow is defined as the reported net income plus depreciation.,"{'id': 'fundamental65', 'name': 'Factor Ratios and its Rank Model'}","{'id': 'model', 'name': 'Model'}","{'id': 'model-estimates-models', 'name': 'Estimates Models'}",EUR,1,TOPCS1600,MATRIX,1.0,0.8547,0,0,1.4,"[{'id': '7yd5mJB', 'name': 'EUR TOPCS1600 ATOM Datasets Theme', 'multiplier': 2.0}]",fundamental65,Factor Ratios and its Rank Model,model,Model,model-estimates-models,Estimates Models
fnd65_allcap_sedol_pfcoghc,It is defined as the difference between the most recently reported trailing 12-month operating cash flow per share and that of 4 quarters ago for a stock divided by its trading price.,"{'id': 'fundamental65', 'name': 'Factor Ratios and its Rank Model'}","{'id': 'model', 'name': 'Model'}","{'id': 'model-estimates-models', 'name': 'Estimates Models'}",EUR,1,TOPCS1600,MATRIX,1.0,0.8553,0,0,1.4,"[{'id': '7yd5mJB', 'name': 'EUR TOPCS1600 ATOM Datasets Theme', 'multiplier': 2.0}]",fundamental65,Factor Ratios and its Rank Model,model,Model,model-estimates-models,Estimates Models
fnd65_allcap_sedol_pfcomtt,It is defined as the trailing 12-month operating cash flow per share for a stock divided by its trading price.,"{'id': 'fundamental65', 'name': 'Factor Ratios and its Rank Model'}","{'id': 'model', 'name': 'Model'}","{'id': 'model-estimates-models', 'name': 'Estimates Models'}",EUR,1,TOPCS1600,MATRIX,1.0,0.8568,1,1,1.4,"[{'id': '7yd5mJB', 'name': 'EUR TOPCS1600 ATOM Datasets Theme', 'multiplier': 2.0}]",fundamental65,Factor Ratios and its Rank Model,model,Model,model-estimates-models,Estimates Models
fnd65_allcap_sedol_pfcoy3ghc,It is defined as the difference between the trailing 12-month operating cash flow per share and that of 12-quarters ago for a stock divided by its trading price.,"{'id': 'fundamental65', 'name': 'Factor Ratios and its Rank Model'}","{'id': 'model', 'name': 'Model'}","{'id': 'model-estimates-models', 'name': 'Estimates Models'}",EUR,1,TOPCS1600,MATRIX,1.0,0.8464,0,0,1.4,"[{'id': '7yd5mJB', 'name': 'EUR TOPCS1600 ATOM Datasets Theme', 'multiplier': 2.0}]",fundamental65,Factor Ratios and its Rank Model,model,Model,model-estimates-models,Estimates Models
fnd65_allcap_sedol_pfcy3ghc,It is defined as the difference between the the trailing 12-month cash flow per share and that of 12-quarter ago comparable trailing 12-month cash flow for a stock divided by its trading price.,"{'id': 'fundamental65', 'name': 'Factor Ratios and its Rank Model'}","{'id': 'model', 'name': 'Model'}","{'id': 'model-estimates-models', 'name': 'Estimates Models'}",EUR,1,TOPCS1600,MATRIX,1.0,0.8413,0,0,1.4,"[{'id': '7yd5mJB', 'name': 'EUR TOPCS1600 ATOM Datasets Theme', 'multiplier': 2.0}]",fundamental65,Factor Ratios and its Rank Model,model,Model,model-estimates-models,Estimates Models
fnd65_allcap_sedol_pfgmtt,It is defined as the sum of the trailing 12-month growth flow value per share for a stock divided by its trading price. Growth flow is the sum of Research & Development expenses and reported net income.,"{'id': 'fundamental65', 'name': 'Factor Ratios and its Rank Model'}","{'id': 'model', 'name': 'Model'}","{'id': 'model-estimates-models', 'name': 'Estimates Models'}",EUR,1,TOPCS1600,MATRIX,1.0,0.8587,1,1,1.4,"[{'id': '7yd5mJB', 'name': 'EUR TOPCS1600 ATOM Datasets Theme', 'multiplier': 2.0}]",fundamental65,Factor Ratios and its Rank Model,model,Model,model-estimates-models,Estimates Models
fnd65_allcap_sedol_pge_cf,"It is defined as a company's next 4-quarter mean earnings estimate multiplied by the mean long-term growth rate forecast, scaled by its trading price.","{'id': 'fundamental65', 'name': 'Factor Ratios and its Rank Model'}","{'id': 'model', 'name': 'Model'}","{'id': 'model-estimates-models', 'name': 'Estimates Models'}",EUR,1,TOPCS1600,MATRIX,1.0,0.7453,0,0,1.4,"[{'id': '7yd5mJB', 'name': 'EUR TOPCS1600 ATOM Datasets Theme', 'multiplier': 2.0}]",fundamental65,Factor Ratios and its Rank Model,model,Model,model-estimates-models,Estimates Models
fnd65_allcap_sedol_pi,"It is defined as the beta coefficient to Change in Industrial Production, which is estimated by a 60 month multiple regression of returns on several macroeconomic factors.","{'id': 'fundamental65', 'name': 'Factor Ratios and its Rank Model'}","{'id': 'model', 'name': 'Model'}","{'id': 'model-estimates-models', 'name': 'Estimates Models'}",EUR,1,TOPCS1600,MATRIX,1.0,0.8499,0,0,1.4,"[{'id': '7yd5mJB', 'name': 'EUR TOPCS1600 ATOM Datasets Theme', 'multiplier': 2.0}]",fundamental65,Factor Ratios and its Rank Model,model,Model,model-estimates-models,Estimates Models
fnd65_allcap_sedol_pinoa,It is defined as the trailing 12-month operating income after depreciation divided by the average net operating assets.,"{'id': 'fundamental65', 'name': 'Factor Ratios and its Rank Model'}","{'id': 'model', 'name': 'Model'}","{'id': 'model-estimates-models', 'name': 'Estimates Models'}",EUR,1,TOPCS1600,MATRIX,1.0,0.6914,0,0,1.4,"[{'id': '7yd5mJB', 'name': 'EUR TOPCS1600 ATOM Datasets Theme', 'multiplier': 2.0}]",fundamental65,Factor Ratios and its Rank Model,model,Model,model-estimates-models,Estimates Models
fnd65_allcap_sedol_ppa,It is defined as the average of the trailing 12-month accounts payable multiplied by 365 divided by the trailing 12-month cost of goods sold.,"{'id': 'fundamental65', 'name': 'Factor Ratios and its Rank Model'}","{'id': 'model', 'name': 'Model'}","{'id': 'model-estimates-models', 'name': 'Estimates Models'}",EUR,1,TOPCS1600,MATRIX,1.0,0.6759,0,0,1.4,"[{'id': '7yd5mJB', 'name': 'EUR TOPCS1600 ATOM Datasets Theme', 'multiplier': 2.0}]",fundamental65,Factor Ratios and its Rank Model,model,Model,model-estimates-models,Estimates Models
fnd65_allcap_sedol_pqipmtt,It is defined as the most recent trailing 12-month operating and nonoperating income per share before provisions for income taxes and minority interest for a stock delfated by its the trading price.,"{'id': 'fundamental65', 'name': 'Factor Ratios and its Rank Model'}","{'id': 'model', 'name': 'Model'}","{'id': 'model-estimates-models', 'name': 'Estimates Models'}",EUR,1,TOPCS1600,MATRIX,1.0,0.8587,0,0,1.4,"[{'id': '7yd5mJB', 'name': 'EUR TOPCS1600 ATOM Datasets Theme', 'multiplier': 2.0}]",fundamental65,Factor Ratios and its Rank Model,model,Model,model-estimates-models,Estimates Models
fnd65_allcap_sedol_prc,"It is defined as the beta coefficient to change in Credit Risk Premium, which is estimated by a 60-month multiple regression of returns on several macroeconomic factors.","{'id': 'fundamental65', 'name': 'Factor Ratios and its Rank Model'}","{'id': 'model', 'name': 'Model'}","{'id': 'model-estimates-models', 'name': 'Estimates Models'}",EUR,1,TOPCS1600,MATRIX,1.0,0.8499,0,0,1.4,"[{'id': '7yd5mJB', 'name': 'EUR TOPCS1600 ATOM Datasets Theme', 'multiplier': 2.0}]",fundamental65,Factor Ratios and its Rank Model,model,Model,model-estimates-models,Estimates Models
fnd65_allcap_sedol_ps_wt,It is defined as the time-weighted sales per share for FY1 and FY2 divided by its price.,"{'id': 'fundamental65', 'name': 'Factor Ratios and its Rank Model'}","{'id': 'model', 'name': 'Model'}","{'id': 'model-estimates-models', 'name': 'Estimates Models'}",EUR,1,TOPCS1600,MATRIX,1.0,0.8453,0,0,1.4,"[{'id': '7yd5mJB', 'name': 'EUR TOPCS1600 ATOM Datasets Theme', 'multiplier': 2.0}]",fundamental65,Factor Ratios and its Rank Model,model,Model,model-estimates-models,Estimates Models
fnd65_allcap_sedol_psdwf,It is defined as the FY1 estimate of sales value per share divided by its trading price.,"{'id': 'fundamental65', 'name': 'Factor Ratios and its Rank Model'}","{'id': 'model', 'name': 'Model'}","{'id': 'model-estimates-models', 'name': 'Estimates Models'}",EUR,1,TOPCS1600,MATRIX,1.0,0.8437,0,0,1.4,"[{'id': '7yd5mJB', 'name': 'EUR TOPCS1600 ATOM Datasets Theme', 'multiplier': 2.0}]",fundamental65,Factor Ratios and its Rank Model,model,Model,model-estimates-models,Estimates Models
fnd65_allcap_sedol_psmtt,It is defined as the most recently reported trailing 12-month sales per share for a stock deflated by its trading price.,"{'id': 'fundamental65', 'name': 'Factor Ratios and its Rank Model'}","{'id': 'model', 'name': 'Model'}","{'id': 'model-estimates-models', 'name': 'Estimates Models'}",EUR,1,TOPCS1600,MATRIX,1.0,0.8521,0,0,1.4,"[{'id': '7yd5mJB', 'name': 'EUR TOPCS1600 ATOM Datasets Theme', 'multiplier': 2.0}]",fundamental65,Factor Ratios and its Rank Model,model,Model,model-estimates-models,Estimates Models
fnd65_allcap_sedol_pspeghc,It is defined as the difference between the most recently reported trailing 12-month earnings per share and that of 4 quarters ago for a stock deflated by its trading price.,"{'id': 'fundamental65', 'name': 'Factor Ratios and its Rank Model'}","{'id': 'model', 'name': 'Model'}","{'id': 'model-estimates-models', 'name': 'Estimates Models'}",EUR,1,TOPCS1600,MATRIX,1.0,0.858,0,0,1.4,"[{'id': '7yd5mJB', 'name': 'EUR TOPCS1600 ATOM Datasets Theme', 'multiplier': 2.0}]",fundamental65,Factor Ratios and its Rank Model,model,Model,model-estimates-models,Estimates Models
fnd65_allcap_sedol_pu,It is defined as the difference between realized profitability and expected one which is calculated from a regression model.,"{'id': 'fundamental65', 'name': 'Factor Ratios and its Rank Model'}","{'id': 'model', 'name': 'Model'}","{'id': 'model-estimates-models', 'name': 'Estimates Models'}",EUR,1,TOPCS1600,MATRIX,1.0,0.8089,0,0,1.4,"[{'id': '7yd5mJB', 'name': 'EUR TOPCS1600 ATOM Datasets Theme', 'multiplier': 2.0}]",fundamental65,Factor Ratios and its Rank Model,model,Model,model-estimates-models,Estimates Models
fnd65_allcap_sedol_pvan,"It is defined as the most recent book value of net assets per share (NAV) divided by the closing price. NAV is calculated by taking the total assets of a company and subtracting the value of the company's intangible assets (goodwill, patents, etc.) minus current and long-term liabilities.","{'id': 'fundamental65', 'name': 'Factor Ratios and its Rank Model'}","{'id': 'model', 'name': 'Model'}","{'id': 'model-estimates-models', 'name': 'Estimates Models'}",EUR,1,TOPCS1600,MATRIX,1.0,0.8587,0,0,1.4,"[{'id': '7yd5mJB', 'name': 'EUR TOPCS1600 ATOM Datasets Theme', 'multiplier': 2.0}]",fundamental65,Factor Ratios and its Rank Model,model,Model,model-estimates-models,Estimates Models
fnd65_allcap_sedol_rationalalpha,It evaluates stocks based on their historical 12-month market (S&P 500) adjusted excess return (the Y intercept from an OLS regression equation) using a proprietary rational decay function.,"{'id': 'fundamental65', 'name': 'Factor Ratios and its Rank Model'}","{'id': 'model', 'name': 'Model'}","{'id': 'model-estimates-models', 'name': 'Estimates Models'}",EUR,1,TOPCS1600,MATRIX,1.0,0.8491,0,0,1.4,"[{'id': '7yd5mJB', 'name': 'EUR TOPCS1600 ATOM Datasets Theme', 'multiplier': 2.0}]",fundamental65,Factor Ratios and its Rank Model,model,Model,model-estimates-models,Estimates Models
fnd65_allcap_sedol_ratrev6m,It is defined as the 6-month average of the monthly change in the average analyst recommendation.,"{'id': 'fundamental65', 'name': 'Factor Ratios and its Rank Model'}","{'id': 'model', 'name': 'Model'}","{'id': 'model-estimates-models', 'name': 'Estimates Models'}",EUR,1,TOPCS1600,MATRIX,1.0,0.7433,4,4,1.4,"[{'id': '7yd5mJB', 'name': 'EUR TOPCS1600 ATOM Datasets Theme', 'multiplier': 2.0}]",fundamental65,Factor Ratios and its Rank Model,model,Model,model-estimates-models,Estimates Models
fnd65_allcap_sedol_rau,It is defined as the difference between current accounts receivable and the expected level of accounts receivable (multiplying the prior year's closing account balance by the growth in sales in the trailing 12-months) scaled by the total assets.,"{'id': 'fundamental65', 'name': 'Factor Ratios and its Rank Model'}","{'id': 'model', 'name': 'Model'}","{'id': 'model-estimates-models', 'name': 'Estimates Models'}",EUR,1,TOPCS1600,MATRIX,1.0,0.7698,0,0,1.4,"[{'id': '7yd5mJB', 'name': 'EUR TOPCS1600 ATOM Datasets Theme', 'multiplier': 2.0}]",fundamental65,Factor Ratios and its Rank Model,model,Model,model-estimates-models,Estimates Models
fnd65_allcap_sedol_rdsale,It is defined as the average of the research & development expenses in the trailing 12-months deflated by the sum of total sales in the same period.,"{'id': 'fundamental65', 'name': 'Factor Ratios and its Rank Model'}","{'id': 'model', 'name': 'Model'}","{'id': 'model-estimates-models', 'name': 'Estimates Models'}",EUR,1,TOPCS1600,MATRIX,1.0,0.3425,0,0,1.4,"[{'id': '7yd5mJB', 'name': 'EUR TOPCS1600 ATOM Datasets Theme', 'multiplier': 2.0}]",fundamental65,Factor Ratios and its Rank Model,model,Model,model-estimates-models,Estimates Models
fnd65_allcap_sedol_reinrate,It is defined as the trailing 12-month earnings per share before extra items minus the trailing 12-month dividends per share by ex-date divided by the average book equity per share in the same period.,"{'id': 'fundamental65', 'name': 'Factor Ratios and its Rank Model'}","{'id': 'model', 'name': 'Model'}","{'id': 'model-estimates-models', 'name': 'Estimates Models'}",EUR,1,TOPCS1600,MATRIX,1.0,0.8435,0,0,1.4,"[{'id': '7yd5mJB', 'name': 'EUR TOPCS1600 ATOM Datasets Theme', 'multiplier': 2.0}]",fundamental65,Factor Ratios and its Rank Model,model,Model,model-estimates-models,Estimates Models
fnd65_allcap_sedol_rel5ybp,It is defined as a stock's current book-to-market ratio (BP) minus the average of the BPs in the last 60-month scaled by the standard deviation of the BPs over the same period.,"{'id': 'fundamental65', 'name': 'Factor Ratios and its Rank Model'}","{'id': 'model', 'name': 'Model'}","{'id': 'model-estimates-models', 'name': 'Estimates Models'}",EUR,1,TOPCS1600,MATRIX,1.0,0.8282,0,0,1.4,"[{'id': '7yd5mJB', 'name': 'EUR TOPCS1600 ATOM Datasets Theme', 'multiplier': 2.0}]",fundamental65,Factor Ratios and its Rank Model,model,Model,model-estimates-models,Estimates Models
fnd65_allcap_sedol_rel5ycfp,It is defined as a stock's current trailing 12-month cash flow-to-price ratio (CFP) minus the average of the CFPs in the last 60-month scaled by the standard deviation of the CFPs over the same period.,"{'id': 'fundamental65', 'name': 'Factor Ratios and its Rank Model'}","{'id': 'model', 'name': 'Model'}","{'id': 'model-estimates-models', 'name': 'Estimates Models'}",EUR,1,TOPCS1600,MATRIX,1.0,0.8205,0,0,1.4,"[{'id': '7yd5mJB', 'name': 'EUR TOPCS1600 ATOM Datasets Theme', 'multiplier': 2.0}]",fundamental65,Factor Ratios and its Rank Model,model,Model,model-estimates-models,Estimates Models
fnd65_allcap_sedol_rel5ydivp,It is defined as a stock's current dividend yield (DivYield) minus the average of the DivYields in the last 60 months scaled by the standard deviation of the DivYields over the same period.,"{'id': 'fundamental65', 'name': 'Factor Ratios and its Rank Model'}","{'id': 'model', 'name': 'Model'}","{'id': 'model-estimates-models', 'name': 'Estimates Models'}",EUR,1,TOPCS1600,MATRIX,1.0,0.7171,0,0,1.4,"[{'id': '7yd5mJB', 'name': 'EUR TOPCS1600 ATOM Datasets Theme', 'multiplier': 2.0}]",fundamental65,Factor Ratios and its Rank Model,model,Model,model-estimates-models,Estimates Models
fnd65_allcap_sedol_rel5yebitdap,It is defined as a stock's current trailing 12-month EBITDA per share-to-price ratio (EBITDAP) minus the average of the EBITDAPs in the last 60 months scaled by the standard deviation of the EBITDAPs over the same period.,"{'id': 'fundamental65', 'name': 'Factor Ratios and its Rank Model'}","{'id': 'model', 'name': 'Model'}","{'id': 'model-estimates-models', 'name': 'Estimates Models'}",EUR,1,TOPCS1600,MATRIX,1.0,0.8205,0,0,1.4,"[{'id': '7yd5mJB', 'name': 'EUR TOPCS1600 ATOM Datasets Theme', 'multiplier': 2.0}]",fundamental65,Factor Ratios and its Rank Model,model,Model,model-estimates-models,Estimates Models
fnd65_allcap_sedol_rel5yep,It is defined as a stock's current trailing 12-month earnings per share before extra items-to-price ratio (EP) minus the average of the EPs in the last 60 months scaled by the standard deviation of the EPs over the same period.,"{'id': 'fundamental65', 'name': 'Factor Ratios and its Rank Model'}","{'id': 'model', 'name': 'Model'}","{'id': 'model-estimates-models', 'name': 'Estimates Models'}",EUR,1,TOPCS1600,MATRIX,1.0,0.8275,0,0,1.4,"[{'id': '7yd5mJB', 'name': 'EUR TOPCS1600 ATOM Datasets Theme', 'multiplier': 2.0}]",fundamental65,Factor Ratios and its Rank Model,model,Model,model-estimates-models,Estimates Models
fnd65_allcap_sedol_rel5yfcfp,It is defined as a stock's current trailing 12-month free cash flow-to-price ratio (FCFP) minus the average of the FCFPs in the last 60 months scaled by the standard deviation of the FCFPs over the same period.,"{'id': 'fundamental65', 'name': 'Factor Ratios and its Rank Model'}","{'id': 'model', 'name': 'Model'}","{'id': 'model-estimates-models', 'name': 'Estimates Models'}",EUR,1,TOPCS1600,MATRIX,1.0,0.8217,0,0,1.4,"[{'id': '7yd5mJB', 'name': 'EUR TOPCS1600 ATOM Datasets Theme', 'multiplier': 2.0}]",fundamental65,Factor Ratios and its Rank Model,model,Model,model-estimates-models,Estimates Models
fnd65_allcap_sedol_rel5yocfp,It is defined as a stock's current trailing 12-month operating cash flow-to-price ratio (OCFP) minus the average of the OCFPs in the last 60-month scaled by the standard deviation of the OCFPs over the same period.,"{'id': 'fundamental65', 'name': 'Factor Ratios and its Rank Model'}","{'id': 'model', 'name': 'Model'}","{'id': 'model-estimates-models', 'name': 'Estimates Models'}",EUR,1,TOPCS1600,MATRIX,1.0,0.824,0,0,1.4,"[{'id': '7yd5mJB', 'name': 'EUR TOPCS1600 ATOM Datasets Theme', 'multiplier': 2.0}]",fundamental65,Factor Ratios and its Rank Model,model,Model,model-estimates-models,Estimates Models
fnd65_allcap_sedol_rel5ysp,It is defined as a stock's current trailing 12-month sales-to-price ratio (SP) minus the average of the SPs in the last 60 months scaled by the standard deviation of the SPs over the same period.,"{'id': 'fundamental65', 'name': 'Factor Ratios and its Rank Model'}","{'id': 'model', 'name': 'Model'}","{'id': 'model-estimates-models', 'name': 'Estimates Models'}",EUR,1,TOPCS1600,MATRIX,1.0,0.8231,0,0,1.4,"[{'id': '7yd5mJB', 'name': 'EUR TOPCS1600 ATOM Datasets Theme', 'multiplier': 2.0}]",fundamental65,Factor Ratios and its Rank Model,model,Model,model-estimates-models,Estimates Models
fnd65_allcap_sedol_relpricestrength_,"It is defined as a stock's 12-month relative price-strength (PS) minus the PSs of all stocks in the same industry, deflated by the standard deviation of these PSs.","{'id': 'fundamental65', 'name': 'Factor Ratios and its Rank Model'}","{'id': 'model', 'name': 'Model'}","{'id': 'model-estimates-models', 'name': 'Estimates Models'}",EUR,1,TOPCS1600,MATRIX,1.0,0.8488,0,0,1.4,"[{'id': '7yd5mJB', 'name': 'EUR TOPCS1600 ATOM Datasets Theme', 'multiplier': 2.0}]",fundamental65,Factor Ratios and its Rank Model,model,Model,model-estimates-models,Estimates Models
fnd65_allcap_sedol_rerror60m,It is defined as the standard error of the slope of the least squares regression line for a stock's last 60-month monthly returns against the S&P 500 Index returns.,"{'id': 'fundamental65', 'name': 'Factor Ratios and its Rank Model'}","{'id': 'model', 'name': 'Model'}","{'id': 'model-estimates-models', 'name': 'Estimates Models'}",EUR,1,TOPCS1600,MATRIX,1.0,0.7692,0,0,1.4,"[{'id': '7yd5mJB', 'name': 'EUR TOPCS1600 ATOM Datasets Theme', 'multiplier': 2.0}]",fundamental65,Factor Ratios and its Rank Model,model,Model,model-estimates-models,Estimates Models
fnd65_allcap_sedol_rev3my1std,"It is defined as the change in a stock's current analysts mean earnings estimate for fiscal year 1 less that of three months ago, scaled by the standard deviation of analyst forecasts as of three months ago.","{'id': 'fundamental65', 'name': 'Factor Ratios and its Rank Model'}","{'id': 'model', 'name': 'Model'}","{'id': 'model-estimates-models', 'name': 'Estimates Models'}",EUR,1,TOPCS1600,MATRIX,1.0,0.8251,1,1,1.4,"[{'id': '7yd5mJB', 'name': 'EUR TOPCS1600 ATOM Datasets Theme', 'multiplier': 2.0}]",fundamental65,Factor Ratios and its Rank Model,model,Model,model-estimates-models,Estimates Models
fnd65_allcap_sedol_rev3my2std,"It is defined as the change in a stock's current analysts mean earnings estimate for fiscal year 2 less than that of three months ago, scaled by the standard deviation of analyst forecasts as of three months ago.","{'id': 'fundamental65', 'name': 'Factor Ratios and its Rank Model'}","{'id': 'model', 'name': 'Model'}","{'id': 'model-estimates-models', 'name': 'Estimates Models'}",EUR,1,TOPCS1600,MATRIX,1.0,0.8235,0,0,1.4,"[{'id': '7yd5mJB', 'name': 'EUR TOPCS1600 ATOM Datasets Theme', 'multiplier': 2.0}]",fundamental65,Factor Ratios and its Rank Model,model,Model,model-estimates-models,Estimates Models
fnd65_allcap_sedol_rev6fy2,"It is defined as the average of prior 6-month monthly changes in a stock's consensus analysts earnings forecasts for fiscal year 2, scaled by the previous month-end trading price.","{'id': 'fundamental65', 'name': 'Factor Ratios and its Rank Model'}","{'id': 'model', 'name': 'Model'}","{'id': 'model-estimates-models', 'name': 'Estimates Models'}",EUR,1,TOPCS1600,MATRIX,1.0,0.8361,0,0,1.4,"[{'id': '7yd5mJB', 'name': 'EUR TOPCS1600 ATOM Datasets Theme', 'multiplier': 2.0}]",fundamental65,Factor Ratios and its Rank Model,model,Model,model-estimates-models,Estimates Models
fnd65_allcap_sedol_revper,It is defined as the trailing 12-month total sales divided by the number of employees at the end of the last reported fiscal year.,"{'id': 'fundamental65', 'name': 'Factor Ratios and its Rank Model'}","{'id': 'model', 'name': 'Model'}","{'id': 'model-estimates-models', 'name': 'Estimates Models'}",EUR,1,TOPCS1600,MATRIX,1.0,0.8411,0,0,1.4,"[{'id': '7yd5mJB', 'name': 'EUR TOPCS1600 ATOM Datasets Theme', 'multiplier': 2.0}]",fundamental65,Factor Ratios and its Rank Model,model,Model,model-estimates-models,Estimates Models
fnd65_allcap_sedol_roe,It is defined as the trailing 12-month income before extra items divided by the average of common equity in the same period.,"{'id': 'fundamental65', 'name': 'Factor Ratios and its Rank Model'}","{'id': 'model', 'name': 'Model'}","{'id': 'model-estimates-models', 'name': 'Estimates Models'}",EUR,1,TOPCS1600,MATRIX,1.0,0.8473,0,0,1.4,"[{'id': '7yd5mJB', 'name': 'EUR TOPCS1600 ATOM Datasets Theme', 'multiplier': 2.0}]",fundamental65,Factor Ratios and its Rank Model,model,Model,model-estimates-models,Estimates Models
fnd65_allcap_sedol_roic,"It is defined as the trailing 12-month net income and interest expenses divided by the average reported invested capital, which equals the sum of common equity, long-term debt, minority interest, and preferred stock.","{'id': 'fundamental65', 'name': 'Factor Ratios and its Rank Model'}","{'id': 'model', 'name': 'Model'}","{'id': 'model-estimates-models', 'name': 'Estimates Models'}",EUR,1,TOPCS1600,MATRIX,1.0,0.8533,0,0,1.4,"[{'id': '7yd5mJB', 'name': 'EUR TOPCS1600 ATOM Datasets Theme', 'multiplier': 2.0}]",fundamental65,Factor Ratios and its Rank Model,model,Model,model-estimates-models,Estimates Models
fnd65_allcap_sedol_rp,It is defined as the latest reported quarterly operating income divided by 12-Month lagged total assets.,"{'id': 'fundamental65', 'name': 'Factor Ratios and its Rank Model'}","{'id': 'model', 'name': 'Model'}","{'id': 'model-estimates-models', 'name': 'Estimates Models'}",EUR,1,TOPCS1600,MATRIX,1.0,0.8556,1,1,1.4,"[{'id': '7yd5mJB', 'name': 'EUR TOPCS1600 ATOM Datasets Theme', 'multiplier': 2.0}]",fundamental65,Factor Ratios and its Rank Model,model,Model,model-estimates-models,Estimates Models
fnd65_allcap_sedol_rq,It is defined as the current assets less inventories from the most recent quarter divided by the total current liabilities from the most recent quarter.,"{'id': 'fundamental65', 'name': 'Factor Ratios and its Rank Model'}","{'id': 'model', 'name': 'Model'}","{'id': 'model-estimates-models', 'name': 'Estimates Models'}",EUR,1,TOPCS1600,MATRIX,1.0,0.6953,0,0,1.4,"[{'id': '7yd5mJB', 'name': 'EUR TOPCS1600 ATOM Datasets Theme', 'multiplier': 2.0}]",fundamental65,Factor Ratios and its Rank Model,model,Model,model-estimates-models,Estimates Models
fnd65_allcap_sedol_rqi_rd,It is defined as the interquartile range of a stock's daily total return over the trailing one month.,"{'id': 'fundamental65', 'name': 'Factor Ratios and its Rank Model'}","{'id': 'model', 'name': 'Model'}","{'id': 'model-estimates-models', 'name': 'Estimates Models'}",EUR,1,TOPCS1600,MATRIX,1.0,0.8606,0,0,1.4,"[{'id': '7yd5mJB', 'name': 'EUR TOPCS1600 ATOM Datasets Theme', 'multiplier': 2.0}]",fundamental65,Factor Ratios and its Rank Model,model,Model,model-estimates-models,Estimates Models
fnd65_allcap_sedol_saleeps,It is defined as the absolute value of the difference between the yearly percent change in trailing 12-month sales per share and the yearly percent change in trailing 12-month diluted earnings per share before extraordinary items.,"{'id': 'fundamental65', 'name': 'Factor Ratios and its Rank Model'}","{'id': 'model', 'name': 'Model'}","{'id': 'model-estimates-models', 'name': 'Estimates Models'}",EUR,1,TOPCS1600,MATRIX,1.0,0.7292,0,0,1.4,"[{'id': '7yd5mJB', 'name': 'EUR TOPCS1600 ATOM Datasets Theme', 'multiplier': 2.0}]",fundamental65,Factor Ratios and its Rank Model,model,Model,model-estimates-models,Estimates Models
fnd65_allcap_sedol_saleg5y,"It is defined as the difference between the trailing 12-month sales (SALE) and the SALE 20 quarters ago, and then deflated by the average of the SALEs in the prior 20 quarters.","{'id': 'fundamental65', 'name': 'Factor Ratios and its Rank Model'}","{'id': 'model', 'name': 'Model'}","{'id': 'model-estimates-models', 'name': 'Estimates Models'}",EUR,1,TOPCS1600,MATRIX,1.0,0.8186,0,0,1.4,"[{'id': '7yd5mJB', 'name': 'EUR TOPCS1600 ATOM Datasets Theme', 'multiplier': 2.0}]",fundamental65,Factor Ratios and its Rank Model,model,Model,model-estimates-models,Estimates Models
fnd65_allcap_sedol_salegpm,It is defined as the difference between the yearly change in the most recently reported quarterly sales and the yearly change in the quarterly gross profit margin.,"{'id': 'fundamental65', 'name': 'Factor Ratios and its Rank Model'}","{'id': 'model', 'name': 'Model'}","{'id': 'model-estimates-models', 'name': 'Estimates Models'}",EUR,1,TOPCS1600,MATRIX,1.0,0.7497,0,0,1.4,"[{'id': '7yd5mJB', 'name': 'EUR TOPCS1600 ATOM Datasets Theme', 'multiplier': 2.0}]",fundamental65,Factor Ratios and its Rank Model,model,Model,model-estimates-models,Estimates Models
fnd65_allcap_sedol_salerec,It is defined as the difference between the yearly percent change in trailing 12-month sales and the yearly percent change in accounts receivable.,"{'id': 'fundamental65', 'name': 'Factor Ratios and its Rank Model'}","{'id': 'model', 'name': 'Model'}","{'id': 'model-estimates-models', 'name': 'Estimates Models'}",EUR,1,TOPCS1600,MATRIX,1.0,0.7689,0,0,1.4,"[{'id': '7yd5mJB', 'name': 'EUR TOPCS1600 ATOM Datasets Theme', 'multiplier': 2.0}]",fundamental65,Factor Ratios and its Rank Model,model,Model,model-estimates-models,Estimates Models
fnd65_allcap_sedol_sh,"It is defined as the beta coefficient to Change in Housing Starts, which is estimated by a 60-month multiple regression of returns on several macroeconomic factors.","{'id': 'fundamental65', 'name': 'Factor Ratios and its Rank Model'}","{'id': 'model', 'name': 'Model'}","{'id': 'model-estimates-models', 'name': 'Estimates Models'}",EUR,1,TOPCS1600,MATRIX,1.0,0.8499,0,0,1.4,"[{'id': '7yd5mJB', 'name': 'EUR TOPCS1600 ATOM Datasets Theme', 'multiplier': 2.0}]",fundamental65,Factor Ratios and its Rank Model,model,Model,model-estimates-models,Estimates Models
fnd65_allcap_sedol_sharechg,It is defined as the percent change in a company's current number of outstanding shares compared to the number of shares outstanding one year ago.,"{'id': 'fundamental65', 'name': 'Factor Ratios and its Rank Model'}","{'id': 'model', 'name': 'Model'}","{'id': 'model-estimates-models', 'name': 'Estimates Models'}",EUR,1,TOPCS1600,MATRIX,1.0,0.6502,0,0,1.4,"[{'id': '7yd5mJB', 'name': 'EUR TOPCS1600 ATOM Datasets Theme', 'multiplier': 2.0}]",fundamental65,Factor Ratios and its Rank Model,model,Model,model-estimates-models,Estimates Models
fnd65_allcap_sedol_sighc,It is defined as the most recently reported inventory as a percentage of trailing 12-month sales minus that percentage 4 quarters ago.,"{'id': 'fundamental65', 'name': 'Factor Ratios and its Rank Model'}","{'id': 'model', 'name': 'Model'}","{'id': 'model-estimates-models', 'name': 'Estimates Models'}",EUR,1,TOPCS1600,MATRIX,1.0,0.6514,0,0,1.4,"[{'id': '7yd5mJB', 'name': 'EUR TOPCS1600 ATOM Datasets Theme', 'multiplier': 2.0}]",fundamental65,Factor Ratios and its Rank Model,model,Model,model-estimates-models,Estimates Models
fnd65_allcap_sedol_sigma,It is defined as the standard deviation of a stock's monthly returns in the prior 60 months.,"{'id': 'fundamental65', 'name': 'Factor Ratios and its Rank Model'}","{'id': 'model', 'name': 'Model'}","{'id': 'model-estimates-models', 'name': 'Estimates Models'}",EUR,1,TOPCS1600,MATRIX,1.0,0.7692,0,0,1.4,"[{'id': '7yd5mJB', 'name': 'EUR TOPCS1600 ATOM Datasets Theme', 'multiplier': 2.0}]",fundamental65,Factor Ratios and its Rank Model,model,Model,model-estimates-models,Estimates Models
fnd65_allcap_sedol_skew90cortn,It is defined as the skewness of the distribution of a stock's daily excess (compared to the S&P 500 index) price returns in the last 90 days. Skewness = 3*(Mean-Median)/Standard Deviation.,"{'id': 'fundamental65', 'name': 'Factor Ratios and its Rank Model'}","{'id': 'model', 'name': 'Model'}","{'id': 'model-estimates-models', 'name': 'Estimates Models'}",EUR,1,TOPCS1600,MATRIX,1.0,0.8576,0,0,1.4,"[{'id': '7yd5mJB', 'name': 'EUR TOPCS1600 ATOM Datasets Theme', 'multiplier': 2.0}]",fundamental65,Factor Ratios and its Rank Model,model,Model,model-estimates-models,Estimates Models
fnd65_allcap_sedol_skew90drtn,It is defined as the skewness (measure of lack of symmetry) of the distribution of a stock's daily price returns in the last 90 days. Skewness = 3*(Mean-Median])/Standard Deviation.,"{'id': 'fundamental65', 'name': 'Factor Ratios and its Rank Model'}","{'id': 'model', 'name': 'Model'}","{'id': 'model-estimates-models', 'name': 'Estimates Models'}",EUR,1,TOPCS1600,MATRIX,1.0,0.8576,0,0,1.4,"[{'id': '7yd5mJB', 'name': 'EUR TOPCS1600 ATOM Datasets Theme', 'multiplier': 2.0}]",fundamental65,Factor Ratios and its Rank Model,model,Model,model-estimates-models,Estimates Models
fnd65_allcap_sedol_slope4qeps5y,It is defined as the slope coefficient between monthly dates and the corresponding trailing 12-month earnings per share before extra items in the prior 20 quarters,"{'id': 'fundamental65', 'name': 'Factor Ratios and its Rank Model'}","{'id': 'model', 'name': 'Model'}","{'id': 'model-estimates-models', 'name': 'Estimates Models'}",EUR,1,TOPCS1600,MATRIX,1.0,0.8506,0,0,1.4,"[{'id': '7yd5mJB', 'name': 'EUR TOPCS1600 ATOM Datasets Theme', 'multiplier': 2.0}]",fundamental65,Factor Ratios and its Rank Model,model,Model,model-estimates-models,Estimates Models
fnd65_allcap_sedol_slope52wp,It is defined as the 4-week lagged slope coefficient of the least squares regression line of the last 52-week weekly stock's closing price against the corresponding weekly dates.,"{'id': 'fundamental65', 'name': 'Factor Ratios and its Rank Model'}","{'id': 'model', 'name': 'Model'}","{'id': 'model-estimates-models', 'name': 'Estimates Models'}",EUR,1,TOPCS1600,MATRIX,1.0,0.8491,0,0,1.4,"[{'id': '7yd5mJB', 'name': 'EUR TOPCS1600 ATOM Datasets Theme', 'multiplier': 2.0}]",fundamental65,Factor Ratios and its Rank Model,model,Model,model-estimates-models,Estimates Models
fnd65_allcap_sedol_slope66wp,It is defined as the 4-week lagged slope coefficient of the least squares regression line of the last 66-week weekly stock's closing price against the corresponding weekly dates.,"{'id': 'fundamental65', 'name': 'Factor Ratios and its Rank Model'}","{'id': 'model', 'name': 'Model'}","{'id': 'model-estimates-models', 'name': 'Estimates Models'}",EUR,1,TOPCS1600,MATRIX,1.0,0.8459,0,0,1.4,"[{'id': '7yd5mJB', 'name': 'EUR TOPCS1600 ATOM Datasets Theme', 'multiplier': 2.0}]",fundamental65,Factor Ratios and its Rank Model,model,Model,model-estimates-models,Estimates Models
fnd65_allcap_sedol_spe1yfvc_cf,It is defined as the standard deviation of analyst earnings estimates for fiscal year 1 divided by the mean consensus forecast.,"{'id': 'fundamental65', 'name': 'Factor Ratios and its Rank Model'}","{'id': 'model', 'name': 'Model'}","{'id': 'model-estimates-models', 'name': 'Estimates Models'}",EUR,1,TOPCS1600,MATRIX,1.0,0.8236,0,0,1.4,"[{'id': '7yd5mJB', 'name': 'EUR TOPCS1600 ATOM Datasets Theme', 'multiplier': 2.0}]",fundamental65,Factor Ratios and its Rank Model,model,Model,model-estimates-models,Estimates Models
fnd65_allcap_sedol_spe2yfvc_cf,It is defined as the standard deviation of analyst earnings estimates for fiscal year 2 divided by the mean consensus forecast.,"{'id': 'fundamental65', 'name': 'Factor Ratios and its Rank Model'}","{'id': 'model', 'name': 'Model'}","{'id': 'model-estimates-models', 'name': 'Estimates Models'}",EUR,1,TOPCS1600,MATRIX,1.0,0.8189,0,0,1.4,"[{'id': '7yd5mJB', 'name': 'EUR TOPCS1600 ATOM Datasets Theme', 'multiplier': 2.0}]",fundamental65,Factor Ratios and its Rank Model,model,Model,model-estimates-models,Estimates Models
fnd65_allcap_sedol_spefcn,It is defined as the absolute value of the difference between the yearly percent change in trailing 12-month operating cash flow per share and the yearly percent change in trailing 12-month diluted EPS before extraordinary items.,"{'id': 'fundamental65', 'name': 'Factor Ratios and its Rank Model'}","{'id': 'model', 'name': 'Model'}","{'id': 'model-estimates-models', 'name': 'Estimates Models'}",EUR,1,TOPCS1600,MATRIX,1.0,0.733,0,0,1.4,"[{'id': '7yd5mJB', 'name': 'EUR TOPCS1600 ATOM Datasets Theme', 'multiplier': 2.0}]",fundamental65,Factor Ratios and its Rank Model,model,Model,model-estimates-models,Estimates Models
fnd65_allcap_sedol_speghc,It is defined as the the trailing 12-month earnings per share before extra items (EPS) minus 4 quarter ago EPS deflated by the average total assets per share.,"{'id': 'fundamental65', 'name': 'Factor Ratios and its Rank Model'}","{'id': 'model', 'name': 'Model'}","{'id': 'model-estimates-models', 'name': 'Estimates Models'}",EUR,1,TOPCS1600,MATRIX,1.0,0.858,0,0,1.4,"[{'id': '7yd5mJB', 'name': 'EUR TOPCS1600 ATOM Datasets Theme', 'multiplier': 2.0}]",fundamental65,Factor Ratios and its Rank Model,model,Model,model-estimates-models,Estimates Models
fnd65_allcap_sedol_stockrating,It is defined as the consensus recommendation for a company.,"{'id': 'fundamental65', 'name': 'Factor Ratios and its Rank Model'}","{'id': 'model', 'name': 'Model'}","{'id': 'model-estimates-models', 'name': 'Estimates Models'}",EUR,1,TOPCS1600,MATRIX,1.0,0.8511,4,5,1.4,"[{'id': '7yd5mJB', 'name': 'EUR TOPCS1600 ATOM Datasets Theme', 'multiplier': 2.0}]",fundamental65,Factor Ratios and its Rank Model,model,Model,model-estimates-models,Estimates Models
fnd65_allcap_sedol_surp,"It is defined as the difference between the actual earnings per share and consensus forecasts prior to the announcement date, scaled by price at the end of the quarter.","{'id': 'fundamental65', 'name': 'Factor Ratios and its Rank Model'}","{'id': 'model', 'name': 'Model'}","{'id': 'model-estimates-models', 'name': 'Estimates Models'}",EUR,1,TOPCS1600,MATRIX,1.0,0.8363,0,0,1.4,"[{'id': '7yd5mJB', 'name': 'EUR TOPCS1600 ATOM Datasets Theme', 'multiplier': 2.0}]",fundamental65,Factor Ratios and its Rank Model,model,Model,model-estimates-models,Estimates Models
fnd65_allcap_sedol_susgrowth,"It is the maximum growth rate a firm can sustain without having to increase financial leverage. It is defined as: ROE x (1 - dividend-payout ratio), where ROE is the trailing 12-month return on book equity.","{'id': 'fundamental65', 'name': 'Factor Ratios and its Rank Model'}","{'id': 'model', 'name': 'Model'}","{'id': 'model-estimates-models', 'name': 'Estimates Models'}",EUR,1,TOPCS1600,MATRIX,1.0,0.7775,1,1,1.4,"[{'id': '7yd5mJB', 'name': 'EUR TOPCS1600 ATOM Datasets Theme', 'multiplier': 2.0}]",fundamental65,Factor Ratios and its Rank Model,model,Model,model-estimates-models,Estimates Models
fnd65_allcap_sedol_tobinq,"It is defined as the market value of equity (E) plus debt (D) divided by assets (A), or (E + D)/A. D is measured using book values.","{'id': 'fundamental65', 'name': 'Factor Ratios and its Rank Model'}","{'id': 'model', 'name': 'Model'}","{'id': 'model-estimates-models', 'name': 'Estimates Models'}",EUR,1,TOPCS1600,MATRIX,1.0,0.8549,0,0,1.4,"[{'id': '7yd5mJB', 'name': 'EUR TOPCS1600 ATOM Datasets Theme', 'multiplier': 2.0}]",fundamental65,Factor Ratios and its Rank Model,model,Model,model-estimates-models,Estimates Models
fnd65_allcap_sedol_totalcov,It equals (Cash Flow from Operations + Interest Paid + Tax Paid) / (Interest + Principal Paid).,"{'id': 'fundamental65', 'name': 'Factor Ratios and its Rank Model'}","{'id': 'model', 'name': 'Model'}","{'id': 'model-estimates-models', 'name': 'Estimates Models'}",EUR,1,TOPCS1600,MATRIX,1.0,0.8349,1,1,1.4,"[{'id': '7yd5mJB', 'name': 'EUR TOPCS1600 ATOM Datasets Theme', 'multiplier': 2.0}]",fundamental65,Factor Ratios and its Rank Model,model,Model,model-estimates-models,Estimates Models
fnd65_allcap_sedol_totalsaleg,It is defined as the percent change in a company's trailing 12-month total sales (TOTSALE) as compared to the TOTSALE one year ago.,"{'id': 'fundamental65', 'name': 'Factor Ratios and its Rank Model'}","{'id': 'model', 'name': 'Model'}","{'id': 'model-estimates-models', 'name': 'Estimates Models'}",EUR,1,TOPCS1600,MATRIX,1.0,0.8497,1,3,1.4,"[{'id': '7yd5mJB', 'name': 'EUR TOPCS1600 ATOM Datasets Theme', 'multiplier': 2.0}]",fundamental65,Factor Ratios and its Rank Model,model,Model,model-estimates-models,Estimates Models
fnd65_allcap_sedol_tstalp,It is defined as: (CORREL*(260-2)^.5)/(1-CORREL^2)^.5. CORREL is the correlation coefficient between the natural logarithm of stock daily closing price and the corresponding daily dates in last 260 days.,"{'id': 'fundamental65', 'name': 'Factor Ratios and its Rank Model'}","{'id': 'model', 'name': 'Model'}","{'id': 'model-estimates-models', 'name': 'Estimates Models'}",EUR,1,TOPCS1600,MATRIX,1.0,0.8491,0,0,1.4,"[{'id': '7yd5mJB', 'name': 'EUR TOPCS1600 ATOM Datasets Theme', 'multiplier': 2.0}]",fundamental65,Factor Ratios and its Rank Model,model,Model,model-estimates-models,Estimates Models
fnd65_allcap_sedol_ttmaccu,It is defined as the difference between the trailing 12-month net income and the trailing 12-month operating cash flow scaled by the beginning total assets.,"{'id': 'fundamental65', 'name': 'Factor Ratios and its Rank Model'}","{'id': 'model', 'name': 'Model'}","{'id': 'model-estimates-models', 'name': 'Estimates Models'}",EUR,1,TOPCS1600,MATRIX,1.0,0.8568,0,0,1.4,"[{'id': '7yd5mJB', 'name': 'EUR TOPCS1600 ATOM Datasets Theme', 'multiplier': 2.0}]",fundamental65,Factor Ratios and its Rank Model,model,Model,model-estimates-models,Estimates Models
fnd65_allcap_sedol_ttmcapexp,It is defined as the trailing 12-month capital expenditures per share for a stock divided by its trading price.,"{'id': 'fundamental65', 'name': 'Factor Ratios and its Rank Model'}","{'id': 'model', 'name': 'Model'}","{'id': 'model-estimates-models', 'name': 'Estimates Models'}",EUR,1,TOPCS1600,MATRIX,1.0,0.8453,0,0,1.4,"[{'id': '7yd5mJB', 'name': 'EUR TOPCS1600 ATOM Datasets Theme', 'multiplier': 2.0}]",fundamental65,Factor Ratios and its Rank Model,model,Model,model-estimates-models,Estimates Models
fnd65_allcap_sedol_ttmopincev,It is defined as the trailing 12 month operating income (before depreciation and amortization) divided by enterprise value (EV). EV = Equity Market Value + Long-term Debt + Short-term Debt + Preferred Stock + Minority Interest - Cash.,"{'id': 'fundamental65', 'name': 'Factor Ratios and its Rank Model'}","{'id': 'model', 'name': 'Model'}","{'id': 'model-estimates-models', 'name': 'Estimates Models'}",EUR,1,TOPCS1600,MATRIX,1.0,0.8547,0,0,1.4,"[{'id': '7yd5mJB', 'name': 'EUR TOPCS1600 ATOM Datasets Theme', 'multiplier': 2.0}]",fundamental65,Factor Ratios and its Rank Model,model,Model,model-estimates-models,Estimates Models
fnd65_allcap_sedol_ttmsaleev,It is defined as the trailing 12-month sales for a stock divided by the most recent enterprise value (EV). EV = Equity Market Value + Long-term Debt + Short-term Debt + Preferred Stock + Minority Interest - Cash & Cash Equivalents.,"{'id': 'fundamental65', 'name': 'Factor Ratios and its Rank Model'}","{'id': 'model', 'name': 'Model'}","{'id': 'model-estimates-models', 'name': 'Estimates Models'}",EUR,1,TOPCS1600,MATRIX,1.0,0.8521,0,0,1.4,"[{'id': '7yd5mJB', 'name': 'EUR TOPCS1600 ATOM Datasets Theme', 'multiplier': 2.0}]",fundamental65,Factor Ratios and its Rank Model,model,Model,model-estimates-models,Estimates Models
fnd65_allcap_sedol_tw_ebitdaev,It is defined as the time weighted EBITDA/Enterprise Value for FY1 and FY2.,"{'id': 'fundamental65', 'name': 'Factor Ratios and its Rank Model'}","{'id': 'model', 'name': 'Model'}","{'id': 'model-estimates-models', 'name': 'Estimates Models'}",EUR,1,TOPCS1600,MATRIX,1.0,0.8072,0,0,1.4,"[{'id': '7yd5mJB', 'name': 'EUR TOPCS1600 ATOM Datasets Theme', 'multiplier': 2.0}]",fundamental65,Factor Ratios and its Rank Model,model,Model,model-estimates-models,Estimates Models
fnd65_allcap_sedol_twepsrev,It is defined as the 6-month average of the time-weighted sum of the FY1 and FY2 earnings estimate revisions.,"{'id': 'fundamental65', 'name': 'Factor Ratios and its Rank Model'}","{'id': 'model', 'name': 'Model'}","{'id': 'model-estimates-models', 'name': 'Estimates Models'}",EUR,1,TOPCS1600,MATRIX,1.0,0.76,0,0,1.4,"[{'id': '7yd5mJB', 'name': 'EUR TOPCS1600 ATOM Datasets Theme', 'multiplier': 2.0}]",fundamental65,Factor Ratios and its Rank Model,model,Model,model-estimates-models,Estimates Models
fnd65_allcap_sedol_twepsstdrev,It is defined as the 6-month average of the time weighted sum of the FY1 and FY2 earnings estimate revisions adjusted by the standard deviations of earnings estimates.,"{'id': 'fundamental65', 'name': 'Factor Ratios and its Rank Model'}","{'id': 'model', 'name': 'Model'}","{'id': 'model-estimates-models', 'name': 'Estimates Models'}",EUR,1,TOPCS1600,MATRIX,1.0,0.7523,0,0,1.4,"[{'id': '7yd5mJB', 'name': 'EUR TOPCS1600 ATOM Datasets Theme', 'multiplier': 2.0}]",fundamental65,Factor Ratios and its Rank Model,model,Model,model-estimates-models,Estimates Models
fnd65_allcap_sedol_varresirtn,It is defined as the variance of a stock's monthly residual return in the last 24 months. The monthly residual return equals the stock's monthly return minus the product of the multiplication of a stock's proprietary 60-month beta by the S&P 500 index monthly return.,"{'id': 'fundamental65', 'name': 'Factor Ratios and its Rank Model'}","{'id': 'model', 'name': 'Model'}","{'id': 'model-estimates-models', 'name': 'Estimates Models'}",EUR,1,TOPCS1600,MATRIX,1.0,0.8028,0,0,1.4,"[{'id': '7yd5mJB', 'name': 'EUR TOPCS1600 ATOM Datasets Theme', 'multiplier': 2.0}]",fundamental65,Factor Ratios and its Rank Model,model,Model,model-estimates-models,Estimates Models
fnd65_allcap_sedol_vefcfmtt,It is defined as the trailing 12-month free cash flow (FCF) for a stock scaled by its enterprise value (EV). EV = Equity Market Value + Long-term Debt + Short-term Debt + Preferred Stock + Minority Interest - Cash.,"{'id': 'fundamental65', 'name': 'Factor Ratios and its Rank Model'}","{'id': 'model', 'name': 'Model'}","{'id': 'model-estimates-models', 'name': 'Estimates Models'}",EUR,1,TOPCS1600,MATRIX,1.0,0.8567,5,7,1.4,"[{'id': '7yd5mJB', 'name': 'EUR TOPCS1600 ATOM Datasets Theme', 'multiplier': 2.0}]",fundamental65,Factor Ratios and its Rank Model,model,Model,model-estimates-models,Estimates Models
fnd65_allcap_sedol_vefcomtt,It is defined as the trailing 12-month operating cash flow per share for a stock divided by its per share Enterprise Value.,"{'id': 'fundamental65', 'name': 'Factor Ratios and its Rank Model'}","{'id': 'model', 'name': 'Model'}","{'id': 'model-estimates-models', 'name': 'Estimates Models'}",EUR,1,TOPCS1600,MATRIX,1.0,0.8568,1,1,1.4,"[{'id': '7yd5mJB', 'name': 'EUR TOPCS1600 ATOM Datasets Theme', 'multiplier': 2.0}]",fundamental65,Factor Ratios and its Rank Model,model,Model,model-estimates-models,Estimates Models
fnd65_allcap_sedol_vesspem21f_cf,It is defined as the consensus forward 12-month earnings per share forecast divided by the sum of market value of common equity per share and book value of long-term debt per share.,"{'id': 'fundamental65', 'name': 'Factor Ratios and its Rank Model'}","{'id': 'model', 'name': 'Model'}","{'id': 'model-estimates-models', 'name': 'Estimates Models'}",EUR,1,TOPCS1600,MATRIX,1.0,0.8501,0,0,1.4,"[{'id': '7yd5mJB', 'name': 'EUR TOPCS1600 ATOM Datasets Theme', 'multiplier': 2.0}]",fundamental65,Factor Ratios and its Rank Model,model,Model,model-estimates-models,Estimates Models
fnd65_allcap_sedol_visiratio,It equals to a stock's most recent daily trading volume divided by the average daily trading volume in previous 50 trading days.,"{'id': 'fundamental65', 'name': 'Factor Ratios and its Rank Model'}","{'id': 'model', 'name': 'Model'}","{'id': 'model-estimates-models', 'name': 'Estimates Models'}",EUR,1,TOPCS1600,MATRIX,1.0,0.86,1,1,1.4,"[{'id': '7yd5mJB', 'name': 'EUR TOPCS1600 ATOM Datasets Theme', 'multiplier': 2.0}]",fundamental65,Factor Ratios and its Rank Model,model,Model,model-estimates-models,Estimates Models
fnd65_allcap_sedol_vnicw,It is defined as the most recent quarterly reported working capital divided by the inventory. Working capital is the difference between current assets and current liabilities.,"{'id': 'fundamental65', 'name': 'Factor Ratios and its Rank Model'}","{'id': 'model', 'name': 'Model'}","{'id': 'model-estimates-models', 'name': 'Estimates Models'}",EUR,1,TOPCS1600,MATRIX,1.0,0.618,0,0,1.4,"[{'id': '7yd5mJB', 'name': 'EUR TOPCS1600 ATOM Datasets Theme', 'multiplier': 2.0}]",fundamental65,Factor Ratios and its Rank Model,model,Model,model-estimates-models,Estimates Models
fnd65_allcap_sedol_vniu,It is defined as the difference between the current inventory level and the expected level of inventory (multiplying the prior year's closing account balance by the growth in costs of goods sold in the trailing 12 months) scaled by the total assets.,"{'id': 'fundamental65', 'name': 'Factor Ratios and its Rank Model'}","{'id': 'model', 'name': 'Model'}","{'id': 'model-estimates-models', 'name': 'Estimates Models'}",EUR,1,TOPCS1600,MATRIX,1.0,0.6496,0,0,1.4,"[{'id': '7yd5mJB', 'name': 'EUR TOPCS1600 ATOM Datasets Theme', 'multiplier': 2.0}]",fundamental65,Factor Ratios and its Rank Model,model,Model,model-estimates-models,Estimates Models
fnd65_allcap_sedol_voctni,It is defined as the most recently reported quarterly operating income before depreciation divided by the quarterly long-term debt interest expenses.,"{'id': 'fundamental65', 'name': 'Factor Ratios and its Rank Model'}","{'id': 'model', 'name': 'Model'}","{'id': 'model-estimates-models', 'name': 'Estimates Models'}",EUR,1,TOPCS1600,MATRIX,1.0,0.8471,1,1,1.4,"[{'id': '7yd5mJB', 'name': 'EUR TOPCS1600 ATOM Datasets Theme', 'multiplier': 2.0}]",fundamental65,Factor Ratios and its Rank Model,model,Model,model-estimates-models,Estimates Models
fnd65_allcap_sedol_volpre6m,"It is defined as the 6-month moving average of average monthly turnover ratio, which equals the number of shares traded each day deflated by the total number of shares outstanding.","{'id': 'fundamental65', 'name': 'Factor Ratios and its Rank Model'}","{'id': 'model', 'name': 'Model'}","{'id': 'model-estimates-models', 'name': 'Estimates Models'}",EUR,1,TOPCS1600,MATRIX,1.0,0.86,0,0,1.4,"[{'id': '7yd5mJB', 'name': 'EUR TOPCS1600 ATOM Datasets Theme', 'multiplier': 2.0}]",fundamental65,Factor Ratios and its Rank Model,model,Model,model-estimates-models,Estimates Models
fnd65_allcap_sedol_volto,It is defined as the monthly total trading volume divided by the most recently reported total outstanding shares.,"{'id': 'fundamental65', 'name': 'Factor Ratios and its Rank Model'}","{'id': 'model', 'name': 'Model'}","{'id': 'model-estimates-models', 'name': 'Estimates Models'}",EUR,1,TOPCS1600,MATRIX,1.0,0.8606,0,0,1.4,"[{'id': '7yd5mJB', 'name': 'EUR TOPCS1600 ATOM Datasets Theme', 'multiplier': 2.0}]",fundamental65,Factor Ratios and its Rank Model,model,Model,model-estimates-models,Estimates Models
fnd65_allcap_sedol_w57w03_rp,It is defined as the moving average of a stock's prices in last 30 weeks divided by the moving average of its prices in last 75 weeks.,"{'id': 'fundamental65', 'name': 'Factor Ratios and its Rank Model'}","{'id': 'model', 'name': 'Model'}","{'id': 'model-estimates-models', 'name': 'Estimates Models'}",EUR,1,TOPCS1600,MATRIX,1.0,0.8446,0,0,1.4,"[{'id': '7yd5mJB', 'name': 'EUR TOPCS1600 ATOM Datasets Theme', 'multiplier': 2.0}]",fundamental65,Factor Ratios and its Rank Model,model,Model,model-estimates-models,Estimates Models
fnd65_allcap_sedol_w62isr,It is defined as a stock's most recent weekly closing price divided by its weekly closing price 26 weeks ago.,"{'id': 'fundamental65', 'name': 'Factor Ratios and its Rank Model'}","{'id': 'model', 'name': 'Model'}","{'id': 'model-estimates-models', 'name': 'Estimates Models'}",EUR,1,TOPCS1600,MATRIX,1.0,0.854,0,0,1.4,"[{'id': '7yd5mJB', 'name': 'EUR TOPCS1600 ATOM Datasets Theme', 'multiplier': 2.0}]",fundamental65,Factor Ratios and its Rank Model,model,Model,model-estimates-models,Estimates Models
fnd65_allcap_sedol_w93ntr,It is defined as a stock's price change from week t-43 to week t-4.,"{'id': 'fundamental65', 'name': 'Factor Ratios and its Rank Model'}","{'id': 'model', 'name': 'Model'}","{'id': 'model-estimates-models', 'name': 'Estimates Models'}",EUR,1,TOPCS1600,MATRIX,1.0,0.8499,0,0,1.4,"[{'id': '7yd5mJB', 'name': 'EUR TOPCS1600 ATOM Datasets Theme', 'multiplier': 2.0}]",fundamental65,Factor Ratios and its Rank Model,model,Model,model-estimates-models,Estimates Models
fnd65_allcap_sedol_wcast,It is defined as the average working capital in the trailing 12 months divided by the average total assets in the same period.,"{'id': 'fundamental65', 'name': 'Factor Ratios and its Rank Model'}","{'id': 'model', 'name': 'Model'}","{'id': 'model-estimates-models', 'name': 'Estimates Models'}",EUR,1,TOPCS1600,MATRIX,1.0,0.696,0,0,1.4,"[{'id': '7yd5mJB', 'name': 'EUR TOPCS1600 ATOM Datasets Theme', 'multiplier': 2.0}]",fundamental65,Factor Ratios and its Rank Model,model,Model,model-estimates-models,Estimates Models
fnd65_allcap_sedol_xiv,"It is defined as the beta coefficient to change in market volatility, which is estimated by a 60-month multiple regression of returns on several macroeconomic factors.","{'id': 'fundamental65', 'name': 'Factor Ratios and its Rank Model'}","{'id': 'model', 'name': 'Model'}","{'id': 'model-estimates-models', 'name': 'Estimates Models'}",EUR,1,TOPCS1600,MATRIX,1.0,0.8499,0,0,1.4,"[{'id': '7yd5mJB', 'name': 'EUR TOPCS1600 ATOM Datasets Theme', 'multiplier': 2.0}]",fundamental65,Factor Ratios and its Rank Model,model,Model,model-estimates-models,Estimates Models
fnd65_allcap_sedol_y5speq4rqsr,It is defined as the conditional square of the correlation between monthly dates and the corresponding trailing 12-month earnings per share before extra items in the prior 20 quarters.,"{'id': 'fundamental65', 'name': 'Factor Ratios and its Rank Model'}","{'id': 'model', 'name': 'Model'}","{'id': 'model-estimates-models', 'name': 'Estimates Models'}",EUR,1,TOPCS1600,MATRIX,1.0,0.8506,0,0,1.4,"[{'id': '7yd5mJB', 'name': 'EUR TOPCS1600 ATOM Datasets Theme', 'multiplier': 2.0}]",fundamental65,Factor Ratios and its Rank Model,model,Model,model-estimates-models,Estimates Models
fnd65_allcap_sedol_y5speq4vc,It is defined as the standard deviation of a stock's last 90 days closing prices divided by the mean of these prices.,"{'id': 'fundamental65', 'name': 'Factor Ratios and its Rank Model'}","{'id': 'model', 'name': 'Model'}","{'id': 'model-estimates-models', 'name': 'Estimates Models'}",EUR,1,TOPCS1600,MATRIX,1.0,0.8506,0,0,1.4,"[{'id': '7yd5mJB', 'name': 'EUR TOPCS1600 ATOM Datasets Theme', 'multiplier': 2.0}]",fundamental65,Factor Ratios and its Rank Model,model,Model,model-estimates-models,Estimates Models
fnd65_allcap_sedol_ydp_cf,It is defined as an assumed payout ratio multiplied by the next 4-quarter consensus earnings estimate divided by trading price. The payout ratio assumption is 10%+84%*Payout Ratio in last Year - 38%*consensus long-term earnings growth rate.,"{'id': 'fundamental65', 'name': 'Factor Ratios and its Rank Model'}","{'id': 'model', 'name': 'Model'}","{'id': 'model-estimates-models', 'name': 'Estimates Models'}",EUR,1,TOPCS1600,MATRIX,1.0,0.661,0,0,1.4,"[{'id': '7yd5mJB', 'name': 'EUR TOPCS1600 ATOM Datasets Theme', 'multiplier': 2.0}]",fundamental65,Factor Ratios and its Rank Model,model,Model,model-estimates-models,Estimates Models
fnd65_allcap_sedol_yen,"It is defined as the average of three normalized earnings calculated by ROE, NPM, and EPS FY2, scaled by price.","{'id': 'fundamental65', 'name': 'Factor Ratios and its Rank Model'}","{'id': 'model', 'name': 'Model'}","{'id': 'model-estimates-models', 'name': 'Estimates Models'}",EUR,1,TOPCS1600,MATRIX,1.0,0.7362,0,0,1.4,"[{'id': '7yd5mJB', 'name': 'EUR TOPCS1600 ATOM Datasets Theme', 'multiplier': 2.0}]",fundamental65,Factor Ratios and its Rank Model,model,Model,model-estimates-models,Estimates Models
fnd65_allcap_sedol_yieldsprd,"It is defined as the beta coefficient to Change in Slope of Term Structure, which is estimated by a 60-month multiple regression of returns on several macroeconomic factors.","{'id': 'fundamental65', 'name': 'Factor Ratios and its Rank Model'}","{'id': 'model', 'name': 'Model'}","{'id': 'model-estimates-models', 'name': 'Estimates Models'}",EUR,1,TOPCS1600,MATRIX,1.0,0.8499,0,0,1.4,"[{'id': '7yd5mJB', 'name': 'EUR TOPCS1600 ATOM Datasets Theme', 'multiplier': 2.0}]",fundamental65,Factor Ratios and its Rank Model,model,Model,model-estimates-models,Estimates Models
fnd65_allcap_sedol_yoychgaa,"It is defined as the trailing 12-month income before extra items less the trailing 12-month operating cash flow, then scaled by the average total assets, then minus the scaled difference for the same quarter one year ago.","{'id': 'fundamental65', 'name': 'Factor Ratios and its Rank Model'}","{'id': 'model', 'name': 'Model'}","{'id': 'model-estimates-models', 'name': 'Estimates Models'}",EUR,1,TOPCS1600,MATRIX,1.0,0.8545,0,0,1.4,"[{'id': '7yd5mJB', 'name': 'EUR TOPCS1600 ATOM Datasets Theme', 'multiplier': 2.0}]",fundamental65,Factor Ratios and its Rank Model,model,Model,model-estimates-models,Estimates Models
fnd65_allcap_sedol_yoychgcr,It is defined as the most recent reported quarterly current ratio and the current ratio for the same quarter one year ago. Current ratio equals to current assets divided by current liabiities.,"{'id': 'fundamental65', 'name': 'Factor Ratios and its Rank Model'}","{'id': 'model', 'name': 'Model'}","{'id': 'model-estimates-models', 'name': 'Estimates Models'}",EUR,1,TOPCS1600,MATRIX,1.0,0.6953,0,0,1.4,"[{'id': '7yd5mJB', 'name': 'EUR TOPCS1600 ATOM Datasets Theme', 'multiplier': 2.0}]",fundamental65,Factor Ratios and its Rank Model,model,Model,model-estimates-models,Estimates Models
fnd65_allcap_sedol_yoychgda,It is defined as the difference between the most recent reported quarterly total liabilities as a percentage of the reported total assets and the percentage for the same quarter one year ago.,"{'id': 'fundamental65', 'name': 'Factor Ratios and its Rank Model'}","{'id': 'model', 'name': 'Model'}","{'id': 'model-estimates-models', 'name': 'Estimates Models'}",EUR,1,TOPCS1600,MATRIX,1.0,0.858,0,0,1.4,"[{'id': '7yd5mJB', 'name': 'EUR TOPCS1600 ATOM Datasets Theme', 'multiplier': 2.0}]",fundamental65,Factor Ratios and its Rank Model,model,Model,model-estimates-models,Estimates Models
fnd65_allcap_sedol_yoychggpm,It is defined as the most recent quarterly reported gross profit margin minus the margin for the same quarter one year ago. Gross profit margin equals the difference between sales and cost of goods sold then scaled by the sales.,"{'id': 'fundamental65', 'name': 'Factor Ratios and its Rank Model'}","{'id': 'model', 'name': 'Model'}","{'id': 'model-estimates-models', 'name': 'Estimates Models'}",EUR,1,TOPCS1600,MATRIX,1.0,0.7387,1,1,1.4,"[{'id': '7yd5mJB', 'name': 'EUR TOPCS1600 ATOM Datasets Theme', 'multiplier': 2.0}]",fundamental65,Factor Ratios and its Rank Model,model,Model,model-estimates-models,Estimates Models
fnd65_allcap_sedol_yoychgroa,It is defined as the most recent trailing 12-month income before extra items as a percentage of total assets minus the percentage for the same quarter one year ago.,"{'id': 'fundamental65', 'name': 'Factor Ratios and its Rank Model'}","{'id': 'model', 'name': 'Model'}","{'id': 'model-estimates-models', 'name': 'Estimates Models'}",EUR,1,TOPCS1600,MATRIX,1.0,0.8572,0,0,1.4,"[{'id': '7yd5mJB', 'name': 'EUR TOPCS1600 ATOM Datasets Theme', 'multiplier': 2.0}]",fundamental65,Factor Ratios and its Rank Model,model,Model,model-estimates-models,Estimates Models
fnd65_allcap_sedol_yoychgroeart,It is defined as the yearly arithmetic change in the ratio of trailing-twelve-month earnings before extraordinary items (Quarterly data) divided by current total book equity.,"{'id': 'fundamental65', 'name': 'Factor Ratios and its Rank Model'}","{'id': 'model', 'name': 'Model'}","{'id': 'model-estimates-models', 'name': 'Estimates Models'}",EUR,1,TOPCS1600,MATRIX,1.0,0.8458,0,0,1.4,"[{'id': '7yd5mJB', 'name': 'EUR TOPCS1600 ATOM Datasets Theme', 'multiplier': 2.0}]",fundamental65,Factor Ratios and its Rank Model,model,Model,model-estimates-models,Estimates Models
fnd65_allcap_sedol_yoychgroepct,It is defined as the yearly percentage change in the ratio of the TTM earnings before extraordinary items (Quarterly data) divided by current total book equity.,"{'id': 'fundamental65', 'name': 'Factor Ratios and its Rank Model'}","{'id': 'model', 'name': 'Model'}","{'id': 'model-estimates-models', 'name': 'Estimates Models'}",EUR,1,TOPCS1600,MATRIX,1.0,0.8152,0,0,1.4,"[{'id': '7yd5mJB', 'name': 'EUR TOPCS1600 ATOM Datasets Theme', 'multiplier': 2.0}]",fundamental65,Factor Ratios and its Rank Model,model,Model,model-estimates-models,Estimates Models
fnd65_dev_sedol_52whigh,It is defined as the month-end price divided by the highest monthly closing price in the past 12-month.,"{'id': 'fundamental65', 'name': 'Factor Ratios and its Rank Model'}","{'id': 'model', 'name': 'Model'}","{'id': 'model-estimates-models', 'name': 'Estimates Models'}",EUR,1,TOPCS1600,MATRIX,1.0,0.7458,0,0,1.4,"[{'id': '7yd5mJB', 'name': 'EUR TOPCS1600 ATOM Datasets Theme', 'multiplier': 2.0}]",fundamental65,Factor Ratios and its Rank Model,model,Model,model-estimates-models,Estimates Models
fnd65_dev_sedol_60dsigma,Sigma is defined as the standard deviation of monthly price returns.,"{'id': 'fundamental65', 'name': 'Factor Ratios and its Rank Model'}","{'id': 'model', 'name': 'Model'}","{'id': 'model-estimates-models', 'name': 'Estimates Models'}",EUR,1,TOPCS1600,MATRIX,1.0,0.7429,0,0,1.4,"[{'id': '7yd5mJB', 'name': 'EUR TOPCS1600 ATOM Datasets Theme', 'multiplier': 2.0}]",fundamental65,Factor Ratios and its Rank Model,model,Model,model-estimates-models,Estimates Models
fnd65_dev_sedol_6351_rp,It is defined as the moving average of a stock's prices in last 15-week divided by the moving average of its prices in last 36-week.,"{'id': 'fundamental65', 'name': 'Factor Ratios and its Rank Model'}","{'id': 'model', 'name': 'Model'}","{'id': 'model-estimates-models', 'name': 'Estimates Models'}",EUR,1,TOPCS1600,MATRIX,1.0,0.7366,0,0,1.4,"[{'id': '7yd5mJB', 'name': 'EUR TOPCS1600 ATOM Datasets Theme', 'multiplier': 2.0}]",fundamental65,Factor Ratios and its Rank Model,model,Model,model-estimates-models,Estimates Models
fnd65_dev_sedol_actrtn12m,It is defined as the percent change in price for a stock from month t-13 to month t-1.,"{'id': 'fundamental65', 'name': 'Factor Ratios and its Rank Model'}","{'id': 'model', 'name': 'Model'}","{'id': 'model-estimates-models', 'name': 'Estimates Models'}",EUR,1,TOPCS1600,MATRIX,1.0,0.7284,0,0,1.4,"[{'id': '7yd5mJB', 'name': 'EUR TOPCS1600 ATOM Datasets Theme', 'multiplier': 2.0}]",fundamental65,Factor Ratios and its Rank Model,model,Model,model-estimates-models,Estimates Models
fnd65_dev_sedol_actrtn18m,It is defined as the percent change in price for a stock from month t-19 to month t-1.,"{'id': 'fundamental65', 'name': 'Factor Ratios and its Rank Model'}","{'id': 'model', 'name': 'Model'}","{'id': 'model-estimates-models', 'name': 'Estimates Models'}",EUR,1,TOPCS1600,MATRIX,1.0,0.7184,0,0,1.4,"[{'id': '7yd5mJB', 'name': 'EUR TOPCS1600 ATOM Datasets Theme', 'multiplier': 2.0}]",fundamental65,Factor Ratios and its Rank Model,model,Model,model-estimates-models,Estimates Models
fnd65_dev_sedol_actrtn1m,It is defined as the percent change in price for a stock from month t-1 to month t.,"{'id': 'fundamental65', 'name': 'Factor Ratios and its Rank Model'}","{'id': 'model', 'name': 'Model'}","{'id': 'model-estimates-models', 'name': 'Estimates Models'}",EUR,1,TOPCS1600,MATRIX,1.0,0.7471,0,0,1.4,"[{'id': '7yd5mJB', 'name': 'EUR TOPCS1600 ATOM Datasets Theme', 'multiplier': 2.0}]",fundamental65,Factor Ratios and its Rank Model,model,Model,model-estimates-models,Estimates Models
fnd65_dev_sedol_actrtn24m,It is defined as the percent change in price for a stock from month t-25 to month t-1.,"{'id': 'fundamental65', 'name': 'Factor Ratios and its Rank Model'}","{'id': 'model', 'name': 'Model'}","{'id': 'model-estimates-models', 'name': 'Estimates Models'}",EUR,1,TOPCS1600,MATRIX,1.0,0.7087,0,0,1.4,"[{'id': '7yd5mJB', 'name': 'EUR TOPCS1600 ATOM Datasets Theme', 'multiplier': 2.0}]",fundamental65,Factor Ratios and its Rank Model,model,Model,model-estimates-models,Estimates Models
fnd65_dev_sedol_actrtn2m,It is defined as the percent change in price for a stock from month t-2 to month t.,"{'id': 'fundamental65', 'name': 'Factor Ratios and its Rank Model'}","{'id': 'model', 'name': 'Model'}","{'id': 'model-estimates-models', 'name': 'Estimates Models'}",EUR,1,TOPCS1600,MATRIX,1.0,0.7465,0,0,1.4,"[{'id': '7yd5mJB', 'name': 'EUR TOPCS1600 ATOM Datasets Theme', 'multiplier': 2.0}]",fundamental65,Factor Ratios and its Rank Model,model,Model,model-estimates-models,Estimates Models
fnd65_dev_sedol_actrtn36m,It is defined as the percent change in price for a stock from month t-37 to month t-1.,"{'id': 'fundamental65', 'name': 'Factor Ratios and its Rank Model'}","{'id': 'model', 'name': 'Model'}","{'id': 'model-estimates-models', 'name': 'Estimates Models'}",EUR,1,TOPCS1600,MATRIX,1.0,0.6881,0,0,1.4,"[{'id': '7yd5mJB', 'name': 'EUR TOPCS1600 ATOM Datasets Theme', 'multiplier': 2.0}]",fundamental65,Factor Ratios and its Rank Model,model,Model,model-estimates-models,Estimates Models
fnd65_dev_sedol_actrtn3m,It is defined as the percent change in price for a stock from month t-3 to month t.,"{'id': 'fundamental65', 'name': 'Factor Ratios and its Rank Model'}","{'id': 'model', 'name': 'Model'}","{'id': 'model-estimates-models', 'name': 'Estimates Models'}",EUR,1,TOPCS1600,MATRIX,1.0,0.7452,0,0,1.4,"[{'id': '7yd5mJB', 'name': 'EUR TOPCS1600 ATOM Datasets Theme', 'multiplier': 2.0}]",fundamental65,Factor Ratios and its Rank Model,model,Model,model-estimates-models,Estimates Models
fnd65_dev_sedol_actrtn60m,It is defined as the percent change in price for a stock from month t-61 to month t-1.,"{'id': 'fundamental65', 'name': 'Factor Ratios and its Rank Model'}","{'id': 'model', 'name': 'Model'}","{'id': 'model-estimates-models', 'name': 'Estimates Models'}",EUR,1,TOPCS1600,MATRIX,1.0,0.65,0,0,1.4,"[{'id': '7yd5mJB', 'name': 'EUR TOPCS1600 ATOM Datasets Theme', 'multiplier': 2.0}]",fundamental65,Factor Ratios and its Rank Model,model,Model,model-estimates-models,Estimates Models
fnd65_dev_sedol_actrtn60m12lag,It is defined as the percent change in price for a stock from month t-72 to month t-12.,"{'id': 'fundamental65', 'name': 'Factor Ratios and its Rank Model'}","{'id': 'model', 'name': 'Model'}","{'id': 'model-estimates-models', 'name': 'Estimates Models'}",EUR,1,TOPCS1600,MATRIX,1.0,0.6288,0,0,1.4,"[{'id': '7yd5mJB', 'name': 'EUR TOPCS1600 ATOM Datasets Theme', 'multiplier': 2.0}]",fundamental65,Factor Ratios and its Rank Model,model,Model,model-estimates-models,Estimates Models
fnd65_dev_sedol_actrtn6m,It is defined the percent change in price for a stock from month t-7 to month t-1.,"{'id': 'fundamental65', 'name': 'Factor Ratios and its Rank Model'}","{'id': 'model', 'name': 'Model'}","{'id': 'model-estimates-models', 'name': 'Estimates Models'}",EUR,1,TOPCS1600,MATRIX,1.0,0.7383,0,0,1.4,"[{'id': '7yd5mJB', 'name': 'EUR TOPCS1600 ATOM Datasets Theme', 'multiplier': 2.0}]",fundamental65,Factor Ratios and its Rank Model,model,Model,model-estimates-models,Estimates Models
fnd65_dev_sedol_actrtn9m,It is defined as a stock's price percent change from month t-10 to month t-1.,"{'id': 'fundamental65', 'name': 'Factor Ratios and its Rank Model'}","{'id': 'model', 'name': 'Model'}","{'id': 'model-estimates-models', 'name': 'Estimates Models'}",EUR,1,TOPCS1600,MATRIX,1.0,0.7343,0,0,1.4,"[{'id': '7yd5mJB', 'name': 'EUR TOPCS1600 ATOM Datasets Theme', 'multiplier': 2.0}]",fundamental65,Factor Ratios and its Rank Model,model,Model,model-estimates-models,Estimates Models
fnd65_dev_sedol_ad,It is defined as the most recently reported total debt divided by total assets.,"{'id': 'fundamental65', 'name': 'Factor Ratios and its Rank Model'}","{'id': 'model', 'name': 'Model'}","{'id': 'model-estimates-models', 'name': 'Estimates Models'}",EUR,1,TOPCS1600,MATRIX,1.0,0.7167,0,0,1.4,"[{'id': '7yd5mJB', 'name': 'EUR TOPCS1600 ATOM Datasets Theme', 'multiplier': 2.0}]",fundamental65,Factor Ratios and its Rank Model,model,Model,model-estimates-models,Estimates Models
fnd65_dev_sedol_adpmoc,"It is defined as the most recently reported sum of long-term debt, short-term debt, underfunded pension liabilities, operating lease expense, and preferred stock, divided by the total assets.","{'id': 'fundamental65', 'name': 'Factor Ratios and its Rank Model'}","{'id': 'model', 'name': 'Model'}","{'id': 'model-estimates-models', 'name': 'Estimates Models'}",EUR,1,TOPCS1600,MATRIX,1.0,0.7355,0,0,1.4,"[{'id': '7yd5mJB', 'name': 'EUR TOPCS1600 ATOM Datasets Theme', 'multiplier': 2.0}]",fundamental65,Factor Ratios and its Rank Model,model,Model,model-estimates-models,Estimates Models
fnd65_dev_sedol_ags,"It is defined as the trailing 12-month selling, general management, and administration expenses divided by the trailing 12-month sales.","{'id': 'fundamental65', 'name': 'Factor Ratios and its Rank Model'}","{'id': 'model', 'name': 'Model'}","{'id': 'model-estimates-models', 'name': 'Estimates Models'}",EUR,1,TOPCS1600,MATRIX,1.0,0.6044,0,0,1.4,"[{'id': '7yd5mJB', 'name': 'EUR TOPCS1600 ATOM Datasets Theme', 'multiplier': 2.0}]",fundamental65,Factor Ratios and its Rank Model,model,Model,model-estimates-models,Estimates Models
fnd65_dev_sedol_alpha60m,It is defined as the intercept of the regression line which best fits a stock's monthly price return against the S&P 500 index monthly return over last 60-month period.,"{'id': 'fundamental65', 'name': 'Factor Ratios and its Rank Model'}","{'id': 'model', 'name': 'Model'}","{'id': 'model-estimates-models', 'name': 'Estimates Models'}",EUR,1,TOPCS1600,MATRIX,1.0,0.6509,0,0,1.4,"[{'id': '7yd5mJB', 'name': 'EUR TOPCS1600 ATOM Datasets Theme', 'multiplier': 2.0}]",fundamental65,Factor Ratios and its Rank Model,model,Model,model-estimates-models,Estimates Models
fnd65_dev_sedol_altmanz,Altman Z = 1.2* (Current Assets - Current Liabilities)/TA + 1.4*Retained Earnings/TA + 3.3*Earnings before Interest and Taxes/TA+ 0.6*Market Value of Preferred and Common Equity/Book Value of Total Liabilities + 1.0*Sales/TA where TA denotes total assets.,"{'id': 'fundamental65', 'name': 'Factor Ratios and its Rank Model'}","{'id': 'model', 'name': 'Model'}","{'id': 'model-estimates-models', 'name': 'Estimates Models'}",EUR,1,TOPCS1600,MATRIX,1.0,0.5901,0,0,1.4,"[{'id': '7yd5mJB', 'name': 'EUR TOPCS1600 ATOM Datasets Theme', 'multiplier': 2.0}]",fundamental65,Factor Ratios and its Rank Model,model,Model,model-estimates-models,Estimates Models
fnd65_dev_sedol_aoer,It is defined as the reported cumulative retained earnings from the most recent quarter deflated by reported total assets from the most recent quarter.,"{'id': 'fundamental65', 'name': 'Factor Ratios and its Rank Model'}","{'id': 'model', 'name': 'Model'}","{'id': 'model-estimates-models', 'name': 'Estimates Models'}",EUR,1,TOPCS1600,MATRIX,1.0,0.7429,0,0,1.4,"[{'id': '7yd5mJB', 'name': 'EUR TOPCS1600 ATOM Datasets Theme', 'multiplier': 2.0}]",fundamental65,Factor Ratios and its Rank Model,model,Model,model-estimates-models,Estimates Models
fnd65_dev_sedol_aor,It is defined as the trailing 12-month income before extra items divided by the average of total assets in the same period.,"{'id': 'fundamental65', 'name': 'Factor Ratios and its Rank Model'}","{'id': 'model', 'name': 'Model'}","{'id': 'model-estimates-models', 'name': 'Estimates Models'}",EUR,1,TOPCS1600,MATRIX,1.0,0.7458,0,0,1.4,"[{'id': '7yd5mJB', 'name': 'EUR TOPCS1600 ATOM Datasets Theme', 'multiplier': 2.0}]",fundamental65,Factor Ratios and its Rank Model,model,Model,model-estimates-models,Estimates Models
fnd65_dev_sedol_apemtt,It is defined as the most recently reported trailing 12-month earnings per share after extraordinary items for a stock divided by its trading price.,"{'id': 'fundamental65', 'name': 'Factor Ratios and its Rank Model'}","{'id': 'model', 'name': 'Model'}","{'id': 'model-estimates-models', 'name': 'Estimates Models'}",EUR,1,TOPCS1600,MATRIX,1.0,0.745,0,0,1.4,"[{'id': '7yd5mJB', 'name': 'EUR TOPCS1600 ATOM Datasets Theme', 'multiplier': 2.0}]",fundamental65,Factor Ratios and its Rank Model,model,Model,model-estimates-models,Estimates Models
fnd65_dev_sedol_apg,It is defined as the TTM (Sales - COGS) divided by Total Assets.,"{'id': 'fundamental65', 'name': 'Factor Ratios and its Rank Model'}","{'id': 'model', 'name': 'Model'}","{'id': 'model-estimates-models', 'name': 'Estimates Models'}",EUR,1,TOPCS1600,MATRIX,1.0,0.657,0,0,1.4,"[{'id': '7yd5mJB', 'name': 'EUR TOPCS1600 ATOM Datasets Theme', 'multiplier': 2.0}]",fundamental65,Factor Ratios and its Rank Model,model,Model,model-estimates-models,Estimates Models
fnd65_dev_sedol_apgghcy1_,It is defined as the difference between the most recently reported quarterly gross profit to assets and that of the same quarter one year ago. Gross profit to assets = TTM (Sales-COGS)/ Total Assets. COGS is cost of goods sold.,"{'id': 'fundamental65', 'name': 'Factor Ratios and its Rank Model'}","{'id': 'model', 'name': 'Model'}","{'id': 'model-estimates-models', 'name': 'Estimates Models'}",EUR,1,TOPCS1600,MATRIX,1.0,0.6525,0,0,1.4,"[{'id': '7yd5mJB', 'name': 'EUR TOPCS1600 ATOM Datasets Theme', 'multiplier': 2.0}]",fundamental65,Factor Ratios and its Rank Model,model,Model,model-estimates-models,Estimates Models
fnd65_dev_sedol_apgghcy3_,It is defined as the difference between the most recent quarterly reported gross profit to assets and that of the same quarter three year ago. Gross profit to assets = TTM (Sales-COGS)/ Total Assets,"{'id': 'fundamental65', 'name': 'Factor Ratios and its Rank Model'}","{'id': 'model', 'name': 'Model'}","{'id': 'model-estimates-models', 'name': 'Estimates Models'}",EUR,1,TOPCS1600,MATRIX,1.0,0.637,0,0,1.4,"[{'id': '7yd5mJB', 'name': 'EUR TOPCS1600 ATOM Datasets Theme', 'multiplier': 2.0}]",fundamental65,Factor Ratios and its Rank Model,model,Model,model-estimates-models,Estimates Models
fnd65_dev_sedol_apsales,It is defined as the annual aggregate sales for Asia-Pacific as reported by the company divided by total annual sales.,"{'id': 'fundamental65', 'name': 'Factor Ratios and its Rank Model'}","{'id': 'model', 'name': 'Model'}","{'id': 'model-estimates-models', 'name': 'Estimates Models'}",EUR,1,TOPCS1600,MATRIX,1.0,0.2817,0,0,1.4,"[{'id': '7yd5mJB', 'name': 'EUR TOPCS1600 ATOM Datasets Theme', 'multiplier': 2.0}]",fundamental65,Factor Ratios and its Rank Model,model,Model,model-estimates-models,Estimates Models
fnd65_dev_sedol_aspanratio,It is defined as a stock's quarterly operating assets minus its operating liabilities deflated by the lagged total assets.,"{'id': 'fundamental65', 'name': 'Factor Ratios and its Rank Model'}","{'id': 'model', 'name': 'Model'}","{'id': 'model-estimates-models', 'name': 'Estimates Models'}",EUR,1,TOPCS1600,MATRIX,1.0,0.667,0,0,1.4,"[{'id': '7yd5mJB', 'name': 'EUR TOPCS1600 ATOM Datasets Theme', 'multiplier': 2.0}]",fundamental65,Factor Ratios and its Rank Model,model,Model,model-estimates-models,Estimates Models
fnd65_dev_sedol_aspemtty3gc,It is defined as the 3 year geometric growth rate of the most recently reported TTM EPS after extraordinary items for a stock.,"{'id': 'fundamental65', 'name': 'Factor Ratios and its Rank Model'}","{'id': 'model', 'name': 'Model'}","{'id': 'model-estimates-models', 'name': 'Estimates Models'}",EUR,1,TOPCS1600,MATRIX,1.0,0.7233,0,0,1.4,"[{'id': '7yd5mJB', 'name': 'EUR TOPCS1600 ATOM Datasets Theme', 'multiplier': 2.0}]",fundamental65,Factor Ratios and its Rank Model,model,Model,model-estimates-models,Estimates Models
fnd65_dev_sedol_astcomp,It is defined as the total current assets from the most recent quarter divided by the total assets from the most recent quarter.,"{'id': 'fundamental65', 'name': 'Factor Ratios and its Rank Model'}","{'id': 'model', 'name': 'Model'}","{'id': 'model-estimates-models', 'name': 'Estimates Models'}",EUR,1,TOPCS1600,MATRIX,1.0,0.5963,0,0,1.4,"[{'id': '7yd5mJB', 'name': 'EUR TOPCS1600 ATOM Datasets Theme', 'multiplier': 2.0}]",fundamental65,Factor Ratios and its Rank Model,model,Model,model-estimates-models,Estimates Models
fnd65_dev_sedol_astto,It is defined as the trailing 12-month sales divided by the most recently reported quarterly assets.,"{'id': 'fundamental65', 'name': 'Factor Ratios and its Rank Model'}","{'id': 'model', 'name': 'Model'}","{'id': 'model-estimates-models', 'name': 'Estimates Models'}",EUR,1,TOPCS1600,MATRIX,1.0,0.7442,0,0,1.4,"[{'id': '7yd5mJB', 'name': 'EUR TOPCS1600 ATOM Datasets Theme', 'multiplier': 2.0}]",fundamental65,Factor Ratios and its Rank Model,model,Model,model-estimates-models,Estimates Models
fnd65_dev_sedol_avg10yep,"It is defined as the average earnings of the stock over the past 10-year, divided by its current price.","{'id': 'fundamental65', 'name': 'Factor Ratios and its Rank Model'}","{'id': 'model', 'name': 'Model'}","{'id': 'model-estimates-models', 'name': 'Estimates Models'}",EUR,1,TOPCS1600,MATRIX,1.0,0.6998,0,0,1.4,"[{'id': '7yd5mJB', 'name': 'EUR TOPCS1600 ATOM Datasets Theme', 'multiplier': 2.0}]",fundamental65,Factor Ratios and its Rank Model,model,Model,model-estimates-models,Estimates Models
fnd65_dev_sedol_beta,It is defined as 0.67 times the 60-month beta plus 0.33. Beta is the covariance between a stock's monthly return and the monthly S&P 500 index return in the prior 60-month period divided by the variance of the monthly S&P 500 index return in the same period.,"{'id': 'fundamental65', 'name': 'Factor Ratios and its Rank Model'}","{'id': 'model', 'name': 'Model'}","{'id': 'model-estimates-models', 'name': 'Estimates Models'}",EUR,1,TOPCS1600,MATRIX,1.0,0.6642,0,0,1.4,"[{'id': '7yd5mJB', 'name': 'EUR TOPCS1600 ATOM Datasets Theme', 'multiplier': 2.0}]",fundamental65,Factor Ratios and its Rank Model,model,Model,model-estimates-models,Estimates Models
fnd65_dev_sedol_betasigma,It is defined as the product of the adjusted 60-month Beta and 60-month Sigma (standard deviation of monthly price returns).,"{'id': 'fundamental65', 'name': 'Factor Ratios and its Rank Model'}","{'id': 'model', 'name': 'Model'}","{'id': 'model-estimates-models', 'name': 'Estimates Models'}",EUR,1,TOPCS1600,MATRIX,1.0,0.6512,0,0,1.4,"[{'id': '7yd5mJB', 'name': 'EUR TOPCS1600 ATOM Datasets Theme', 'multiplier': 2.0}]",fundamental65,Factor Ratios and its Rank Model,model,Model,model-estimates-models,Estimates Models
fnd65_dev_sedol_bmpo,It is defined as the most recently reported quarterly operating income divided by the corresponding quarterly sales.,"{'id': 'fundamental65', 'name': 'Factor Ratios and its Rank Model'}","{'id': 'model', 'name': 'Model'}","{'id': 'model-estimates-models', 'name': 'Estimates Models'}",EUR,1,TOPCS1600,MATRIX,1.0,0.7374,0,0,1.4,"[{'id': '7yd5mJB', 'name': 'EUR TOPCS1600 ATOM Datasets Theme', 'multiplier': 2.0}]",fundamental65,Factor Ratios and its Rank Model,model,Model,model-estimates-models,Estimates Models
fnd65_dev_sedol_booklev,It is defined as the most recently reported quarterly total assets divided by the book equity.,"{'id': 'fundamental65', 'name': 'Factor Ratios and its Rank Model'}","{'id': 'model', 'name': 'Model'}","{'id': 'model-estimates-models', 'name': 'Estimates Models'}",EUR,1,TOPCS1600,MATRIX,1.0,0.7456,0,0,1.4,"[{'id': '7yd5mJB', 'name': 'EUR TOPCS1600 ATOM Datasets Theme', 'multiplier': 2.0}]",fundamental65,Factor Ratios and its Rank Model,model,Model,model-estimates-models,Estimates Models
fnd65_dev_sedol_bpemtt,It is defined as the most recently reported trailing 12-month earnings per share before extraordinary items for a stock divided by its trading price.,"{'id': 'fundamental65', 'name': 'Factor Ratios and its Rank Model'}","{'id': 'model', 'name': 'Model'}","{'id': 'model-estimates-models', 'name': 'Estimates Models'}",EUR,1,TOPCS1600,MATRIX,1.0,0.745,0,0,1.4,"[{'id': '7yd5mJB', 'name': 'EUR TOPCS1600 ATOM Datasets Theme', 'multiplier': 2.0}]",fundamental65,Factor Ratios and its Rank Model,model,Model,model-estimates-models,Estimates Models
fnd65_dev_sedol_capacq,It is defined as the trailing 12-month operating cash flow less than the trailing 12-month cash dividends and then divided by the total expenditures in the same period.,"{'id': 'fundamental65', 'name': 'Factor Ratios and its Rank Model'}","{'id': 'model', 'name': 'Model'}","{'id': 'model-estimates-models', 'name': 'Estimates Models'}",EUR,1,TOPCS1600,MATRIX,1.0,0.736,0,0,1.4,"[{'id': '7yd5mJB', 'name': 'EUR TOPCS1600 ATOM Datasets Theme', 'multiplier': 2.0}]",fundamental65,Factor Ratios and its Rank Model,model,Model,model-estimates-models,Estimates Models
fnd65_dev_sedol_capexast,It is defined as trailing 12-month capital expenditures divided by the total assets from the most recent quarter.,"{'id': 'fundamental65', 'name': 'Factor Ratios and its Rank Model'}","{'id': 'model', 'name': 'Model'}","{'id': 'model-estimates-models', 'name': 'Estimates Models'}",EUR,1,TOPCS1600,MATRIX,1.0,0.7356,0,0,1.4,"[{'id': '7yd5mJB', 'name': 'EUR TOPCS1600 ATOM Datasets Theme', 'multiplier': 2.0}]",fundamental65,Factor Ratios and its Rank Model,model,Model,model-estimates-models,Estimates Models
fnd65_dev_sedol_capexdeplink,It is defined as the absolute value of the difference between ranked (1-1000) quarterly capital expenditures to assets and ranked (1-1000) quarterly depreciation to assets.,"{'id': 'fundamental65', 'name': 'Factor Ratios and its Rank Model'}","{'id': 'model', 'name': 'Model'}","{'id': 'model-estimates-models', 'name': 'Estimates Models'}",EUR,1,TOPCS1600,MATRIX,1.0,0.6699,0,0,1.4,"[{'id': '7yd5mJB', 'name': 'EUR TOPCS1600 ATOM Datasets Theme', 'multiplier': 2.0}]",fundamental65,Factor Ratios and its Rank Model,model,Model,model-estimates-models,Estimates Models
fnd65_dev_sedol_capexsale,It is defined as the ratio of trailing 12-month capital expenditures to trailing 12-month sales.,"{'id': 'fundamental65', 'name': 'Factor Ratios and its Rank Model'}","{'id': 'model', 'name': 'Model'}","{'id': 'model-estimates-models', 'name': 'Estimates Models'}",EUR,1,TOPCS1600,MATRIX,1.0,0.7353,0,0,1.4,"[{'id': '7yd5mJB', 'name': 'EUR TOPCS1600 ATOM Datasets Theme', 'multiplier': 2.0}]",fundamental65,Factor Ratios and its Rank Model,model,Model,model-estimates-models,Estimates Models
fnd65_dev_sedol_cashburnrate,It is defined as: -(Cash From Operations + Cash from Investments)/(Cash + Short-term Investments).,"{'id': 'fundamental65', 'name': 'Factor Ratios and its Rank Model'}","{'id': 'model', 'name': 'Model'}","{'id': 'model-estimates-models', 'name': 'Estimates Models'}",EUR,1,TOPCS1600,MATRIX,1.0,0.6672,0,0,1.4,"[{'id': '7yd5mJB', 'name': 'EUR TOPCS1600 ATOM Datasets Theme', 'multiplier': 2.0}]",fundamental65,Factor Ratios and its Rank Model,model,Model,model-estimates-models,Estimates Models
fnd65_dev_sedol_cashc,It is defined as the average inventory days plus the average collection days minus the average payable days.,"{'id': 'fundamental65', 'name': 'Factor Ratios and its Rank Model'}","{'id': 'model', 'name': 'Model'}","{'id': 'model-estimates-models', 'name': 'Estimates Models'}",EUR,1,TOPCS1600,MATRIX,1.0,0.5777,0,0,1.4,"[{'id': '7yd5mJB', 'name': 'EUR TOPCS1600 ATOM Datasets Theme', 'multiplier': 2.0}]",fundamental65,Factor Ratios and its Rank Model,model,Model,model-estimates-models,Estimates Models
fnd65_dev_sedol_cashp,It is defined as the most recently reported cash and equivalents per share of a company divided by trading price.,"{'id': 'fundamental65', 'name': 'Factor Ratios and its Rank Model'}","{'id': 'model', 'name': 'Model'}","{'id': 'model-estimates-models', 'name': 'Estimates Models'}",EUR,1,TOPCS1600,MATRIX,1.0,0.6655,0,0,1.4,"[{'id': '7yd5mJB', 'name': 'EUR TOPCS1600 ATOM Datasets Theme', 'multiplier': 2.0}]",fundamental65,Factor Ratios and its Rank Model,model,Model,model-estimates-models,Estimates Models
fnd65_dev_sedol_cashratio,It is defined as the most recently reported quarterly cash & equivalents divided by current liabilities.,"{'id': 'fundamental65', 'name': 'Factor Ratios and its Rank Model'}","{'id': 'model', 'name': 'Model'}","{'id': 'model-estimates-models', 'name': 'Estimates Models'}",EUR,1,TOPCS1600,MATRIX,1.0,0.5967,0,0,1.4,"[{'id': '7yd5mJB', 'name': 'EUR TOPCS1600 ATOM Datasets Theme', 'multiplier': 2.0}]",fundamental65,Factor Ratios and its Rank Model,model,Model,model-estimates-models,Estimates Models
fnd65_dev_sedol_cashsale,It is defined as the average cash & equivalents in the trailing 12-month divided by the trailing 12-month sales.,"{'id': 'fundamental65', 'name': 'Factor Ratios and its Rank Model'}","{'id': 'model', 'name': 'Model'}","{'id': 'model-estimates-models', 'name': 'Estimates Models'}",EUR,1,TOPCS1600,MATRIX,1.0,0.6662,0,0,1.4,"[{'id': '7yd5mJB', 'name': 'EUR TOPCS1600 ATOM Datasets Theme', 'multiplier': 2.0}]",fundamental65,Factor Ratios and its Rank Model,model,Model,model-estimates-models,Estimates Models
fnd65_dev_sedol_cashsev,It is defined as the total cash & equivalents dividd by the sum of the market value of common equity and book value of long-term debt.,"{'id': 'fundamental65', 'name': 'Factor Ratios and its Rank Model'}","{'id': 'model', 'name': 'Model'}","{'id': 'model-estimates-models', 'name': 'Estimates Models'}",EUR,1,TOPCS1600,MATRIX,1.0,0.6651,0,0,1.4,"[{'id': '7yd5mJB', 'name': 'EUR TOPCS1600 ATOM Datasets Theme', 'multiplier': 2.0}]",fundamental65,Factor Ratios and its Rank Model,model,Model,model-estimates-models,Estimates Models
fnd65_dev_sedol_ccacw,It equals to: Increase in Accounts Receivables + Increase in Inventory + Decrease in Accounts Payable and Accrued Liabilities + Decrease in Accrued Income Taxes + Increase (Decrease) in Asssets (Liabilities).,"{'id': 'fundamental65', 'name': 'Factor Ratios and its Rank Model'}","{'id': 'model', 'name': 'Model'}","{'id': 'model-estimates-models', 'name': 'Estimates Models'}",EUR,1,TOPCS1600,MATRIX,1.0,0.4614,0,0,1.4,"[{'id': '7yd5mJB', 'name': 'EUR TOPCS1600 ATOM Datasets Theme', 'multiplier': 2.0}]",fundamental65,Factor Ratios and its Rank Model,model,Model,model-estimates-models,Estimates Models
fnd65_dev_sedol_ceroe,It is defined as the trailing 12-month funds from operations divided by the average of current and previous year equity value.,"{'id': 'fundamental65', 'name': 'Factor Ratios and its Rank Model'}","{'id': 'model', 'name': 'Model'}","{'id': 'model-estimates-models', 'name': 'Estimates Models'}",EUR,1,TOPCS1600,MATRIX,1.0,0.7323,0,0,1.4,"[{'id': '7yd5mJB', 'name': 'EUR TOPCS1600 ATOM Datasets Theme', 'multiplier': 2.0}]",fundamental65,Factor Ratios and its Rank Model,model,Model,model-estimates-models,Estimates Models
fnd65_dev_sedol_cfita,It is defined as the trailing 12-month cash flow from the investing portion of the cash flow statement divided by the last 4 quarters' average total assets.,"{'id': 'fundamental65', 'name': 'Factor Ratios and its Rank Model'}","{'id': 'model', 'name': 'Model'}","{'id': 'model-estimates-models', 'name': 'Estimates Models'}",EUR,1,TOPCS1600,MATRIX,1.0,0.7442,0,0,1.4,"[{'id': '7yd5mJB', 'name': 'EUR TOPCS1600 ATOM Datasets Theme', 'multiplier': 2.0}]",fundamental65,Factor Ratios and its Rank Model,model,Model,model-estimates-models,Estimates Models
fnd65_dev_sedol_cfleverage,It is defined as the total liabilities divided by the trailing 12-month operating cash flow.,"{'id': 'fundamental65', 'name': 'Factor Ratios and its Rank Model'}","{'id': 'model', 'name': 'Model'}","{'id': 'model-estimates-models', 'name': 'Estimates Models'}",EUR,1,TOPCS1600,MATRIX,1.0,0.7235,0,0,1.4,"[{'id': '7yd5mJB', 'name': 'EUR TOPCS1600 ATOM Datasets Theme', 'multiplier': 2.0}]",fundamental65,Factor Ratios and its Rank Model,model,Model,model-estimates-models,Estimates Models
fnd65_dev_sedol_cfroi,"It is defined as the trailing 12-month cash flow divided by the average invested capital in the same period. Invested capital equals the sum of common equity, long-term debt, minority interest, and preferred stock.","{'id': 'fundamental65', 'name': 'Factor Ratios and its Rank Model'}","{'id': 'model', 'name': 'Model'}","{'id': 'model-estimates-models', 'name': 'Estimates Models'}",EUR,1,TOPCS1600,MATRIX,1.0,0.7407,0,0,1.4,"[{'id': '7yd5mJB', 'name': 'EUR TOPCS1600 ATOM Datasets Theme', 'multiplier': 2.0}]",fundamental65,Factor Ratios and its Rank Model,model,Model,model-estimates-models,Estimates Models
fnd65_dev_sedol_cg3yroic,"It is defined as the 3-year geometric growth rate of return on invested capital. Where return on invested capital equals the trailing 12-month net income and interest expenses divided by the average reported invested capital. Invested capital is equal to the sum of common equity, long-term debt, minority interest, and preferred stock.","{'id': 'fundamental65', 'name': 'Factor Ratios and its Rank Model'}","{'id': 'model', 'name': 'Model'}","{'id': 'model-estimates-models', 'name': 'Estimates Models'}",EUR,1,TOPCS1600,MATRIX,1.0,0.7155,0,0,1.4,"[{'id': '7yd5mJB', 'name': 'EUR TOPCS1600 ATOM Datasets Theme', 'multiplier': 2.0}]",fundamental65,Factor Ratios and its Rank Model,model,Model,model-estimates-models,Estimates Models
fnd65_dev_sedol_cg3ysales,It is defined as the geometric growth rate of the trailing 12-month sales per share in the last 12 quarters.,"{'id': 'fundamental65', 'name': 'Factor Ratios and its Rank Model'}","{'id': 'model', 'name': 'Model'}","{'id': 'model-estimates-models', 'name': 'Estimates Models'}",EUR,1,TOPCS1600,MATRIX,1.0,0.7279,0,0,1.4,"[{'id': '7yd5mJB', 'name': 'EUR TOPCS1600 ATOM Datasets Theme', 'multiplier': 2.0}]",fundamental65,Factor Ratios and its Rank Model,model,Model,model-estimates-models,Estimates Models
fnd65_dev_sedol_chg12mtotdebt,"It is defined as the 12 month relative change in total debt, where total debt is the sum of long-term and short-term debt.","{'id': 'fundamental65', 'name': 'Factor Ratios and its Rank Model'}","{'id': 'model', 'name': 'Model'}","{'id': 'model-estimates-models', 'name': 'Estimates Models'}",EUR,1,TOPCS1600,MATRIX,1.0,0.7113,0,0,1.4,"[{'id': '7yd5mJB', 'name': 'EUR TOPCS1600 ATOM Datasets Theme', 'multiplier': 2.0}]",fundamental65,Factor Ratios and its Rank Model,model,Model,model-estimates-models,Estimates Models
fnd65_dev_sedol_chg3ycfast,It is defined as the most recently reported trailing 12-month operating cash flow minus 12 quarters ago comparable trailing 12-month cash flow scaled by the average total assets in the same period.,"{'id': 'fundamental65', 'name': 'Factor Ratios and its Rank Model'}","{'id': 'model', 'name': 'Model'}","{'id': 'model-estimates-models', 'name': 'Estimates Models'}",EUR,1,TOPCS1600,MATRIX,1.0,0.7268,0,0,1.4,"[{'id': '7yd5mJB', 'name': 'EUR TOPCS1600 ATOM Datasets Theme', 'multiplier': 2.0}]",fundamental65,Factor Ratios and its Rank Model,model,Model,model-estimates-models,Estimates Models
fnd65_dev_sedol_chg3yepsast,It is defined as the trailing 12-month earnings per share before extra items (EPS) minus the EPS 12 quarters ago deflated by the average total assets per share.,"{'id': 'fundamental65', 'name': 'Factor Ratios and its Rank Model'}","{'id': 'model', 'name': 'Model'}","{'id': 'model-estimates-models', 'name': 'Estimates Models'}",EUR,1,TOPCS1600,MATRIX,1.0,0.7331,0,0,1.4,"[{'id': '7yd5mJB', 'name': 'EUR TOPCS1600 ATOM Datasets Theme', 'multiplier': 2.0}]",fundamental65,Factor Ratios and its Rank Model,model,Model,model-estimates-models,Estimates Models
fnd65_dev_sedol_chg3yepsp,It is defined as the difference between the trailing 12-month earnings per share and that of 12 quarters ago for a stock divided by its trading price.,"{'id': 'fundamental65', 'name': 'Factor Ratios and its Rank Model'}","{'id': 'model', 'name': 'Model'}","{'id': 'model-estimates-models', 'name': 'Estimates Models'}",EUR,1,TOPCS1600,MATRIX,1.0,0.7326,0,0,1.4,"[{'id': '7yd5mJB', 'name': 'EUR TOPCS1600 ATOM Datasets Theme', 'multiplier': 2.0}]",fundamental65,Factor Ratios and its Rank Model,model,Model,model-estimates-models,Estimates Models
fnd65_dev_sedol_chg3yfcfast,"It is defined as the trailing 12-month free cash flow minus the trailing 12-month free cash flow from 12 quarters ago, divided by the average total assets.","{'id': 'fundamental65', 'name': 'Factor Ratios and its Rank Model'}","{'id': 'model', 'name': 'Model'}","{'id': 'model-estimates-models', 'name': 'Estimates Models'}",EUR,1,TOPCS1600,MATRIX,1.0,0.7311,0,0,1.4,"[{'id': '7yd5mJB', 'name': 'EUR TOPCS1600 ATOM Datasets Theme', 'multiplier': 2.0}]",fundamental65,Factor Ratios and its Rank Model,model,Model,model-estimates-models,Estimates Models
fnd65_dev_sedol_chg3yocfast,It is defined as the most recently reported trailing 12-month operating cash flow (OCF) minus the OCF 12 quarters ago deflated by the average total assets.,"{'id': 'fundamental65', 'name': 'Factor Ratios and its Rank Model'}","{'id': 'model', 'name': 'Model'}","{'id': 'model-estimates-models', 'name': 'Estimates Models'}",EUR,1,TOPCS1600,MATRIX,1.0,0.7319,0,0,1.4,"[{'id': '7yd5mJB', 'name': 'EUR TOPCS1600 ATOM Datasets Theme', 'multiplier': 2.0}]",fundamental65,Factor Ratios and its Rank Model,model,Model,model-estimates-models,Estimates Models
fnd65_dev_sedol_chg6malpha18m,"It is defined as the 6-month change in a stock's 18-month alpha, which equals the intercept from the regression of a stock price's monthly return against the S&P 500 index monthly return over last 18-month period.","{'id': 'fundamental65', 'name': 'Factor Ratios and its Rank Model'}","{'id': 'model', 'name': 'Model'}","{'id': 'model-estimates-models', 'name': 'Estimates Models'}",EUR,1,TOPCS1600,MATRIX,1.0,0.7101,0,0,1.4,"[{'id': '7yd5mJB', 'name': 'EUR TOPCS1600 ATOM Datasets Theme', 'multiplier': 2.0}]",fundamental65,Factor Ratios and its Rank Model,model,Model,model-estimates-models,Estimates Models
fnd65_dev_sedol_chgalpha12m,"It is defined as the 6-month change in a stock's 12-month alpha, which equals the intercept from the regression of a stock price's monthly return against the S&P 500 index monthly return over the last 12-month period.","{'id': 'fundamental65', 'name': 'Factor Ratios and its Rank Model'}","{'id': 'model', 'name': 'Model'}","{'id': 'model-estimates-models', 'name': 'Estimates Models'}",EUR,1,TOPCS1600,MATRIX,1.0,0.72,0,0,1.4,"[{'id': '7yd5mJB', 'name': 'EUR TOPCS1600 ATOM Datasets Theme', 'multiplier': 2.0}]",fundamental65,Factor Ratios and its Rank Model,model,Model,model-estimates-models,Estimates Models
fnd65_dev_sedol_chgalpha36m,"It is defined as the 6-month change in a stock's 36-month alpha, which equals the intercept from the regression of a stock price's monthly return against the S&P 500 index monthly return over last 36-month period.","{'id': 'fundamental65', 'name': 'Factor Ratios and its Rank Model'}","{'id': 'model', 'name': 'Model'}","{'id': 'model-estimates-models', 'name': 'Estimates Models'}",EUR,1,TOPCS1600,MATRIX,1.0,0.6791,0,0,1.4,"[{'id': '7yd5mJB', 'name': 'EUR TOPCS1600 ATOM Datasets Theme', 'multiplier': 2.0}]",fundamental65,Factor Ratios and its Rank Model,model,Model,model-estimates-models,Estimates Models
fnd65_dev_sedol_chgars,It is defined as the change between the last reported accounts receivable as a percentage of trailing 12-month sales and that percentage 4 quarters ago.,"{'id': 'fundamental65', 'name': 'Factor Ratios and its Rank Model'}","{'id': 'model', 'name': 'Model'}","{'id': 'model-estimates-models', 'name': 'Estimates Models'}",EUR,1,TOPCS1600,MATRIX,1.0,0.6635,0,0,1.4,"[{'id': '7yd5mJB', 'name': 'EUR TOPCS1600 ATOM Datasets Theme', 'multiplier': 2.0}]",fundamental65,Factor Ratios and its Rank Model,model,Model,model-estimates-models,Estimates Models
fnd65_dev_sedol_chginvavgast,It is defined as the 12-month change in the quarterly total inventories scaled by the average of assets at the most recent quarter end and 4 quarters prior.,"{'id': 'fundamental65', 'name': 'Factor Ratios and its Rank Model'}","{'id': 'model', 'name': 'Model'}","{'id': 'model-estimates-models', 'name': 'Estimates Models'}",EUR,1,TOPCS1600,MATRIX,1.0,0.5428,0,0,1.4,"[{'id': '7yd5mJB', 'name': 'EUR TOPCS1600 ATOM Datasets Theme', 'multiplier': 2.0}]",fundamental65,Factor Ratios and its Rank Model,model,Model,model-estimates-models,Estimates Models
fnd65_dev_sedol_chgnoa,"It is defined as the year-over-year change of net operating assets to total assets, where net operating assets equal the most recent quarterly short-term debt plus long-term debt + preferred equity plus common equity minus cash.","{'id': 'fundamental65', 'name': 'Factor Ratios and its Rank Model'}","{'id': 'model', 'name': 'Model'}","{'id': 'model-estimates-models', 'name': 'Estimates Models'}",EUR,1,TOPCS1600,MATRIX,1.0,0.6667,0,0,1.4,"[{'id': '7yd5mJB', 'name': 'EUR TOPCS1600 ATOM Datasets Theme', 'multiplier': 2.0}]",fundamental65,Factor Ratios and its Rank Model,model,Model,model-estimates-models,Estimates Models
fnd65_dev_sedol_chgollev,"It is defined as the current quarter operating liability leverage less the operating liability leverage 4 quarters ago, where operating liability leverage equals 1 minus the ratio of (short-term debt + long-term debt + common equity + preferred equity - cash) to (total assets - cash).","{'id': 'fundamental65', 'name': 'Factor Ratios and its Rank Model'}","{'id': 'model', 'name': 'Model'}","{'id': 'model-estimates-models', 'name': 'Estimates Models'}",EUR,1,TOPCS1600,MATRIX,1.0,0.7144,0,0,1.4,"[{'id': '7yd5mJB', 'name': 'EUR TOPCS1600 ATOM Datasets Theme', 'multiplier': 2.0}]",fundamental65,Factor Ratios and its Rank Model,model,Model,model-estimates-models,Estimates Models
fnd65_dev_sedol_chgqtrepssurp,"It is defined as the change in quarterly earnings surprise (Actual EPS - Consensus Estimate EPS), scaled by the most recent closing price.","{'id': 'fundamental65', 'name': 'Factor Ratios and its Rank Model'}","{'id': 'model', 'name': 'Model'}","{'id': 'model-estimates-models', 'name': 'Estimates Models'}",EUR,1,TOPCS1600,MATRIX,1.0,0.6955,0,0,1.4,"[{'id': '7yd5mJB', 'name': 'EUR TOPCS1600 ATOM Datasets Theme', 'multiplier': 2.0}]",fundamental65,Factor Ratios and its Rank Model,model,Model,model-estimates-models,Estimates Models
fnd65_dev_sedol_chgreccast,It is defined as the percent change in the most recent quarterly reported accounts receivable to current assets ratio from the ratio for the same quarter one year ago.,"{'id': 'fundamental65', 'name': 'Factor Ratios and its Rank Model'}","{'id': 'model', 'name': 'Model'}","{'id': 'model-estimates-models', 'name': 'Estimates Models'}",EUR,1,TOPCS1600,MATRIX,1.0,0.5927,0,0,1.4,"[{'id': '7yd5mJB', 'name': 'EUR TOPCS1600 ATOM Datasets Theme', 'multiplier': 2.0}]",fundamental65,Factor Ratios and its Rank Model,model,Model,model-estimates-models,Estimates Models
fnd65_dev_sedol_chgsgasale,"It is defined as the difference between the yearly change in quarterly Selling, General and Administrative expenses and yearly change in quarterly sales.","{'id': 'fundamental65', 'name': 'Factor Ratios and its Rank Model'}","{'id': 'model', 'name': 'Model'}","{'id': 'model-estimates-models', 'name': 'Estimates Models'}",EUR,1,TOPCS1600,MATRIX,1.0,0.573,0,0,1.4,"[{'id': '7yd5mJB', 'name': 'EUR TOPCS1600 ATOM Datasets Theme', 'multiplier': 2.0}]",fundamental65,Factor Ratios and its Rank Model,model,Model,model-estimates-models,Estimates Models
fnd65_dev_sedol_chgvolpre4y,It is defined as the change in the most recent 6-month moving average of monthly turnover ratio (average monthly trading volume/total shares outstanding) as compared to the 12-month moving average of monthly turnover ratio 4 years ago.,"{'id': 'fundamental65', 'name': 'Factor Ratios and its Rank Model'}","{'id': 'model', 'name': 'Model'}","{'id': 'model-estimates-models', 'name': 'Estimates Models'}",EUR,1,TOPCS1600,MATRIX,1.0,0.6557,0,0,1.4,"[{'id': '7yd5mJB', 'name': 'EUR TOPCS1600 ATOM Datasets Theme', 'multiplier': 2.0}]",fundamental65,Factor Ratios and its Rank Model,model,Model,model-estimates-models,Estimates Models
fnd65_dev_sedol_cogsinvt,It is defined as the absolute value of the difference between the yearly percent change in trailing 12-month cost of goods sold and the yearly percent change in inventory level.,"{'id': 'fundamental65', 'name': 'Factor Ratios and its Rank Model'}","{'id': 'model', 'name': 'Model'}","{'id': 'model-estimates-models', 'name': 'Estimates Models'}",EUR,1,TOPCS1600,MATRIX,1.0,0.5644,0,0,1.4,"[{'id': '7yd5mJB', 'name': 'EUR TOPCS1600 ATOM Datasets Theme', 'multiplier': 2.0}]",fundamental65,Factor Ratios and its Rank Model,model,Model,model-estimates-models,Estimates Models
fnd65_dev_sedol_coreepsp,"It is defined as the trailing 12-month earnings per share from operations for a stock deflated by its trading price. This item excludes the cumulative effect of accounting change, discounted operations, extraordinary items, and special items.","{'id': 'fundamental65', 'name': 'Factor Ratios and its Rank Model'}","{'id': 'model', 'name': 'Model'}","{'id': 'model-estimates-models', 'name': 'Estimates Models'}",EUR,1,TOPCS1600,MATRIX,1.0,0.735,1,1,1.4,"[{'id': '7yd5mJB', 'name': 'EUR TOPCS1600 ATOM Datasets Theme', 'multiplier': 2.0}]",fundamental65,Factor Ratios and its Rank Model,model,Model,model-estimates-models,Estimates Models
fnd65_dev_sedol_covol,It is defined as the slope of the least squares regression line of the last 60 months of monthly trading volume against time,"{'id': 'fundamental65', 'name': 'Factor Ratios and its Rank Model'}","{'id': 'model', 'name': 'Model'}","{'id': 'model-estimates-models', 'name': 'Estimates Models'}",EUR,1,TOPCS1600,MATRIX,1.0,0.6856,0,0,1.4,"[{'id': '7yd5mJB', 'name': 'EUR TOPCS1600 ATOM Datasets Theme', 'multiplier': 2.0}]",fundamental65,Factor Ratios and its Rank Model,model,Model,model-estimates-models,Estimates Models
fnd65_dev_sedol_cpgspea2y,"It is defined as a stock's most recent consensus analysts earnings forecast for fiscal year 2 minus the consensus forecast for year 1, divided by the consensus forecast for year 1.","{'id': 'fundamental65', 'name': 'Factor Ratios and its Rank Model'}","{'id': 'model', 'name': 'Model'}","{'id': 'model-estimates-models', 'name': 'Estimates Models'}",EUR,1,TOPCS1600,MATRIX,1.0,0.7444,0,0,1.4,"[{'id': '7yd5mJB', 'name': 'EUR TOPCS1600 ATOM Datasets Theme', 'multiplier': 2.0}]",fundamental65,Factor Ratios and its Rank Model,model,Model,model-estimates-models,Estimates Models
fnd65_dev_sedol_curindbp_,It is defined as a stock's current book-to-price ratio (BP) less the average of the BPs of all stocks in the same industry deflated by the standard deviation of the BPs of all stocks in the same relative universe.,"{'id': 'fundamental65', 'name': 'Factor Ratios and its Rank Model'}","{'id': 'model', 'name': 'Model'}","{'id': 'model-estimates-models', 'name': 'Estimates Models'}",EUR,1,TOPCS1600,MATRIX,1.0,0.7444,0,0,1.4,"[{'id': '7yd5mJB', 'name': 'EUR TOPCS1600 ATOM Datasets Theme', 'multiplier': 2.0}]",fundamental65,Factor Ratios and its Rank Model,model,Model,model-estimates-models,Estimates Models
fnd65_dev_sedol_curindcfp_,It is defined as a stock's trailing 12-month cash flow-to-price ratio (CFP) less the average of the CFPs of all stocks in the same industry deflated by the standard deviation of the CFPs of all stocks in the same relative universe.,"{'id': 'fundamental65', 'name': 'Factor Ratios and its Rank Model'}","{'id': 'model', 'name': 'Model'}","{'id': 'model-estimates-models', 'name': 'Estimates Models'}",EUR,1,TOPCS1600,MATRIX,1.0,0.7403,0,0,1.4,"[{'id': '7yd5mJB', 'name': 'EUR TOPCS1600 ATOM Datasets Theme', 'multiplier': 2.0}]",fundamental65,Factor Ratios and its Rank Model,model,Model,model-estimates-models,Estimates Models
fnd65_dev_sedol_curinddivp_,It is defined as a stock's trailing 12-month dividend yield (DivYield) less the average of the DivYields of all stocks in the same industry deflated by the standard deviation of the DivYields of all stocks in the same relative universe.,"{'id': 'fundamental65', 'name': 'Factor Ratios and its Rank Model'}","{'id': 'model', 'name': 'Model'}","{'id': 'model-estimates-models', 'name': 'Estimates Models'}",EUR,1,TOPCS1600,MATRIX,1.0,0.7428,0,0,1.4,"[{'id': '7yd5mJB', 'name': 'EUR TOPCS1600 ATOM Datasets Theme', 'multiplier': 2.0}]",fundamental65,Factor Ratios and its Rank Model,model,Model,model-estimates-models,Estimates Models
fnd65_dev_sedol_curindebitdap_,It is defined as a stock's trailing 12-month EBITDA-to-price ratio (EBITDAP) less the average of the EBITDAPs of all stocks in the same industry deflated by the standard deviation of the EBITDAPs of all stocks in the same relative universe.,"{'id': 'fundamental65', 'name': 'Factor Ratios and its Rank Model'}","{'id': 'model', 'name': 'Model'}","{'id': 'model-estimates-models', 'name': 'Estimates Models'}",EUR,1,TOPCS1600,MATRIX,1.0,0.7374,0,0,1.4,"[{'id': '7yd5mJB', 'name': 'EUR TOPCS1600 ATOM Datasets Theme', 'multiplier': 2.0}]",fundamental65,Factor Ratios and its Rank Model,model,Model,model-estimates-models,Estimates Models
fnd65_dev_sedol_curindep_,"It is defined as a stock's trailing 12-month earnings per share before extra items-to-price ratio (EP) less the average of the EPs of all stocks in the same industry, deflated by the standard deviation of these EPs.","{'id': 'fundamental65', 'name': 'Factor Ratios and its Rank Model'}","{'id': 'model', 'name': 'Model'}","{'id': 'model-estimates-models', 'name': 'Estimates Models'}",EUR,1,TOPCS1600,MATRIX,1.0,0.7444,1,1,1.4,"[{'id': '7yd5mJB', 'name': 'EUR TOPCS1600 ATOM Datasets Theme', 'multiplier': 2.0}]",fundamental65,Factor Ratios and its Rank Model,model,Model,model-estimates-models,Estimates Models
fnd65_dev_sedol_curindfcfp_,It is defined as a stock's trailing 12-month free cash flow-to-price ratio (FCFP) less the average of the FCFPs of all stocks in the same industry deflated by the standard deviation of the FCFPs of all stocks in the same relative universe.,"{'id': 'fundamental65', 'name': 'Factor Ratios and its Rank Model'}","{'id': 'model', 'name': 'Model'}","{'id': 'model-estimates-models', 'name': 'Estimates Models'}",EUR,1,TOPCS1600,MATRIX,1.0,0.7441,0,0,1.4,"[{'id': '7yd5mJB', 'name': 'EUR TOPCS1600 ATOM Datasets Theme', 'multiplier': 2.0}]",fundamental65,Factor Ratios and its Rank Model,model,Model,model-estimates-models,Estimates Models
fnd65_dev_sedol_curindocfp_,It is defined as a stock's trailing 12-month operating cash flow-to-price ratio (OCFP) less the average of the OCFPs of all stocks in the same industry deflated by the standard deviation of the OCFPs of all stocks in the same relative universe.,"{'id': 'fundamental65', 'name': 'Factor Ratios and its Rank Model'}","{'id': 'model', 'name': 'Model'}","{'id': 'model-estimates-models', 'name': 'Estimates Models'}",EUR,1,TOPCS1600,MATRIX,1.0,0.7439,0,0,1.4,"[{'id': '7yd5mJB', 'name': 'EUR TOPCS1600 ATOM Datasets Theme', 'multiplier': 2.0}]",fundamental65,Factor Ratios and its Rank Model,model,Model,model-estimates-models,Estimates Models
fnd65_dev_sedol_curindocfta_,"It is defined as a stock's trailing 12-month operating cash flow-to-total assets ratio (OCFTA) less the average of the OCFTA of all stocks in the same industry, deflated by the standard deviation of the OCFTAs of all stocks in the same relative universe.","{'id': 'fundamental65', 'name': 'Factor Ratios and its Rank Model'}","{'id': 'model', 'name': 'Model'}","{'id': 'model-estimates-models', 'name': 'Estimates Models'}",EUR,1,TOPCS1600,MATRIX,1.0,0.7446,0,0,1.4,"[{'id': '7yd5mJB', 'name': 'EUR TOPCS1600 ATOM Datasets Theme', 'multiplier': 2.0}]",fundamental65,Factor Ratios and its Rank Model,model,Model,model-estimates-models,Estimates Models
fnd65_dev_sedol_curindsp_,It is defined as a stock's trailing 12-month sales-to-price ratio (SP) less the average of the SPs of all stocks in the same industry deflated by the standard deviation of the SPs of all stocks in the same relative universe.,"{'id': 'fundamental65', 'name': 'Factor Ratios and its Rank Model'}","{'id': 'model', 'name': 'Model'}","{'id': 'model-estimates-models', 'name': 'Estimates Models'}",EUR,1,TOPCS1600,MATRIX,1.0,0.7446,0,0,1.4,"[{'id': '7yd5mJB', 'name': 'EUR TOPCS1600 ATOM Datasets Theme', 'multiplier': 2.0}]",fundamental65,Factor Ratios and its Rank Model,model,Model,model-estimates-models,Estimates Models
fnd65_dev_sedol_curratio,It is defined as the reported current assets from most recent quarter divided by the current liabilities from most recent quarter.,"{'id': 'fundamental65', 'name': 'Factor Ratios and its Rank Model'}","{'id': 'model', 'name': 'Model'}","{'id': 'model-estimates-models', 'name': 'Estimates Models'}",EUR,1,TOPCS1600,MATRIX,1.0,0.5961,0,0,1.4,"[{'id': '7yd5mJB', 'name': 'EUR TOPCS1600 ATOM Datasets Theme', 'multiplier': 2.0}]",fundamental65,Factor Ratios and its Rank Model,model,Model,model-estimates-models,Estimates Models
fnd65_dev_sedol_cvvolp20d,It is defined as the coefficient of variation of the last 20 days of daily trading volume divided by the coefficient of variation of closing prices for the same time period.,"{'id': 'fundamental65', 'name': 'Factor Ratios and its Rank Model'}","{'id': 'model', 'name': 'Model'}","{'id': 'model-estimates-models', 'name': 'Estimates Models'}",EUR,1,TOPCS1600,MATRIX,1.0,0.7462,0,0,1.4,"[{'id': '7yd5mJB', 'name': 'EUR TOPCS1600 ATOM Datasets Theme', 'multiplier': 2.0}]",fundamental65,Factor Ratios and its Rank Model,model,Model,model-estimates-models,Estimates Models
fnd65_dev_sedol_cws,It is defined as the average of working capital for the trailing 12 months divided by the total sales in the same period. Working capital equals the inventory plus accounts receivable minus accounts payable on the balance sheet.,"{'id': 'fundamental65', 'name': 'Factor Ratios and its Rank Model'}","{'id': 'model', 'name': 'Model'}","{'id': 'model-estimates-models', 'name': 'Estimates Models'}",EUR,1,TOPCS1600,MATRIX,1.0,0.5929,0,0,1.4,"[{'id': '7yd5mJB', 'name': 'EUR TOPCS1600 ATOM Datasets Theme', 'multiplier': 2.0}]",fundamental65,Factor Ratios and its Rank Model,model,Model,model-estimates-models,Estimates Models
fnd65_dev_sedol_d41isr,Relative Strength Index measures the average up/down price moves over prior 14 days. This momentum indicator is used to identify overbought/oversold names.,"{'id': 'fundamental65', 'name': 'Factor Ratios and its Rank Model'}","{'id': 'model', 'name': 'Model'}","{'id': 'model-estimates-models', 'name': 'Estimates Models'}",EUR,1,TOPCS1600,MATRIX,1.0,0.7472,0,0,1.4,"[{'id': '7yd5mJB', 'name': 'EUR TOPCS1600 ATOM Datasets Theme', 'multiplier': 2.0}]",fundamental65,Factor Ratios and its Rank Model,model,Model,model-estimates-models,Estimates Models
fnd65_dev_sedol_dcc,It is defined as the most recently reported quarterly cash flow from operations less the cash dividends divided by the current interest-bearing debt.,"{'id': 'fundamental65', 'name': 'Factor Ratios and its Rank Model'}","{'id': 'model', 'name': 'Model'}","{'id': 'model-estimates-models', 'name': 'Estimates Models'}",EUR,1,TOPCS1600,MATRIX,1.0,0.6837,0,0,1.4,"[{'id': '7yd5mJB', 'name': 'EUR TOPCS1600 ATOM Datasets Theme', 'multiplier': 2.0}]",fundamental65,Factor Ratios and its Rank Model,model,Model,model-estimates-models,Estimates Models
fnd65_dev_sedol_debtcf,It is defined as the sum of the most recently reported long-term debt and short-term interest-bearing debt divided by the trailing 12-month cash flow.,"{'id': 'fundamental65', 'name': 'Factor Ratios and its Rank Model'}","{'id': 'model', 'name': 'Model'}","{'id': 'model-estimates-models', 'name': 'Estimates Models'}",EUR,1,TOPCS1600,MATRIX,1.0,0.6906,0,0,1.4,"[{'id': '7yd5mJB', 'name': 'EUR TOPCS1600 ATOM Datasets Theme', 'multiplier': 2.0}]",fundamental65,Factor Ratios and its Rank Model,model,Model,model-estimates-models,Estimates Models
fnd65_dev_sedol_debtmktcap,It is defined as the long-term debt plus short-term debt divided by market capitalization.,"{'id': 'fundamental65', 'name': 'Factor Ratios and its Rank Model'}","{'id': 'model', 'name': 'Model'}","{'id': 'model-estimates-models', 'name': 'Estimates Models'}",EUR,1,TOPCS1600,MATRIX,1.0,0.7119,0,0,1.4,"[{'id': '7yd5mJB', 'name': 'EUR TOPCS1600 ATOM Datasets Theme', 'multiplier': 2.0}]",fundamental65,Factor Ratios and its Rank Model,model,Model,model-estimates-models,Estimates Models
fnd65_dev_sedol_div5yg,It is defined as the 5-year growth in dividends.,"{'id': 'fundamental65', 'name': 'Factor Ratios and its Rank Model'}","{'id': 'model', 'name': 'Model'}","{'id': 'model-estimates-models', 'name': 'Estimates Models'}",EUR,1,TOPCS1600,MATRIX,1.0,0.5917,0,0,1.4,"[{'id': '7yd5mJB', 'name': 'EUR TOPCS1600 ATOM Datasets Theme', 'multiplier': 2.0}]",fundamental65,Factor Ratios and its Rank Model,model,Model,model-estimates-models,Estimates Models
fnd65_dev_sedol_divcf,It is defined as the trailing 12-month cash dividends divided by the trailing 12-month cash flow. Cash dividends represent the total amount of cash dividends paid for both common and preferred stock.,"{'id': 'fundamental65', 'name': 'Factor Ratios and its Rank Model'}","{'id': 'model', 'name': 'Model'}","{'id': 'model-estimates-models', 'name': 'Estimates Models'}",EUR,1,TOPCS1600,MATRIX,1.0,0.5552,1,1,1.4,"[{'id': '7yd5mJB', 'name': 'EUR TOPCS1600 ATOM Datasets Theme', 'multiplier': 2.0}]",fundamental65,Factor Ratios and its Rank Model,model,Model,model-estimates-models,Estimates Models
fnd65_dev_sedol_divcov,It is defined as a company's trailing 12-month earnings from operations divided by the amount of its indicated annual dividends.,"{'id': 'fundamental65', 'name': 'Factor Ratios and its Rank Model'}","{'id': 'model', 'name': 'Model'}","{'id': 'model-estimates-models', 'name': 'Estimates Models'}",EUR,1,TOPCS1600,MATRIX,1.0,0.6085,0,0,1.4,"[{'id': '7yd5mJB', 'name': 'EUR TOPCS1600 ATOM Datasets Theme', 'multiplier': 2.0}]",fundamental65,Factor Ratios and its Rank Model,model,Model,model-estimates-models,Estimates Models
fnd65_dev_sedol_divgp,It is defined as total dividends paid divided by (revenue - cost of goods sold).,"{'id': 'fundamental65', 'name': 'Factor Ratios and its Rank Model'}","{'id': 'model', 'name': 'Model'}","{'id': 'model-estimates-models', 'name': 'Estimates Models'}",EUR,1,TOPCS1600,MATRIX,1.0,0.4844,0,0,1.4,"[{'id': '7yd5mJB', 'name': 'EUR TOPCS1600 ATOM Datasets Theme', 'multiplier': 2.0}]",fundamental65,Factor Ratios and its Rank Model,model,Model,model-estimates-models,Estimates Models
fnd65_dev_sedol_divyield,It is defined as the trailing 12-month dividends per share for a stock divided by its trading price.,"{'id': 'fundamental65', 'name': 'Factor Ratios and its Rank Model'}","{'id': 'model', 'name': 'Model'}","{'id': 'model-estimates-models', 'name': 'Estimates Models'}",EUR,1,TOPCS1600,MATRIX,1.0,0.6542,0,0,1.4,"[{'id': '7yd5mJB', 'name': 'EUR TOPCS1600 ATOM Datasets Theme', 'multiplier': 2.0}]",fundamental65,Factor Ratios and its Rank Model,model,Model,model-estimates-models,Estimates Models
fnd65_dev_sedol_dpcapex,It is defined as the absolute value of the difference between the yearly percent change in trailing 12-month depreciation expense and the yearly percent change in trailing 12-month capital expenditure.,"{'id': 'fundamental65', 'name': 'Factor Ratios and its Rank Model'}","{'id': 'model', 'name': 'Model'}","{'id': 'model-estimates-models', 'name': 'Estimates Models'}",EUR,1,TOPCS1600,MATRIX,1.0,0.6662,0,0,1.4,"[{'id': '7yd5mJB', 'name': 'EUR TOPCS1600 ATOM Datasets Theme', 'multiplier': 2.0}]",fundamental65,Factor Ratios and its Rank Model,model,Model,model-estimates-models,Estimates Models
fnd65_dev_sedol_dsu,"It is defined as the beta coefficient to change in US Dollar Value, which is estimated by a 60-month multiple regression of returns on several macroeconomic factors.","{'id': 'fundamental65', 'name': 'Factor Ratios and its Rank Model'}","{'id': 'model', 'name': 'Model'}","{'id': 'model-estimates-models', 'name': 'Estimates Models'}",EUR,1,TOPCS1600,MATRIX,1.0,0.7396,0,0,1.4,"[{'id': '7yd5mJB', 'name': 'EUR TOPCS1600 ATOM Datasets Theme', 'multiplier': 2.0}]",fundamental65,Factor Ratios and its Rank Model,model,Model,model-estimates-models,Estimates Models
fnd65_dev_sedol_dtsm1_rd,It is defined as the standard deviation of stock's daily total return over the trailing one month.,"{'id': 'fundamental65', 'name': 'Factor Ratios and its Rank Model'}","{'id': 'model', 'name': 'Model'}","{'id': 'model-estimates-models', 'name': 'Estimates Models'}",EUR,1,TOPCS1600,MATRIX,1.0,0.7474,0,0,1.4,"[{'id': '7yd5mJB', 'name': 'EUR TOPCS1600 ATOM Datasets Theme', 'multiplier': 2.0}]",fundamental65,Factor Ratios and its Rank Model,model,Model,model-estimates-models,Estimates Models
fnd65_dev_sedol_earningstorpedo,"It is defined as Next 4 Quarter EPS Estimate + TTM Real Earnings Surprise/ TTM EPS where, TTM Earnings Surprise = Actual EPS - Est EPS, summed over the last 4 quarters.","{'id': 'fundamental65', 'name': 'Factor Ratios and its Rank Model'}","{'id': 'model', 'name': 'Model'}","{'id': 'model-estimates-models', 'name': 'Estimates Models'}",EUR,1,TOPCS1600,MATRIX,1.0,0.4875,0,0,1.4,"[{'id': '7yd5mJB', 'name': 'EUR TOPCS1600 ATOM Datasets Theme', 'multiplier': 2.0}]",fundamental65,Factor Ratios and its Rank Model,model,Model,model-estimates-models,Estimates Models
fnd65_dev_sedol_earnshortfall,It is defined as the difference between reported accounting earnings and free cash flow scaled by average assets.,"{'id': 'fundamental65', 'name': 'Factor Ratios and its Rank Model'}","{'id': 'model', 'name': 'Model'}","{'id': 'model-estimates-models', 'name': 'Estimates Models'}",EUR,1,TOPCS1600,MATRIX,1.0,0.738,0,0,1.4,"[{'id': '7yd5mJB', 'name': 'EUR TOPCS1600 ATOM Datasets Theme', 'multiplier': 2.0}]",fundamental65,Factor Ratios and its Rank Model,model,Model,model-estimates-models,Estimates Models
fnd65_dev_sedol_ebitdadebt,"It is defined as trailing twelve-month earnings before interest, taxes, depreciation and amortization divided by current total debt.","{'id': 'fundamental65', 'name': 'Factor Ratios and its Rank Model'}","{'id': 'model', 'name': 'Model'}","{'id': 'model-estimates-models', 'name': 'Estimates Models'}",EUR,1,TOPCS1600,MATRIX,1.0,0.7154,0,0,1.4,"[{'id': '7yd5mJB', 'name': 'EUR TOPCS1600 ATOM Datasets Theme', 'multiplier': 2.0}]",fundamental65,Factor Ratios and its Rank Model,model,Model,model-estimates-models,Estimates Models
fnd65_dev_sedol_ebitdadebtchg,"It is defined as annual change in the ratio of trailing-twelve-month earnings before interest, taxes, depreciation and amortization divided by current total debt","{'id': 'fundamental65', 'name': 'Factor Ratios and its Rank Model'}","{'id': 'model', 'name': 'Model'}","{'id': 'model-estimates-models', 'name': 'Estimates Models'}",EUR,1,TOPCS1600,MATRIX,1.0,0.6855,0,0,1.4,"[{'id': '7yd5mJB', 'name': 'EUR TOPCS1600 ATOM Datasets Theme', 'multiplier': 2.0}]",fundamental65,Factor Ratios and its Rank Model,model,Model,model-estimates-models,Estimates Models
fnd65_dev_sedol_ebitdaev,"It is defined as the trailing 12-month earnings before interest, taxes, depreciation, and amortization for a stock deflated by its enterprise value (EV). EV = Equity Market Value + Long-term Debt + Short-term Debt + Preferred Stock + Minority Interest - Cash.","{'id': 'fundamental65', 'name': 'Factor Ratios and its Rank Model'}","{'id': 'model', 'name': 'Model'}","{'id': 'model-estimates-models', 'name': 'Estimates Models'}",EUR,1,TOPCS1600,MATRIX,1.0,0.7373,0,0,1.4,"[{'id': '7yd5mJB', 'name': 'EUR TOPCS1600 ATOM Datasets Theme', 'multiplier': 2.0}]",fundamental65,Factor Ratios and its Rank Model,model,Model,model-estimates-models,Estimates Models
fnd65_dev_sedol_ebitdap,"It is defined as the trailing 12-month earnings before interest, taxes, depreciation and amortization for a company divided by its trading price.","{'id': 'fundamental65', 'name': 'Factor Ratios and its Rank Model'}","{'id': 'model', 'name': 'Model'}","{'id': 'model-estimates-models', 'name': 'Estimates Models'}",EUR,1,TOPCS1600,MATRIX,1.0,0.7378,0,0,1.4,"[{'id': '7yd5mJB', 'name': 'EUR TOPCS1600 ATOM Datasets Theme', 'multiplier': 2.0}]",fundamental65,Factor Ratios and its Rank Model,model,Model,model-estimates-models,Estimates Models
fnd65_dev_sedol_ed,It is defined as the most recently reported total long-term debt divided by total book equity.,"{'id': 'fundamental65', 'name': 'Factor Ratios and its Rank Model'}","{'id': 'model', 'name': 'Model'}","{'id': 'model-estimates-models', 'name': 'Estimates Models'}",EUR,1,TOPCS1600,MATRIX,1.0,0.7017,0,0,1.4,"[{'id': '7yd5mJB', 'name': 'EUR TOPCS1600 ATOM Datasets Theme', 'multiplier': 2.0}]",fundamental65,Factor Ratios and its Rank Model,model,Model,model-estimates-models,Estimates Models
fnd65_dev_sedol_emeasales,It is defined as the annual aggregate sales for EMEA as reported by the company divided by total annual sales.,"{'id': 'fundamental65', 'name': 'Factor Ratios and its Rank Model'}","{'id': 'model', 'name': 'Model'}","{'id': 'model-estimates-models', 'name': 'Estimates Models'}",EUR,1,TOPCS1600,MATRIX,1.0,0.6524,0,0,1.4,"[{'id': '7yd5mJB', 'name': 'EUR TOPCS1600 ATOM Datasets Theme', 'multiplier': 2.0}]",fundamental65,Factor Ratios and its Rank Model,model,Model,model-estimates-models,Estimates Models
fnd65_dev_sedol_epschgetr,It is defined as the trailing 12-month pre-tax income per share times the difference between most recent trailing 12-month effective tax rate and that of 4 quarters ago.The effective tax rate is defined as total tax expense divided by pre-tax income.,"{'id': 'fundamental65', 'name': 'Factor Ratios and its Rank Model'}","{'id': 'model', 'name': 'Model'}","{'id': 'model-estimates-models', 'name': 'Estimates Models'}",EUR,1,TOPCS1600,MATRIX,1.0,0.7007,0,0,1.4,"[{'id': '7yd5mJB', 'name': 'EUR TOPCS1600 ATOM Datasets Theme', 'multiplier': 2.0}]",fundamental65,Factor Ratios and its Rank Model,model,Model,model-estimates-models,Estimates Models
fnd65_dev_sedol_equityto,It is defined as the trailing 12-month sales divided by the average of trailing 12-month reported book equity.,"{'id': 'fundamental65', 'name': 'Factor Ratios and its Rank Model'}","{'id': 'model', 'name': 'Model'}","{'id': 'model-estimates-models', 'name': 'Estimates Models'}",EUR,1,TOPCS1600,MATRIX,1.0,0.7442,0,0,1.4,"[{'id': '7yd5mJB', 'name': 'EUR TOPCS1600 ATOM Datasets Theme', 'multiplier': 2.0}]",fundamental65,Factor Ratios and its Rank Model,model,Model,model-estimates-models,Estimates Models
fnd65_dev_sedol_fc_curindfwdep_,It is defined as a stock's next 4-quarter's analysts consensus earnings estimates-to-price ratio (FwdEP) less the average of the FwdEPs of all stocks in the same industry deflated by the standard deviation of these FwdEPs.,"{'id': 'fundamental65', 'name': 'Factor Ratios and its Rank Model'}","{'id': 'model', 'name': 'Model'}","{'id': 'model-estimates-models', 'name': 'Estimates Models'}",EUR,1,TOPCS1600,MATRIX,1.0,0.744,0,0,1.4,"[{'id': '7yd5mJB', 'name': 'EUR TOPCS1600 ATOM Datasets Theme', 'multiplier': 2.0}]",fundamental65,Factor Ratios and its Rank Model,model,Model,model-estimates-models,Estimates Models
fnd65_dev_sedol_fc_dypeg,It is defined as the reciprocal of a stock's forward 12-month P/E ratio divided by the total growth rate. The total growth rate is defined as the sum of the forecasted long-term growth rate and the indicated dividend yield.,"{'id': 'fundamental65', 'name': 'Factor Ratios and its Rank Model'}","{'id': 'model', 'name': 'Model'}","{'id': 'model-estimates-models', 'name': 'Estimates Models'}",EUR,1,TOPCS1600,MATRIX,1.0,0.7016,0,0,1.4,"[{'id': '7yd5mJB', 'name': 'EUR TOPCS1600 ATOM Datasets Theme', 'multiplier': 2.0}]",fundamental65,Factor Ratios and its Rank Model,model,Model,model-estimates-models,Estimates Models
fnd65_dev_sedol_fc_ebop,It is defined as a stock's valuation based on the Edwards-Bell-Ohlson (EBO) model deflated by its trading price. EBO is a modified dividend discount model that measures a firm's intrinsic value by comparing generated earnings to the cost of capital.,"{'id': 'fundamental65', 'name': 'Factor Ratios and its Rank Model'}","{'id': 'model', 'name': 'Model'}","{'id': 'model-estimates-models', 'name': 'Estimates Models'}",EUR,1,TOPCS1600,MATRIX,1.0,0.662,0,0,1.4,"[{'id': '7yd5mJB', 'name': 'EUR TOPCS1600 ATOM Datasets Theme', 'multiplier': 2.0}]",fundamental65,Factor Ratios and its Rank Model,model,Model,model-estimates-models,Estimates Models
fnd65_dev_sedol_fc_estep,It is defined as the next fiscal year median consensus earnings estimate divided by trading price.,"{'id': 'fundamental65', 'name': 'Factor Ratios and its Rank Model'}","{'id': 'model', 'name': 'Model'}","{'id': 'model-estimates-models', 'name': 'Estimates Models'}",EUR,1,TOPCS1600,MATRIX,1.0,0.7451,0,0,1.4,"[{'id': '7yd5mJB', 'name': 'EUR TOPCS1600 ATOM Datasets Theme', 'multiplier': 2.0}]",fundamental65,Factor Ratios and its Rank Model,model,Model,model-estimates-models,Estimates Models
fnd65_dev_sedol_fc_fcfroey1p,It is defined as the trailing 12-month free cash flow per share multiplied by the next 4-quarter consensus earnings forecasts divided by the most recently reported book value per share scaled by its trading price.,"{'id': 'fundamental65', 'name': 'Factor Ratios and its Rank Model'}","{'id': 'model', 'name': 'Model'}","{'id': 'model-estimates-models', 'name': 'Estimates Models'}",EUR,1,TOPCS1600,MATRIX,1.0,0.7259,0,0,1.4,"[{'id': '7yd5mJB', 'name': 'EUR TOPCS1600 ATOM Datasets Theme', 'multiplier': 2.0}]",fundamental65,Factor Ratios and its Rank Model,model,Model,model-estimates-models,Estimates Models
fnd65_dev_sedol_fc_fqsurstd,It is defined as the most recent quarterly earnings surprise (actual fiscal quarter EPS minus the consensus earnings estimate) adjusted by the standard deviation of analyst forecasts.,"{'id': 'fundamental65', 'name': 'Factor Ratios and its Rank Model'}","{'id': 'model', 'name': 'Model'}","{'id': 'model-estimates-models', 'name': 'Estimates Models'}",EUR,1,TOPCS1600,MATRIX,1.0,0.6969,0,0,1.4,"[{'id': '7yd5mJB', 'name': 'EUR TOPCS1600 ATOM Datasets Theme', 'multiplier': 2.0}]",fundamental65,Factor Ratios and its Rank Model,model,Model,model-estimates-models,Estimates Models
fnd65_dev_sedol_fc_fwdroe,It is defined as a stock's analysts earnings estimates for next four quarters divided by its most recent reported common equity per share.,"{'id': 'fundamental65', 'name': 'Factor Ratios and its Rank Model'}","{'id': 'model', 'name': 'Model'}","{'id': 'model-estimates-models', 'name': 'Estimates Models'}",EUR,1,TOPCS1600,MATRIX,1.0,0.7367,0,0,1.4,"[{'id': '7yd5mJB', 'name': 'EUR TOPCS1600 ATOM Datasets Theme', 'multiplier': 2.0}]",fundamental65,Factor Ratios and its Rank Model,model,Model,model-estimates-models,Estimates Models
fnd65_dev_sedol_fc_numest,It is defined as the number of analysts earnings estimates for fiscal year 1 for a stock.,"{'id': 'fundamental65', 'name': 'Factor Ratios and its Rank Model'}","{'id': 'model', 'name': 'Model'}","{'id': 'model-estimates-models', 'name': 'Estimates Models'}",EUR,1,TOPCS1600,MATRIX,1.0,0.7453,0,0,1.4,"[{'id': '7yd5mJB', 'name': 'EUR TOPCS1600 ATOM Datasets Theme', 'multiplier': 2.0}]",fundamental65,Factor Ratios and its Rank Model,model,Model,model-estimates-models,Estimates Models
fnd65_dev_sedol_fc_numrevy1,"It is defined as the weighted average of the number of FY1 analyst earnings forecasts raised less the number lowered within a month, divided by the total number of analyst forecasts.","{'id': 'fundamental65', 'name': 'Factor Ratios and its Rank Model'}","{'id': 'model', 'name': 'Model'}","{'id': 'model-estimates-models', 'name': 'Estimates Models'}",EUR,1,TOPCS1600,MATRIX,1.0,0.732,1,1,1.4,"[{'id': '7yd5mJB', 'name': 'EUR TOPCS1600 ATOM Datasets Theme', 'multiplier': 2.0}]",fundamental65,Factor Ratios and its Rank Model,model,Model,model-estimates-models,Estimates Models
fnd65_dev_sedol_fc_rel5yfwdep,It is defined as the stock's current next 4-quarter's consensus analyst earnings forecasts-to-price ratio (FwdEP) minus the average of the FwdEPs ratio in the last 60 months scaled by the standard deviation of the FwdEPs over the same period.,"{'id': 'fundamental65', 'name': 'Factor Ratios and its Rank Model'}","{'id': 'model', 'name': 'Model'}","{'id': 'model-estimates-models', 'name': 'Estimates Models'}",EUR,1,TOPCS1600,MATRIX,1.0,0.6639,0,0,1.4,"[{'id': '7yd5mJB', 'name': 'EUR TOPCS1600 ATOM Datasets Theme', 'multiplier': 2.0}]",fundamental65,Factor Ratios and its Rank Model,model,Model,model-estimates-models,Estimates Models
fnd65_dev_sedol_fc_rev3y1,"It is defined as the change in the current mean consensus earnings estimate for fiscal year 1 minus that of three months ago, deflated by its trading price.","{'id': 'fundamental65', 'name': 'Factor Ratios and its Rank Model'}","{'id': 'model', 'name': 'Model'}","{'id': 'model-estimates-models', 'name': 'Estimates Models'}",EUR,1,TOPCS1600,MATRIX,1.0,0.7407,0,0,1.4,"[{'id': '7yd5mJB', 'name': 'EUR TOPCS1600 ATOM Datasets Theme', 'multiplier': 2.0}]",fundamental65,Factor Ratios and its Rank Model,model,Model,model-estimates-models,Estimates Models
fnd65_dev_sedol_fc_rev3y2,"It is defined as the change in the current mean consensus earnings estimate for fiscal year 2 minus that of three months ago, deflated by its trading price.","{'id': 'fundamental65', 'name': 'Factor Ratios and its Rank Model'}","{'id': 'model', 'name': 'Model'}","{'id': 'model-estimates-models', 'name': 'Estimates Models'}",EUR,1,TOPCS1600,MATRIX,1.0,0.7404,0,0,1.4,"[{'id': '7yd5mJB', 'name': 'EUR TOPCS1600 ATOM Datasets Theme', 'multiplier': 2.0}]",fundamental65,Factor Ratios and its Rank Model,model,Model,model-estimates-models,Estimates Models
fnd65_dev_sedol_fc_rev6,"It is defined as a the average of prior 6-month monthly changes in a stock's consensus analysts earnings forecasts for fiscal year 1, scaled by previous month-end trading price.","{'id': 'fundamental65', 'name': 'Factor Ratios and its Rank Model'}","{'id': 'model', 'name': 'Model'}","{'id': 'model-estimates-models', 'name': 'Estimates Models'}",EUR,1,TOPCS1600,MATRIX,1.0,0.7071,0,0,1.4,"[{'id': '7yd5mJB', 'name': 'EUR TOPCS1600 ATOM Datasets Theme', 'multiplier': 2.0}]",fundamental65,Factor Ratios and its Rank Model,model,Model,model-estimates-models,Estimates Models
fnd65_dev_sedol_fc_stdevfy1epsp,It is defined as the standard deviation of analyst forecasts for fiscal year 1 earnings scaled by the closing price.,"{'id': 'fundamental65', 'name': 'Factor Ratios and its Rank Model'}","{'id': 'model', 'name': 'Model'}","{'id': 'model-estimates-models', 'name': 'Estimates Models'}",EUR,1,TOPCS1600,MATRIX,1.0,0.7372,0,0,1.4,"[{'id': '7yd5mJB', 'name': 'EUR TOPCS1600 ATOM Datasets Theme', 'multiplier': 2.0}]",fundamental65,Factor Ratios and its Rank Model,model,Model,model-estimates-models,Estimates Models
fnd65_dev_sedol_fc_stdevfy2epsp,It is defined as the standard deviation of analyst forecasts for fiscal year 2 earnings scaled by closing price.,"{'id': 'fundamental65', 'name': 'Factor Ratios and its Rank Model'}","{'id': 'model', 'name': 'Model'}","{'id': 'model-estimates-models', 'name': 'Estimates Models'}",EUR,1,TOPCS1600,MATRIX,1.0,0.7371,0,0,1.4,"[{'id': '7yd5mJB', 'name': 'EUR TOPCS1600 ATOM Datasets Theme', 'multiplier': 2.0}]",fundamental65,Factor Ratios and its Rank Model,model,Model,model-estimates-models,Estimates Models
fnd65_dev_sedol_fc_y2repsg,"It is defined as the most recent consensus earnings forecast for fiscal year 2 minus the most recently reported fiscal year earnings, deflated by trading price.","{'id': 'fundamental65', 'name': 'Factor Ratios and its Rank Model'}","{'id': 'model', 'name': 'Model'}","{'id': 'model-estimates-models', 'name': 'Estimates Models'}",EUR,1,TOPCS1600,MATRIX,1.0,0.7149,0,0,1.4,"[{'id': '7yd5mJB', 'name': 'EUR TOPCS1600 ATOM Datasets Theme', 'multiplier': 2.0}]",fundamental65,Factor Ratios and its Rank Model,model,Model,model-estimates-models,Estimates Models
fnd65_dev_sedol_fcfequity,It is defined as the trailing 12-month free cash flow divided by the average book equity value in the same period.,"{'id': 'fundamental65', 'name': 'Factor Ratios and its Rank Model'}","{'id': 'model', 'name': 'Model'}","{'id': 'model-estimates-models', 'name': 'Estimates Models'}",EUR,1,TOPCS1600,MATRIX,1.0,0.7434,0,0,1.4,"[{'id': '7yd5mJB', 'name': 'EUR TOPCS1600 ATOM Datasets Theme', 'multiplier': 2.0}]",fundamental65,Factor Ratios and its Rank Model,model,Model,model-estimates-models,Estimates Models
fnd65_dev_sedol_fcfghc,It is defined as the trailing 12-month free cash flow minus 4 quarters ago trailing 12-month free cash flow divided by the average total assets.,"{'id': 'fundamental65', 'name': 'Factor Ratios and its Rank Model'}","{'id': 'model', 'name': 'Model'}","{'id': 'model-estimates-models', 'name': 'Estimates Models'}",EUR,1,TOPCS1600,MATRIX,1.0,0.7431,0,0,1.4,"[{'id': '7yd5mJB', 'name': 'EUR TOPCS1600 ATOM Datasets Theme', 'multiplier': 2.0}]",fundamental65,Factor Ratios and its Rank Model,model,Model,model-estimates-models,Estimates Models
fnd65_dev_sedol_fcfroi,"It is defined as the trailing 12-month free cash flow divided by the average invested capital in the same period. Invested capital equals the sum of common equity, long-term debt, minority interest, and preferred stock.","{'id': 'fundamental65', 'name': 'Factor Ratios and its Rank Model'}","{'id': 'model', 'name': 'Model'}","{'id': 'model-estimates-models', 'name': 'Estimates Models'}",EUR,1,TOPCS1600,MATRIX,1.0,0.7443,1,1,1.4,"[{'id': '7yd5mJB', 'name': 'EUR TOPCS1600 ATOM Datasets Theme', 'multiplier': 2.0}]",fundamental65,Factor Ratios and its Rank Model,model,Model,model-estimates-models,Estimates Models
fnd65_dev_sedol_fcfsale,It is defined as the trailing 12-month free cash flow divided by the trailing 12-month sales.,"{'id': 'fundamental65', 'name': 'Factor Ratios and its Rank Model'}","{'id': 'model', 'name': 'Model'}","{'id': 'model-estimates-models', 'name': 'Estimates Models'}",EUR,1,TOPCS1600,MATRIX,1.0,0.7438,0,0,1.4,"[{'id': '7yd5mJB', 'name': 'EUR TOPCS1600 ATOM Datasets Theme', 'multiplier': 2.0}]",fundamental65,Factor Ratios and its Rank Model,model,Model,model-estimates-models,Estimates Models
fnd65_dev_sedol_fcfy3gc,It is defined as the 3 year geometric growth rate of free cash flow,"{'id': 'fundamental65', 'name': 'Factor Ratios and its Rank Model'}","{'id': 'model', 'name': 'Model'}","{'id': 'model-estimates-models', 'name': 'Estimates Models'}",EUR,1,TOPCS1600,MATRIX,1.0,0.7234,0,0,1.4,"[{'id': '7yd5mJB', 'name': 'EUR TOPCS1600 ATOM Datasets Theme', 'multiplier': 2.0}]",fundamental65,Factor Ratios and its Rank Model,model,Model,model-estimates-models,Estimates Models
fnd65_dev_sedol_fcghc,It is defined as the the trailing 12-month cash flow minus comparable trailing 12-month cash flow from 4-quarters ago scaled by the average total assets.,"{'id': 'fundamental65', 'name': 'Factor Ratios and its Rank Model'}","{'id': 'model', 'name': 'Model'}","{'id': 'model-estimates-models', 'name': 'Estimates Models'}",EUR,1,TOPCS1600,MATRIX,1.0,0.7402,0,0,1.4,"[{'id': '7yd5mJB', 'name': 'EUR TOPCS1600 ATOM Datasets Theme', 'multiplier': 2.0}]",fundamental65,Factor Ratios and its Rank Model,model,Model,model-estimates-models,Estimates Models
fnd65_dev_sedol_fcoghc,It is defined as the most recently reported trailing 12-month operating cash flow minus 4 quarters ago trailing 12-month operating cash flow divided by the average total assets.,"{'id': 'fundamental65', 'name': 'Factor Ratios and its Rank Model'}","{'id': 'model', 'name': 'Model'}","{'id': 'model-estimates-models', 'name': 'Estimates Models'}",EUR,1,TOPCS1600,MATRIX,1.0,0.7443,0,0,1.4,"[{'id': '7yd5mJB', 'name': 'EUR TOPCS1600 ATOM Datasets Theme', 'multiplier': 2.0}]",fundamental65,Factor Ratios and its Rank Model,model,Model,model-estimates-models,Estimates Models
fnd65_dev_sedol_fixastto,It is defined as the trailing 12-month sales divided by the average of the total fixed assets in the same period.,"{'id': 'fundamental65', 'name': 'Factor Ratios and its Rank Model'}","{'id': 'model', 'name': 'Model'}","{'id': 'model-estimates-models', 'name': 'Estimates Models'}",EUR,1,TOPCS1600,MATRIX,1.0,0.7414,0,0,1.4,"[{'id': '7yd5mJB', 'name': 'EUR TOPCS1600 ATOM Datasets Theme', 'multiplier': 2.0}]",fundamental65,Factor Ratios and its Rank Model,model,Model,model-estimates-models,Estimates Models
fnd65_dev_sedol_flowratio,It is defined as the difference between current assets and cash & equivalents divided by the difference between current liabilities and short-term debt. All items are from the most recent quarter.,"{'id': 'fundamental65', 'name': 'Factor Ratios and its Rank Model'}","{'id': 'model', 'name': 'Model'}","{'id': 'model-estimates-models', 'name': 'Estimates Models'}",EUR,1,TOPCS1600,MATRIX,1.0,0.5949,0,0,1.4,"[{'id': '7yd5mJB', 'name': 'EUR TOPCS1600 ATOM Datasets Theme', 'multiplier': 2.0}]",fundamental65,Factor Ratios and its Rank Model,model,Model,model-estimates-models,Estimates Models
fnd65_dev_sedol_fqsurstd60dlag,"It is defined as the most recent actual fiscal quarter EPS less the consensus earnings estimate from 60 days ago, adjusted by the standard deviation of analyst forecasts from 60 days ago.","{'id': 'fundamental65', 'name': 'Factor Ratios and its Rank Model'}","{'id': 'model', 'name': 'Model'}","{'id': 'model-estimates-models', 'name': 'Estimates Models'}",EUR,1,TOPCS1600,MATRIX,1.0,0.6875,0,0,1.4,"[{'id': '7yd5mJB', 'name': 'EUR TOPCS1600 ATOM Datasets Theme', 'multiplier': 2.0}]",fundamental65,Factor Ratios and its Rank Model,model,Model,model-estimates-models,Estimates Models
fnd65_dev_sedol_fwdebitdaev,It is defined as the FY1 estimate of EBITDA/Enterprise Value.,"{'id': 'fundamental65', 'name': 'Factor Ratios and its Rank Model'}","{'id': 'model', 'name': 'Model'}","{'id': 'model-estimates-models', 'name': 'Estimates Models'}",EUR,1,TOPCS1600,MATRIX,1.0,0.7157,0,0,1.4,"[{'id': '7yd5mJB', 'name': 'EUR TOPCS1600 ATOM Datasets Theme', 'multiplier': 2.0}]",fundamental65,Factor Ratios and its Rank Model,model,Model,model-estimates-models,Estimates Models
fnd65_dev_sedol_gear,It is defined as the long-term debt divided by the difference between total assets and current liability.,"{'id': 'fundamental65', 'name': 'Factor Ratios and its Rank Model'}","{'id': 'model', 'name': 'Model'}","{'id': 'model-estimates-models', 'name': 'Estimates Models'}",EUR,1,TOPCS1600,MATRIX,1.0,0.7001,0,0,1.4,"[{'id': '7yd5mJB', 'name': 'EUR TOPCS1600 ATOM Datasets Theme', 'multiplier': 2.0}]",fundamental65,Factor Ratios and its Rank Model,model,Model,model-estimates-models,Estimates Models
fnd65_dev_sedol_grahamnum,"It is defined as the Graham Number divided by price, where the Graham Number is equal to the squared root of (22.5 X Earnings Per Share x Book Value Per Share).","{'id': 'fundamental65', 'name': 'Factor Ratios and its Rank Model'}","{'id': 'model', 'name': 'Model'}","{'id': 'model-estimates-models', 'name': 'Estimates Models'}",EUR,1,TOPCS1600,MATRIX,1.0,0.692,0,0,1.4,"[{'id': '7yd5mJB', 'name': 'EUR TOPCS1600 ATOM Datasets Theme', 'multiplier': 2.0}]",fundamental65,Factor Ratios and its Rank Model,model,Model,model-estimates-models,Estimates Models
fnd65_dev_sedol_gspea2y_cf,"It is defined as the difference between the most recent consensus earnings forecast for fiscal year 2 and the consensus earnings forecast for fiscal year 1, divided by the trading price.","{'id': 'fundamental65', 'name': 'Factor Ratios and its Rank Model'}","{'id': 'model', 'name': 'Model'}","{'id': 'model-estimates-models', 'name': 'Estimates Models'}",EUR,1,TOPCS1600,MATRIX,1.0,0.7443,0,0,1.4,"[{'id': '7yd5mJB', 'name': 'EUR TOPCS1600 ATOM Datasets Theme', 'multiplier': 2.0}]",fundamental65,Factor Ratios and its Rank Model,model,Model,model-estimates-models,Estimates Models
fnd65_dev_sedol_gtl,It is defined as the consensus long term growth forecast. It generally represents an expected annual increase in operating earnings over the company's next full business cycle.,"{'id': 'fundamental65', 'name': 'Factor Ratios and its Rank Model'}","{'id': 'model', 'name': 'Model'}","{'id': 'model-estimates-models', 'name': 'Estimates Models'}",EUR,1,TOPCS1600,MATRIX,1.0,0.7116,0,0,1.4,"[{'id': '7yd5mJB', 'name': 'EUR TOPCS1600 ATOM Datasets Theme', 'multiplier': 2.0}]",fundamental65,Factor Ratios and its Rank Model,model,Model,model-estimates-models,Estimates Models
fnd65_dev_sedol_gtlm6ghc,It is defined as the percent change in the most recent mean consensus long-term growth forecast as compared to those of 6 months ago.,"{'id': 'fundamental65', 'name': 'Factor Ratios and its Rank Model'}","{'id': 'model', 'name': 'Model'}","{'id': 'model-estimates-models', 'name': 'Estimates Models'}",EUR,1,TOPCS1600,MATRIX,1.0,0.5729,0,0,1.4,"[{'id': '7yd5mJB', 'name': 'EUR TOPCS1600 ATOM Datasets Theme', 'multiplier': 2.0}]",fundamental65,Factor Ratios and its Rank Model,model,Model,model-estimates-models,Estimates Models
fnd65_dev_sedol_ica,It is defined as the change in a firm's most recent trailing 12-month capital investment intensity compared to the average of its prior 3-year investment intensity.,"{'id': 'fundamental65', 'name': 'Factor Ratios and its Rank Model'}","{'id': 'model', 'name': 'Model'}","{'id': 'model-estimates-models', 'name': 'Estimates Models'}",EUR,1,TOPCS1600,MATRIX,1.0,0.7188,0,0,1.4,"[{'id': '7yd5mJB', 'name': 'EUR TOPCS1600 ATOM Datasets Theme', 'multiplier': 2.0}]",fundamental65,Factor Ratios and its Rank Model,model,Model,model-estimates-models,Estimates Models
fnd65_dev_sedol_idb,It measures the number of days a company can cover its daily operating expenses (cost of goods sold and SG&A) using only its cash and receivables on its balance sheet.,"{'id': 'fundamental65', 'name': 'Factor Ratios and its Rank Model'}","{'id': 'model', 'name': 'Model'}","{'id': 'model-estimates-models', 'name': 'Estimates Models'}",EUR,1,TOPCS1600,MATRIX,1.0,0.542,0,0,1.4,"[{'id': '7yd5mJB', 'name': 'EUR TOPCS1600 ATOM Datasets Theme', 'multiplier': 2.0}]",fundamental65,Factor Ratios and its Rank Model,model,Model,model-estimates-models,Estimates Models
fnd65_dev_sedol_indrelcroe_,"It is defined as a stock's lagged quarterly return on equity (ROE) minus the average of the ROEs of all stocks in the same industry, deflated by the standard deviation of these ROEs.","{'id': 'fundamental65', 'name': 'Factor Ratios and its Rank Model'}","{'id': 'model', 'name': 'Model'}","{'id': 'model-estimates-models', 'name': 'Estimates Models'}",EUR,1,TOPCS1600,MATRIX,1.0,0.7369,0,0,1.4,"[{'id': '7yd5mJB', 'name': 'EUR TOPCS1600 ATOM Datasets Theme', 'multiplier': 2.0}]",fundamental65,Factor Ratios and its Rank Model,model,Model,model-estimates-models,Estimates Models
fnd65_dev_sedol_indrelrecd_,It is defined as a stock's asset-adjusted annual doubtful receivables minus the average of the receivables of all stocks in the same industry deflated by the standard deviation of these receivables.,"{'id': 'fundamental65', 'name': 'Factor Ratios and its Rank Model'}","{'id': 'model', 'name': 'Model'}","{'id': 'model-estimates-models', 'name': 'Estimates Models'}",EUR,1,TOPCS1600,MATRIX,1.0,0.4618,0,0,1.4,"[{'id': '7yd5mJB', 'name': 'EUR TOPCS1600 ATOM Datasets Theme', 'multiplier': 2.0}]",fundamental65,Factor Ratios and its Rank Model,model,Model,model-estimates-models,Estimates Models
fnd65_dev_sedol_indrelrtn4w_,"It is defined as a stock's return in the last 4 weeks minus the average of the comparable returns of all stocks in the same industry, deflated by the standard deviation of these returns.","{'id': 'fundamental65', 'name': 'Factor Ratios and its Rank Model'}","{'id': 'model', 'name': 'Model'}","{'id': 'model-estimates-models', 'name': 'Estimates Models'}",EUR,1,TOPCS1600,MATRIX,1.0,0.7455,0,0,1.4,"[{'id': '7yd5mJB', 'name': 'EUR TOPCS1600 ATOM Datasets Theme', 'multiplier': 2.0}]",fundamental65,Factor Ratios and its Rank Model,model,Model,model-estimates-models,Estimates Models
fnd65_dev_sedol_indrelrtn5d_,"It is defined as a stock's return in the last 5 days minus the average of the comparable returns of all stocks in the same industry, then deflated by the standard deviation of these returns.","{'id': 'fundamental65', 'name': 'Factor Ratios and its Rank Model'}","{'id': 'model', 'name': 'Model'}","{'id': 'model-estimates-models', 'name': 'Estimates Models'}",EUR,1,TOPCS1600,MATRIX,1.0,0.7457,0,0,1.4,"[{'id': '7yd5mJB', 'name': 'EUR TOPCS1600 ATOM Datasets Theme', 'multiplier': 2.0}]",fundamental65,Factor Ratios and its Rank Model,model,Model,model-estimates-models,Estimates Models
fnd65_dev_sedol_inflation,"It is defined as the beta coefficient to Change in Inflation, which is estimated by a 60 month multiple regression of returns on several macroeconomic factors.","{'id': 'fundamental65', 'name': 'Factor Ratios and its Rank Model'}","{'id': 'model', 'name': 'Model'}","{'id': 'model-estimates-models', 'name': 'Estimates Models'}",EUR,1,TOPCS1600,MATRIX,1.0,0.7396,0,0,1.4,"[{'id': '7yd5mJB', 'name': 'EUR TOPCS1600 ATOM Datasets Theme', 'multiplier': 2.0}]",fundamental65,Factor Ratios and its Rank Model,model,Model,model-estimates-models,Estimates Models
fnd65_dev_sedol_invast,It is defined as the current inventory level deflated by the total assets from most recent quarter.,"{'id': 'fundamental65', 'name': 'Factor Ratios and its Rank Model'}","{'id': 'model', 'name': 'Model'}","{'id': 'model-estimates-models', 'name': 'Estimates Models'}",EUR,1,TOPCS1600,MATRIX,1.0,0.563,0,0,1.4,"[{'id': '7yd5mJB', 'name': 'EUR TOPCS1600 ATOM Datasets Theme', 'multiplier': 2.0}]",fundamental65,Factor Ratios and its Rank Model,model,Model,model-estimates-models,Estimates Models
fnd65_dev_sedol_iqa,It is defined as the year-over-year change of 1 minus the ratio of current assets plus PP&E divided by total assets,"{'id': 'fundamental65', 'name': 'Factor Ratios and its Rank Model'}","{'id': 'model', 'name': 'Model'}","{'id': 'model-estimates-models', 'name': 'Estimates Models'}",EUR,1,TOPCS1600,MATRIX,1.0,0.5918,0,0,1.4,"[{'id': '7yd5mJB', 'name': 'EUR TOPCS1600 ATOM Datasets Theme', 'multiplier': 2.0}]",fundamental65,Factor Ratios and its Rank Model,model,Model,model-estimates-models,Estimates Models
fnd65_dev_sedol_irttmsalesev,It is defined as a stock's trailing 12 month sales-to-enterprise (SEV) value less the average of the SEVs of all stocks in the same industry deflated by the standard deviation of the SEVs of all stocks in the same relative universe.,"{'id': 'fundamental65', 'name': 'Factor Ratios and its Rank Model'}","{'id': 'model', 'name': 'Model'}","{'id': 'model-estimates-models', 'name': 'Estimates Models'}",EUR,1,TOPCS1600,MATRIX,1.0,0.7443,0,0,1.4,"[{'id': '7yd5mJB', 'name': 'EUR TOPCS1600 ATOM Datasets Theme', 'multiplier': 2.0}]",fundamental65,Factor Ratios and its Rank Model,model,Model,model-estimates-models,Estimates Models
fnd65_dev_sedol_lagegp,"It is defined as the trailing 12-month earnings per share before extraordinary items times the change in yearly trailing 12-month sales per share growth rate, divided by the trading price.","{'id': 'fundamental65', 'name': 'Factor Ratios and its Rank Model'}","{'id': 'model', 'name': 'Model'}","{'id': 'model-estimates-models', 'name': 'Estimates Models'}",EUR,1,TOPCS1600,MATRIX,1.0,0.7102,0,0,1.4,"[{'id': '7yd5mJB', 'name': 'EUR TOPCS1600 ATOM Datasets Theme', 'multiplier': 2.0}]",fundamental65,Factor Ratios and its Rank Model,model,Model,model-estimates-models,Estimates Models
fnd65_dev_sedol_lfd,It is defined as the sum of the trailing 12-month pretax income and the trailing 12-month interest expense divided by the trailing 12-month pretax income.,"{'id': 'fundamental65', 'name': 'Factor Ratios and its Rank Model'}","{'id': 'model', 'name': 'Model'}","{'id': 'model-estimates-models', 'name': 'Estimates Models'}",EUR,1,TOPCS1600,MATRIX,1.0,0.7379,0,0,1.4,"[{'id': '7yd5mJB', 'name': 'EUR TOPCS1600 ATOM Datasets Theme', 'multiplier': 2.0}]",fundamental65,Factor Ratios and its Rank Model,model,Model,model-estimates-models,Estimates Models
fnd65_dev_sedol_liqcoeff,It is the slope of the regression between the monthly stock trading turnover ratio (X) and the contemporary monthly stock price returns (Y).,"{'id': 'fundamental65', 'name': 'Factor Ratios and its Rank Model'}","{'id': 'model', 'name': 'Model'}","{'id': 'model-estimates-models', 'name': 'Estimates Models'}",EUR,1,TOPCS1600,MATRIX,1.0,0.7183,0,0,1.4,"[{'id': '7yd5mJB', 'name': 'EUR TOPCS1600 ATOM Datasets Theme', 'multiplier': 2.0}]",fundamental65,Factor Ratios and its Rank Model,model,Model,model-estimates-models,Estimates Models
fnd65_dev_sedol_lumqca,It is defined as the most recent quarterly reported invested capital divided by the trailing 12-month EBITDA.,"{'id': 'fundamental65', 'name': 'Factor Ratios and its Rank Model'}","{'id': 'model', 'name': 'Model'}","{'id': 'model-estimates-models', 'name': 'Estimates Models'}",EUR,1,TOPCS1600,MATRIX,1.0,0.7221,0,0,1.4,"[{'id': '7yd5mJB', 'name': 'EUR TOPCS1600 ATOM Datasets Theme', 'multiplier': 2.0}]",fundamental65,Factor Ratios and its Rank Model,model,Model,model-estimates-models,Estimates Models
fnd65_dev_sedol_m42rav,It is defined as the minimum of a stock's monthly price return in the last 24-month period.,"{'id': 'fundamental65', 'name': 'Factor Ratios and its Rank Model'}","{'id': 'model', 'name': 'Model'}","{'id': 'model-estimates-models', 'name': 'Estimates Models'}",EUR,1,TOPCS1600,MATRIX,1.0,0.7101,0,0,1.4,"[{'id': '7yd5mJB', 'name': 'EUR TOPCS1600 ATOM Datasets Theme', 'multiplier': 2.0}]",fundamental65,Factor Ratios and its Rank Model,model,Model,model-estimates-models,Estimates Models
fnd65_dev_sedol_m6dn2ntr,It is defined as the percent change in a stock's price from month t-12 to month t-7.,"{'id': 'fundamental65', 'name': 'Factor Ratios and its Rank Model'}","{'id': 'model', 'name': 'Model'}","{'id': 'model-estimates-models', 'name': 'Estimates Models'}",EUR,1,TOPCS1600,MATRIX,1.0,0.7299,0,0,1.4,"[{'id': '7yd5mJB', 'name': 'EUR TOPCS1600 ATOM Datasets Theme', 'multiplier': 2.0}]",fundamental65,Factor Ratios and its Rank Model,model,Model,model-estimates-models,Estimates Models
fnd65_dev_sedol_md,"It is defined as the financial distress model employed by Campbell, Hilscher, and Szilagyi (2008) and Chen and Zhang (2009).","{'id': 'fundamental65', 'name': 'Factor Ratios and its Rank Model'}","{'id': 'model', 'name': 'Model'}","{'id': 'model-estimates-models', 'name': 'Estimates Models'}",EUR,1,TOPCS1600,MATRIX,1.0,0.6436,0,0,1.4,"[{'id': '7yd5mJB', 'name': 'EUR TOPCS1600 ATOM Datasets Theme', 'multiplier': 2.0}]",fundamental65,Factor Ratios and its Rank Model,model,Model,model-estimates-models,Estimates Models
fnd65_dev_sedol_milliq,It is defined as the monthly average of the daily absolute return to the daily dollar trading volume ratio.,"{'id': 'fundamental65', 'name': 'Factor Ratios and its Rank Model'}","{'id': 'model', 'name': 'Model'}","{'id': 'model-estimates-models', 'name': 'Estimates Models'}",EUR,1,TOPCS1600,MATRIX,1.0,0.7473,0,0,1.4,"[{'id': '7yd5mJB', 'name': 'EUR TOPCS1600 ATOM Datasets Theme', 'multiplier': 2.0}]",fundamental65,Factor Ratios and its Rank Model,model,Model,model-estimates-models,Estimates Models
fnd65_dev_sedol_mktcappera,It is defined as a stock's current market cap divided by the number of analysts providing Fiscal Year 1 earnings estimates.,"{'id': 'fundamental65', 'name': 'Factor Ratios and its Rank Model'}","{'id': 'model', 'name': 'Model'}","{'id': 'model-estimates-models', 'name': 'Estimates Models'}",EUR,1,TOPCS1600,MATRIX,1.0,0.7454,0,0,1.4,"[{'id': '7yd5mJB', 'name': 'EUR TOPCS1600 ATOM Datasets Theme', 'multiplier': 2.0}]",fundamental65,Factor Ratios and its Rank Model,model,Model,model-estimates-models,Estimates Models
fnd65_dev_sedol_mktlev,"It is defined as a stock's total market value plus the most recently reported quarterly book debt, then divided by the market value.","{'id': 'fundamental65', 'name': 'Factor Ratios and its Rank Model'}","{'id': 'model', 'name': 'Model'}","{'id': 'model-estimates-models', 'name': 'Estimates Models'}",EUR,1,TOPCS1600,MATRIX,1.0,0.7435,0,0,1.4,"[{'id': '7yd5mJB', 'name': 'EUR TOPCS1600 ATOM Datasets Theme', 'multiplier': 2.0}]",fundamental65,Factor Ratios and its Rank Model,model,Model,model-estimates-models,Estimates Models
fnd65_dev_sedol_mpg,It is defined as the TTM (Sales-COGS)/ Sales.,"{'id': 'fundamental65', 'name': 'Factor Ratios and its Rank Model'}","{'id': 'model', 'name': 'Model'}","{'id': 'model-estimates-models', 'name': 'Estimates Models'}",EUR,1,TOPCS1600,MATRIX,1.0,0.6704,0,0,1.4,"[{'id': '7yd5mJB', 'name': 'EUR TOPCS1600 ATOM Datasets Theme', 'multiplier': 2.0}]",fundamental65,Factor Ratios and its Rank Model,model,Model,model-estimates-models,Estimates Models
fnd65_dev_sedol_mpgghcy3_,It is defined as the most recent quarterly reported gross profit margin minus the margin for the same quarter three year ago. Gross profit margin =TTM (Sales-COGS)/ Sales.,"{'id': 'fundamental65', 'name': 'Factor Ratios and its Rank Model'}","{'id': 'model', 'name': 'Model'}","{'id': 'model-estimates-models', 'name': 'Estimates Models'}",EUR,1,TOPCS1600,MATRIX,1.0,0.624,0,0,1.4,"[{'id': '7yd5mJB', 'name': 'EUR TOPCS1600 ATOM Datasets Theme', 'multiplier': 2.0}]",fundamental65,Factor Ratios and its Rank Model,model,Model,model-estimates-models,Estimates Models
fnd65_dev_sedol_mpgy3gc,It is defined as the 3-year geometric growth rate of gross margins.,"{'id': 'fundamental65', 'name': 'Factor Ratios and its Rank Model'}","{'id': 'model', 'name': 'Model'}","{'id': 'model-estimates-models', 'name': 'Estimates Models'}",EUR,1,TOPCS1600,MATRIX,1.0,0.6227,0,0,1.4,"[{'id': '7yd5mJB', 'name': 'EUR TOPCS1600 ATOM Datasets Theme', 'multiplier': 2.0}]",fundamental65,Factor Ratios and its Rank Model,model,Model,model-estimates-models,Estimates Models
fnd65_dev_sedol_mpn,It is defined as the most recently reported quarterly net income after tax divided by the corresponding quarterly sales.,"{'id': 'fundamental65', 'name': 'Factor Ratios and its Rank Model'}","{'id': 'model', 'name': 'Model'}","{'id': 'model-estimates-models', 'name': 'Estimates Models'}",EUR,1,TOPCS1600,MATRIX,1.0,0.7436,0,0,1.4,"[{'id': '7yd5mJB', 'name': 'EUR TOPCS1600 ATOM Datasets Theme', 'multiplier': 2.0}]",fundamental65,Factor Ratios and its Rank Model,model,Model,model-estimates-models,Estimates Models
fnd65_dev_sedol_mpnghc,It is defined as the most recent quarterly net profit margin (NPM) minus the NPM 4 quarters ago. Net profit margin is net income divided by total sales.,"{'id': 'fundamental65', 'name': 'Factor Ratios and its Rank Model'}","{'id': 'model', 'name': 'Model'}","{'id': 'model-estimates-models', 'name': 'Estimates Models'}",EUR,1,TOPCS1600,MATRIX,1.0,0.7416,0,0,1.4,"[{'id': '7yd5mJB', 'name': 'EUR TOPCS1600 ATOM Datasets Theme', 'multiplier': 2.0}]",fundamental65,Factor Ratios and its Rank Model,model,Model,model-estimates-models,Estimates Models
fnd65_dev_sedol_mpoghc,It is defined as the most recent quarterly operating profit margin minus that of 4 quarters ago. Operating profit margin is income from operations divided by total sales.,"{'id': 'fundamental65', 'name': 'Factor Ratios and its Rank Model'}","{'id': 'model', 'name': 'Model'}","{'id': 'model-estimates-models', 'name': 'Estimates Models'}",EUR,1,TOPCS1600,MATRIX,1.0,0.7297,0,0,1.4,"[{'id': '7yd5mJB', 'name': 'EUR TOPCS1600 ATOM Datasets Theme', 'multiplier': 2.0}]",fundamental65,Factor Ratios and its Rank Model,model,Model,model-estimates-models,Estimates Models
fnd65_dev_sedol_mpoy3gc,It is defined as the 3-year geometric growth rate of operating profit margins. Operating profit margin is defined as the most recently reported quarterly operating income divided by the corresponding quarterly sales.,"{'id': 'fundamental65', 'name': 'Factor Ratios and its Rank Model'}","{'id': 'model', 'name': 'Model'}","{'id': 'model-estimates-models', 'name': 'Estimates Models'}",EUR,1,TOPCS1600,MATRIX,1.0,0.7136,0,0,1.4,"[{'id': '7yd5mJB', 'name': 'EUR TOPCS1600 ATOM Datasets Theme', 'multiplier': 2.0}]",fundamental65,Factor Ratios and its Rank Model,model,Model,model-estimates-models,Estimates Models
fnd65_dev_sedol_mrspe_cf,"It is defined as the 3-month change in the median FY1 consensus earnings forecast, scaled by the current mean earnings estimate.","{'id': 'fundamental65', 'name': 'Factor Ratios and its Rank Model'}","{'id': 'model', 'name': 'Model'}","{'id': 'model-estimates-models', 'name': 'Estimates Models'}",EUR,1,TOPCS1600,MATRIX,1.0,0.7135,0,0,1.4,"[{'id': '7yd5mJB', 'name': 'EUR TOPCS1600 ATOM Datasets Theme', 'multiplier': 2.0}]",fundamental65,Factor Ratios and its Rank Model,model,Model,model-estimates-models,Estimates Models
fnd65_dev_sedol_nasales,It is defined as the annual aggregate sales for North America as reported by the company divided by total annual sales.,"{'id': 'fundamental65', 'name': 'Factor Ratios and its Rank Model'}","{'id': 'model', 'name': 'Model'}","{'id': 'model-estimates-models', 'name': 'Estimates Models'}",EUR,1,TOPCS1600,MATRIX,1.0,0.3826,0,0,1.4,"[{'id': '7yd5mJB', 'name': 'EUR TOPCS1600 ATOM Datasets Theme', 'multiplier': 2.0}]",fundamental65,Factor Ratios and its Rank Model,model,Model,model-estimates-models,Estimates Models
fnd65_dev_sedol_netcashp,It is defined as most recently reported quarterly cash & equivalents less the long-term debt and current debt for a stock divided by its current market value.,"{'id': 'fundamental65', 'name': 'Factor Ratios and its Rank Model'}","{'id': 'model', 'name': 'Model'}","{'id': 'model-estimates-models', 'name': 'Estimates Models'}",EUR,1,TOPCS1600,MATRIX,1.0,0.6631,0,0,1.4,"[{'id': '7yd5mJB', 'name': 'EUR TOPCS1600 ATOM Datasets Theme', 'multiplier': 2.0}]",fundamental65,Factor Ratios and its Rank Model,model,Model,model-estimates-models,Estimates Models
fnd65_dev_sedol_netdebt,"It is defined as the net debt divided by the sum of the net debt, preferred stock, and common stock, where net debt equals the long-term debt plus short-term debt minus cash & equivalents. All items are from the most recent quarter.","{'id': 'fundamental65', 'name': 'Factor Ratios and its Rank Model'}","{'id': 'model', 'name': 'Model'}","{'id': 'model-estimates-models', 'name': 'Estimates Models'}",EUR,1,TOPCS1600,MATRIX,1.0,0.742,0,0,1.4,"[{'id': '7yd5mJB', 'name': 'EUR TOPCS1600 ATOM Datasets Theme', 'multiplier': 2.0}]",fundamental65,Factor Ratios and its Rank Model,model,Model,model-estimates-models,Estimates Models
fnd65_dev_sedol_netdebtebitda,It is defined as the net debt divided by EBITDA. Net debt equals the long-term debt plus short-term debt minus cash and equivalents.,"{'id': 'fundamental65', 'name': 'Factor Ratios and its Rank Model'}","{'id': 'model', 'name': 'Model'}","{'id': 'model-estimates-models', 'name': 'Estimates Models'}",EUR,1,TOPCS1600,MATRIX,1.0,0.7197,0,0,1.4,"[{'id': '7yd5mJB', 'name': 'EUR TOPCS1600 ATOM Datasets Theme', 'multiplier': 2.0}]",fundamental65,Factor Ratios and its Rank Model,model,Model,model-estimates-models,Estimates Models
fnd65_dev_sedol_nfaldebt,It is defined as the most recent quarterly reported net fixed assets divided by the total long-term debt.,"{'id': 'fundamental65', 'name': 'Factor Ratios and its Rank Model'}","{'id': 'model', 'name': 'Model'}","{'id': 'model-estimates-models', 'name': 'Estimates Models'}",EUR,1,TOPCS1600,MATRIX,1.0,0.6988,0,0,1.4,"[{'id': '7yd5mJB', 'name': 'EUR TOPCS1600 ATOM Datasets Theme', 'multiplier': 2.0}]",fundamental65,Factor Ratios and its Rank Model,model,Model,model-estimates-models,Estimates Models
fnd65_dev_sedol_niper,It is defined as the income after taxes for the trailing 12-months divided by the number of employees at the end of the last reported fiscal year.,"{'id': 'fundamental65', 'name': 'Factor Ratios and its Rank Model'}","{'id': 'model', 'name': 'Model'}","{'id': 'model-estimates-models', 'name': 'Estimates Models'}",EUR,1,TOPCS1600,MATRIX,1.0,0.7335,0,0,1.4,"[{'id': '7yd5mJB', 'name': 'EUR TOPCS1600 ATOM Datasets Theme', 'multiplier': 2.0}]",fundamental65,Factor Ratios and its Rank Model,model,Model,model-estimates-models,Estimates Models
fnd65_dev_sedol_nla_u,It is defined as the natural logarithm of the most recent quarterly reported total assets in USD.,"{'id': 'fundamental65', 'name': 'Factor Ratios and its Rank Model'}","{'id': 'model', 'name': 'Model'}","{'id': 'model-estimates-models', 'name': 'Estimates Models'}",EUR,1,TOPCS1600,MATRIX,1.0,0.7462,0,0,1.4,"[{'id': '7yd5mJB', 'name': 'EUR TOPCS1600 ATOM Datasets Theme', 'multiplier': 2.0}]",fundamental65,Factor Ratios and its Rank Model,model,Model,model-estimates-models,Estimates Models
fnd65_dev_sedol_nlassets,It is defined as the natural logarithm of the most recent quarterly reported total assets.,"{'id': 'fundamental65', 'name': 'Factor Ratios and its Rank Model'}","{'id': 'model', 'name': 'Model'}","{'id': 'model-estimates-models', 'name': 'Estimates Models'}",EUR,1,TOPCS1600,MATRIX,1.0,0.7459,0,0,1.4,"[{'id': '7yd5mJB', 'name': 'EUR TOPCS1600 ATOM Datasets Theme', 'multiplier': 2.0}]",fundamental65,Factor Ratios and its Rank Model,model,Model,model-estimates-models,Estimates Models
fnd65_dev_sedol_nlmc,It is defined as the natural logarithm of the cube of a stock's total market value.,"{'id': 'fundamental65', 'name': 'Factor Ratios and its Rank Model'}","{'id': 'model', 'name': 'Model'}","{'id': 'model-estimates-models', 'name': 'Estimates Models'}",EUR,1,TOPCS1600,MATRIX,1.0,0.7476,0,0,1.4,"[{'id': '7yd5mJB', 'name': 'EUR TOPCS1600 ATOM Datasets Theme', 'multiplier': 2.0}]",fundamental65,Factor Ratios and its Rank Model,model,Model,model-estimates-models,Estimates Models
fnd65_dev_sedol_nlmc_u,It is defined as the natural logarithm of the cubic of a stock's total market value in USD.,"{'id': 'fundamental65', 'name': 'Factor Ratios and its Rank Model'}","{'id': 'model', 'name': 'Model'}","{'id': 'model-estimates-models', 'name': 'Estimates Models'}",EUR,1,TOPCS1600,MATRIX,1.0,0.746,0,0,1.4,"[{'id': '7yd5mJB', 'name': 'EUR TOPCS1600 ATOM Datasets Theme', 'multiplier': 2.0}]",fundamental65,Factor Ratios and its Rank Model,model,Model,model-estimates-models,Estimates Models
fnd65_dev_sedol_nlprice,It is defined as the natural logarithm of the cubic of a stock's unadjusted closing price.,"{'id': 'fundamental65', 'name': 'Factor Ratios and its Rank Model'}","{'id': 'model', 'name': 'Model'}","{'id': 'model-estimates-models', 'name': 'Estimates Models'}",EUR,1,TOPCS1600,MATRIX,1.0,0.7476,0,0,1.4,"[{'id': '7yd5mJB', 'name': 'EUR TOPCS1600 ATOM Datasets Theme', 'multiplier': 2.0}]",fundamental65,Factor Ratios and its Rank Model,model,Model,model-estimates-models,Estimates Models
fnd65_dev_sedol_nlprice_usd,It is defined as the natural logarithm of the cubic of a stock's unadjusted closing price in USD.,"{'id': 'fundamental65', 'name': 'Factor Ratios and its Rank Model'}","{'id': 'model', 'name': 'Model'}","{'id': 'model-estimates-models', 'name': 'Estimates Models'}",EUR,1,TOPCS1600,MATRIX,1.0,0.746,0,0,1.4,"[{'id': '7yd5mJB', 'name': 'EUR TOPCS1600 ATOM Datasets Theme', 'multiplier': 2.0}]",fundamental65,Factor Ratios and its Rank Model,model,Model,model-estimates-models,Estimates Models
fnd65_dev_sedol_nlsales,It is defined as the natural logarithm of the cubic of a company's trailing 12-month sales.,"{'id': 'fundamental65', 'name': 'Factor Ratios and its Rank Model'}","{'id': 'model', 'name': 'Model'}","{'id': 'model-estimates-models', 'name': 'Estimates Models'}",EUR,1,TOPCS1600,MATRIX,1.0,0.7441,0,0,1.4,"[{'id': '7yd5mJB', 'name': 'EUR TOPCS1600 ATOM Datasets Theme', 'multiplier': 2.0}]",fundamental65,Factor Ratios and its Rank Model,model,Model,model-estimates-models,Estimates Models
fnd65_dev_sedol_nlsales_usd,It is defined as the natural logarithm of the cubic of a company's trailing 12-month sales in USD.,"{'id': 'fundamental65', 'name': 'Factor Ratios and its Rank Model'}","{'id': 'model', 'name': 'Model'}","{'id': 'model-estimates-models', 'name': 'Estimates Models'}",EUR,1,TOPCS1600,MATRIX,1.0,0.7446,0,0,1.4,"[{'id': '7yd5mJB', 'name': 'EUR TOPCS1600 ATOM Datasets Theme', 'multiplier': 2.0}]",fundamental65,Factor Ratios and its Rank Model,model,Model,model-estimates-models,Estimates Models
fnd65_dev_sedol_nlvolcap,It is defined as the natural logarithm of the quotient of the trailing 12-month average of the monthly trading volume to the trailing 12-month average of monthly market capitalization.,"{'id': 'fundamental65', 'name': 'Factor Ratios and its Rank Model'}","{'id': 'model', 'name': 'Model'}","{'id': 'model-estimates-models', 'name': 'Estimates Models'}",EUR,1,TOPCS1600,MATRIX,1.0,0.7342,0,0,1.4,"[{'id': '7yd5mJB', 'name': 'EUR TOPCS1600 ATOM Datasets Theme', 'multiplier': 2.0}]",fundamental65,Factor Ratios and its Rank Model,model,Model,model-estimates-models,Estimates Models
fnd65_dev_sedol_nnastp,It is defined as the current assets per share minus total liabilites per share divided by the price.,"{'id': 'fundamental65', 'name': 'Factor Ratios and its Rank Model'}","{'id': 'model', 'name': 'Model'}","{'id': 'model-estimates-models', 'name': 'Estimates Models'}",EUR,1,TOPCS1600,MATRIX,1.0,0.5954,0,0,1.4,"[{'id': '7yd5mJB', 'name': 'EUR TOPCS1600 ATOM Datasets Theme', 'multiplier': 2.0}]",fundamental65,Factor Ratios and its Rank Model,model,Model,model-estimates-models,Estimates Models
fnd65_dev_sedol_noato,"It is defined as trailing-12-month sales divided by the last 4-quarters average net operating assets, which equals short-term debt + long-term debt + preferred equity + common equity - cash","{'id': 'fundamental65', 'name': 'Factor Ratios and its Rank Model'}","{'id': 'model', 'name': 'Model'}","{'id': 'model-estimates-models', 'name': 'Estimates Models'}",EUR,1,TOPCS1600,MATRIX,1.0,0.7438,0,0,1.4,"[{'id': '7yd5mJB', 'name': 'EUR TOPCS1600 ATOM Datasets Theme', 'multiplier': 2.0}]",fundamental65,Factor Ratios and its Rank Model,model,Model,model-estimates-models,Estimates Models
fnd65_dev_sedol_nopatmargin,It is defined as: (Net Income + Interest Expense*(1-Effective Tax Rate))/Net Sales.All items are for trailing 12-month. Effective tax rate equals income taxes for the trailing twelve months divided by the trailing twelve months' income before taxes.,"{'id': 'fundamental65', 'name': 'Factor Ratios and its Rank Model'}","{'id': 'model', 'name': 'Model'}","{'id': 'model-estimates-models', 'name': 'Estimates Models'}",EUR,1,TOPCS1600,MATRIX,1.0,0.7247,0,0,1.4,"[{'id': '7yd5mJB', 'name': 'EUR TOPCS1600 ATOM Datasets Theme', 'multiplier': 2.0}]",fundamental65,Factor Ratios and its Rank Model,model,Model,model-estimates-models,Estimates Models
fnd65_dev_sedol_ntrm01ff,It is defined as the percent change in a stock's price from month t-12 to month t-2.,"{'id': 'fundamental65', 'name': 'Factor Ratios and its Rank Model'}","{'id': 'model', 'name': 'Model'}","{'id': 'model-estimates-models', 'name': 'Estimates Models'}",EUR,1,TOPCS1600,MATRIX,1.0,0.7299,0,0,1.4,"[{'id': '7yd5mJB', 'name': 'EUR TOPCS1600 ATOM Datasets Theme', 'multiplier': 2.0}]",fundamental65,Factor Ratios and its Rank Model,model,Model,model-estimates-models,Estimates Models
fnd65_dev_sedol_numrevy2,"It is defined as the weighted average of the number of FY2 analyst earnings forecasts raised less the number lowered within a month, divided by the total number of analyst forecasts.","{'id': 'fundamental65', 'name': 'Factor Ratios and its Rank Model'}","{'id': 'model', 'name': 'Model'}","{'id': 'model-estimates-models', 'name': 'Estimates Models'}",EUR,1,TOPCS1600,MATRIX,1.0,0.7286,0,0,1.4,"[{'id': '7yd5mJB', 'name': 'EUR TOPCS1600 ATOM Datasets Theme', 'multiplier': 2.0}]",fundamental65,Factor Ratios and its Rank Model,model,Model,model-estimates-models,Estimates Models
fnd65_dev_sedol_ocfast,It is defined as the trailing 12-month net cash flow from operations divided by the average total assets.,"{'id': 'fundamental65', 'name': 'Factor Ratios and its Rank Model'}","{'id': 'model', 'name': 'Model'}","{'id': 'model-estimates-models', 'name': 'Estimates Models'}",EUR,1,TOPCS1600,MATRIX,1.0,0.7455,0,0,1.4,"[{'id': '7yd5mJB', 'name': 'EUR TOPCS1600 ATOM Datasets Theme', 'multiplier': 2.0}]",fundamental65,Factor Ratios and its Rank Model,model,Model,model-estimates-models,Estimates Models
fnd65_dev_sedol_ocfmargin,It is defined as the trailing 12-month cash flow from operations scaled by the trailing 12-month sales.,"{'id': 'fundamental65', 'name': 'Factor Ratios and its Rank Model'}","{'id': 'model', 'name': 'Model'}","{'id': 'model-estimates-models', 'name': 'Estimates Models'}",EUR,1,TOPCS1600,MATRIX,1.0,0.744,0,0,1.4,"[{'id': '7yd5mJB', 'name': 'EUR TOPCS1600 ATOM Datasets Theme', 'multiplier': 2.0}]",fundamental65,Factor Ratios and its Rank Model,model,Model,model-estimates-models,Estimates Models
fnd65_dev_sedol_ocfratio,It is defined as a stock's most recently reported quarterly cash flow from operations divided by its current liabilities.,"{'id': 'fundamental65', 'name': 'Factor Ratios and its Rank Model'}","{'id': 'model', 'name': 'Model'}","{'id': 'model-estimates-models', 'name': 'Estimates Models'}",EUR,1,TOPCS1600,MATRIX,1.0,0.5962,0,0,1.4,"[{'id': '7yd5mJB', 'name': 'EUR TOPCS1600 ATOM Datasets Theme', 'multiplier': 2.0}]",fundamental65,Factor Ratios and its Rank Model,model,Model,model-estimates-models,Estimates Models
fnd65_dev_sedol_ocfroi,"It is defined as the trailing 12-month operating cash flow divided by the average invested capital in the same period. Invested capital equals the sum of common equity, long-term debt, minority interest, and preferred stock.","{'id': 'fundamental65', 'name': 'Factor Ratios and its Rank Model'}","{'id': 'model', 'name': 'Model'}","{'id': 'model-estimates-models', 'name': 'Estimates Models'}",EUR,1,TOPCS1600,MATRIX,1.0,0.7454,0,0,1.4,"[{'id': '7yd5mJB', 'name': 'EUR TOPCS1600 ATOM Datasets Theme', 'multiplier': 2.0}]",fundamental65,Factor Ratios and its Rank Model,model,Model,model-estimates-models,Estimates Models
fnd65_dev_sedol_ohlsonscore,"It is a model assessing a company's probability of bankruptcy by considering firm size,capital structure, financial performance, and liquidity. It is derived from Ohlson (1980).","{'id': 'fundamental65', 'name': 'Factor Ratios and its Rank Model'}","{'id': 'model', 'name': 'Model'}","{'id': 'model-estimates-models', 'name': 'Estimates Models'}",EUR,1,TOPCS1600,MATRIX,1.0,0.5933,0,0,1.4,"[{'id': '7yd5mJB', 'name': 'EUR TOPCS1600 ATOM Datasets Theme', 'multiplier': 2.0}]",fundamental65,Factor Ratios and its Rank Model,model,Model,model-estimates-models,Estimates Models
fnd65_dev_sedol_oilprice,"It is defined as the beta coefficient to Change in Oil Prices, which is estimated by a 60 month multiple regression of returns on several macroeconomic factors.","{'id': 'fundamental65', 'name': 'Factor Ratios and its Rank Model'}","{'id': 'model', 'name': 'Model'}","{'id': 'model-estimates-models', 'name': 'Estimates Models'}",EUR,1,TOPCS1600,MATRIX,1.0,0.7395,0,0,1.4,"[{'id': '7yd5mJB', 'name': 'EUR TOPCS1600 ATOM Datasets Theme', 'multiplier': 2.0}]",fundamental65,Factor Ratios and its Rank Model,model,Model,model-estimates-models,Estimates Models
fnd65_dev_sedol_ollev,It is defined as 1 minus the ratio of (short-term debt + long-term debt + common equity + preferred equity - cash) to (total assets - cash) in the current quarter.,"{'id': 'fundamental65', 'name': 'Factor Ratios and its Rank Model'}","{'id': 'model', 'name': 'Model'}","{'id': 'model-estimates-models', 'name': 'Estimates Models'}",EUR,1,TOPCS1600,MATRIX,1.0,0.7158,0,0,1.4,"[{'id': '7yd5mJB', 'name': 'EUR TOPCS1600 ATOM Datasets Theme', 'multiplier': 2.0}]",fundamental65,Factor Ratios and its Rank Model,model,Model,model-estimates-models,Estimates Models
fnd65_dev_sedol_opincltd,It is defined as the difference between the yearly percent change in operating income and the yearly percent change in long-term debt.,"{'id': 'fundamental65', 'name': 'Factor Ratios and its Rank Model'}","{'id': 'model', 'name': 'Model'}","{'id': 'model-estimates-models', 'name': 'Estimates Models'}",EUR,1,TOPCS1600,MATRIX,1.0,0.686,0,0,1.4,"[{'id': '7yd5mJB', 'name': 'EUR TOPCS1600 ATOM Datasets Theme', 'multiplier': 2.0}]",fundamental65,Factor Ratios and its Rank Model,model,Model,model-estimates-models,Estimates Models
fnd65_dev_sedol_oplev,It is defined as the percent change in the trailing 12-month operating income from the previous quarter divided by the percent change in trailing 12-month sales from the previous quarter.,"{'id': 'fundamental65', 'name': 'Factor Ratios and its Rank Model'}","{'id': 'model', 'name': 'Model'}","{'id': 'model-estimates-models', 'name': 'Estimates Models'}",EUR,1,TOPCS1600,MATRIX,1.0,0.7222,1,1,1.4,"[{'id': '7yd5mJB', 'name': 'EUR TOPCS1600 ATOM Datasets Theme', 'multiplier': 2.0}]",fundamental65,Factor Ratios and its Rank Model,model,Model,model-estimates-models,Estimates Models
fnd65_dev_sedol_otvni,It is defined as the trailing 12-month cost of goods sold divided by the average of inventory in the same period.,"{'id': 'fundamental65', 'name': 'Factor Ratios and its Rank Model'}","{'id': 'model', 'name': 'Model'}","{'id': 'model-estimates-models', 'name': 'Estimates Models'}",EUR,1,TOPCS1600,MATRIX,1.0,0.5661,0,0,1.4,"[{'id': '7yd5mJB', 'name': 'EUR TOPCS1600 ATOM Datasets Theme', 'multiplier': 2.0}]",fundamental65,Factor Ratios and its Rank Model,model,Model,model-estimates-models,Estimates Models
fnd65_dev_sedol_p50_200ratio,It is defined as the moving average of a stock's prices in the last 50 days divided by the moving average of its prices in the last 200 days.,"{'id': 'fundamental65', 'name': 'Factor Ratios and its Rank Model'}","{'id': 'model', 'name': 'Model'}","{'id': 'model-estimates-models', 'name': 'Estimates Models'}",EUR,1,TOPCS1600,MATRIX,1.0,0.7342,0,0,1.4,"[{'id': '7yd5mJB', 'name': 'EUR TOPCS1600 ATOM Datasets Theme', 'multiplier': 2.0}]",fundamental65,Factor Ratios and its Rank Model,model,Model,model-estimates-models,Estimates Models
fnd65_dev_sedol_past,It is defined as a stock's trading price divided most recent quarterly reported total assets per share.,"{'id': 'fundamental65', 'name': 'Factor Ratios and its Rank Model'}","{'id': 'model', 'name': 'Model'}","{'id': 'model-estimates-models', 'name': 'Estimates Models'}",EUR,1,TOPCS1600,MATRIX,1.0,0.7455,0,0,1.4,"[{'id': '7yd5mJB', 'name': 'EUR TOPCS1600 ATOM Datasets Theme', 'multiplier': 2.0}]",fundamental65,Factor Ratios and its Rank Model,model,Model,model-estimates-models,Estimates Models
fnd65_dev_sedol_pau,It is defined as the difference between current accounts payable and the expected level of accounts payable (multiplying the prior year's closing account balance by the growth in costs of goods sold in the trailing 12-months) scaled by the total assets.,"{'id': 'fundamental65', 'name': 'Factor Ratios and its Rank Model'}","{'id': 'model', 'name': 'Model'}","{'id': 'model-estimates-models', 'name': 'Estimates Models'}",EUR,1,TOPCS1600,MATRIX,1.0,0.5813,0,0,1.4,"[{'id': '7yd5mJB', 'name': 'EUR TOPCS1600 ATOM Datasets Theme', 'multiplier': 2.0}]",fundamental65,Factor Ratios and its Rank Model,model,Model,model-estimates-models,Estimates Models
fnd65_dev_sedol_pb,It is defined as the most recently reported book value per share for a stock deflated by its trading price.,"{'id': 'fundamental65', 'name': 'Factor Ratios and its Rank Model'}","{'id': 'model', 'name': 'Model'}","{'id': 'model-estimates-models', 'name': 'Estimates Models'}",EUR,1,TOPCS1600,MATRIX,1.0,0.7455,0,0,1.4,"[{'id': '7yd5mJB', 'name': 'EUR TOPCS1600 ATOM Datasets Theme', 'multiplier': 2.0}]",fundamental65,Factor Ratios and its Rank Model,model,Model,model-estimates-models,Estimates Models
fnd65_dev_sedol_pbdwf,It is defined as the average quarterly forward-looking book value per share divided by the close price.,"{'id': 'fundamental65', 'name': 'Factor Ratios and its Rank Model'}","{'id': 'model', 'name': 'Model'}","{'id': 'model-estimates-models', 'name': 'Estimates Models'}",EUR,1,TOPCS1600,MATRIX,1.0,0.7345,0,0,1.4,"[{'id': '7yd5mJB', 'name': 'EUR TOPCS1600 ATOM Datasets Theme', 'multiplier': 2.0}]",fundamental65,Factor Ratios and its Rank Model,model,Model,model-estimates-models,Estimates Models
fnd65_dev_sedol_pbroeresidual,"An adjustment to the classic price-to-book model incorporating firm growth, based on a variation of the model developed by Wilcox and Philips (2005).","{'id': 'fundamental65', 'name': 'Factor Ratios and its Rank Model'}","{'id': 'model', 'name': 'Model'}","{'id': 'model-estimates-models', 'name': 'Estimates Models'}",EUR,1,TOPCS1600,MATRIX,1.0,0.6681,0,0,1.4,"[{'id': '7yd5mJB', 'name': 'EUR TOPCS1600 ATOM Datasets Theme', 'multiplier': 2.0}]",fundamental65,Factor Ratios and its Rank Model,model,Model,model-estimates-models,Estimates Models
fnd65_dev_sedol_pbwt,It is defined as the time-weighted average of book value per share estimates in fiscal year 1 and fiscal year 2 divided by close price,"{'id': 'fundamental65', 'name': 'Factor Ratios and its Rank Model'}","{'id': 'model', 'name': 'Model'}","{'id': 'model-estimates-models', 'name': 'Estimates Models'}",EUR,1,TOPCS1600,MATRIX,1.0,0.7309,0,0,1.4,"[{'id': '7yd5mJB', 'name': 'EUR TOPCS1600 ATOM Datasets Theme', 'multiplier': 2.0}]",fundamental65,Factor Ratios and its Rank Model,model,Model,model-estimates-models,Estimates Models
fnd65_dev_sedol_pca,It is defined as the average of the trailing 12-month reported accounts receivable multiplied by 365 and then divided by the trailing 12-month sales.,"{'id': 'fundamental65', 'name': 'Factor Ratios and its Rank Model'}","{'id': 'model', 'name': 'Model'}","{'id': 'model-estimates-models', 'name': 'Estimates Models'}",EUR,1,TOPCS1600,MATRIX,1.0,0.6656,0,0,1.4,"[{'id': '7yd5mJB', 'name': 'EUR TOPCS1600 ATOM Datasets Theme', 'multiplier': 2.0}]",fundamental65,Factor Ratios and its Rank Model,model,Model,model-estimates-models,Estimates Models
fnd65_dev_sedol_pcdwf,It is defined as the average quarterly forward-looking cash flows per share divided by the closing price.,"{'id': 'fundamental65', 'name': 'Factor Ratios and its Rank Model'}","{'id': 'model', 'name': 'Model'}","{'id': 'model-estimates-models', 'name': 'Estimates Models'}",EUR,1,TOPCS1600,MATRIX,1.0,0.716,0,0,1.4,"[{'id': '7yd5mJB', 'name': 'EUR TOPCS1600 ATOM Datasets Theme', 'multiplier': 2.0}]",fundamental65,Factor Ratios and its Rank Model,model,Model,model-estimates-models,Estimates Models
fnd65_dev_sedol_pctabv260low,It is defined as a stock's current closing price divided by its lowest daily low price in last 260 trading days.,"{'id': 'fundamental65', 'name': 'Factor Ratios and its Rank Model'}","{'id': 'model', 'name': 'Model'}","{'id': 'model-estimates-models', 'name': 'Estimates Models'}",EUR,1,TOPCS1600,MATRIX,1.0,0.7457,0,0,1.4,"[{'id': '7yd5mJB', 'name': 'EUR TOPCS1600 ATOM Datasets Theme', 'multiplier': 2.0}]",fundamental65,Factor Ratios and its Rank Model,model,Model,model-estimates-models,Estimates Models
fnd65_dev_sedol_pctchg3ycf,It is defined as the percent change in a stock's most recent trailing 12-month cash flow per share (CF) as compared to its CF 12 quarters ago.,"{'id': 'fundamental65', 'name': 'Factor Ratios and its Rank Model'}","{'id': 'model', 'name': 'Model'}","{'id': 'model-estimates-models', 'name': 'Estimates Models'}",EUR,1,TOPCS1600,MATRIX,1.0,0.7153,0,0,1.4,"[{'id': '7yd5mJB', 'name': 'EUR TOPCS1600 ATOM Datasets Theme', 'multiplier': 2.0}]",fundamental65,Factor Ratios and its Rank Model,model,Model,model-estimates-models,Estimates Models
fnd65_dev_sedol_pctchg3yeps,It is defined as the percent change in a stock's most recent trailing 12-month earnings per share (EPS) as compared to its EPS 12 quarters ago.,"{'id': 'fundamental65', 'name': 'Factor Ratios and its Rank Model'}","{'id': 'model', 'name': 'Model'}","{'id': 'model-estimates-models', 'name': 'Estimates Models'}",EUR,1,TOPCS1600,MATRIX,1.0,0.7047,0,0,1.4,"[{'id': '7yd5mJB', 'name': 'EUR TOPCS1600 ATOM Datasets Theme', 'multiplier': 2.0}]",fundamental65,Factor Ratios and its Rank Model,model,Model,model-estimates-models,Estimates Models
fnd65_dev_sedol_pctchg3yfcf,It is defined as the percent change in a stock's most recent trailing 12-month free cash flow per share (FCF) as compared to its FCF 12 quarters ago.,"{'id': 'fundamental65', 'name': 'Factor Ratios and its Rank Model'}","{'id': 'model', 'name': 'Model'}","{'id': 'model-estimates-models', 'name': 'Estimates Models'}",EUR,1,TOPCS1600,MATRIX,1.0,0.6664,0,0,1.4,"[{'id': '7yd5mJB', 'name': 'EUR TOPCS1600 ATOM Datasets Theme', 'multiplier': 2.0}]",fundamental65,Factor Ratios and its Rank Model,model,Model,model-estimates-models,Estimates Models
fnd65_dev_sedol_pctchg3yocf,It is defined as the percent change in a stock's most recent trailing 12-month operating cash flow per share (OCF) as compared to its OCF 12 quarters ago.,"{'id': 'fundamental65', 'name': 'Factor Ratios and its Rank Model'}","{'id': 'model', 'name': 'Model'}","{'id': 'model-estimates-models', 'name': 'Estimates Models'}",EUR,1,TOPCS1600,MATRIX,1.0,0.7164,0,0,1.4,"[{'id': '7yd5mJB', 'name': 'EUR TOPCS1600 ATOM Datasets Theme', 'multiplier': 2.0}]",fundamental65,Factor Ratios and its Rank Model,model,Model,model-estimates-models,Estimates Models
fnd65_dev_sedol_pctchgastto,It is defined as the percent change in the most recent asset turnover ratio as compared to that of 4 quarters ago. The asset turnover ratio is the trailing 12-month sales divided by the average total assets in the same period.,"{'id': 'fundamental65', 'name': 'Factor Ratios and its Rank Model'}","{'id': 'model', 'name': 'Model'}","{'id': 'model-estimates-models', 'name': 'Estimates Models'}",EUR,1,TOPCS1600,MATRIX,1.0,0.7425,0,0,1.4,"[{'id': '7yd5mJB', 'name': 'EUR TOPCS1600 ATOM Datasets Theme', 'multiplier': 2.0}]",fundamental65,Factor Ratios and its Rank Model,model,Model,model-estimates-models,Estimates Models
fnd65_dev_sedol_pctchgcf,It is defined as the percent change in a stock's most recent trailing 12-month cash flow per share (CF) as compared to the CF 4 quarters ago.,"{'id': 'fundamental65', 'name': 'Factor Ratios and its Rank Model'}","{'id': 'model', 'name': 'Model'}","{'id': 'model-estimates-models', 'name': 'Estimates Models'}",EUR,1,TOPCS1600,MATRIX,1.0,0.7276,0,0,1.4,"[{'id': '7yd5mJB', 'name': 'EUR TOPCS1600 ATOM Datasets Theme', 'multiplier': 2.0}]",fundamental65,Factor Ratios and its Rank Model,model,Model,model-estimates-models,Estimates Models
fnd65_dev_sedol_pctchgeps,It is defined as the percent change in a stock's most recent trailing 12-month earnings per share before extra items (EPS) as compared to the EPS 4 quarters ago.,"{'id': 'fundamental65', 'name': 'Factor Ratios and its Rank Model'}","{'id': 'model', 'name': 'Model'}","{'id': 'model-estimates-models', 'name': 'Estimates Models'}",EUR,1,TOPCS1600,MATRIX,1.0,0.7187,0,0,1.4,"[{'id': '7yd5mJB', 'name': 'EUR TOPCS1600 ATOM Datasets Theme', 'multiplier': 2.0}]",fundamental65,Factor Ratios and its Rank Model,model,Model,model-estimates-models,Estimates Models
fnd65_dev_sedol_pctchgfcf,It is defined as the percent change in a stock's most recent trailing 12-month free cash flow per share (FCF) as compared to the FCF 4 quarters ago.,"{'id': 'fundamental65', 'name': 'Factor Ratios and its Rank Model'}","{'id': 'model', 'name': 'Model'}","{'id': 'model-estimates-models', 'name': 'Estimates Models'}",EUR,1,TOPCS1600,MATRIX,1.0,0.682,0,0,1.4,"[{'id': '7yd5mJB', 'name': 'EUR TOPCS1600 ATOM Datasets Theme', 'multiplier': 2.0}]",fundamental65,Factor Ratios and its Rank Model,model,Model,model-estimates-models,Estimates Models
fnd65_dev_sedol_pctchgocf,It is defined as the percent change of a stock's most recent trailing 12-month operating cash flow per share (OCF) as compared to the OCF 4 quarters ago.,"{'id': 'fundamental65', 'name': 'Factor Ratios and its Rank Model'}","{'id': 'model', 'name': 'Model'}","{'id': 'model-estimates-models', 'name': 'Estimates Models'}",EUR,1,TOPCS1600,MATRIX,1.0,0.7292,0,0,1.4,"[{'id': '7yd5mJB', 'name': 'EUR TOPCS1600 ATOM Datasets Theme', 'multiplier': 2.0}]",fundamental65,Factor Ratios and its Rank Model,model,Model,model-estimates-models,Estimates Models
fnd65_dev_sedol_pctchgqtrast,It is defined as the growth in the most recent reported quarterly total assets per share as compared to that of four quarters ago.,"{'id': 'fundamental65', 'name': 'Factor Ratios and its Rank Model'}","{'id': 'model', 'name': 'Model'}","{'id': 'model-estimates-models', 'name': 'Estimates Models'}",EUR,1,TOPCS1600,MATRIX,1.0,0.7447,0,0,1.4,"[{'id': '7yd5mJB', 'name': 'EUR TOPCS1600 ATOM Datasets Theme', 'multiplier': 2.0}]",fundamental65,Factor Ratios and its Rank Model,model,Model,model-estimates-models,Estimates Models
fnd65_dev_sedol_pctchgqtrsales,It is defined as the growth in the most recent reported quarterly sales per share as compared to 4 quarters ago.,"{'id': 'fundamental65', 'name': 'Factor Ratios and its Rank Model'}","{'id': 'model', 'name': 'Model'}","{'id': 'model-estimates-models', 'name': 'Estimates Models'}",EUR,1,TOPCS1600,MATRIX,1.0,0.7424,0,0,1.4,"[{'id': '7yd5mJB', 'name': 'EUR TOPCS1600 ATOM Datasets Theme', 'multiplier': 2.0}]",fundamental65,Factor Ratios and its Rank Model,model,Model,model-estimates-models,Estimates Models
fnd65_dev_sedol_pcurlia,It is defined as a stock's most recently reported quarterly current liabilities per share divided by its closing price.,"{'id': 'fundamental65', 'name': 'Factor Ratios and its Rank Model'}","{'id': 'model', 'name': 'Model'}","{'id': 'model-estimates-models', 'name': 'Estimates Models'}",EUR,1,TOPCS1600,MATRIX,1.0,0.5965,0,0,1.4,"[{'id': '7yd5mJB', 'name': 'EUR TOPCS1600 ATOM Datasets Theme', 'multiplier': 2.0}]",fundamental65,Factor Ratios and its Rank Model,model,Model,model-estimates-models,Estimates Models
fnd65_dev_sedol_pcwt,It is defined as the time-weighted average of cash flows per share estimates in fiscal year 1 and fiscal year 2 divided by the close price.,"{'id': 'fundamental65', 'name': 'Factor Ratios and its Rank Model'}","{'id': 'model', 'name': 'Model'}","{'id': 'model-estimates-models', 'name': 'Estimates Models'}",EUR,1,TOPCS1600,MATRIX,1.0,0.7188,0,0,1.4,"[{'id': '7yd5mJB', 'name': 'EUR TOPCS1600 ATOM Datasets Theme', 'multiplier': 2.0}]",fundamental65,Factor Ratios and its Rank Model,model,Model,model-estimates-models,Estimates Models
fnd65_dev_sedol_pd09erpvc,It is defined as the standard deviation of a stock's last 90 days closing prices divided by the mean of these prices.,"{'id': 'fundamental65', 'name': 'Factor Ratios and its Rank Model'}","{'id': 'model', 'name': 'Model'}","{'id': 'model-estimates-models', 'name': 'Estimates Models'}",EUR,1,TOPCS1600,MATRIX,1.0,0.7428,0,0,1.4,"[{'id': '7yd5mJB', 'name': 'EUR TOPCS1600 ATOM Datasets Theme', 'multiplier': 2.0}]",fundamental65,Factor Ratios and its Rank Model,model,Model,model-estimates-models,Estimates Models
fnd65_dev_sedol_pe_wt,This factor uses a time-weighted combination of FY1 and FY2 earnings estimates to create a twelve-month forward earnings forecast. This earnings factor is a unique complement to the wide variety of earnings-related metrics available to determine a company's fair value.,"{'id': 'fundamental65', 'name': 'Factor Ratios and its Rank Model'}","{'id': 'model', 'name': 'Model'}","{'id': 'model-estimates-models', 'name': 'Estimates Models'}",EUR,1,TOPCS1600,MATRIX,1.0,0.7449,0,0,1.4,"[{'id': '7yd5mJB', 'name': 'EUR TOPCS1600 ATOM Datasets Theme', 'multiplier': 2.0}]",fundamental65,Factor Ratios and its Rank Model,model,Model,model-estimates-models,Estimates Models
fnd65_dev_sedol_pedu,It is defined as the difference between the trailing 12-month depreciation expenses and the expected level of depreciation expenses (multiplying the prior year's closing account balance by the growth in total fixed assets) scaled by the total assets.,"{'id': 'fundamental65', 'name': 'Factor Ratios and its Rank Model'}","{'id': 'model', 'name': 'Model'}","{'id': 'model-estimates-models', 'name': 'Estimates Models'}",EUR,1,TOPCS1600,MATRIX,1.0,0.7334,0,0,1.4,"[{'id': '7yd5mJB', 'name': 'EUR TOPCS1600 ATOM Datasets Theme', 'multiplier': 2.0}]",fundamental65,Factor Ratios and its Rank Model,model,Model,model-estimates-models,Estimates Models
fnd65_dev_sedol_pedwf_cf,It is defined as the next 4-quarter's mean consensus earnings estimate divided by the price.,"{'id': 'fundamental65', 'name': 'Factor Ratios and its Rank Model'}","{'id': 'model', 'name': 'Model'}","{'id': 'model-estimates-models', 'name': 'Estimates Models'}",EUR,1,TOPCS1600,MATRIX,1.0,0.7452,0,0,1.4,"[{'id': '7yd5mJB', 'name': 'EUR TOPCS1600 ATOM Datasets Theme', 'multiplier': 2.0}]",fundamental65,Factor Ratios and its Rank Model,model,Model,model-estimates-models,Estimates Models
fnd65_dev_sedol_pelh_cf,"It is defined as the sum of the 3-month change in the highest and lowest FY1 earnings estimate, scaled by the month-end trading price.","{'id': 'fundamental65', 'name': 'Factor Ratios and its Rank Model'}","{'id': 'model', 'name': 'Model'}","{'id': 'model-estimates-models', 'name': 'Estimates Models'}",EUR,1,TOPCS1600,MATRIX,1.0,0.73,0,0,1.4,"[{'id': '7yd5mJB', 'name': 'EUR TOPCS1600 ATOM Datasets Theme', 'multiplier': 2.0}]",fundamental65,Factor Ratios and its Rank Model,model,Model,model-estimates-models,Estimates Models
fnd65_dev_sedol_perg,"It is defined as the stock price divided by the leading 12-month consensus earnings forecast, scaled by the average long-term growth rate estimate, and multiplied by the stock's 36-month beta.","{'id': 'fundamental65', 'name': 'Factor Ratios and its Rank Model'}","{'id': 'model', 'name': 'Model'}","{'id': 'model-estimates-models', 'name': 'Estimates Models'}",EUR,1,TOPCS1600,MATRIX,1.0,0.6509,0,0,1.4,"[{'id': '7yd5mJB', 'name': 'EUR TOPCS1600 ATOM Datasets Theme', 'multiplier': 2.0}]",fundamental65,Factor Ratios and its Rank Model,model,Model,model-estimates-models,Estimates Models
fnd65_dev_sedol_pfcf_cf,"It is defined as the next 4-quarter's mean consensus earnings estimate plus trailing 12-month depreciation expense per share minus corresponding capital expenditures, divided by trading price.","{'id': 'fundamental65', 'name': 'Factor Ratios and its Rank Model'}","{'id': 'model', 'name': 'Model'}","{'id': 'model-estimates-models', 'name': 'Estimates Models'}",EUR,1,TOPCS1600,MATRIX,1.0,0.7376,0,0,1.4,"[{'id': '7yd5mJB', 'name': 'EUR TOPCS1600 ATOM Datasets Theme', 'multiplier': 2.0}]",fundamental65,Factor Ratios and its Rank Model,model,Model,model-estimates-models,Estimates Models
fnd65_dev_sedol_pfcfghc,It is defined as the difference between the trailing 12-month free cash flow per share and that of 4 quarters ago for a stock divided by its trading price.,"{'id': 'fundamental65', 'name': 'Factor Ratios and its Rank Model'}","{'id': 'model', 'name': 'Model'}","{'id': 'model-estimates-models', 'name': 'Estimates Models'}",EUR,1,TOPCS1600,MATRIX,1.0,0.7433,0,0,1.4,"[{'id': '7yd5mJB', 'name': 'EUR TOPCS1600 ATOM Datasets Theme', 'multiplier': 2.0}]",fundamental65,Factor Ratios and its Rank Model,model,Model,model-estimates-models,Estimates Models
fnd65_dev_sedol_pfcfmtt,It is defined as the trailing 12-month free cash flow per share for a stock divided by its trading price. Free cash flow equals operating cash flow minus capital expenditures and cash dividends.,"{'id': 'fundamental65', 'name': 'Factor Ratios and its Rank Model'}","{'id': 'model', 'name': 'Model'}","{'id': 'model-estimates-models', 'name': 'Estimates Models'}",EUR,1,TOPCS1600,MATRIX,1.0,0.7443,0,0,1.4,"[{'id': '7yd5mJB', 'name': 'EUR TOPCS1600 ATOM Datasets Theme', 'multiplier': 2.0}]",fundamental65,Factor Ratios and its Rank Model,model,Model,model-estimates-models,Estimates Models
fnd65_dev_sedol_pfcfy3ghc,It is defined as the difference between the most recently reported trailing 12-month free cash flow per share and that of 12 quarters ago for a stock divided by its trading price.,"{'id': 'fundamental65', 'name': 'Factor Ratios and its Rank Model'}","{'id': 'model', 'name': 'Model'}","{'id': 'model-estimates-models', 'name': 'Estimates Models'}",EUR,1,TOPCS1600,MATRIX,1.0,0.7286,0,0,1.4,"[{'id': '7yd5mJB', 'name': 'EUR TOPCS1600 ATOM Datasets Theme', 'multiplier': 2.0}]",fundamental65,Factor Ratios and its Rank Model,model,Model,model-estimates-models,Estimates Models
fnd65_dev_sedol_pfcghc,It is defined as the difference between the the trailing 12-month cash flow per share and that of 12 quarters ago for a stock divided by its trading price.,"{'id': 'fundamental65', 'name': 'Factor Ratios and its Rank Model'}","{'id': 'model', 'name': 'Model'}","{'id': 'model-estimates-models', 'name': 'Estimates Models'}",EUR,1,TOPCS1600,MATRIX,1.0,0.7383,0,0,1.4,"[{'id': '7yd5mJB', 'name': 'EUR TOPCS1600 ATOM Datasets Theme', 'multiplier': 2.0}]",fundamental65,Factor Ratios and its Rank Model,model,Model,model-estimates-models,Estimates Models
fnd65_dev_sedol_pfcmtt,It is defined as the trailing 12-month cash flows per share for a stock scaled by its trading price. Cash flow is defined as the reported net income plus depreciation.,"{'id': 'fundamental65', 'name': 'Factor Ratios and its Rank Model'}","{'id': 'model', 'name': 'Model'}","{'id': 'model-estimates-models', 'name': 'Estimates Models'}",EUR,1,TOPCS1600,MATRIX,1.0,0.7405,0,0,1.4,"[{'id': '7yd5mJB', 'name': 'EUR TOPCS1600 ATOM Datasets Theme', 'multiplier': 2.0}]",fundamental65,Factor Ratios and its Rank Model,model,Model,model-estimates-models,Estimates Models
fnd65_dev_sedol_pfcoghc,No change,"{'id': 'fundamental65', 'name': 'Factor Ratios and its Rank Model'}","{'id': 'model', 'name': 'Model'}","{'id': 'model-estimates-models', 'name': 'Estimates Models'}",EUR,1,TOPCS1600,MATRIX,1.0,0.7437,0,0,1.4,"[{'id': '7yd5mJB', 'name': 'EUR TOPCS1600 ATOM Datasets Theme', 'multiplier': 2.0}]",fundamental65,Factor Ratios and its Rank Model,model,Model,model-estimates-models,Estimates Models
fnd65_dev_sedol_pfcomtt,It is defined as the trailing 12-month operating cash flow per share for a stock divided by its trading price.,"{'id': 'fundamental65', 'name': 'Factor Ratios and its Rank Model'}","{'id': 'model', 'name': 'Model'}","{'id': 'model-estimates-models', 'name': 'Estimates Models'}",EUR,1,TOPCS1600,MATRIX,1.0,0.7448,0,0,1.4,"[{'id': '7yd5mJB', 'name': 'EUR TOPCS1600 ATOM Datasets Theme', 'multiplier': 2.0}]",fundamental65,Factor Ratios and its Rank Model,model,Model,model-estimates-models,Estimates Models
fnd65_dev_sedol_pfcoy3ghc,It is defined as the difference between the the trailing 12-month operating cash flow per share and that of 12-quarters ago for a stock divided by its trading price.,"{'id': 'fundamental65', 'name': 'Factor Ratios and its Rank Model'}","{'id': 'model', 'name': 'Model'}","{'id': 'model-estimates-models', 'name': 'Estimates Models'}",EUR,1,TOPCS1600,MATRIX,1.0,0.7293,0,0,1.4,"[{'id': '7yd5mJB', 'name': 'EUR TOPCS1600 ATOM Datasets Theme', 'multiplier': 2.0}]",fundamental65,Factor Ratios and its Rank Model,model,Model,model-estimates-models,Estimates Models
fnd65_dev_sedol_pfcy3ghc,It is defined as the difference between the trailing 12-month cash flow per share and that of 12 quarters ago comparable trailing 12-month cash flow for a stock divided by its trading price.,"{'id': 'fundamental65', 'name': 'Factor Ratios and its Rank Model'}","{'id': 'model', 'name': 'Model'}","{'id': 'model-estimates-models', 'name': 'Estimates Models'}",EUR,1,TOPCS1600,MATRIX,1.0,0.7241,0,0,1.4,"[{'id': '7yd5mJB', 'name': 'EUR TOPCS1600 ATOM Datasets Theme', 'multiplier': 2.0}]",fundamental65,Factor Ratios and its Rank Model,model,Model,model-estimates-models,Estimates Models
fnd65_dev_sedol_pfgmtt,It is defined as the sum of trailing 12-month growth flow value per share for a stock divided by its trading price. Growth flow is the sum of Research & Development expenses and reported net income.,"{'id': 'fundamental65', 'name': 'Factor Ratios and its Rank Model'}","{'id': 'model', 'name': 'Model'}","{'id': 'model-estimates-models', 'name': 'Estimates Models'}",EUR,1,TOPCS1600,MATRIX,1.0,0.7441,0,0,1.4,"[{'id': '7yd5mJB', 'name': 'EUR TOPCS1600 ATOM Datasets Theme', 'multiplier': 2.0}]",fundamental65,Factor Ratios and its Rank Model,model,Model,model-estimates-models,Estimates Models
fnd65_dev_sedol_pge_cf,"It is defined as a company's next 4-quarter mean earnings estimate multiplied by the mean long-term growth rate forecast, scaled by its trading price.","{'id': 'fundamental65', 'name': 'Factor Ratios and its Rank Model'}","{'id': 'model', 'name': 'Model'}","{'id': 'model-estimates-models', 'name': 'Estimates Models'}",EUR,1,TOPCS1600,MATRIX,1.0,0.7112,0,0,1.4,"[{'id': '7yd5mJB', 'name': 'EUR TOPCS1600 ATOM Datasets Theme', 'multiplier': 2.0}]",fundamental65,Factor Ratios and its Rank Model,model,Model,model-estimates-models,Estimates Models
fnd65_dev_sedol_pi,"It is defined as the beta coefficient to change in industrial production, which is estimated by a 60-month multiple regression of returns on several macroeconomic factors.","{'id': 'fundamental65', 'name': 'Factor Ratios and its Rank Model'}","{'id': 'model', 'name': 'Model'}","{'id': 'model-estimates-models', 'name': 'Estimates Models'}",EUR,1,TOPCS1600,MATRIX,1.0,0.7397,0,0,1.4,"[{'id': '7yd5mJB', 'name': 'EUR TOPCS1600 ATOM Datasets Theme', 'multiplier': 2.0}]",fundamental65,Factor Ratios and its Rank Model,model,Model,model-estimates-models,Estimates Models
fnd65_dev_sedol_pinoa,It is defined as the trailing 12-month operating income after depreciation divided by the average net operating assets.,"{'id': 'fundamental65', 'name': 'Factor Ratios and its Rank Model'}","{'id': 'model', 'name': 'Model'}","{'id': 'model-estimates-models', 'name': 'Estimates Models'}",EUR,1,TOPCS1600,MATRIX,1.0,0.592,0,0,1.4,"[{'id': '7yd5mJB', 'name': 'EUR TOPCS1600 ATOM Datasets Theme', 'multiplier': 2.0}]",fundamental65,Factor Ratios and its Rank Model,model,Model,model-estimates-models,Estimates Models
fnd65_dev_sedol_ppa,It is defined as the average of the trailing 12-month accounts payable times 365 divided by the trailing 12-month cost of goods sold.,"{'id': 'fundamental65', 'name': 'Factor Ratios and its Rank Model'}","{'id': 'model', 'name': 'Model'}","{'id': 'model-estimates-models', 'name': 'Estimates Models'}",EUR,1,TOPCS1600,MATRIX,1.0,0.5854,0,0,1.4,"[{'id': '7yd5mJB', 'name': 'EUR TOPCS1600 ATOM Datasets Theme', 'multiplier': 2.0}]",fundamental65,Factor Ratios and its Rank Model,model,Model,model-estimates-models,Estimates Models
fnd65_dev_sedol_pqipmtt,It is defined as the most recent trailing 12-month operating and nonoperating income per share before provisions for income taxes and minority interest for a stock delfated by its the trading price.,"{'id': 'fundamental65', 'name': 'Factor Ratios and its Rank Model'}","{'id': 'model', 'name': 'Model'}","{'id': 'model-estimates-models', 'name': 'Estimates Models'}",EUR,1,TOPCS1600,MATRIX,1.0,0.7451,0,0,1.4,"[{'id': '7yd5mJB', 'name': 'EUR TOPCS1600 ATOM Datasets Theme', 'multiplier': 2.0}]",fundamental65,Factor Ratios and its Rank Model,model,Model,model-estimates-models,Estimates Models
fnd65_dev_sedol_prc,"It is defined as the beta coefficient to change in Credit Risk Premium, which is estimated by a 60-month multiple regression of returns on several macroeconomic factors.","{'id': 'fundamental65', 'name': 'Factor Ratios and its Rank Model'}","{'id': 'model', 'name': 'Model'}","{'id': 'model-estimates-models', 'name': 'Estimates Models'}",EUR,1,TOPCS1600,MATRIX,1.0,0.7396,0,0,1.4,"[{'id': '7yd5mJB', 'name': 'EUR TOPCS1600 ATOM Datasets Theme', 'multiplier': 2.0}]",fundamental65,Factor Ratios and its Rank Model,model,Model,model-estimates-models,Estimates Models
fnd65_dev_sedol_ps_wt,It is defined as the time weighted Sales per share for FY1 and FY2 divided by its price,"{'id': 'fundamental65', 'name': 'Factor Ratios and its Rank Model'}","{'id': 'model', 'name': 'Model'}","{'id': 'model-estimates-models', 'name': 'Estimates Models'}",EUR,1,TOPCS1600,MATRIX,1.0,0.7346,0,0,1.4,"[{'id': '7yd5mJB', 'name': 'EUR TOPCS1600 ATOM Datasets Theme', 'multiplier': 2.0}]",fundamental65,Factor Ratios and its Rank Model,model,Model,model-estimates-models,Estimates Models
fnd65_dev_sedol_psdwf,It is defined as the FY1 estimate of Sales value per share divided by its trading price,"{'id': 'fundamental65', 'name': 'Factor Ratios and its Rank Model'}","{'id': 'model', 'name': 'Model'}","{'id': 'model-estimates-models', 'name': 'Estimates Models'}",EUR,1,TOPCS1600,MATRIX,1.0,0.7336,0,0,1.4,"[{'id': '7yd5mJB', 'name': 'EUR TOPCS1600 ATOM Datasets Theme', 'multiplier': 2.0}]",fundamental65,Factor Ratios and its Rank Model,model,Model,model-estimates-models,Estimates Models
fnd65_dev_sedol_psmtt,It is defined as the most recently reported trailing 12-month sales per share for a stock deflated by its trading price.,"{'id': 'fundamental65', 'name': 'Factor Ratios and its Rank Model'}","{'id': 'model', 'name': 'Model'}","{'id': 'model-estimates-models', 'name': 'Estimates Models'}",EUR,1,TOPCS1600,MATRIX,1.0,0.7436,0,0,1.4,"[{'id': '7yd5mJB', 'name': 'EUR TOPCS1600 ATOM Datasets Theme', 'multiplier': 2.0}]",fundamental65,Factor Ratios and its Rank Model,model,Model,model-estimates-models,Estimates Models
fnd65_dev_sedol_pspeghc,It is defined as the difference between the most recently reported trailing 12-month earnings per share and that of 4 quarters ago for a stock deflated by its trading price.,"{'id': 'fundamental65', 'name': 'Factor Ratios and its Rank Model'}","{'id': 'model', 'name': 'Model'}","{'id': 'model-estimates-models', 'name': 'Estimates Models'}",EUR,1,TOPCS1600,MATRIX,1.0,0.744,0,0,1.4,"[{'id': '7yd5mJB', 'name': 'EUR TOPCS1600 ATOM Datasets Theme', 'multiplier': 2.0}]",fundamental65,Factor Ratios and its Rank Model,model,Model,model-estimates-models,Estimates Models
fnd65_dev_sedol_pu,"It is defined as the difference between realized profitability and expected one, which is calculated from a regression model.","{'id': 'fundamental65', 'name': 'Factor Ratios and its Rank Model'}","{'id': 'model', 'name': 'Model'}","{'id': 'model-estimates-models', 'name': 'Estimates Models'}",EUR,1,TOPCS1600,MATRIX,1.0,0.7045,0,0,1.4,"[{'id': '7yd5mJB', 'name': 'EUR TOPCS1600 ATOM Datasets Theme', 'multiplier': 2.0}]",fundamental65,Factor Ratios and its Rank Model,model,Model,model-estimates-models,Estimates Models
fnd65_dev_sedol_pvan,"It is defined as the most recent book value of net assets per share (NAV) divided by the closing price. NAV is calculated in general form by taking the total assets of a company and subtracting the value of the company's intangible assets (goodwill, patents, etc.) minus current and long-term liabilities.","{'id': 'fundamental65', 'name': 'Factor Ratios and its Rank Model'}","{'id': 'model', 'name': 'Model'}","{'id': 'model-estimates-models', 'name': 'Estimates Models'}",EUR,1,TOPCS1600,MATRIX,1.0,0.7455,0,0,1.4,"[{'id': '7yd5mJB', 'name': 'EUR TOPCS1600 ATOM Datasets Theme', 'multiplier': 2.0}]",fundamental65,Factor Ratios and its Rank Model,model,Model,model-estimates-models,Estimates Models
fnd65_dev_sedol_rationalalpha,It evaluates stocks based on their historical 12-month market (S&P 500) adjusted excess return (the Y intercept from an OLS regression equation) using a proprietary rational decay function.,"{'id': 'fundamental65', 'name': 'Factor Ratios and its Rank Model'}","{'id': 'model', 'name': 'Model'}","{'id': 'model-estimates-models', 'name': 'Estimates Models'}",EUR,1,TOPCS1600,MATRIX,1.0,0.7255,0,0,1.4,"[{'id': '7yd5mJB', 'name': 'EUR TOPCS1600 ATOM Datasets Theme', 'multiplier': 2.0}]",fundamental65,Factor Ratios and its Rank Model,model,Model,model-estimates-models,Estimates Models
fnd65_dev_sedol_ratrev6m,It is defined as the 6-month average of the monthly change in the average analyst recommendation.,"{'id': 'fundamental65', 'name': 'Factor Ratios and its Rank Model'}","{'id': 'model', 'name': 'Model'}","{'id': 'model-estimates-models', 'name': 'Estimates Models'}",EUR,1,TOPCS1600,MATRIX,1.0,0.7189,0,0,1.4,"[{'id': '7yd5mJB', 'name': 'EUR TOPCS1600 ATOM Datasets Theme', 'multiplier': 2.0}]",fundamental65,Factor Ratios and its Rank Model,model,Model,model-estimates-models,Estimates Models
fnd65_dev_sedol_rau,It is defined as the difference between current accounts receivable and the expected level of accounts receivable (multiplying the prior year's closing account balance by the growth in sales in the trailing 12 months) scaled by the total assets.,"{'id': 'fundamental65', 'name': 'Factor Ratios and its Rank Model'}","{'id': 'model', 'name': 'Model'}","{'id': 'model-estimates-models', 'name': 'Estimates Models'}",EUR,1,TOPCS1600,MATRIX,1.0,0.6643,0,0,1.4,"[{'id': '7yd5mJB', 'name': 'EUR TOPCS1600 ATOM Datasets Theme', 'multiplier': 2.0}]",fundamental65,Factor Ratios and its Rank Model,model,Model,model-estimates-models,Estimates Models
fnd65_dev_sedol_rdsale,It is defined as the average of the research & development expenses in the trailing 12 months deflated by the sum of total sales in the same period.,"{'id': 'fundamental65', 'name': 'Factor Ratios and its Rank Model'}","{'id': 'model', 'name': 'Model'}","{'id': 'model-estimates-models', 'name': 'Estimates Models'}",EUR,1,TOPCS1600,MATRIX,1.0,0.2897,0,0,1.4,"[{'id': '7yd5mJB', 'name': 'EUR TOPCS1600 ATOM Datasets Theme', 'multiplier': 2.0}]",fundamental65,Factor Ratios and its Rank Model,model,Model,model-estimates-models,Estimates Models
fnd65_dev_sedol_reinrate,It is defined as the trailing 12-month earnings per share before extra items less the trailing 12-month dividends per share by ex-date divided by the average book equity per share in the same period.,"{'id': 'fundamental65', 'name': 'Factor Ratios and its Rank Model'}","{'id': 'model', 'name': 'Model'}","{'id': 'model-estimates-models', 'name': 'Estimates Models'}",EUR,1,TOPCS1600,MATRIX,1.0,0.7363,0,0,1.4,"[{'id': '7yd5mJB', 'name': 'EUR TOPCS1600 ATOM Datasets Theme', 'multiplier': 2.0}]",fundamental65,Factor Ratios and its Rank Model,model,Model,model-estimates-models,Estimates Models
fnd65_dev_sedol_rel5ybp,"It is defined as a stock's current book-to-market ratio (BP) minus the average of the BPs in the last 60 months, scaled by the standard deviation of the BPs over the same period.","{'id': 'fundamental65', 'name': 'Factor Ratios and its Rank Model'}","{'id': 'model', 'name': 'Model'}","{'id': 'model-estimates-models', 'name': 'Estimates Models'}",EUR,1,TOPCS1600,MATRIX,1.0,0.6433,0,0,1.4,"[{'id': '7yd5mJB', 'name': 'EUR TOPCS1600 ATOM Datasets Theme', 'multiplier': 2.0}]",fundamental65,Factor Ratios and its Rank Model,model,Model,model-estimates-models,Estimates Models
fnd65_dev_sedol_rel5ycfp,It is defined as a stock's current trailing 12-month cash flow-to-price ratio (CFP) minus the average of the CFPs in the last 60-month scaled by the standard deviation of the CFPs over the same period.,"{'id': 'fundamental65', 'name': 'Factor Ratios and its Rank Model'}","{'id': 'model', 'name': 'Model'}","{'id': 'model-estimates-models', 'name': 'Estimates Models'}",EUR,1,TOPCS1600,MATRIX,1.0,0.6341,0,0,1.4,"[{'id': '7yd5mJB', 'name': 'EUR TOPCS1600 ATOM Datasets Theme', 'multiplier': 2.0}]",fundamental65,Factor Ratios and its Rank Model,model,Model,model-estimates-models,Estimates Models
fnd65_dev_sedol_rel5ydivp,It is defined as a stock's current dividend yield (DivYield) minus the average of the DivYields in the last 60 months scaled by the standard deviation of the DivYields over the same period.,"{'id': 'fundamental65', 'name': 'Factor Ratios and its Rank Model'}","{'id': 'model', 'name': 'Model'}","{'id': 'model-estimates-models', 'name': 'Estimates Models'}",EUR,1,TOPCS1600,MATRIX,1.0,0.6003,0,0,1.4,"[{'id': '7yd5mJB', 'name': 'EUR TOPCS1600 ATOM Datasets Theme', 'multiplier': 2.0}]",fundamental65,Factor Ratios and its Rank Model,model,Model,model-estimates-models,Estimates Models
fnd65_dev_sedol_rel5yebitdap,It is defined as a stock's current trailing 12-month EBITDA per share-to-price ratio (EBITDAP) minus the average of the EBITDAPs in the last 60-month scaled by the standard deviation of the EBITDAPs over the same period.,"{'id': 'fundamental65', 'name': 'Factor Ratios and its Rank Model'}","{'id': 'model', 'name': 'Model'}","{'id': 'model-estimates-models', 'name': 'Estimates Models'}",EUR,1,TOPCS1600,MATRIX,1.0,0.6269,0,0,1.4,"[{'id': '7yd5mJB', 'name': 'EUR TOPCS1600 ATOM Datasets Theme', 'multiplier': 2.0}]",fundamental65,Factor Ratios and its Rank Model,model,Model,model-estimates-models,Estimates Models
fnd65_dev_sedol_rel5yep,It is defined as a stock's current trailing 12-month earnings per share before extra items-to-price ratio (EP) minus the average of the EPs in the last 60-month scaled by the standard deviation of the EPs over the same period.,"{'id': 'fundamental65', 'name': 'Factor Ratios and its Rank Model'}","{'id': 'model', 'name': 'Model'}","{'id': 'model-estimates-models', 'name': 'Estimates Models'}",EUR,1,TOPCS1600,MATRIX,1.0,0.6429,0,0,1.4,"[{'id': '7yd5mJB', 'name': 'EUR TOPCS1600 ATOM Datasets Theme', 'multiplier': 2.0}]",fundamental65,Factor Ratios and its Rank Model,model,Model,model-estimates-models,Estimates Models
fnd65_dev_sedol_rel5yfcfp,It is defined as a stock's current trailing 12-month free cash flow-to-price ratio (FCFP) minus the average of the FCFPs in the last 60 months scaled by the standard deviation of the FCFPs over the same period.,"{'id': 'fundamental65', 'name': 'Factor Ratios and its Rank Model'}","{'id': 'model', 'name': 'Model'}","{'id': 'model-estimates-models', 'name': 'Estimates Models'}",EUR,1,TOPCS1600,MATRIX,1.0,0.6423,0,0,1.4,"[{'id': '7yd5mJB', 'name': 'EUR TOPCS1600 ATOM Datasets Theme', 'multiplier': 2.0}]",fundamental65,Factor Ratios and its Rank Model,model,Model,model-estimates-models,Estimates Models
fnd65_dev_sedol_rel5yocfp,It is defined as a stock's current trailing 12-month operating cash flow-to-price ratio (OCFP) minus the average of the OCFPs in the last 60-month scaled by the standard deviation of the OCFPs over the same period.,"{'id': 'fundamental65', 'name': 'Factor Ratios and its Rank Model'}","{'id': 'model', 'name': 'Model'}","{'id': 'model-estimates-models', 'name': 'Estimates Models'}",EUR,1,TOPCS1600,MATRIX,1.0,0.641,0,0,1.4,"[{'id': '7yd5mJB', 'name': 'EUR TOPCS1600 ATOM Datasets Theme', 'multiplier': 2.0}]",fundamental65,Factor Ratios and its Rank Model,model,Model,model-estimates-models,Estimates Models
fnd65_dev_sedol_rel5ysp,It is defined as a stock's current trailing 12-month sales-to-price ratio (SP) minus the average of the SPs in the last 60-month scaled by the standard deviation of the SPs over the same period.,"{'id': 'fundamental65', 'name': 'Factor Ratios and its Rank Model'}","{'id': 'model', 'name': 'Model'}","{'id': 'model-estimates-models', 'name': 'Estimates Models'}",EUR,1,TOPCS1600,MATRIX,1.0,0.6422,0,0,1.4,"[{'id': '7yd5mJB', 'name': 'EUR TOPCS1600 ATOM Datasets Theme', 'multiplier': 2.0}]",fundamental65,Factor Ratios and its Rank Model,model,Model,model-estimates-models,Estimates Models
fnd65_dev_sedol_relpricestrength_,It is defined as a stock's 12-month relative price-strength (PS) minus the PSs of all stocks in the same industry deflated by the standard deviation of these PSs.,"{'id': 'fundamental65', 'name': 'Factor Ratios and its Rank Model'}","{'id': 'model', 'name': 'Model'}","{'id': 'model-estimates-models', 'name': 'Estimates Models'}",EUR,1,TOPCS1600,MATRIX,1.0,0.7279,0,0,1.4,"[{'id': '7yd5mJB', 'name': 'EUR TOPCS1600 ATOM Datasets Theme', 'multiplier': 2.0}]",fundamental65,Factor Ratios and its Rank Model,model,Model,model-estimates-models,Estimates Models
fnd65_dev_sedol_rerror60m,It is defined as the standard error of the slope of the least squares regression line for a stock's last 60-month monthly returns against the S&P 500 Index returns.,"{'id': 'fundamental65', 'name': 'Factor Ratios and its Rank Model'}","{'id': 'model', 'name': 'Model'}","{'id': 'model-estimates-models', 'name': 'Estimates Models'}",EUR,1,TOPCS1600,MATRIX,1.0,0.6518,0,0,1.4,"[{'id': '7yd5mJB', 'name': 'EUR TOPCS1600 ATOM Datasets Theme', 'multiplier': 2.0}]",fundamental65,Factor Ratios and its Rank Model,model,Model,model-estimates-models,Estimates Models
fnd65_dev_sedol_rev3my1std,"It is defined as the change in a stock's current analysts mean earnings estimate for fiscal year 1 less than that of three months ago, scaled by the standard deviation of analyst forecasts as of three months ago.","{'id': 'fundamental65', 'name': 'Factor Ratios and its Rank Model'}","{'id': 'model', 'name': 'Model'}","{'id': 'model-estimates-models', 'name': 'Estimates Models'}",EUR,1,TOPCS1600,MATRIX,1.0,0.7297,0,0,1.4,"[{'id': '7yd5mJB', 'name': 'EUR TOPCS1600 ATOM Datasets Theme', 'multiplier': 2.0}]",fundamental65,Factor Ratios and its Rank Model,model,Model,model-estimates-models,Estimates Models
fnd65_dev_sedol_rev3my2std,"It is defined as the change in a stock's current analysts mean earnings estimate for fiscal year 2 less than that of three months ago, scaled by the standard deviation of analyst forecasts as of three months ago.","{'id': 'fundamental65', 'name': 'Factor Ratios and its Rank Model'}","{'id': 'model', 'name': 'Model'}","{'id': 'model-estimates-models', 'name': 'Estimates Models'}",EUR,1,TOPCS1600,MATRIX,1.0,0.7305,0,0,1.4,"[{'id': '7yd5mJB', 'name': 'EUR TOPCS1600 ATOM Datasets Theme', 'multiplier': 2.0}]",fundamental65,Factor Ratios and its Rank Model,model,Model,model-estimates-models,Estimates Models
fnd65_dev_sedol_rev6fy2,"It is defined as a the average of prior 6-month monthly changes in a stock's consensus analysts earnings forecasts for fiscal year 2, scaled by previous month-end trading price.","{'id': 'fundamental65', 'name': 'Factor Ratios and its Rank Model'}","{'id': 'model', 'name': 'Model'}","{'id': 'model-estimates-models', 'name': 'Estimates Models'}",EUR,1,TOPCS1600,MATRIX,1.0,0.7454,0,0,1.4,"[{'id': '7yd5mJB', 'name': 'EUR TOPCS1600 ATOM Datasets Theme', 'multiplier': 2.0}]",fundamental65,Factor Ratios and its Rank Model,model,Model,model-estimates-models,Estimates Models
fnd65_dev_sedol_revper,It is defined as the trailing 12-month total sales divided by the number of employees at the end of the last reported fiscal year.,"{'id': 'fundamental65', 'name': 'Factor Ratios and its Rank Model'}","{'id': 'model', 'name': 'Model'}","{'id': 'model-estimates-models', 'name': 'Estimates Models'}",EUR,1,TOPCS1600,MATRIX,1.0,0.7324,0,0,1.4,"[{'id': '7yd5mJB', 'name': 'EUR TOPCS1600 ATOM Datasets Theme', 'multiplier': 2.0}]",fundamental65,Factor Ratios and its Rank Model,model,Model,model-estimates-models,Estimates Models
fnd65_dev_sedol_roe,It is defined as the trailing 12-month income before extra items divided by the average of common equity in the same period.,"{'id': 'fundamental65', 'name': 'Factor Ratios and its Rank Model'}","{'id': 'model', 'name': 'Model'}","{'id': 'model-estimates-models', 'name': 'Estimates Models'}",EUR,1,TOPCS1600,MATRIX,1.0,0.7375,0,0,1.4,"[{'id': '7yd5mJB', 'name': 'EUR TOPCS1600 ATOM Datasets Theme', 'multiplier': 2.0}]",fundamental65,Factor Ratios and its Rank Model,model,Model,model-estimates-models,Estimates Models
fnd65_dev_sedol_roic,"It is defined as the trailing 12-month net income and interest expenses divided by the average reported invested capital, which equals the sum of common equity,long-term debt,minority interest and preferred stock.","{'id': 'fundamental65', 'name': 'Factor Ratios and its Rank Model'}","{'id': 'model', 'name': 'Model'}","{'id': 'model-estimates-models', 'name': 'Estimates Models'}",EUR,1,TOPCS1600,MATRIX,1.0,0.7378,0,0,1.4,"[{'id': '7yd5mJB', 'name': 'EUR TOPCS1600 ATOM Datasets Theme', 'multiplier': 2.0}]",fundamental65,Factor Ratios and its Rank Model,model,Model,model-estimates-models,Estimates Models
fnd65_dev_sedol_rp,It is defined as the latest reported quarterly operating income divided by 12-Month lagged total assets.,"{'id': 'fundamental65', 'name': 'Factor Ratios and its Rank Model'}","{'id': 'model', 'name': 'Model'}","{'id': 'model-estimates-models', 'name': 'Estimates Models'}",EUR,1,TOPCS1600,MATRIX,1.0,0.7387,0,0,1.4,"[{'id': '7yd5mJB', 'name': 'EUR TOPCS1600 ATOM Datasets Theme', 'multiplier': 2.0}]",fundamental65,Factor Ratios and its Rank Model,model,Model,model-estimates-models,Estimates Models
fnd65_dev_sedol_rq,It is defined as the current assets less inventories from most recent quarter divided by the total current liabilities from most recent quarter.,"{'id': 'fundamental65', 'name': 'Factor Ratios and its Rank Model'}","{'id': 'model', 'name': 'Model'}","{'id': 'model-estimates-models', 'name': 'Estimates Models'}",EUR,1,TOPCS1600,MATRIX,1.0,0.596,0,0,1.4,"[{'id': '7yd5mJB', 'name': 'EUR TOPCS1600 ATOM Datasets Theme', 'multiplier': 2.0}]",fundamental65,Factor Ratios and its Rank Model,model,Model,model-estimates-models,Estimates Models
fnd65_dev_sedol_rqi_rd,It is defined as the interquartile range of a stock's daily total return over the trailing one month.,"{'id': 'fundamental65', 'name': 'Factor Ratios and its Rank Model'}","{'id': 'model', 'name': 'Model'}","{'id': 'model-estimates-models', 'name': 'Estimates Models'}",EUR,1,TOPCS1600,MATRIX,1.0,0.7475,0,0,1.4,"[{'id': '7yd5mJB', 'name': 'EUR TOPCS1600 ATOM Datasets Theme', 'multiplier': 2.0}]",fundamental65,Factor Ratios and its Rank Model,model,Model,model-estimates-models,Estimates Models
fnd65_dev_sedol_saleeps,It is defined as the absolute value of the difference between the yearly percent change in trailing 12-month sales per share and the yearly percent change in trailing 12-month diluted earnings per share before extraordinary items.,"{'id': 'fundamental65', 'name': 'Factor Ratios and its Rank Model'}","{'id': 'model', 'name': 'Model'}","{'id': 'model-estimates-models', 'name': 'Estimates Models'}",EUR,1,TOPCS1600,MATRIX,1.0,0.7091,0,0,1.4,"[{'id': '7yd5mJB', 'name': 'EUR TOPCS1600 ATOM Datasets Theme', 'multiplier': 2.0}]",fundamental65,Factor Ratios and its Rank Model,model,Model,model-estimates-models,Estimates Models
fnd65_dev_sedol_saleg5y,"It is defined as the difference between the trailing 12-month sales (SALE) and the SALE from 20 quarters ago, divided by the average of the SALEs in the prior 20 quarters.","{'id': 'fundamental65', 'name': 'Factor Ratios and its Rank Model'}","{'id': 'model', 'name': 'Model'}","{'id': 'model-estimates-models', 'name': 'Estimates Models'}",EUR,1,TOPCS1600,MATRIX,1.0,0.7004,0,0,1.4,"[{'id': '7yd5mJB', 'name': 'EUR TOPCS1600 ATOM Datasets Theme', 'multiplier': 2.0}]",fundamental65,Factor Ratios and its Rank Model,model,Model,model-estimates-models,Estimates Models
fnd65_dev_sedol_salegpm,It is defined as the difference between the yearly change in most recent reported quarterly sales and the yearly change in the quarterly gross profit margin.,"{'id': 'fundamental65', 'name': 'Factor Ratios and its Rank Model'}","{'id': 'model', 'name': 'Model'}","{'id': 'model-estimates-models', 'name': 'Estimates Models'}",EUR,1,TOPCS1600,MATRIX,1.0,0.6556,0,0,1.4,"[{'id': '7yd5mJB', 'name': 'EUR TOPCS1600 ATOM Datasets Theme', 'multiplier': 2.0}]",fundamental65,Factor Ratios and its Rank Model,model,Model,model-estimates-models,Estimates Models
fnd65_dev_sedol_salerec,It is defined as the difference between the yearly percent change in trailing 12-month sales and the yearly percent change in accounts receivable.,"{'id': 'fundamental65', 'name': 'Factor Ratios and its Rank Model'}","{'id': 'model', 'name': 'Model'}","{'id': 'model-estimates-models', 'name': 'Estimates Models'}",EUR,1,TOPCS1600,MATRIX,1.0,0.6635,0,0,1.4,"[{'id': '7yd5mJB', 'name': 'EUR TOPCS1600 ATOM Datasets Theme', 'multiplier': 2.0}]",fundamental65,Factor Ratios and its Rank Model,model,Model,model-estimates-models,Estimates Models
fnd65_dev_sedol_sh,"It is defined as the beta coefficient to Change in Housing Starts, which is estimated by a 60 month multiple regression of returns on several macroeconomic factors.","{'id': 'fundamental65', 'name': 'Factor Ratios and its Rank Model'}","{'id': 'model', 'name': 'Model'}","{'id': 'model-estimates-models', 'name': 'Estimates Models'}",EUR,1,TOPCS1600,MATRIX,1.0,0.7394,0,0,1.4,"[{'id': '7yd5mJB', 'name': 'EUR TOPCS1600 ATOM Datasets Theme', 'multiplier': 2.0}]",fundamental65,Factor Ratios and its Rank Model,model,Model,model-estimates-models,Estimates Models
fnd65_dev_sedol_sharechg,It is defined as the percent change in a company's current number of outstanding shares as compared to the number of shares outstanding one year ago.,"{'id': 'fundamental65', 'name': 'Factor Ratios and its Rank Model'}","{'id': 'model', 'name': 'Model'}","{'id': 'model-estimates-models', 'name': 'Estimates Models'}",EUR,1,TOPCS1600,MATRIX,1.0,0.4412,0,0,1.4,"[{'id': '7yd5mJB', 'name': 'EUR TOPCS1600 ATOM Datasets Theme', 'multiplier': 2.0}]",fundamental65,Factor Ratios and its Rank Model,model,Model,model-estimates-models,Estimates Models
fnd65_dev_sedol_sighc,It is defined as the most recently reported inventory as a percentage of trailing 12-month sales minus that percentage from 4 quarters ago.,"{'id': 'fundamental65', 'name': 'Factor Ratios and its Rank Model'}","{'id': 'model', 'name': 'Model'}","{'id': 'model-estimates-models', 'name': 'Estimates Models'}",EUR,1,TOPCS1600,MATRIX,1.0,0.5681,0,0,1.4,"[{'id': '7yd5mJB', 'name': 'EUR TOPCS1600 ATOM Datasets Theme', 'multiplier': 2.0}]",fundamental65,Factor Ratios and its Rank Model,model,Model,model-estimates-models,Estimates Models
fnd65_dev_sedol_sigma,It is defined as the standard deviation of a stock's monthly returns in the prior 60 months.,"{'id': 'fundamental65', 'name': 'Factor Ratios and its Rank Model'}","{'id': 'model', 'name': 'Model'}","{'id': 'model-estimates-models', 'name': 'Estimates Models'}",EUR,1,TOPCS1600,MATRIX,1.0,0.6517,0,0,1.4,"[{'id': '7yd5mJB', 'name': 'EUR TOPCS1600 ATOM Datasets Theme', 'multiplier': 2.0}]",fundamental65,Factor Ratios and its Rank Model,model,Model,model-estimates-models,Estimates Models
fnd65_dev_sedol_skew90cortn,It is defined as the skewness of the distribution of a stock's daily excess (compared to the S&P 500 index) price returns in last 90 days. Skewness = 3*(Mean-Median])/Standard Deviation.,"{'id': 'fundamental65', 'name': 'Factor Ratios and its Rank Model'}","{'id': 'model', 'name': 'Model'}","{'id': 'model-estimates-models', 'name': 'Estimates Models'}",EUR,1,TOPCS1600,MATRIX,1.0,0.7427,0,0,1.4,"[{'id': '7yd5mJB', 'name': 'EUR TOPCS1600 ATOM Datasets Theme', 'multiplier': 2.0}]",fundamental65,Factor Ratios and its Rank Model,model,Model,model-estimates-models,Estimates Models
fnd65_dev_sedol_skew90drtn,It is defined as the skewness (measure of lack of symmetry) of the distribution of a stock's daily price returns in last 90 days. Skewness = 3*(Mean-Median])/Standard Deviation.,"{'id': 'fundamental65', 'name': 'Factor Ratios and its Rank Model'}","{'id': 'model', 'name': 'Model'}","{'id': 'model-estimates-models', 'name': 'Estimates Models'}",EUR,1,TOPCS1600,MATRIX,1.0,0.7427,0,0,1.4,"[{'id': '7yd5mJB', 'name': 'EUR TOPCS1600 ATOM Datasets Theme', 'multiplier': 2.0}]",fundamental65,Factor Ratios and its Rank Model,model,Model,model-estimates-models,Estimates Models
fnd65_dev_sedol_slope4qeps5y,It is defined as the slope coefficient between monthly dates and the corresponding trailing 12-month earnings per share before extra items in the prior 20 quarters,"{'id': 'fundamental65', 'name': 'Factor Ratios and its Rank Model'}","{'id': 'model', 'name': 'Model'}","{'id': 'model-estimates-models', 'name': 'Estimates Models'}",EUR,1,TOPCS1600,MATRIX,1.0,0.7216,0,0,1.4,"[{'id': '7yd5mJB', 'name': 'EUR TOPCS1600 ATOM Datasets Theme', 'multiplier': 2.0}]",fundamental65,Factor Ratios and its Rank Model,model,Model,model-estimates-models,Estimates Models
fnd65_dev_sedol_slope52wp,It is defined as the 4-week lagged slope coefficient of the least squares regression line of the last 52-week weekly stock's closing price against the corresponding weekly dates.,"{'id': 'fundamental65', 'name': 'Factor Ratios and its Rank Model'}","{'id': 'model', 'name': 'Model'}","{'id': 'model-estimates-models', 'name': 'Estimates Models'}",EUR,1,TOPCS1600,MATRIX,1.0,0.7288,0,0,1.4,"[{'id': '7yd5mJB', 'name': 'EUR TOPCS1600 ATOM Datasets Theme', 'multiplier': 2.0}]",fundamental65,Factor Ratios and its Rank Model,model,Model,model-estimates-models,Estimates Models
fnd65_dev_sedol_slope66wp,It is defined as the 4-week lagged slope coefficient of the least squares regression line of the last 66-week weekly stock's closing price against the corresponding weekly dates.,"{'id': 'fundamental65', 'name': 'Factor Ratios and its Rank Model'}","{'id': 'model', 'name': 'Model'}","{'id': 'model-estimates-models', 'name': 'Estimates Models'}",EUR,1,TOPCS1600,MATRIX,1.0,0.7233,0,0,1.4,"[{'id': '7yd5mJB', 'name': 'EUR TOPCS1600 ATOM Datasets Theme', 'multiplier': 2.0}]",fundamental65,Factor Ratios and its Rank Model,model,Model,model-estimates-models,Estimates Models
fnd65_dev_sedol_spe1yfvc_cf,It is defined as the standard deviation of analyst earnings estimates for fiscal year 1 divided by the mean consensus forecast.,"{'id': 'fundamental65', 'name': 'Factor Ratios and its Rank Model'}","{'id': 'model', 'name': 'Model'}","{'id': 'model-estimates-models', 'name': 'Estimates Models'}",EUR,1,TOPCS1600,MATRIX,1.0,0.728,0,0,1.4,"[{'id': '7yd5mJB', 'name': 'EUR TOPCS1600 ATOM Datasets Theme', 'multiplier': 2.0}]",fundamental65,Factor Ratios and its Rank Model,model,Model,model-estimates-models,Estimates Models
fnd65_dev_sedol_spe2yfvc_cf,It is defined as the standard deviation of analyst earnings estimates for fiscal year 2 divided by the mean consensus forecast.,"{'id': 'fundamental65', 'name': 'Factor Ratios and its Rank Model'}","{'id': 'model', 'name': 'Model'}","{'id': 'model-estimates-models', 'name': 'Estimates Models'}",EUR,1,TOPCS1600,MATRIX,1.0,0.7281,0,0,1.4,"[{'id': '7yd5mJB', 'name': 'EUR TOPCS1600 ATOM Datasets Theme', 'multiplier': 2.0}]",fundamental65,Factor Ratios and its Rank Model,model,Model,model-estimates-models,Estimates Models
fnd65_dev_sedol_spefcn,It is defined as the absolute value of the difference between the yearly percent change in trailing 12-month operating cash flow per share and the yearly percent change in trailing 12-month diluted EPS before extraordinary items.,"{'id': 'fundamental65', 'name': 'Factor Ratios and its Rank Model'}","{'id': 'model', 'name': 'Model'}","{'id': 'model-estimates-models', 'name': 'Estimates Models'}",EUR,1,TOPCS1600,MATRIX,1.0,0.7095,0,0,1.4,"[{'id': '7yd5mJB', 'name': 'EUR TOPCS1600 ATOM Datasets Theme', 'multiplier': 2.0}]",fundamental65,Factor Ratios and its Rank Model,model,Model,model-estimates-models,Estimates Models
fnd65_dev_sedol_speghc,It is defined as the trailing 12-month earnings per share before extra items (EPS) minus 4 quarters ago EPS deflated by the average total assets per share.,"{'id': 'fundamental65', 'name': 'Factor Ratios and its Rank Model'}","{'id': 'model', 'name': 'Model'}","{'id': 'model-estimates-models', 'name': 'Estimates Models'}",EUR,1,TOPCS1600,MATRIX,1.0,0.7445,0,0,1.4,"[{'id': '7yd5mJB', 'name': 'EUR TOPCS1600 ATOM Datasets Theme', 'multiplier': 2.0}]",fundamental65,Factor Ratios and its Rank Model,model,Model,model-estimates-models,Estimates Models
fnd65_dev_sedol_stockrating,It is defined as the consensus recommendation for a company.,"{'id': 'fundamental65', 'name': 'Factor Ratios and its Rank Model'}","{'id': 'model', 'name': 'Model'}","{'id': 'model-estimates-models', 'name': 'Estimates Models'}",EUR,1,TOPCS1600,MATRIX,1.0,0.746,0,0,1.4,"[{'id': '7yd5mJB', 'name': 'EUR TOPCS1600 ATOM Datasets Theme', 'multiplier': 2.0}]",fundamental65,Factor Ratios and its Rank Model,model,Model,model-estimates-models,Estimates Models
fnd65_dev_sedol_surp,"It is defined as the difference between the actual earnings per share and consensus forecasts prior to the announcement date, scaled by price at the end of the quarter.","{'id': 'fundamental65', 'name': 'Factor Ratios and its Rank Model'}","{'id': 'model', 'name': 'Model'}","{'id': 'model-estimates-models', 'name': 'Estimates Models'}",EUR,1,TOPCS1600,MATRIX,1.0,0.7161,0,0,1.4,"[{'id': '7yd5mJB', 'name': 'EUR TOPCS1600 ATOM Datasets Theme', 'multiplier': 2.0}]",fundamental65,Factor Ratios and its Rank Model,model,Model,model-estimates-models,Estimates Models
fnd65_dev_sedol_susgrowth,"It is the maximum growth rate a firm can sustain without having to increase financial leverage. It is defined as: ROE x (1 - dividend-payout ratio), where ROE is the trailing 12-month return on book equity.","{'id': 'fundamental65', 'name': 'Factor Ratios and its Rank Model'}","{'id': 'model', 'name': 'Model'}","{'id': 'model-estimates-models', 'name': 'Estimates Models'}",EUR,1,TOPCS1600,MATRIX,1.0,0.6869,0,0,1.4,"[{'id': '7yd5mJB', 'name': 'EUR TOPCS1600 ATOM Datasets Theme', 'multiplier': 2.0}]",fundamental65,Factor Ratios and its Rank Model,model,Model,model-estimates-models,Estimates Models
fnd65_dev_sedol_tobinq,"It is defined as the market value of equity (E) plus debt (D) divided by assets (A), or (E + D)/A. D is measured using book values.","{'id': 'fundamental65', 'name': 'Factor Ratios and its Rank Model'}","{'id': 'model', 'name': 'Model'}","{'id': 'model-estimates-models', 'name': 'Estimates Models'}",EUR,1,TOPCS1600,MATRIX,1.0,0.7385,0,0,1.4,"[{'id': '7yd5mJB', 'name': 'EUR TOPCS1600 ATOM Datasets Theme', 'multiplier': 2.0}]",fundamental65,Factor Ratios and its Rank Model,model,Model,model-estimates-models,Estimates Models
fnd65_dev_sedol_totalcov,It equals (Cash Flow from Operations + Interest Paid + Tax Paid) / (Interest + Principal Paid).,"{'id': 'fundamental65', 'name': 'Factor Ratios and its Rank Model'}","{'id': 'model', 'name': 'Model'}","{'id': 'model-estimates-models', 'name': 'Estimates Models'}",EUR,1,TOPCS1600,MATRIX,1.0,0.7149,0,0,1.4,"[{'id': '7yd5mJB', 'name': 'EUR TOPCS1600 ATOM Datasets Theme', 'multiplier': 2.0}]",fundamental65,Factor Ratios and its Rank Model,model,Model,model-estimates-models,Estimates Models
fnd65_dev_sedol_totalsaleg,It is defined as the percent change in a company's trailing 12-month total sales (TOTSALE) as compared to the TOTSALE one year ago.,"{'id': 'fundamental65', 'name': 'Factor Ratios and its Rank Model'}","{'id': 'model', 'name': 'Model'}","{'id': 'model-estimates-models', 'name': 'Estimates Models'}",EUR,1,TOPCS1600,MATRIX,1.0,0.743,0,0,1.4,"[{'id': '7yd5mJB', 'name': 'EUR TOPCS1600 ATOM Datasets Theme', 'multiplier': 2.0}]",fundamental65,Factor Ratios and its Rank Model,model,Model,model-estimates-models,Estimates Models
fnd65_dev_sedol_tstalp,It is defined as: (CORREL*(260-2)^.5)/(1-CORREL^2)^.5. CORREL is the correlation coefficient between the natural logarithm of stock daily closing price and the corresponding daily dates in the last 260 days.,"{'id': 'fundamental65', 'name': 'Factor Ratios and its Rank Model'}","{'id': 'model', 'name': 'Model'}","{'id': 'model-estimates-models', 'name': 'Estimates Models'}",EUR,1,TOPCS1600,MATRIX,1.0,0.7294,0,0,1.4,"[{'id': '7yd5mJB', 'name': 'EUR TOPCS1600 ATOM Datasets Theme', 'multiplier': 2.0}]",fundamental65,Factor Ratios and its Rank Model,model,Model,model-estimates-models,Estimates Models
fnd65_dev_sedol_ttmaccu,It is defined as the difference between the trailing 12-month net income and the trailing 12-month operating cash flow scaled by the beginning total assets.,"{'id': 'fundamental65', 'name': 'Factor Ratios and its Rank Model'}","{'id': 'model', 'name': 'Model'}","{'id': 'model-estimates-models', 'name': 'Estimates Models'}",EUR,1,TOPCS1600,MATRIX,1.0,0.7437,0,0,1.4,"[{'id': '7yd5mJB', 'name': 'EUR TOPCS1600 ATOM Datasets Theme', 'multiplier': 2.0}]",fundamental65,Factor Ratios and its Rank Model,model,Model,model-estimates-models,Estimates Models
fnd65_dev_sedol_ttmcapexp,It is defined as the trailing 12-month capital expenditures per share for a stock divided by its trading price.,"{'id': 'fundamental65', 'name': 'Factor Ratios and its Rank Model'}","{'id': 'model', 'name': 'Model'}","{'id': 'model-estimates-models', 'name': 'Estimates Models'}",EUR,1,TOPCS1600,MATRIX,1.0,0.7322,0,0,1.4,"[{'id': '7yd5mJB', 'name': 'EUR TOPCS1600 ATOM Datasets Theme', 'multiplier': 2.0}]",fundamental65,Factor Ratios and its Rank Model,model,Model,model-estimates-models,Estimates Models
fnd65_dev_sedol_ttmopincev,It is defined as the trailing 12 month operating income (before depreciation and amortization) divided by enterprise value (EV). EV = Equity Market Value + Long-term Debt + Short-term Debt + Preferred Stock + Minority Interest - Cash.,"{'id': 'fundamental65', 'name': 'Factor Ratios and its Rank Model'}","{'id': 'model', 'name': 'Model'}","{'id': 'model-estimates-models', 'name': 'Estimates Models'}",EUR,1,TOPCS1600,MATRIX,1.0,0.7378,0,0,1.4,"[{'id': '7yd5mJB', 'name': 'EUR TOPCS1600 ATOM Datasets Theme', 'multiplier': 2.0}]",fundamental65,Factor Ratios and its Rank Model,model,Model,model-estimates-models,Estimates Models
fnd65_dev_sedol_ttmsaleev,It is defined as the trailing 12-month sales for a stock divided by the most recent enterprise value (EV). EV = Equity Market Value + Long-term Debt + Short-term Debt + Preferred Stock + Minority Interest - Cash & Cash Equivalents.,"{'id': 'fundamental65', 'name': 'Factor Ratios and its Rank Model'}","{'id': 'model', 'name': 'Model'}","{'id': 'model-estimates-models', 'name': 'Estimates Models'}",EUR,1,TOPCS1600,MATRIX,1.0,0.7432,0,0,1.4,"[{'id': '7yd5mJB', 'name': 'EUR TOPCS1600 ATOM Datasets Theme', 'multiplier': 2.0}]",fundamental65,Factor Ratios and its Rank Model,model,Model,model-estimates-models,Estimates Models
fnd65_dev_sedol_tw_ebitdaev,It is defined as the time weighted EBITDA/Enterprise Value for FY1 and FY2.,"{'id': 'fundamental65', 'name': 'Factor Ratios and its Rank Model'}","{'id': 'model', 'name': 'Model'}","{'id': 'model-estimates-models', 'name': 'Estimates Models'}",EUR,1,TOPCS1600,MATRIX,1.0,0.7171,0,0,1.4,"[{'id': '7yd5mJB', 'name': 'EUR TOPCS1600 ATOM Datasets Theme', 'multiplier': 2.0}]",fundamental65,Factor Ratios and its Rank Model,model,Model,model-estimates-models,Estimates Models
fnd65_dev_sedol_twepsrev,It is defined as the 6-month average of the time-weighted sum of the FY1 and FY2 earnings estimate revisions.,"{'id': 'fundamental65', 'name': 'Factor Ratios and its Rank Model'}","{'id': 'model', 'name': 'Model'}","{'id': 'model-estimates-models', 'name': 'Estimates Models'}",EUR,1,TOPCS1600,MATRIX,1.0,0.6991,0,0,1.4,"[{'id': '7yd5mJB', 'name': 'EUR TOPCS1600 ATOM Datasets Theme', 'multiplier': 2.0}]",fundamental65,Factor Ratios and its Rank Model,model,Model,model-estimates-models,Estimates Models
fnd65_dev_sedol_twepsstdrev,It is defined as the 6-month average of the time-weighted sum of the FY1 and FY2 earnings estimate revisions adjusted by the standard deviations of earnings estimates.,"{'id': 'fundamental65', 'name': 'Factor Ratios and its Rank Model'}","{'id': 'model', 'name': 'Model'}","{'id': 'model-estimates-models', 'name': 'Estimates Models'}",EUR,1,TOPCS1600,MATRIX,1.0,0.6959,0,0,1.4,"[{'id': '7yd5mJB', 'name': 'EUR TOPCS1600 ATOM Datasets Theme', 'multiplier': 2.0}]",fundamental65,Factor Ratios and its Rank Model,model,Model,model-estimates-models,Estimates Models
fnd65_dev_sedol_varresirtn,It is defined as the variance of a stock's monthly residual return in the last 24 months. The monthly residual return equals the stock's monthly return minus the product of a stock's proprietary 60-month Beta multiplied by the S&P 500 index monthly return.,"{'id': 'fundamental65', 'name': 'Factor Ratios and its Rank Model'}","{'id': 'model', 'name': 'Model'}","{'id': 'model-estimates-models', 'name': 'Estimates Models'}",EUR,1,TOPCS1600,MATRIX,1.0,0.6375,0,0,1.4,"[{'id': '7yd5mJB', 'name': 'EUR TOPCS1600 ATOM Datasets Theme', 'multiplier': 2.0}]",fundamental65,Factor Ratios and its Rank Model,model,Model,model-estimates-models,Estimates Models
fnd65_dev_sedol_vefcfmtt,It is defined as the trailing 12-month free cash flow (FCF) for a stock scaled by its enterprise value (EV). EV = Equity Market Value + Long-term Debt + Short-term Debt + Preferred Stock + Minority Interest - Cash.,"{'id': 'fundamental65', 'name': 'Factor Ratios and its Rank Model'}","{'id': 'model', 'name': 'Model'}","{'id': 'model-estimates-models', 'name': 'Estimates Models'}",EUR,1,TOPCS1600,MATRIX,1.0,0.743,1,1,1.4,"[{'id': '7yd5mJB', 'name': 'EUR TOPCS1600 ATOM Datasets Theme', 'multiplier': 2.0}]",fundamental65,Factor Ratios and its Rank Model,model,Model,model-estimates-models,Estimates Models
fnd65_dev_sedol_vefcomtt,It is defined as the trailing 12-month operating cash flow per share for a stock divided by its per share Enterprise Value.,"{'id': 'fundamental65', 'name': 'Factor Ratios and its Rank Model'}","{'id': 'model', 'name': 'Model'}","{'id': 'model-estimates-models', 'name': 'Estimates Models'}",EUR,1,TOPCS1600,MATRIX,1.0,0.7441,0,0,1.4,"[{'id': '7yd5mJB', 'name': 'EUR TOPCS1600 ATOM Datasets Theme', 'multiplier': 2.0}]",fundamental65,Factor Ratios and its Rank Model,model,Model,model-estimates-models,Estimates Models
fnd65_dev_sedol_vesspem21f_cf,It is defined as the consensus forward 12-month earnings per share forecast divided by the sum of the market value of common equity per share and book value of long-term debt per share.,"{'id': 'fundamental65', 'name': 'Factor Ratios and its Rank Model'}","{'id': 'model', 'name': 'Model'}","{'id': 'model-estimates-models', 'name': 'Estimates Models'}",EUR,1,TOPCS1600,MATRIX,1.0,0.7425,0,0,1.4,"[{'id': '7yd5mJB', 'name': 'EUR TOPCS1600 ATOM Datasets Theme', 'multiplier': 2.0}]",fundamental65,Factor Ratios and its Rank Model,model,Model,model-estimates-models,Estimates Models
fnd65_dev_sedol_visiratio,It equals to a stock's most recent daily trading volume divided by the average daily trading volume in previous 50 trading days.,"{'id': 'fundamental65', 'name': 'Factor Ratios and its Rank Model'}","{'id': 'model', 'name': 'Model'}","{'id': 'model-estimates-models', 'name': 'Estimates Models'}",EUR,1,TOPCS1600,MATRIX,1.0,0.746,0,0,1.4,"[{'id': '7yd5mJB', 'name': 'EUR TOPCS1600 ATOM Datasets Theme', 'multiplier': 2.0}]",fundamental65,Factor Ratios and its Rank Model,model,Model,model-estimates-models,Estimates Models
fnd65_dev_sedol_vnicw,It is defined as the most recent quarterly reported working capital divided by the inventory. Working capital is the difference between current assets and current liabilities.,"{'id': 'fundamental65', 'name': 'Factor Ratios and its Rank Model'}","{'id': 'model', 'name': 'Model'}","{'id': 'model-estimates-models', 'name': 'Estimates Models'}",EUR,1,TOPCS1600,MATRIX,1.0,0.5425,0,0,1.4,"[{'id': '7yd5mJB', 'name': 'EUR TOPCS1600 ATOM Datasets Theme', 'multiplier': 2.0}]",fundamental65,Factor Ratios and its Rank Model,model,Model,model-estimates-models,Estimates Models
fnd65_dev_sedol_vniu,It is defined as the difference between the current inventory level and the expected level of inventory (multiplying the prior year's closing account balance by the growth in costs of goods sold in the trailing 12 months) scaled by the total assets.,"{'id': 'fundamental65', 'name': 'Factor Ratios and its Rank Model'}","{'id': 'model', 'name': 'Model'}","{'id': 'model-estimates-models', 'name': 'Estimates Models'}",EUR,1,TOPCS1600,MATRIX,1.0,0.564,0,0,1.4,"[{'id': '7yd5mJB', 'name': 'EUR TOPCS1600 ATOM Datasets Theme', 'multiplier': 2.0}]",fundamental65,Factor Ratios and its Rank Model,model,Model,model-estimates-models,Estimates Models
fnd65_dev_sedol_voctni,It is defined as the most recently reported quarterly operating income before depreciation divided by the quarterly long-term debt interest expenses.,"{'id': 'fundamental65', 'name': 'Factor Ratios and its Rank Model'}","{'id': 'model', 'name': 'Model'}","{'id': 'model-estimates-models', 'name': 'Estimates Models'}",EUR,1,TOPCS1600,MATRIX,1.0,0.7235,0,0,1.4,"[{'id': '7yd5mJB', 'name': 'EUR TOPCS1600 ATOM Datasets Theme', 'multiplier': 2.0}]",fundamental65,Factor Ratios and its Rank Model,model,Model,model-estimates-models,Estimates Models
fnd65_dev_sedol_volpre6m,"It is defined as the 6-month moving average of the average monthly turnover ratio, which is calculated as the number of shares traded each day divided by the total number of shares outstanding.","{'id': 'fundamental65', 'name': 'Factor Ratios and its Rank Model'}","{'id': 'model', 'name': 'Model'}","{'id': 'model-estimates-models', 'name': 'Estimates Models'}",EUR,1,TOPCS1600,MATRIX,1.0,0.742,0,0,1.4,"[{'id': '7yd5mJB', 'name': 'EUR TOPCS1600 ATOM Datasets Theme', 'multiplier': 2.0}]",fundamental65,Factor Ratios and its Rank Model,model,Model,model-estimates-models,Estimates Models
fnd65_dev_sedol_volto,It is defined as the monthly total trading volume divided by the most recently reported total outstanding shares.,"{'id': 'fundamental65', 'name': 'Factor Ratios and its Rank Model'}","{'id': 'model', 'name': 'Model'}","{'id': 'model-estimates-models', 'name': 'Estimates Models'}",EUR,1,TOPCS1600,MATRIX,1.0,0.7476,0,0,1.4,"[{'id': '7yd5mJB', 'name': 'EUR TOPCS1600 ATOM Datasets Theme', 'multiplier': 2.0}]",fundamental65,Factor Ratios and its Rank Model,model,Model,model-estimates-models,Estimates Models
fnd65_dev_sedol_w57w03_rp,It is defined as the moving average of a stock's prices in last 30 weeks divided by the moving average of its prices in last 75 weeks.,"{'id': 'fundamental65', 'name': 'Factor Ratios and its Rank Model'}","{'id': 'model', 'name': 'Model'}","{'id': 'model-estimates-models', 'name': 'Estimates Models'}",EUR,1,TOPCS1600,MATRIX,1.0,0.7215,0,0,1.4,"[{'id': '7yd5mJB', 'name': 'EUR TOPCS1600 ATOM Datasets Theme', 'multiplier': 2.0}]",fundamental65,Factor Ratios and its Rank Model,model,Model,model-estimates-models,Estimates Models
fnd65_dev_sedol_w62isr,It is defined as a stock's most recent weekly closing price divided by its weekly closing price 26 weeks ago.,"{'id': 'fundamental65', 'name': 'Factor Ratios and its Rank Model'}","{'id': 'model', 'name': 'Model'}","{'id': 'model-estimates-models', 'name': 'Estimates Models'}",EUR,1,TOPCS1600,MATRIX,1.0,0.7399,0,0,1.4,"[{'id': '7yd5mJB', 'name': 'EUR TOPCS1600 ATOM Datasets Theme', 'multiplier': 2.0}]",fundamental65,Factor Ratios and its Rank Model,model,Model,model-estimates-models,Estimates Models
fnd65_dev_sedol_w93ntr,It is defined as a stock's price change from week t-43 to week t-4.,"{'id': 'fundamental65', 'name': 'Factor Ratios and its Rank Model'}","{'id': 'model', 'name': 'Model'}","{'id': 'model-estimates-models', 'name': 'Estimates Models'}",EUR,1,TOPCS1600,MATRIX,1.0,0.7335,0,0,1.4,"[{'id': '7yd5mJB', 'name': 'EUR TOPCS1600 ATOM Datasets Theme', 'multiplier': 2.0}]",fundamental65,Factor Ratios and its Rank Model,model,Model,model-estimates-models,Estimates Models
fnd65_dev_sedol_wcast,It is defined as the average working capital in the trailing 12 months divided by the average total assets in the same period.,"{'id': 'fundamental65', 'name': 'Factor Ratios and its Rank Model'}","{'id': 'model', 'name': 'Model'}","{'id': 'model-estimates-models', 'name': 'Estimates Models'}",EUR,1,TOPCS1600,MATRIX,1.0,0.5943,0,0,1.4,"[{'id': '7yd5mJB', 'name': 'EUR TOPCS1600 ATOM Datasets Theme', 'multiplier': 2.0}]",fundamental65,Factor Ratios and its Rank Model,model,Model,model-estimates-models,Estimates Models
fnd65_dev_sedol_xiv,"It is defined as the beta coefficient to Change in Market Volatility, which is estimated by a 60 month multiple regression of returns on several macroeconomic factors.","{'id': 'fundamental65', 'name': 'Factor Ratios and its Rank Model'}","{'id': 'model', 'name': 'Model'}","{'id': 'model-estimates-models', 'name': 'Estimates Models'}",EUR,1,TOPCS1600,MATRIX,1.0,0.7395,0,0,1.4,"[{'id': '7yd5mJB', 'name': 'EUR TOPCS1600 ATOM Datasets Theme', 'multiplier': 2.0}]",fundamental65,Factor Ratios and its Rank Model,model,Model,model-estimates-models,Estimates Models
fnd65_dev_sedol_y5speq4rqsr,It is defined as the conditional square of the correlation between monthly dates and the corresponding trailing 12-month earnings per share before extra items in the prior 20 quarters.,"{'id': 'fundamental65', 'name': 'Factor Ratios and its Rank Model'}","{'id': 'model', 'name': 'Model'}","{'id': 'model-estimates-models', 'name': 'Estimates Models'}",EUR,1,TOPCS1600,MATRIX,1.0,0.7219,0,0,1.4,"[{'id': '7yd5mJB', 'name': 'EUR TOPCS1600 ATOM Datasets Theme', 'multiplier': 2.0}]",fundamental65,Factor Ratios and its Rank Model,model,Model,model-estimates-models,Estimates Models
fnd65_dev_sedol_y5speq4vc,It is defined as the standard deviation of the last 20-Month trailing 12-month earnings per share (EPS) divided by the mean of these EPSs,"{'id': 'fundamental65', 'name': 'Factor Ratios and its Rank Model'}","{'id': 'model', 'name': 'Model'}","{'id': 'model-estimates-models', 'name': 'Estimates Models'}",EUR,1,TOPCS1600,MATRIX,1.0,0.7076,0,0,1.4,"[{'id': '7yd5mJB', 'name': 'EUR TOPCS1600 ATOM Datasets Theme', 'multiplier': 2.0}]",fundamental65,Factor Ratios and its Rank Model,model,Model,model-estimates-models,Estimates Models
fnd65_dev_sedol_ydp_cf,It is defined as an assumed payout ratio multiplied by the next 4-quarter consensus earnings estimate divided by trading price. The payout ratio assumption is 10%+84%*Payout Ratio in last Year - 38%*consensus long-term earnings growth rate.,"{'id': 'fundamental65', 'name': 'Factor Ratios and its Rank Model'}","{'id': 'model', 'name': 'Model'}","{'id': 'model-estimates-models', 'name': 'Estimates Models'}",EUR,1,TOPCS1600,MATRIX,1.0,0.6146,0,0,1.4,"[{'id': '7yd5mJB', 'name': 'EUR TOPCS1600 ATOM Datasets Theme', 'multiplier': 2.0}]",fundamental65,Factor Ratios and its Rank Model,model,Model,model-estimates-models,Estimates Models
fnd65_dev_sedol_yen,"It is defined as the average of three normalized earnings calculated by ROE, NPM and EPS FY2, scaled by price.","{'id': 'fundamental65', 'name': 'Factor Ratios and its Rank Model'}","{'id': 'model', 'name': 'Model'}","{'id': 'model-estimates-models', 'name': 'Estimates Models'}",EUR,1,TOPCS1600,MATRIX,1.0,0.7201,0,0,1.4,"[{'id': '7yd5mJB', 'name': 'EUR TOPCS1600 ATOM Datasets Theme', 'multiplier': 2.0}]",fundamental65,Factor Ratios and its Rank Model,model,Model,model-estimates-models,Estimates Models
fnd65_dev_sedol_yieldsprd,"It is defined as the beta coefficient to Change in Slope of Term Structure, which is estimated by a 60 month multiple regression of returns on several macroeconomic factors.","{'id': 'fundamental65', 'name': 'Factor Ratios and its Rank Model'}","{'id': 'model', 'name': 'Model'}","{'id': 'model-estimates-models', 'name': 'Estimates Models'}",EUR,1,TOPCS1600,MATRIX,1.0,0.7397,0,0,1.4,"[{'id': '7yd5mJB', 'name': 'EUR TOPCS1600 ATOM Datasets Theme', 'multiplier': 2.0}]",fundamental65,Factor Ratios and its Rank Model,model,Model,model-estimates-models,Estimates Models
fnd65_dev_sedol_yoychgaa,"It is defined as the trailing 12-month income before extra items minus the trailing 12-month operating cash flow, scaled by the average total assets, and then subtracted by the scaled difference for the same quarter one year ago.","{'id': 'fundamental65', 'name': 'Factor Ratios and its Rank Model'}","{'id': 'model', 'name': 'Model'}","{'id': 'model-estimates-models', 'name': 'Estimates Models'}",EUR,1,TOPCS1600,MATRIX,1.0,0.7395,0,0,1.4,"[{'id': '7yd5mJB', 'name': 'EUR TOPCS1600 ATOM Datasets Theme', 'multiplier': 2.0}]",fundamental65,Factor Ratios and its Rank Model,model,Model,model-estimates-models,Estimates Models
fnd65_dev_sedol_yoychgcr,It is defined as the most recently reported quarterly current ratio and the current ratio for the same quarter one year ago. Current ratio equals current assets divided by current liabilities.,"{'id': 'fundamental65', 'name': 'Factor Ratios and its Rank Model'}","{'id': 'model', 'name': 'Model'}","{'id': 'model-estimates-models', 'name': 'Estimates Models'}",EUR,1,TOPCS1600,MATRIX,1.0,0.5932,0,0,1.4,"[{'id': '7yd5mJB', 'name': 'EUR TOPCS1600 ATOM Datasets Theme', 'multiplier': 2.0}]",fundamental65,Factor Ratios and its Rank Model,model,Model,model-estimates-models,Estimates Models
fnd65_dev_sedol_yoychgda,It is defined as the difference between the most recent reported quarterly total liabilities as a percentage of the reported total assets and the percentage for the same quarter one year ago.,"{'id': 'fundamental65', 'name': 'Factor Ratios and its Rank Model'}","{'id': 'model', 'name': 'Model'}","{'id': 'model-estimates-models', 'name': 'Estimates Models'}",EUR,1,TOPCS1600,MATRIX,1.0,0.7451,0,0,1.4,"[{'id': '7yd5mJB', 'name': 'EUR TOPCS1600 ATOM Datasets Theme', 'multiplier': 2.0}]",fundamental65,Factor Ratios and its Rank Model,model,Model,model-estimates-models,Estimates Models
fnd65_dev_sedol_yoychggpm,It is defined as the difference between the most recent quarterly reported gross profit margin and the margin for the same quarter one year ago. Gross profit margin equals the difference between sales and cost of goods sold then scaled by the sales.,"{'id': 'fundamental65', 'name': 'Factor Ratios and its Rank Model'}","{'id': 'model', 'name': 'Model'}","{'id': 'model-estimates-models', 'name': 'Estimates Models'}",EUR,1,TOPCS1600,MATRIX,1.0,0.6392,0,0,1.4,"[{'id': '7yd5mJB', 'name': 'EUR TOPCS1600 ATOM Datasets Theme', 'multiplier': 2.0}]",fundamental65,Factor Ratios and its Rank Model,model,Model,model-estimates-models,Estimates Models
fnd65_dev_sedol_yoychgroa,It is defined as the most recent trailing 12-month income before extra items as a percentage of total assets minus the percentage for the same quarter one year ago.,"{'id': 'fundamental65', 'name': 'Factor Ratios and its Rank Model'}","{'id': 'model', 'name': 'Model'}","{'id': 'model-estimates-models', 'name': 'Estimates Models'}",EUR,1,TOPCS1600,MATRIX,1.0,0.7445,0,0,1.4,"[{'id': '7yd5mJB', 'name': 'EUR TOPCS1600 ATOM Datasets Theme', 'multiplier': 2.0}]",fundamental65,Factor Ratios and its Rank Model,model,Model,model-estimates-models,Estimates Models
fnd65_dev_sedol_yoychgroeart,It is defined as the yearly arithmetic change in the ratio of trailing twelve-month earnings before extraordinary items (quarterly data) divided by current total book equity.,"{'id': 'fundamental65', 'name': 'Factor Ratios and its Rank Model'}","{'id': 'model', 'name': 'Model'}","{'id': 'model-estimates-models', 'name': 'Estimates Models'}",EUR,1,TOPCS1600,MATRIX,1.0,0.724,0,0,1.4,"[{'id': '7yd5mJB', 'name': 'EUR TOPCS1600 ATOM Datasets Theme', 'multiplier': 2.0}]",fundamental65,Factor Ratios and its Rank Model,model,Model,model-estimates-models,Estimates Models
fnd65_dev_sedol_yoychgroepct,It is defined as the yearly percentage change in the ratio of the TTM earnings before extraordinary items (Quarterly data) divided by current total book equity.,"{'id': 'fundamental65', 'name': 'Factor Ratios and its Rank Model'}","{'id': 'model', 'name': 'Model'}","{'id': 'model-estimates-models', 'name': 'Estimates Models'}",EUR,1,TOPCS1600,MATRIX,1.0,0.7105,0,0,1.4,"[{'id': '7yd5mJB', 'name': 'EUR TOPCS1600 ATOM Datasets Theme', 'multiplier': 2.0}]",fundamental65,Factor Ratios and its Rank Model,model,Model,model-estimates-models,Estimates Models
