id,description,dataset,category,subcategory,region,delay,universe,type,dateCoverage,coverage,userCount,alphaCount,pyramidMultiplier,themes,dataset_id,dataset_name,category_id,category_name,subcategory_id,subcategory_name
fnd6_accli,Accrued Liabilities - Increase/(Decrease),"{'id': 'fundamental6', 'name': 'Company Fundamental Data for Equity'}","{'id': 'fundamental', 'name': 'Fundamental'}","{'id': 'fundamental-fundamental-data', 'name': 'Fundamental Data'}",EUR,1,TOPCS1600,MATRIX,1.0,0.5,1,1,1.1,[],fundamental6,Company Fundamental Data for Equity,fundamental,Fundamental,fundamental-fundamental-data,Fundamental Data
fnd6_acox,Current Assets - Other - Sundry,"{'id': 'fundamental6', 'name': 'Company Fundamental Data for Equity'}","{'id': 'fundamental', 'name': 'Fundamental'}","{'id': 'fundamental-fundamental-data', 'name': 'Fundamental Data'}",EUR,1,TOPCS1600,MATRIX,1.0,0.5,1,1,1.1,[],fundamental6,Company Fundamental Data for Equity,fundamental,Fundamental,fundamental-fundamental-data,Fundamental Data
fnd6_adesinda_curcd,ISO Currency Code - Company Annual Market,"{'id': 'fundamental6', 'name': 'Company Fundamental Data for Equity'}","{'id': 'fundamental', 'name': 'Fundamental'}","{'id': 'fundamental-fundamental-data', 'name': 'Fundamental Data'}",EUR,1,TOPCS1600,MATRIX,1.0,0.5,1,1,1.1,[],fundamental6,Company Fundamental Data for Equity,fundamental,Fundamental,fundamental-fundamental-data,Fundamental Data
fnd6_am,Amortization of Intangibles,"{'id': 'fundamental6', 'name': 'Company Fundamental Data for Equity'}","{'id': 'fundamental', 'name': 'Fundamental'}","{'id': 'fundamental-fundamental-data', 'name': 'Fundamental Data'}",EUR,1,TOPCS1600,MATRIX,1.0,0.5,1,1,1.1,[],fundamental6,Company Fundamental Data for Equity,fundamental,Fundamental,fundamental-fundamental-data,Fundamental Data
fnd6_amsa,Amortization of Intangibles,"{'id': 'fundamental6', 'name': 'Company Fundamental Data for Equity'}","{'id': 'fundamental', 'name': 'Fundamental'}","{'id': 'fundamental-fundamental-data', 'name': 'Fundamental Data'}",EUR,1,TOPCS1600,MATRIX,1.0,0.5,2,2,1.1,[],fundamental6,Company Fundamental Data for Equity,fundamental,Fundamental,fundamental-fundamental-data,Fundamental Data
fnd6_amy,Amortization of Intangibles,"{'id': 'fundamental6', 'name': 'Company Fundamental Data for Equity'}","{'id': 'fundamental', 'name': 'Fundamental'}","{'id': 'fundamental-fundamental-data', 'name': 'Fundamental Data'}",EUR,1,TOPCS1600,MATRIX,1.0,0.5,2,2,1.1,[],fundamental6,Company Fundamental Data for Equity,fundamental,Fundamental,fundamental-fundamental-data,Fundamental Data
fnd6_aoloch,Assets and Liabilities - Other - Net Change,"{'id': 'fundamental6', 'name': 'Company Fundamental Data for Equity'}","{'id': 'fundamental', 'name': 'Fundamental'}","{'id': 'fundamental-fundamental-data', 'name': 'Fundamental Data'}",EUR,1,TOPCS1600,MATRIX,1.0,0.5,2,2,1.1,[],fundamental6,Company Fundamental Data for Equity,fundamental,Fundamental,fundamental-fundamental-data,Fundamental Data
fnd6_aolochy,Assets and Liabilities - Other (Net Change),"{'id': 'fundamental6', 'name': 'Company Fundamental Data for Equity'}","{'id': 'fundamental', 'name': 'Fundamental'}","{'id': 'fundamental-fundamental-data', 'name': 'Fundamental Data'}",EUR,1,TOPCS1600,MATRIX,1.0,0.5,1,1,1.1,[],fundamental6,Company Fundamental Data for Equity,fundamental,Fundamental,fundamental-fundamental-data,Fundamental Data
fnd6_aox,Assets - Other - Sundry,"{'id': 'fundamental6', 'name': 'Company Fundamental Data for Equity'}","{'id': 'fundamental', 'name': 'Fundamental'}","{'id': 'fundamental-fundamental-data', 'name': 'Fundamental Data'}",EUR,1,TOPCS1600,MATRIX,1.0,0.5,1,1,1.1,[],fundamental6,Company Fundamental Data for Equity,fundamental,Fundamental,fundamental-fundamental-data,Fundamental Data
fnd6_apch,Accounts Payable - Increase (Decrease),"{'id': 'fundamental6', 'name': 'Company Fundamental Data for Equity'}","{'id': 'fundamental', 'name': 'Fundamental'}","{'id': 'fundamental-fundamental-data', 'name': 'Fundamental Data'}",EUR,1,TOPCS1600,MATRIX,1.0,0.5,3,3,1.1,[],fundamental6,Company Fundamental Data for Equity,fundamental,Fundamental,fundamental-fundamental-data,Fundamental Data
fnd6_apchy,Accounts Payable/Creditors - Increase (Decrease),"{'id': 'fundamental6', 'name': 'Company Fundamental Data for Equity'}","{'id': 'fundamental', 'name': 'Fundamental'}","{'id': 'fundamental-fundamental-data', 'name': 'Fundamental Data'}",EUR,1,TOPCS1600,MATRIX,1.0,0.5,1,1,1.1,[],fundamental6,Company Fundamental Data for Equity,fundamental,Fundamental,fundamental-fundamental-data,Fundamental Data
fnd6_apo,Accounts Payable - Other,"{'id': 'fundamental6', 'name': 'Company Fundamental Data for Equity'}","{'id': 'fundamental', 'name': 'Fundamental'}","{'id': 'fundamental-fundamental-data', 'name': 'Fundamental Data'}",EUR,1,TOPCS1600,MATRIX,1.0,0.5,3,3,1.1,[],fundamental6,Company Fundamental Data for Equity,fundamental,Fundamental,fundamental-fundamental-data,Fundamental Data
fnd6_aqc,Acquisitions,"{'id': 'fundamental6', 'name': 'Company Fundamental Data for Equity'}","{'id': 'fundamental', 'name': 'Fundamental'}","{'id': 'fundamental-fundamental-data', 'name': 'Fundamental Data'}",EUR,1,TOPCS1600,MATRIX,1.0,0.5,1,1,1.1,[],fundamental6,Company Fundamental Data for Equity,fundamental,Fundamental,fundamental-fundamental-data,Fundamental Data
fnd6_aqcy,Acquisitions,"{'id': 'fundamental6', 'name': 'Company Fundamental Data for Equity'}","{'id': 'fundamental', 'name': 'Fundamental'}","{'id': 'fundamental-fundamental-data', 'name': 'Fundamental Data'}",EUR,1,TOPCS1600,MATRIX,1.0,0.5,1,1,1.1,[],fundamental6,Company Fundamental Data for Equity,fundamental,Fundamental,fundamental-fundamental-data,Fundamental Data
fnd6_capxy,Capital Expenditures,"{'id': 'fundamental6', 'name': 'Company Fundamental Data for Equity'}","{'id': 'fundamental', 'name': 'Fundamental'}","{'id': 'fundamental-fundamental-data', 'name': 'Fundamental Data'}",EUR,1,TOPCS1600,MATRIX,1.0,0.5,7,11,1.1,[],fundamental6,Company Fundamental Data for Equity,fundamental,Fundamental,fundamental-fundamental-data,Fundamental Data
fnd6_ch,Cash,"{'id': 'fundamental6', 'name': 'Company Fundamental Data for Equity'}","{'id': 'fundamental', 'name': 'Fundamental'}","{'id': 'fundamental-fundamental-data', 'name': 'Fundamental Data'}",EUR,1,TOPCS1600,MATRIX,1.0,0.5,0,0,1.1,[],fundamental6,Company Fundamental Data for Equity,fundamental,Fundamental,fundamental-fundamental-data,Fundamental Data
fnd6_cheb,Cash and Cash Equivalents at Beginning of Year,"{'id': 'fundamental6', 'name': 'Company Fundamental Data for Equity'}","{'id': 'fundamental', 'name': 'Fundamental'}","{'id': 'fundamental-fundamental-data', 'name': 'Fundamental Data'}",EUR,1,TOPCS1600,MATRIX,1.0,0.5,0,0,1.1,[],fundamental6,Company Fundamental Data for Equity,fundamental,Fundamental,fundamental-fundamental-data,Fundamental Data
fnd6_chech,Cash and Cash Equivalents - Increase/(Decrease),"{'id': 'fundamental6', 'name': 'Company Fundamental Data for Equity'}","{'id': 'fundamental', 'name': 'Fundamental'}","{'id': 'fundamental-fundamental-data', 'name': 'Fundamental Data'}",EUR,1,TOPCS1600,MATRIX,1.0,0.5,0,0,1.1,[],fundamental6,Company Fundamental Data for Equity,fundamental,Fundamental,fundamental-fundamental-data,Fundamental Data
fnd6_chechy,Cash and Cash Equivalents - Increase (Decrease),"{'id': 'fundamental6', 'name': 'Company Fundamental Data for Equity'}","{'id': 'fundamental', 'name': 'Fundamental'}","{'id': 'fundamental-fundamental-data', 'name': 'Fundamental Data'}",EUR,1,TOPCS1600,MATRIX,1.0,0.5,0,0,1.1,[],fundamental6,Company Fundamental Data for Equity,fundamental,Fundamental,fundamental-fundamental-data,Fundamental Data
fnd6_chee,Cash and Cash Equivalents at End of Year,"{'id': 'fundamental6', 'name': 'Company Fundamental Data for Equity'}","{'id': 'fundamental', 'name': 'Fundamental'}","{'id': 'fundamental-fundamental-data', 'name': 'Fundamental Data'}",EUR,1,TOPCS1600,MATRIX,1.0,0.5,0,0,1.1,[],fundamental6,Company Fundamental Data for Equity,fundamental,Fundamental,fundamental-fundamental-data,Fundamental Data
fnd6_cogssa,Cost of Goods Sold,"{'id': 'fundamental6', 'name': 'Company Fundamental Data for Equity'}","{'id': 'fundamental', 'name': 'Fundamental'}","{'id': 'fundamental-fundamental-data', 'name': 'Fundamental Data'}",EUR,1,TOPCS1600,MATRIX,1.0,0.5,34,35,1.1,[],fundamental6,Company Fundamental Data for Equity,fundamental,Fundamental,fundamental-fundamental-data,Fundamental Data
fnd6_cogsy,Cost of Goods Sold,"{'id': 'fundamental6', 'name': 'Company Fundamental Data for Equity'}","{'id': 'fundamental', 'name': 'Fundamental'}","{'id': 'fundamental-fundamental-data', 'name': 'Fundamental Data'}",EUR,1,TOPCS1600,MATRIX,1.0,0.5,1,1,1.1,[],fundamental6,Company Fundamental Data for Equity,fundamental,Fundamental,fundamental-fundamental-data,Fundamental Data
fnd6_cptnewq_actq,Current Assets - Total,"{'id': 'fundamental6', 'name': 'Company Fundamental Data for Equity'}","{'id': 'fundamental', 'name': 'Fundamental'}","{'id': 'fundamental-fundamental-data', 'name': 'Fundamental Data'}",EUR,1,TOPCS1600,MATRIX,1.0,0.5,1,1,1.1,[],fundamental6,Company Fundamental Data for Equity,fundamental,Fundamental,fundamental-fundamental-data,Fundamental Data
fnd6_cptnewq_atq,Assets - Total,"{'id': 'fundamental6', 'name': 'Company Fundamental Data for Equity'}","{'id': 'fundamental', 'name': 'Fundamental'}","{'id': 'fundamental-fundamental-data', 'name': 'Fundamental Data'}",EUR,1,TOPCS1600,MATRIX,1.0,0.5,8,8,1.1,[],fundamental6,Company Fundamental Data for Equity,fundamental,Fundamental,fundamental-fundamental-data,Fundamental Data
fnd6_cptnewq_ceqq,Common/Ordinary Equity - Total,"{'id': 'fundamental6', 'name': 'Company Fundamental Data for Equity'}","{'id': 'fundamental', 'name': 'Fundamental'}","{'id': 'fundamental-fundamental-data', 'name': 'Fundamental Data'}",EUR,1,TOPCS1600,MATRIX,1.0,0.5,1,1,1.1,[],fundamental6,Company Fundamental Data for Equity,fundamental,Fundamental,fundamental-fundamental-data,Fundamental Data
fnd6_cptnewq_dlttq,Long-Term Debt - Total,"{'id': 'fundamental6', 'name': 'Company Fundamental Data for Equity'}","{'id': 'fundamental', 'name': 'Fundamental'}","{'id': 'fundamental-fundamental-data', 'name': 'Fundamental Data'}",EUR,1,TOPCS1600,MATRIX,1.0,0.5,0,0,1.1,[],fundamental6,Company Fundamental Data for Equity,fundamental,Fundamental,fundamental-fundamental-data,Fundamental Data
fnd6_cptnewq_ibq,Income Before Extraordinary Items,"{'id': 'fundamental6', 'name': 'Company Fundamental Data for Equity'}","{'id': 'fundamental', 'name': 'Fundamental'}","{'id': 'fundamental-fundamental-data', 'name': 'Fundamental Data'}",EUR,1,TOPCS1600,MATRIX,1.0,0.5,10,11,1.1,[],fundamental6,Company Fundamental Data for Equity,fundamental,Fundamental,fundamental-fundamental-data,Fundamental Data
fnd6_cptnewq_ltq,Liabilities - Total,"{'id': 'fundamental6', 'name': 'Company Fundamental Data for Equity'}","{'id': 'fundamental', 'name': 'Fundamental'}","{'id': 'fundamental-fundamental-data', 'name': 'Fundamental Data'}",EUR,1,TOPCS1600,MATRIX,1.0,0.5,1,1,1.1,[],fundamental6,Company Fundamental Data for Equity,fundamental,Fundamental,fundamental-fundamental-data,Fundamental Data
fnd6_cptnewq_revtq,Revenue - Total,"{'id': 'fundamental6', 'name': 'Company Fundamental Data for Equity'}","{'id': 'fundamental', 'name': 'Fundamental'}","{'id': 'fundamental-fundamental-data', 'name': 'Fundamental Data'}",EUR,1,TOPCS1600,MATRIX,1.0,0.5,42,48,1.1,[],fundamental6,Company Fundamental Data for Equity,fundamental,Fundamental,fundamental-fundamental-data,Fundamental Data
fnd6_dc,Deferred Charges,"{'id': 'fundamental6', 'name': 'Company Fundamental Data for Equity'}","{'id': 'fundamental', 'name': 'Fundamental'}","{'id': 'fundamental-fundamental-data', 'name': 'Fundamental Data'}",EUR,1,TOPCS1600,MATRIX,1.0,0.5,0,0,1.1,[],fundamental6,Company Fundamental Data for Equity,fundamental,Fundamental,fundamental-fundamental-data,Fundamental Data
fnd6_dd1,Long-Term Debt Due in 1 Year,"{'id': 'fundamental6', 'name': 'Company Fundamental Data for Equity'}","{'id': 'fundamental', 'name': 'Fundamental'}","{'id': 'fundamental-fundamental-data', 'name': 'Fundamental Data'}",EUR,1,TOPCS1600,MATRIX,1.0,0.5,0,0,1.1,[],fundamental6,Company Fundamental Data for Equity,fundamental,Fundamental,fundamental-fundamental-data,Fundamental Data
fnd6_dfxa,Depreciation of Tangible Fixed Assets,"{'id': 'fundamental6', 'name': 'Company Fundamental Data for Equity'}","{'id': 'fundamental', 'name': 'Fundamental'}","{'id': 'fundamental-fundamental-data', 'name': 'Fundamental Data'}",EUR,1,TOPCS1600,MATRIX,1.0,0.5,2,2,1.1,[],fundamental6,Company Fundamental Data for Equity,fundamental,Fundamental,fundamental-fundamental-data,Fundamental Data
fnd6_dfxasa,Depreciation of Fixed Assets (Tangible),"{'id': 'fundamental6', 'name': 'Company Fundamental Data for Equity'}","{'id': 'fundamental', 'name': 'Fundamental'}","{'id': 'fundamental-fundamental-data', 'name': 'Fundamental Data'}",EUR,1,TOPCS1600,MATRIX,1.0,0.5,0,0,1.1,[],fundamental6,Company Fundamental Data for Equity,fundamental,Fundamental,fundamental-fundamental-data,Fundamental Data
fnd6_dfxay,Depreciation of Fixed Assets (Tangible),"{'id': 'fundamental6', 'name': 'Company Fundamental Data for Equity'}","{'id': 'fundamental', 'name': 'Fundamental'}","{'id': 'fundamental-fundamental-data', 'name': 'Fundamental Data'}",EUR,1,TOPCS1600,MATRIX,1.0,0.5,0,0,1.1,[],fundamental6,Company Fundamental Data for Equity,fundamental,Fundamental,fundamental-fundamental-data,Fundamental Data
fnd6_dlcch,Current Debt - Changes,"{'id': 'fundamental6', 'name': 'Company Fundamental Data for Equity'}","{'id': 'fundamental', 'name': 'Fundamental'}","{'id': 'fundamental-fundamental-data', 'name': 'Fundamental Data'}",EUR,1,TOPCS1600,MATRIX,1.0,0.5,0,0,1.1,[],fundamental6,Company Fundamental Data for Equity,fundamental,Fundamental,fundamental-fundamental-data,Fundamental Data
fnd6_dpcy,Depreciation and Amortization - Statement of Cash Flows,"{'id': 'fundamental6', 'name': 'Company Fundamental Data for Equity'}","{'id': 'fundamental', 'name': 'Fundamental'}","{'id': 'fundamental-fundamental-data', 'name': 'Fundamental Data'}",EUR,1,TOPCS1600,MATRIX,1.0,0.5,0,0,1.1,[],fundamental6,Company Fundamental Data for Equity,fundamental,Fundamental,fundamental-fundamental-data,Fundamental Data
fnd6_dpsa,Depreciation and Amortization - Total,"{'id': 'fundamental6', 'name': 'Company Fundamental Data for Equity'}","{'id': 'fundamental', 'name': 'Fundamental'}","{'id': 'fundamental-fundamental-data', 'name': 'Fundamental Data'}",EUR,1,TOPCS1600,MATRIX,1.0,0.5,1,1,1.1,[],fundamental6,Company Fundamental Data for Equity,fundamental,Fundamental,fundamental-fundamental-data,Fundamental Data
fnd6_dpy,Depreciation and Amortization - Total,"{'id': 'fundamental6', 'name': 'Company Fundamental Data for Equity'}","{'id': 'fundamental', 'name': 'Fundamental'}","{'id': 'fundamental-fundamental-data', 'name': 'Fundamental Data'}",EUR,1,TOPCS1600,MATRIX,1.0,0.5,0,0,1.1,[],fundamental6,Company Fundamental Data for Equity,fundamental,Fundamental,fundamental-fundamental-data,Fundamental Data
fnd6_dvc,Dividends Common/Ordinary,"{'id': 'fundamental6', 'name': 'Company Fundamental Data for Equity'}","{'id': 'fundamental', 'name': 'Fundamental'}","{'id': 'fundamental-fundamental-data', 'name': 'Fundamental Data'}",EUR,1,TOPCS1600,MATRIX,1.0,0.5,0,0,1.1,[],fundamental6,Company Fundamental Data for Equity,fundamental,Fundamental,fundamental-fundamental-data,Fundamental Data
fnd6_dvt,Dividends - Total,"{'id': 'fundamental6', 'name': 'Company Fundamental Data for Equity'}","{'id': 'fundamental', 'name': 'Fundamental'}","{'id': 'fundamental-fundamental-data', 'name': 'Fundamental Data'}",EUR,1,TOPCS1600,MATRIX,1.0,0.5,0,0,1.1,[],fundamental6,Company Fundamental Data for Equity,fundamental,Fundamental,fundamental-fundamental-data,Fundamental Data
fnd6_dvty,Dividends - Total,"{'id': 'fundamental6', 'name': 'Company Fundamental Data for Equity'}","{'id': 'fundamental', 'name': 'Fundamental'}","{'id': 'fundamental-fundamental-data', 'name': 'Fundamental Data'}",EUR,1,TOPCS1600,MATRIX,1.0,0.5,0,0,1.1,[],fundamental6,Company Fundamental Data for Equity,fundamental,Fundamental,fundamental-fundamental-data,Fundamental Data
fnd6_dvy,Cash Dividends,"{'id': 'fundamental6', 'name': 'Company Fundamental Data for Equity'}","{'id': 'fundamental', 'name': 'Fundamental'}","{'id': 'fundamental-fundamental-data', 'name': 'Fundamental Data'}",EUR,1,TOPCS1600,MATRIX,1.0,0.5,0,0,1.1,[],fundamental6,Company Fundamental Data for Equity,fundamental,Fundamental,fundamental-fundamental-data,Fundamental Data
fnd6_eieac,Equity Interest in Earnings of Associated Companies,"{'id': 'fundamental6', 'name': 'Company Fundamental Data for Equity'}","{'id': 'fundamental', 'name': 'Fundamental'}","{'id': 'fundamental-fundamental-data', 'name': 'Fundamental Data'}",EUR,1,TOPCS1600,MATRIX,1.0,0.5,0,0,1.1,[],fundamental6,Company Fundamental Data for Equity,fundamental,Fundamental,fundamental-fundamental-data,Fundamental Data
fnd6_eieacy,Equity Interest in Earnings of Associated Companies,"{'id': 'fundamental6', 'name': 'Company Fundamental Data for Equity'}","{'id': 'fundamental', 'name': 'Fundamental'}","{'id': 'fundamental-fundamental-data', 'name': 'Fundamental Data'}",EUR,1,TOPCS1600,MATRIX,1.0,0.5,0,0,1.1,[],fundamental6,Company Fundamental Data for Equity,fundamental,Fundamental,fundamental-fundamental-data,Fundamental Data
fnd6_ero,Equity Reserves - Other,"{'id': 'fundamental6', 'name': 'Company Fundamental Data for Equity'}","{'id': 'fundamental', 'name': 'Fundamental'}","{'id': 'fundamental-fundamental-data', 'name': 'Fundamental Data'}",EUR,1,TOPCS1600,MATRIX,1.0,0.5,0,0,1.1,[],fundamental6,Company Fundamental Data for Equity,fundamental,Fundamental,fundamental-fundamental-data,Fundamental Data
fnd6_ewq_accdq,Accrued Expenses & Deferred Income,"{'id': 'fundamental6', 'name': 'Company Fundamental Data for Equity'}","{'id': 'fundamental', 'name': 'Fundamental'}","{'id': 'fundamental-fundamental-data', 'name': 'Fundamental Data'}",EUR,1,TOPCS1600,MATRIX,1.0,0.5,0,0,1.1,[],fundamental6,Company Fundamental Data for Equity,fundamental,Fundamental,fundamental-fundamental-data,Fundamental Data
fnd6_ewq_amq,Amortization of Intangibles,"{'id': 'fundamental6', 'name': 'Company Fundamental Data for Equity'}","{'id': 'fundamental', 'name': 'Fundamental'}","{'id': 'fundamental-fundamental-data', 'name': 'Fundamental Data'}",EUR,1,TOPCS1600,MATRIX,1.0,0.5,0,0,1.1,[],fundamental6,Company Fundamental Data for Equity,fundamental,Fundamental,fundamental-fundamental-data,Fundamental Data
fnd6_ewq_dfxaq,Depreciation of Fixed Assets (Tangible),"{'id': 'fundamental6', 'name': 'Company Fundamental Data for Equity'}","{'id': 'fundamental', 'name': 'Fundamental'}","{'id': 'fundamental-fundamental-data', 'name': 'Fundamental Data'}",EUR,1,TOPCS1600,MATRIX,1.0,0.5,0,0,1.1,[],fundamental6,Company Fundamental Data for Equity,fundamental,Fundamental,fundamental-fundamental-data,Fundamental Data
fnd6_ewq_dvtq,Dividends - Total,"{'id': 'fundamental6', 'name': 'Company Fundamental Data for Equity'}","{'id': 'fundamental', 'name': 'Fundamental'}","{'id': 'fundamental-fundamental-data', 'name': 'Fundamental Data'}",EUR,1,TOPCS1600,MATRIX,1.0,0.5,1,1,1.1,[],fundamental6,Company Fundamental Data for Equity,fundamental,Fundamental,fundamental-fundamental-data,Fundamental Data
fnd6_ewq_eqrtq,Equity Reserves - Total,"{'id': 'fundamental6', 'name': 'Company Fundamental Data for Equity'}","{'id': 'fundamental', 'name': 'Fundamental'}","{'id': 'fundamental-fundamental-data', 'name': 'Fundamental Data'}",EUR,1,TOPCS1600,MATRIX,1.0,0.5,3,3,1.1,[],fundamental6,Company Fundamental Data for Equity,fundamental,Fundamental,fundamental-fundamental-data,Fundamental Data
fnd6_ewq_eroq,Equity Reserves - Other,"{'id': 'fundamental6', 'name': 'Company Fundamental Data for Equity'}","{'id': 'fundamental', 'name': 'Fundamental'}","{'id': 'fundamental-fundamental-data', 'name': 'Fundamental Data'}",EUR,1,TOPCS1600,MATRIX,1.0,0.5,1,1,1.1,[],fundamental6,Company Fundamental Data for Equity,fundamental,Fundamental,fundamental-fundamental-data,Fundamental Data
fnd6_ewq_gpq,Gross Profit (Loss),"{'id': 'fundamental6', 'name': 'Company Fundamental Data for Equity'}","{'id': 'fundamental', 'name': 'Fundamental'}","{'id': 'fundamental-fundamental-data', 'name': 'Fundamental Data'}",EUR,1,TOPCS1600,MATRIX,1.0,0.5,1,1,1.1,[],fundamental6,Company Fundamental Data for Equity,fundamental,Fundamental,fundamental-fundamental-data,Fundamental Data
fnd6_ewq_ibmiiq,Income before Extraordinary Items and Noncontrolling Interests,"{'id': 'fundamental6', 'name': 'Company Fundamental Data for Equity'}","{'id': 'fundamental', 'name': 'Fundamental'}","{'id': 'fundamental-fundamental-data', 'name': 'Fundamental Data'}",EUR,1,TOPCS1600,MATRIX,1.0,0.5,1,1,1.1,[],fundamental6,Company Fundamental Data for Equity,fundamental,Fundamental,fundamental-fundamental-data,Fundamental Data
fnd6_ewq_iditq,Interest Income - Total,"{'id': 'fundamental6', 'name': 'Company Fundamental Data for Equity'}","{'id': 'fundamental', 'name': 'Fundamental'}","{'id': 'fundamental-fundamental-data', 'name': 'Fundamental Data'}",EUR,1,TOPCS1600,MATRIX,1.0,0.5,0,0,1.1,[],fundamental6,Company Fundamental Data for Equity,fundamental,Fundamental,fundamental-fundamental-data,Fundamental Data
fnd6_ewq_intanq,Intangible Assets - Total,"{'id': 'fundamental6', 'name': 'Company Fundamental Data for Equity'}","{'id': 'fundamental', 'name': 'Fundamental'}","{'id': 'fundamental-fundamental-data', 'name': 'Fundamental Data'}",EUR,1,TOPCS1600,MATRIX,1.0,0.5,1,1,1.1,[],fundamental6,Company Fundamental Data for Equity,fundamental,Fundamental,fundamental-fundamental-data,Fundamental Data
fnd6_ewq_ivaeqq,Investment and Advances - Equity,"{'id': 'fundamental6', 'name': 'Company Fundamental Data for Equity'}","{'id': 'fundamental', 'name': 'Fundamental'}","{'id': 'fundamental-fundamental-data', 'name': 'Fundamental Data'}",EUR,1,TOPCS1600,MATRIX,1.0,0.5,0,0,1.1,[],fundamental6,Company Fundamental Data for Equity,fundamental,Fundamental,fundamental-fundamental-data,Fundamental Data
fnd6_ewq_ivaoq,Investment and Advances - Other,"{'id': 'fundamental6', 'name': 'Company Fundamental Data for Equity'}","{'id': 'fundamental', 'name': 'Fundamental'}","{'id': 'fundamental-fundamental-data', 'name': 'Fundamental Data'}",EUR,1,TOPCS1600,MATRIX,1.0,0.5,0,0,1.1,[],fundamental6,Company Fundamental Data for Equity,fundamental,Fundamental,fundamental-fundamental-data,Fundamental Data
fnd6_ewq_lltq,Long-Term Liabilities (Total),"{'id': 'fundamental6', 'name': 'Company Fundamental Data for Equity'}","{'id': 'fundamental', 'name': 'Fundamental'}","{'id': 'fundamental-fundamental-data', 'name': 'Fundamental Data'}",EUR,1,TOPCS1600,MATRIX,1.0,0.5,0,0,1.1,[],fundamental6,Company Fundamental Data for Equity,fundamental,Fundamental,fundamental-fundamental-data,Fundamental Data
fnd6_ewq_mibnq,Non-Redeemable Noncontrolling Interest (Balance Sheet) - Quarterly,"{'id': 'fundamental6', 'name': 'Company Fundamental Data for Equity'}","{'id': 'fundamental', 'name': 'Fundamental'}","{'id': 'fundamental-fundamental-data', 'name': 'Fundamental Data'}",EUR,1,TOPCS1600,MATRIX,1.0,0.5,0,0,1.1,[],fundamental6,Company Fundamental Data for Equity,fundamental,Fundamental,fundamental-fundamental-data,Fundamental Data
fnd6_ewq_mibtq,Noncontrolling Interests - Total - Balance Sheet - Quarterly,"{'id': 'fundamental6', 'name': 'Company Fundamental Data for Equity'}","{'id': 'fundamental', 'name': 'Fundamental'}","{'id': 'fundamental-fundamental-data', 'name': 'Fundamental Data'}",EUR,1,TOPCS1600,MATRIX,1.0,0.5,0,0,1.1,[],fundamental6,Company Fundamental Data for Equity,fundamental,Fundamental,fundamental-fundamental-data,Fundamental Data
fnd6_ewq_nopioq,Other Non-Operating Inc/Expense,"{'id': 'fundamental6', 'name': 'Company Fundamental Data for Equity'}","{'id': 'fundamental', 'name': 'Fundamental'}","{'id': 'fundamental-fundamental-data', 'name': 'Fundamental Data'}",EUR,1,TOPCS1600,MATRIX,1.0,0.5,0,0,1.1,[],fundamental6,Company Fundamental Data for Equity,fundamental,Fundamental,fundamental-fundamental-data,Fundamental Data
fnd6_ewq_oproq,Operating Revenues - Other,"{'id': 'fundamental6', 'name': 'Company Fundamental Data for Equity'}","{'id': 'fundamental', 'name': 'Fundamental'}","{'id': 'fundamental-fundamental-data', 'name': 'Fundamental Data'}",EUR,1,TOPCS1600,MATRIX,1.0,0.5,0,0,1.1,[],fundamental6,Company Fundamental Data for Equity,fundamental,Fundamental,fundamental-fundamental-data,Fundamental Data
fnd6_ewq_rectoq,Receivables - Current Other incl. Tax Refunds,"{'id': 'fundamental6', 'name': 'Company Fundamental Data for Equity'}","{'id': 'fundamental', 'name': 'Fundamental'}","{'id': 'fundamental-fundamental-data', 'name': 'Fundamental Data'}",EUR,1,TOPCS1600,MATRIX,1.0,0.5,0,0,1.1,[],fundamental6,Company Fundamental Data for Equity,fundamental,Fundamental,fundamental-fundamental-data,Fundamental Data
fnd6_ewq_teqq,Stockholders' Equity - Total - Quarterly,"{'id': 'fundamental6', 'name': 'Company Fundamental Data for Equity'}","{'id': 'fundamental', 'name': 'Fundamental'}","{'id': 'fundamental-fundamental-data', 'name': 'Fundamental Data'}",EUR,1,TOPCS1600,MATRIX,1.0,0.5,2,2,1.1,[],fundamental6,Company Fundamental Data for Equity,fundamental,Fundamental,fundamental-fundamental-data,Fundamental Data
fnd6_ewq_txdbq,Deferred Taxes - Balance Sheet,"{'id': 'fundamental6', 'name': 'Company Fundamental Data for Equity'}","{'id': 'fundamental', 'name': 'Fundamental'}","{'id': 'fundamental-fundamental-data', 'name': 'Fundamental Data'}",EUR,1,TOPCS1600,MATRIX,1.0,0.5,0,0,1.1,[],fundamental6,Company Fundamental Data for Equity,fundamental,Fundamental,fundamental-fundamental-data,Fundamental Data
fnd6_ewq_xoproq,Operating Expense - Other,"{'id': 'fundamental6', 'name': 'Company Fundamental Data for Equity'}","{'id': 'fundamental', 'name': 'Fundamental'}","{'id': 'fundamental-fundamental-data', 'name': 'Fundamental Data'}",EUR,1,TOPCS1600,MATRIX,1.0,0.5,0,0,1.1,[],fundamental6,Company Fundamental Data for Equity,fundamental,Fundamental,fundamental-fundamental-data,Fundamental Data
fnd6_ewq_xppq,Prepaid Expenses & Accrued Income,"{'id': 'fundamental6', 'name': 'Company Fundamental Data for Equity'}","{'id': 'fundamental', 'name': 'Fundamental'}","{'id': 'fundamental-fundamental-data', 'name': 'Fundamental Data'}",EUR,1,TOPCS1600,MATRIX,1.0,0.5,0,0,1.1,[],fundamental6,Company Fundamental Data for Equity,fundamental,Fundamental,fundamental-fundamental-data,Fundamental Data
fnd6_ewq_xstq,Staff Expense - Wages/Salaries,"{'id': 'fundamental6', 'name': 'Company Fundamental Data for Equity'}","{'id': 'fundamental', 'name': 'Fundamental'}","{'id': 'fundamental-fundamental-data', 'name': 'Fundamental Data'}",EUR,1,TOPCS1600,MATRIX,1.0,0.5,0,0,1.1,[],fundamental6,Company Fundamental Data for Equity,fundamental,Fundamental,fundamental-fundamental-data,Fundamental Data
fnd6_exre,Exchange Rate Effect,"{'id': 'fundamental6', 'name': 'Company Fundamental Data for Equity'}","{'id': 'fundamental', 'name': 'Fundamental'}","{'id': 'fundamental-fundamental-data', 'name': 'Fundamental Data'}",EUR,1,TOPCS1600,MATRIX,1.0,0.5,0,0,1.1,[],fundamental6,Company Fundamental Data for Equity,fundamental,Fundamental,fundamental-fundamental-data,Fundamental Data
fnd6_exrey,Exchange Rate Effect,"{'id': 'fundamental6', 'name': 'Company Fundamental Data for Equity'}","{'id': 'fundamental', 'name': 'Fundamental'}","{'id': 'fundamental-fundamental-data', 'name': 'Fundamental Data'}",EUR,1,TOPCS1600,MATRIX,1.0,0.5,0,0,1.1,[],fundamental6,Company Fundamental Data for Equity,fundamental,Fundamental,fundamental-fundamental-data,Fundamental Data
fnd6_fiao,Financing Activities - Other,"{'id': 'fundamental6', 'name': 'Company Fundamental Data for Equity'}","{'id': 'fundamental', 'name': 'Fundamental'}","{'id': 'fundamental-fundamental-data', 'name': 'Fundamental Data'}",EUR,1,TOPCS1600,MATRIX,1.0,0.5,0,0,1.1,[],fundamental6,Company Fundamental Data for Equity,fundamental,Fundamental,fundamental-fundamental-data,Fundamental Data
fnd6_fiaoy,Financing Activities - Other,"{'id': 'fundamental6', 'name': 'Company Fundamental Data for Equity'}","{'id': 'fundamental', 'name': 'Fundamental'}","{'id': 'fundamental-fundamental-data', 'name': 'Fundamental Data'}",EUR,1,TOPCS1600,MATRIX,1.0,0.5,0,0,1.1,[],fundamental6,Company Fundamental Data for Equity,fundamental,Fundamental,fundamental-fundamental-data,Fundamental Data
fnd6_fincfy,Financing Activities - Net Cash Flow,"{'id': 'fundamental6', 'name': 'Company Fundamental Data for Equity'}","{'id': 'fundamental', 'name': 'Fundamental'}","{'id': 'fundamental-fundamental-data', 'name': 'Fundamental Data'}",EUR,1,TOPCS1600,MATRIX,1.0,0.5,9,12,1.1,[],fundamental6,Company Fundamental Data for Equity,fundamental,Fundamental,fundamental-fundamental-data,Fundamental Data
fnd6_fopo,Funds from Operations - Other,"{'id': 'fundamental6', 'name': 'Company Fundamental Data for Equity'}","{'id': 'fundamental', 'name': 'Fundamental'}","{'id': 'fundamental-fundamental-data', 'name': 'Fundamental Data'}",EUR,1,TOPCS1600,MATRIX,1.0,0.5,0,0,1.1,[],fundamental6,Company Fundamental Data for Equity,fundamental,Fundamental,fundamental-fundamental-data,Fundamental Data
fnd6_fopoy,Funds from Operations - Other,"{'id': 'fundamental6', 'name': 'Company Fundamental Data for Equity'}","{'id': 'fundamental', 'name': 'Fundamental'}","{'id': 'fundamental-fundamental-data', 'name': 'Fundamental Data'}",EUR,1,TOPCS1600,MATRIX,1.0,0.5,1,2,1.1,[],fundamental6,Company Fundamental Data for Equity,fundamental,Fundamental,fundamental-fundamental-data,Fundamental Data
fnd6_gpsa,Gross Profit (Loss),"{'id': 'fundamental6', 'name': 'Company Fundamental Data for Equity'}","{'id': 'fundamental', 'name': 'Fundamental'}","{'id': 'fundamental-fundamental-data', 'name': 'Fundamental Data'}",EUR,1,TOPCS1600,MATRIX,1.0,0.5,3,3,1.1,[],fundamental6,Company Fundamental Data for Equity,fundamental,Fundamental,fundamental-fundamental-data,Fundamental Data
fnd6_gpy,Gross Profit (Loss),"{'id': 'fundamental6', 'name': 'Company Fundamental Data for Equity'}","{'id': 'fundamental', 'name': 'Fundamental'}","{'id': 'fundamental-fundamental-data', 'name': 'Fundamental Data'}",EUR,1,TOPCS1600,MATRIX,1.0,0.5,1,1,1.1,[],fundamental6,Company Fundamental Data for Equity,fundamental,Fundamental,fundamental-fundamental-data,Fundamental Data
fnd6_ibcy,Income Before Extraordinary Items - Statement of Cash Flows,"{'id': 'fundamental6', 'name': 'Company Fundamental Data for Equity'}","{'id': 'fundamental', 'name': 'Fundamental'}","{'id': 'fundamental-fundamental-data', 'name': 'Fundamental Data'}",EUR,1,TOPCS1600,MATRIX,1.0,0.5,1,1,1.1,[],fundamental6,Company Fundamental Data for Equity,fundamental,Fundamental,fundamental-fundamental-data,Fundamental Data
fnd6_ibmiisa,Income before Extraordinary Items and Noncontrolling Interests,"{'id': 'fundamental6', 'name': 'Company Fundamental Data for Equity'}","{'id': 'fundamental', 'name': 'Fundamental'}","{'id': 'fundamental-fundamental-data', 'name': 'Fundamental Data'}",EUR,1,TOPCS1600,MATRIX,1.0,0.5,1,1,1.1,[],fundamental6,Company Fundamental Data for Equity,fundamental,Fundamental,fundamental-fundamental-data,Fundamental Data
fnd6_ibmiiy,Income before Extraordinary Items and Noncontrolling Interests,"{'id': 'fundamental6', 'name': 'Company Fundamental Data for Equity'}","{'id': 'fundamental', 'name': 'Fundamental'}","{'id': 'fundamental-fundamental-data', 'name': 'Fundamental Data'}",EUR,1,TOPCS1600,MATRIX,1.0,0.5,1,1,1.1,[],fundamental6,Company Fundamental Data for Equity,fundamental,Fundamental,fundamental-fundamental-data,Fundamental Data
fnd6_ibsa,Income Before Extraordinary Items,"{'id': 'fundamental6', 'name': 'Company Fundamental Data for Equity'}","{'id': 'fundamental', 'name': 'Fundamental'}","{'id': 'fundamental-fundamental-data', 'name': 'Fundamental Data'}",EUR,1,TOPCS1600,MATRIX,1.0,0.5,8,8,1.1,[],fundamental6,Company Fundamental Data for Equity,fundamental,Fundamental,fundamental-fundamental-data,Fundamental Data
fnd6_iby,Income Before Extraordinary Items,"{'id': 'fundamental6', 'name': 'Company Fundamental Data for Equity'}","{'id': 'fundamental', 'name': 'Fundamental'}","{'id': 'fundamental-fundamental-data', 'name': 'Fundamental Data'}",EUR,1,TOPCS1600,MATRIX,1.0,0.5,1,1,1.1,[],fundamental6,Company Fundamental Data for Equity,fundamental,Fundamental,fundamental-fundamental-data,Fundamental Data
fnd6_idesindq_curcd,ISO Currency Code - Company Annual Market,"{'id': 'fundamental6', 'name': 'Company Fundamental Data for Equity'}","{'id': 'fundamental', 'name': 'Fundamental'}","{'id': 'fundamental-fundamental-data', 'name': 'Fundamental Data'}",EUR,1,TOPCS1600,MATRIX,1.0,0.5,0,0,1.1,[],fundamental6,Company Fundamental Data for Equity,fundamental,Fundamental,fundamental-fundamental-data,Fundamental Data
fnd6_idit,Interest and Related Income - Total,"{'id': 'fundamental6', 'name': 'Company Fundamental Data for Equity'}","{'id': 'fundamental', 'name': 'Fundamental'}","{'id': 'fundamental-fundamental-data', 'name': 'Fundamental Data'}",EUR,1,TOPCS1600,MATRIX,1.0,0.5,0,0,1.1,[],fundamental6,Company Fundamental Data for Equity,fundamental,Fundamental,fundamental-fundamental-data,Fundamental Data
fnd6_iditsa,Interest Income - Total,"{'id': 'fundamental6', 'name': 'Company Fundamental Data for Equity'}","{'id': 'fundamental', 'name': 'Fundamental'}","{'id': 'fundamental-fundamental-data', 'name': 'Fundamental Data'}",EUR,1,TOPCS1600,MATRIX,1.0,0.5,0,0,1.1,[],fundamental6,Company Fundamental Data for Equity,fundamental,Fundamental,fundamental-fundamental-data,Fundamental Data
fnd6_idity,Interest Income - Total,"{'id': 'fundamental6', 'name': 'Company Fundamental Data for Equity'}","{'id': 'fundamental', 'name': 'Fundamental'}","{'id': 'fundamental-fundamental-data', 'name': 'Fundamental Data'}",EUR,1,TOPCS1600,MATRIX,1.0,0.5,0,0,1.1,[],fundamental6,Company Fundamental Data for Equity,fundamental,Fundamental,fundamental-fundamental-data,Fundamental Data
fnd6_intan,Intangible Assets - Total,"{'id': 'fundamental6', 'name': 'Company Fundamental Data for Equity'}","{'id': 'fundamental', 'name': 'Fundamental'}","{'id': 'fundamental-fundamental-data', 'name': 'Fundamental Data'}",EUR,1,TOPCS1600,MATRIX,1.0,0.5,0,0,1.1,[],fundamental6,Company Fundamental Data for Equity,fundamental,Fundamental,fundamental-fundamental-data,Fundamental Data
fnd6_intanp,Intangible Assets - Purchase,"{'id': 'fundamental6', 'name': 'Company Fundamental Data for Equity'}","{'id': 'fundamental', 'name': 'Fundamental'}","{'id': 'fundamental-fundamental-data', 'name': 'Fundamental Data'}",EUR,1,TOPCS1600,MATRIX,1.0,0.5,0,0,1.1,[],fundamental6,Company Fundamental Data for Equity,fundamental,Fundamental,fundamental-fundamental-data,Fundamental Data
fnd6_intanpy,Intangible Assets - Purchase,"{'id': 'fundamental6', 'name': 'Company Fundamental Data for Equity'}","{'id': 'fundamental', 'name': 'Fundamental'}","{'id': 'fundamental-fundamental-data', 'name': 'Fundamental Data'}",EUR,1,TOPCS1600,MATRIX,1.0,0.5,0,0,1.1,[],fundamental6,Company Fundamental Data for Equity,fundamental,Fundamental,fundamental-fundamental-data,Fundamental Data
fnd6_intfact,Interest and Dividend Adjustments - Financing Activities,"{'id': 'fundamental6', 'name': 'Company Fundamental Data for Equity'}","{'id': 'fundamental', 'name': 'Fundamental'}","{'id': 'fundamental-fundamental-data', 'name': 'Fundamental Data'}",EUR,1,TOPCS1600,MATRIX,1.0,0.5,0,0,1.1,[],fundamental6,Company Fundamental Data for Equity,fundamental,Fundamental,fundamental-fundamental-data,Fundamental Data
fnd6_intiact,Interest and Dividend Adjustments - Investing Activities,"{'id': 'fundamental6', 'name': 'Company Fundamental Data for Equity'}","{'id': 'fundamental', 'name': 'Fundamental'}","{'id': 'fundamental-fundamental-data', 'name': 'Fundamental Data'}",EUR,1,TOPCS1600,MATRIX,1.0,0.5,0,0,1.1,[],fundamental6,Company Fundamental Data for Equity,fundamental,Fundamental,fundamental-fundamental-data,Fundamental Data
fnd6_intiacty,Interest and Dividend Adjustments - Investing Activities,"{'id': 'fundamental6', 'name': 'Company Fundamental Data for Equity'}","{'id': 'fundamental', 'name': 'Fundamental'}","{'id': 'fundamental-fundamental-data', 'name': 'Fundamental Data'}",EUR,1,TOPCS1600,MATRIX,1.0,0.5,0,0,1.1,[],fundamental6,Company Fundamental Data for Equity,fundamental,Fundamental,fundamental-fundamental-data,Fundamental Data
fnd6_intoact,Interest and Dividend Adjustments - Operating Activities,"{'id': 'fundamental6', 'name': 'Company Fundamental Data for Equity'}","{'id': 'fundamental', 'name': 'Fundamental'}","{'id': 'fundamental-fundamental-data', 'name': 'Fundamental Data'}",EUR,1,TOPCS1600,MATRIX,1.0,0.5,1,1,1.1,[],fundamental6,Company Fundamental Data for Equity,fundamental,Fundamental,fundamental-fundamental-data,Fundamental Data
fnd6_intoacty,Interest and Dividend Adjustments - Operating Activities,"{'id': 'fundamental6', 'name': 'Company Fundamental Data for Equity'}","{'id': 'fundamental', 'name': 'Fundamental'}","{'id': 'fundamental-fundamental-data', 'name': 'Fundamental Data'}",EUR,1,TOPCS1600,MATRIX,1.0,0.5,0,0,1.1,[],fundamental6,Company Fundamental Data for Equity,fundamental,Fundamental,fundamental-fundamental-data,Fundamental Data
fnd6_intpn,Interest Paid - Net,"{'id': 'fundamental6', 'name': 'Company Fundamental Data for Equity'}","{'id': 'fundamental', 'name': 'Fundamental'}","{'id': 'fundamental-fundamental-data', 'name': 'Fundamental Data'}",EUR,1,TOPCS1600,MATRIX,1.0,0.5,1,1,1.1,[],fundamental6,Company Fundamental Data for Equity,fundamental,Fundamental,fundamental-fundamental-data,Fundamental Data
fnd6_invch,Mortgages - Decrease (Increase),"{'id': 'fundamental6', 'name': 'Company Fundamental Data for Equity'}","{'id': 'fundamental', 'name': 'Fundamental'}","{'id': 'fundamental-fundamental-data', 'name': 'Fundamental Data'}",EUR,1,TOPCS1600,MATRIX,1.0,0.5,0,0,1.1,[],fundamental6,Company Fundamental Data for Equity,fundamental,Fundamental,fundamental-fundamental-data,Fundamental Data
fnd6_invchy,Inventory - Decrease (Increase),"{'id': 'fundamental6', 'name': 'Company Fundamental Data for Equity'}","{'id': 'fundamental', 'name': 'Fundamental'}","{'id': 'fundamental-fundamental-data', 'name': 'Fundamental Data'}",EUR,1,TOPCS1600,MATRIX,1.0,0.5,0,0,1.1,[],fundamental6,Company Fundamental Data for Equity,fundamental,Fundamental,fundamental-fundamental-data,Fundamental Data
fnd6_invfg,Inventories - Finished Goods,"{'id': 'fundamental6', 'name': 'Company Fundamental Data for Equity'}","{'id': 'fundamental', 'name': 'Fundamental'}","{'id': 'fundamental-fundamental-data', 'name': 'Fundamental Data'}",EUR,1,TOPCS1600,MATRIX,1.0,0.5,0,0,1.1,[],fundamental6,Company Fundamental Data for Equity,fundamental,Fundamental,fundamental-fundamental-data,Fundamental Data
fnd6_invo,Inventories - Other,"{'id': 'fundamental6', 'name': 'Company Fundamental Data for Equity'}","{'id': 'fundamental', 'name': 'Fundamental'}","{'id': 'fundamental-fundamental-data', 'name': 'Fundamental Data'}",EUR,1,TOPCS1600,MATRIX,1.0,0.5,0,0,1.1,[],fundamental6,Company Fundamental Data for Equity,fundamental,Fundamental,fundamental-fundamental-data,Fundamental Data
fnd6_invrm,Inventories - Raw Materials,"{'id': 'fundamental6', 'name': 'Company Fundamental Data for Equity'}","{'id': 'fundamental', 'name': 'Fundamental'}","{'id': 'fundamental-fundamental-data', 'name': 'Fundamental Data'}",EUR,1,TOPCS1600,MATRIX,1.0,0.5,1,1,1.1,[],fundamental6,Company Fundamental Data for Equity,fundamental,Fundamental,fundamental-fundamental-data,Fundamental Data
fnd6_invwip,Inventories - Work In Process,"{'id': 'fundamental6', 'name': 'Company Fundamental Data for Equity'}","{'id': 'fundamental', 'name': 'Fundamental'}","{'id': 'fundamental-fundamental-data', 'name': 'Fundamental Data'}",EUR,1,TOPCS1600,MATRIX,1.0,0.5,0,0,1.1,[],fundamental6,Company Fundamental Data for Equity,fundamental,Fundamental,fundamental-fundamental-data,Fundamental Data
fnd6_ivaco,Investing Activities - Other,"{'id': 'fundamental6', 'name': 'Company Fundamental Data for Equity'}","{'id': 'fundamental', 'name': 'Fundamental'}","{'id': 'fundamental-fundamental-data', 'name': 'Fundamental Data'}",EUR,1,TOPCS1600,MATRIX,1.0,0.5,0,0,1.1,[],fundamental6,Company Fundamental Data for Equity,fundamental,Fundamental,fundamental-fundamental-data,Fundamental Data
fnd6_ivacoy,Investing Activities - Other,"{'id': 'fundamental6', 'name': 'Company Fundamental Data for Equity'}","{'id': 'fundamental', 'name': 'Fundamental'}","{'id': 'fundamental-fundamental-data', 'name': 'Fundamental Data'}",EUR,1,TOPCS1600,MATRIX,1.0,0.5,0,0,1.1,[],fundamental6,Company Fundamental Data for Equity,fundamental,Fundamental,fundamental-fundamental-data,Fundamental Data
fnd6_ivaeq,Investment and Advances - Equity,"{'id': 'fundamental6', 'name': 'Company Fundamental Data for Equity'}","{'id': 'fundamental', 'name': 'Fundamental'}","{'id': 'fundamental-fundamental-data', 'name': 'Fundamental Data'}",EUR,1,TOPCS1600,MATRIX,1.0,0.5,0,0,1.1,[],fundamental6,Company Fundamental Data for Equity,fundamental,Fundamental,fundamental-fundamental-data,Fundamental Data
fnd6_ivao,Investment and Advances - Other,"{'id': 'fundamental6', 'name': 'Company Fundamental Data for Equity'}","{'id': 'fundamental', 'name': 'Fundamental'}","{'id': 'fundamental-fundamental-data', 'name': 'Fundamental Data'}",EUR,1,TOPCS1600,MATRIX,1.0,0.5,1,1,1.1,[],fundamental6,Company Fundamental Data for Equity,fundamental,Fundamental,fundamental-fundamental-data,Fundamental Data
fnd6_ivch,Increase in Investments,"{'id': 'fundamental6', 'name': 'Company Fundamental Data for Equity'}","{'id': 'fundamental', 'name': 'Fundamental'}","{'id': 'fundamental-fundamental-data', 'name': 'Fundamental Data'}",EUR,1,TOPCS1600,MATRIX,1.0,0.5,0,0,1.1,[],fundamental6,Company Fundamental Data for Equity,fundamental,Fundamental,fundamental-fundamental-data,Fundamental Data
fnd6_ivchy,Increase in Investments,"{'id': 'fundamental6', 'name': 'Company Fundamental Data for Equity'}","{'id': 'fundamental', 'name': 'Fundamental'}","{'id': 'fundamental-fundamental-data', 'name': 'Fundamental Data'}",EUR,1,TOPCS1600,MATRIX,1.0,0.5,0,0,1.1,[],fundamental6,Company Fundamental Data for Equity,fundamental,Fundamental,fundamental-fundamental-data,Fundamental Data
fnd6_ivncfy,Investing Activities - Net Cash Flow,"{'id': 'fundamental6', 'name': 'Company Fundamental Data for Equity'}","{'id': 'fundamental', 'name': 'Fundamental'}","{'id': 'fundamental-fundamental-data', 'name': 'Fundamental Data'}",EUR,1,TOPCS1600,MATRIX,1.0,0.5,0,0,1.1,[],fundamental6,Company Fundamental Data for Equity,fundamental,Fundamental,fundamental-fundamental-data,Fundamental Data
fnd6_ivst,Short-Term Investments - Total,"{'id': 'fundamental6', 'name': 'Company Fundamental Data for Equity'}","{'id': 'fundamental', 'name': 'Fundamental'}","{'id': 'fundamental-fundamental-data', 'name': 'Fundamental Data'}",EUR,1,TOPCS1600,MATRIX,1.0,0.5,1,1,1.1,[],fundamental6,Company Fundamental Data for Equity,fundamental,Fundamental,fundamental-fundamental-data,Fundamental Data
fnd6_lcox,Current Liabilities - Other - Sundry,"{'id': 'fundamental6', 'name': 'Company Fundamental Data for Equity'}","{'id': 'fundamental', 'name': 'Fundamental'}","{'id': 'fundamental-fundamental-data', 'name': 'Fundamental Data'}",EUR,1,TOPCS1600,MATRIX,1.0,0.5,0,0,1.1,[],fundamental6,Company Fundamental Data for Equity,fundamental,Fundamental,fundamental-fundamental-data,Fundamental Data
fnd6_ltdch,Long-Term Debt - Change,"{'id': 'fundamental6', 'name': 'Company Fundamental Data for Equity'}","{'id': 'fundamental', 'name': 'Fundamental'}","{'id': 'fundamental-fundamental-data', 'name': 'Fundamental Data'}",EUR,1,TOPCS1600,MATRIX,1.0,0.5,0,0,1.1,[],fundamental6,Company Fundamental Data for Equity,fundamental,Fundamental,fundamental-fundamental-data,Fundamental Data
fnd6_ltdchy,Long-Term Debt - Change,"{'id': 'fundamental6', 'name': 'Company Fundamental Data for Equity'}","{'id': 'fundamental', 'name': 'Fundamental'}","{'id': 'fundamental-fundamental-data', 'name': 'Fundamental Data'}",EUR,1,TOPCS1600,MATRIX,1.0,0.5,0,0,1.1,[],fundamental6,Company Fundamental Data for Equity,fundamental,Fundamental,fundamental-fundamental-data,Fundamental Data
fnd6_mibn,Noncontrolling Interests - Nonredeemable - Balance Sheet,"{'id': 'fundamental6', 'name': 'Company Fundamental Data for Equity'}","{'id': 'fundamental', 'name': 'Fundamental'}","{'id': 'fundamental-fundamental-data', 'name': 'Fundamental Data'}",EUR,1,TOPCS1600,MATRIX,1.0,0.5,0,0,1.1,[],fundamental6,Company Fundamental Data for Equity,fundamental,Fundamental,fundamental-fundamental-data,Fundamental Data
fnd6_mibt,Noncontrolling Interests - Total - Balance Sheet,"{'id': 'fundamental6', 'name': 'Company Fundamental Data for Equity'}","{'id': 'fundamental', 'name': 'Fundamental'}","{'id': 'fundamental-fundamental-data', 'name': 'Fundamental Data'}",EUR,1,TOPCS1600,MATRIX,1.0,0.5,0,0,1.1,[],fundamental6,Company Fundamental Data for Equity,fundamental,Fundamental,fundamental-fundamental-data,Fundamental Data
fnd6_miisa,Noncontrolling Interest - Income Account,"{'id': 'fundamental6', 'name': 'Company Fundamental Data for Equity'}","{'id': 'fundamental', 'name': 'Fundamental'}","{'id': 'fundamental-fundamental-data', 'name': 'Fundamental Data'}",EUR,1,TOPCS1600,MATRIX,1.0,0.5,0,0,1.1,[],fundamental6,Company Fundamental Data for Equity,fundamental,Fundamental,fundamental-fundamental-data,Fundamental Data
fnd6_miiy,Noncontrolling Interest - Income Account,"{'id': 'fundamental6', 'name': 'Company Fundamental Data for Equity'}","{'id': 'fundamental', 'name': 'Fundamental'}","{'id': 'fundamental-fundamental-data', 'name': 'Fundamental Data'}",EUR,1,TOPCS1600,MATRIX,1.0,0.5,0,0,1.1,[],fundamental6,Company Fundamental Data for Equity,fundamental,Fundamental,fundamental-fundamental-data,Fundamental Data
fnd6_newa1_aco,Current Assets - Other - Total,"{'id': 'fundamental6', 'name': 'Company Fundamental Data for Equity'}","{'id': 'fundamental', 'name': 'Fundamental'}","{'id': 'fundamental-fundamental-data', 'name': 'Fundamental Data'}",EUR,1,TOPCS1600,MATRIX,1.0,0.5,0,0,1.1,[],fundamental6,Company Fundamental Data for Equity,fundamental,Fundamental,fundamental-fundamental-data,Fundamental Data
fnd6_newa1_act,Current Assets - Total,"{'id': 'fundamental6', 'name': 'Company Fundamental Data for Equity'}","{'id': 'fundamental', 'name': 'Fundamental'}","{'id': 'fundamental-fundamental-data', 'name': 'Fundamental Data'}",EUR,1,TOPCS1600,MATRIX,1.0,0.5,0,0,1.1,[],fundamental6,Company Fundamental Data for Equity,fundamental,Fundamental,fundamental-fundamental-data,Fundamental Data
fnd6_newa1_ao,Assets - Other,"{'id': 'fundamental6', 'name': 'Company Fundamental Data for Equity'}","{'id': 'fundamental', 'name': 'Fundamental'}","{'id': 'fundamental-fundamental-data', 'name': 'Fundamental Data'}",EUR,1,TOPCS1600,MATRIX,1.0,0.5,0,0,1.1,[],fundamental6,Company Fundamental Data for Equity,fundamental,Fundamental,fundamental-fundamental-data,Fundamental Data
fnd6_newa1_ap,Accounts Payable - Trade,"{'id': 'fundamental6', 'name': 'Company Fundamental Data for Equity'}","{'id': 'fundamental', 'name': 'Fundamental'}","{'id': 'fundamental-fundamental-data', 'name': 'Fundamental Data'}",EUR,1,TOPCS1600,MATRIX,1.0,0.5,0,0,1.1,[],fundamental6,Company Fundamental Data for Equity,fundamental,Fundamental,fundamental-fundamental-data,Fundamental Data
fnd6_newa1_at,Assets - Total,"{'id': 'fundamental6', 'name': 'Company Fundamental Data for Equity'}","{'id': 'fundamental', 'name': 'Fundamental'}","{'id': 'fundamental-fundamental-data', 'name': 'Fundamental Data'}",EUR,1,TOPCS1600,MATRIX,1.0,0.5,7,12,1.1,[],fundamental6,Company Fundamental Data for Equity,fundamental,Fundamental,fundamental-fundamental-data,Fundamental Data
fnd6_newa1_caps,Capital Surplus/Share Premium Reserve,"{'id': 'fundamental6', 'name': 'Company Fundamental Data for Equity'}","{'id': 'fundamental', 'name': 'Fundamental'}","{'id': 'fundamental-fundamental-data', 'name': 'Fundamental Data'}",EUR,1,TOPCS1600,MATRIX,1.0,0.5,0,0,1.1,[],fundamental6,Company Fundamental Data for Equity,fundamental,Fundamental,fundamental-fundamental-data,Fundamental Data
fnd6_newa1_capx,Capital Expenditures,"{'id': 'fundamental6', 'name': 'Company Fundamental Data for Equity'}","{'id': 'fundamental', 'name': 'Fundamental'}","{'id': 'fundamental-fundamental-data', 'name': 'Fundamental Data'}",EUR,1,TOPCS1600,MATRIX,1.0,0.5,0,0,1.1,[],fundamental6,Company Fundamental Data for Equity,fundamental,Fundamental,fundamental-fundamental-data,Fundamental Data
fnd6_newa1_ceq,Common/Ordinary Equity - Total,"{'id': 'fundamental6', 'name': 'Company Fundamental Data for Equity'}","{'id': 'fundamental', 'name': 'Fundamental'}","{'id': 'fundamental-fundamental-data', 'name': 'Fundamental Data'}",EUR,1,TOPCS1600,MATRIX,1.0,0.5,0,0,1.1,[],fundamental6,Company Fundamental Data for Equity,fundamental,Fundamental,fundamental-fundamental-data,Fundamental Data
fnd6_newa1_che,Cash and Short-Term Investments,"{'id': 'fundamental6', 'name': 'Company Fundamental Data for Equity'}","{'id': 'fundamental', 'name': 'Fundamental'}","{'id': 'fundamental-fundamental-data', 'name': 'Fundamental Data'}",EUR,1,TOPCS1600,MATRIX,1.0,0.5,0,0,1.1,[],fundamental6,Company Fundamental Data for Equity,fundamental,Fundamental,fundamental-fundamental-data,Fundamental Data
fnd6_newa1_cogs,Cost of Goods Sold,"{'id': 'fundamental6', 'name': 'Company Fundamental Data for Equity'}","{'id': 'fundamental', 'name': 'Fundamental'}","{'id': 'fundamental-fundamental-data', 'name': 'Fundamental Data'}",EUR,1,TOPCS1600,MATRIX,1.0,0.5,0,0,1.1,[],fundamental6,Company Fundamental Data for Equity,fundamental,Fundamental,fundamental-fundamental-data,Fundamental Data
fnd6_newa1_cstk,Common/Ordinary Stock (Capital),"{'id': 'fundamental6', 'name': 'Company Fundamental Data for Equity'}","{'id': 'fundamental', 'name': 'Fundamental'}","{'id': 'fundamental-fundamental-data', 'name': 'Fundamental Data'}",EUR,1,TOPCS1600,MATRIX,1.0,0.5,2,2,1.1,[],fundamental6,Company Fundamental Data for Equity,fundamental,Fundamental,fundamental-fundamental-data,Fundamental Data
fnd6_newa1_dlc,Debt in Current Liabilities - Total,"{'id': 'fundamental6', 'name': 'Company Fundamental Data for Equity'}","{'id': 'fundamental', 'name': 'Fundamental'}","{'id': 'fundamental-fundamental-data', 'name': 'Fundamental Data'}",EUR,1,TOPCS1600,MATRIX,1.0,0.5,0,0,1.1,[],fundamental6,Company Fundamental Data for Equity,fundamental,Fundamental,fundamental-fundamental-data,Fundamental Data
fnd6_newa1_dltt,Long-Term Debt - Total,"{'id': 'fundamental6', 'name': 'Company Fundamental Data for Equity'}","{'id': 'fundamental', 'name': 'Fundamental'}","{'id': 'fundamental-fundamental-data', 'name': 'Fundamental Data'}",EUR,1,TOPCS1600,MATRIX,1.0,0.5,0,0,1.1,[],fundamental6,Company Fundamental Data for Equity,fundamental,Fundamental,fundamental-fundamental-data,Fundamental Data
fnd6_newa1_do,Discontinued Operations,"{'id': 'fundamental6', 'name': 'Company Fundamental Data for Equity'}","{'id': 'fundamental', 'name': 'Fundamental'}","{'id': 'fundamental-fundamental-data', 'name': 'Fundamental Data'}",EUR,1,TOPCS1600,MATRIX,1.0,0.5,0,0,1.1,[],fundamental6,Company Fundamental Data for Equity,fundamental,Fundamental,fundamental-fundamental-data,Fundamental Data
fnd6_newa1_dp,Depreciation and Amortization,"{'id': 'fundamental6', 'name': 'Company Fundamental Data for Equity'}","{'id': 'fundamental', 'name': 'Fundamental'}","{'id': 'fundamental-fundamental-data', 'name': 'Fundamental Data'}",EUR,1,TOPCS1600,MATRIX,1.0,0.5,0,0,1.1,[],fundamental6,Company Fundamental Data for Equity,fundamental,Fundamental,fundamental-fundamental-data,Fundamental Data
fnd6_newa1_dpact,"Depreciation, Depletion and Amortization (Accumulated)","{'id': 'fundamental6', 'name': 'Company Fundamental Data for Equity'}","{'id': 'fundamental', 'name': 'Fundamental'}","{'id': 'fundamental-fundamental-data', 'name': 'Fundamental Data'}",EUR,1,TOPCS1600,MATRIX,1.0,0.5,1,1,1.1,[],fundamental6,Company Fundamental Data for Equity,fundamental,Fundamental,fundamental-fundamental-data,Fundamental Data
fnd6_newa1_dpc,Depreciation and Amortization (Cash Flow),"{'id': 'fundamental6', 'name': 'Company Fundamental Data for Equity'}","{'id': 'fundamental', 'name': 'Fundamental'}","{'id': 'fundamental-fundamental-data', 'name': 'Fundamental Data'}",EUR,1,TOPCS1600,MATRIX,1.0,0.5,0,0,1.1,[],fundamental6,Company Fundamental Data for Equity,fundamental,Fundamental,fundamental-fundamental-data,Fundamental Data
fnd6_newa1_dv,Cash Dividends (Cash Flow),"{'id': 'fundamental6', 'name': 'Company Fundamental Data for Equity'}","{'id': 'fundamental', 'name': 'Fundamental'}","{'id': 'fundamental-fundamental-data', 'name': 'Fundamental Data'}",EUR,1,TOPCS1600,MATRIX,1.0,0.5,0,0,1.1,[],fundamental6,Company Fundamental Data for Equity,fundamental,Fundamental,fundamental-fundamental-data,Fundamental Data
fnd6_newa1_ebit,Earnings Before Interest and Taxes,"{'id': 'fundamental6', 'name': 'Company Fundamental Data for Equity'}","{'id': 'fundamental', 'name': 'Fundamental'}","{'id': 'fundamental-fundamental-data', 'name': 'Fundamental Data'}",EUR,1,TOPCS1600,MATRIX,1.0,0.5,0,0,1.1,[],fundamental6,Company Fundamental Data for Equity,fundamental,Fundamental,fundamental-fundamental-data,Fundamental Data
fnd6_newa1_ebitda,Earnings Before Interest,"{'id': 'fundamental6', 'name': 'Company Fundamental Data for Equity'}","{'id': 'fundamental', 'name': 'Fundamental'}","{'id': 'fundamental-fundamental-data', 'name': 'Fundamental Data'}",EUR,1,TOPCS1600,MATRIX,1.0,0.5,0,0,1.1,[],fundamental6,Company Fundamental Data for Equity,fundamental,Fundamental,fundamental-fundamental-data,Fundamental Data
fnd6_newa1_emp,Employees,"{'id': 'fundamental6', 'name': 'Company Fundamental Data for Equity'}","{'id': 'fundamental', 'name': 'Fundamental'}","{'id': 'fundamental-fundamental-data', 'name': 'Fundamental Data'}",EUR,1,TOPCS1600,MATRIX,1.0,0.5,0,0,1.1,[],fundamental6,Company Fundamental Data for Equity,fundamental,Fundamental,fundamental-fundamental-data,Fundamental Data
fnd6_newa1_fca,Foreign Exchange Income (Loss),"{'id': 'fundamental6', 'name': 'Company Fundamental Data for Equity'}","{'id': 'fundamental', 'name': 'Fundamental'}","{'id': 'fundamental-fundamental-data', 'name': 'Fundamental Data'}",EUR,1,TOPCS1600,MATRIX,1.0,0.5,0,0,1.1,[],fundamental6,Company Fundamental Data for Equity,fundamental,Fundamental,fundamental-fundamental-data,Fundamental Data
fnd6_newa1_fincf,Financing Activities - Net Cash Flow,"{'id': 'fundamental6', 'name': 'Company Fundamental Data for Equity'}","{'id': 'fundamental', 'name': 'Fundamental'}","{'id': 'fundamental-fundamental-data', 'name': 'Fundamental Data'}",EUR,1,TOPCS1600,MATRIX,1.0,0.5,2,2,1.1,[],fundamental6,Company Fundamental Data for Equity,fundamental,Fundamental,fundamental-fundamental-data,Fundamental Data
fnd6_newa1_gdwl,Goodwill,"{'id': 'fundamental6', 'name': 'Company Fundamental Data for Equity'}","{'id': 'fundamental', 'name': 'Fundamental'}","{'id': 'fundamental-fundamental-data', 'name': 'Fundamental Data'}",EUR,1,TOPCS1600,MATRIX,1.0,0.5,0,0,1.1,[],fundamental6,Company Fundamental Data for Equity,fundamental,Fundamental,fundamental-fundamental-data,Fundamental Data
fnd6_newa1_ib,Income Before Extraordinary Items,"{'id': 'fundamental6', 'name': 'Company Fundamental Data for Equity'}","{'id': 'fundamental', 'name': 'Fundamental'}","{'id': 'fundamental-fundamental-data', 'name': 'Fundamental Data'}",EUR,1,TOPCS1600,MATRIX,1.0,0.5,0,0,1.1,[],fundamental6,Company Fundamental Data for Equity,fundamental,Fundamental,fundamental-fundamental-data,Fundamental Data
fnd6_newa1_ibc,Income Before Extraordinary Items (Cash Flow),"{'id': 'fundamental6', 'name': 'Company Fundamental Data for Equity'}","{'id': 'fundamental', 'name': 'Fundamental'}","{'id': 'fundamental-fundamental-data', 'name': 'Fundamental Data'}",EUR,1,TOPCS1600,MATRIX,1.0,0.5,0,0,1.1,[],fundamental6,Company Fundamental Data for Equity,fundamental,Fundamental,fundamental-fundamental-data,Fundamental Data
fnd6_newa1_icapt,Invested Capital - Total,"{'id': 'fundamental6', 'name': 'Company Fundamental Data for Equity'}","{'id': 'fundamental', 'name': 'Fundamental'}","{'id': 'fundamental-fundamental-data', 'name': 'Fundamental Data'}",EUR,1,TOPCS1600,MATRIX,1.0,0.5,1,1,1.1,[],fundamental6,Company Fundamental Data for Equity,fundamental,Fundamental,fundamental-fundamental-data,Fundamental Data
fnd6_newa1_invt,Inventories - Total,"{'id': 'fundamental6', 'name': 'Company Fundamental Data for Equity'}","{'id': 'fundamental', 'name': 'Fundamental'}","{'id': 'fundamental-fundamental-data', 'name': 'Fundamental Data'}",EUR,1,TOPCS1600,MATRIX,1.0,0.5,0,0,1.1,[],fundamental6,Company Fundamental Data for Equity,fundamental,Fundamental,fundamental-fundamental-data,Fundamental Data
fnd6_newa1_ivncf,Investing Activities - Net Cash Flow,"{'id': 'fundamental6', 'name': 'Company Fundamental Data for Equity'}","{'id': 'fundamental', 'name': 'Fundamental'}","{'id': 'fundamental-fundamental-data', 'name': 'Fundamental Data'}",EUR,1,TOPCS1600,MATRIX,1.0,0.5,0,0,1.1,[],fundamental6,Company Fundamental Data for Equity,fundamental,Fundamental,fundamental-fundamental-data,Fundamental Data
fnd6_newa1_lco,Current Liabilities - Other - Total,"{'id': 'fundamental6', 'name': 'Company Fundamental Data for Equity'}","{'id': 'fundamental', 'name': 'Fundamental'}","{'id': 'fundamental-fundamental-data', 'name': 'Fundamental Data'}",EUR,1,TOPCS1600,MATRIX,1.0,0.5,0,0,1.1,[],fundamental6,Company Fundamental Data for Equity,fundamental,Fundamental,fundamental-fundamental-data,Fundamental Data
fnd6_newa1_lct,Current Liabilities - Total,"{'id': 'fundamental6', 'name': 'Company Fundamental Data for Equity'}","{'id': 'fundamental', 'name': 'Fundamental'}","{'id': 'fundamental-fundamental-data', 'name': 'Fundamental Data'}",EUR,1,TOPCS1600,MATRIX,1.0,0.5,1,1,1.1,[],fundamental6,Company Fundamental Data for Equity,fundamental,Fundamental,fundamental-fundamental-data,Fundamental Data
fnd6_newa1_lo,Liabilities - Other - Total,"{'id': 'fundamental6', 'name': 'Company Fundamental Data for Equity'}","{'id': 'fundamental', 'name': 'Fundamental'}","{'id': 'fundamental-fundamental-data', 'name': 'Fundamental Data'}",EUR,1,TOPCS1600,MATRIX,1.0,0.5,0,0,1.1,[],fundamental6,Company Fundamental Data for Equity,fundamental,Fundamental,fundamental-fundamental-data,Fundamental Data
fnd6_newa1_lse,Liabilities and Stockholders Equity - Total,"{'id': 'fundamental6', 'name': 'Company Fundamental Data for Equity'}","{'id': 'fundamental', 'name': 'Fundamental'}","{'id': 'fundamental-fundamental-data', 'name': 'Fundamental Data'}",EUR,1,TOPCS1600,MATRIX,1.0,0.5,1,1,1.1,[],fundamental6,Company Fundamental Data for Equity,fundamental,Fundamental,fundamental-fundamental-data,Fundamental Data
fnd6_newa1_lt,Liabilities - Total,"{'id': 'fundamental6', 'name': 'Company Fundamental Data for Equity'}","{'id': 'fundamental', 'name': 'Fundamental'}","{'id': 'fundamental-fundamental-data', 'name': 'Fundamental Data'}",EUR,1,TOPCS1600,MATRIX,1.0,0.5,0,0,1.1,[],fundamental6,Company Fundamental Data for Equity,fundamental,Fundamental,fundamental-fundamental-data,Fundamental Data
fnd6_newa2_mii,Noncontrolling Interest (Income Account),"{'id': 'fundamental6', 'name': 'Company Fundamental Data for Equity'}","{'id': 'fundamental', 'name': 'Fundamental'}","{'id': 'fundamental-fundamental-data', 'name': 'Fundamental Data'}",EUR,1,TOPCS1600,MATRIX,1.0,0.5,1,1,1.1,[],fundamental6,Company Fundamental Data for Equity,fundamental,Fundamental,fundamental-fundamental-data,Fundamental Data
fnd6_newa2_oancf,Operating Activities - Net Cash Flow,"{'id': 'fundamental6', 'name': 'Company Fundamental Data for Equity'}","{'id': 'fundamental', 'name': 'Fundamental'}","{'id': 'fundamental-fundamental-data', 'name': 'Fundamental Data'}",EUR,1,TOPCS1600,MATRIX,1.0,0.5,6,6,1.1,[],fundamental6,Company Fundamental Data for Equity,fundamental,Fundamental,fundamental-fundamental-data,Fundamental Data
fnd6_newa2_oiadp,Operating Income After Depreciation,"{'id': 'fundamental6', 'name': 'Company Fundamental Data for Equity'}","{'id': 'fundamental', 'name': 'Fundamental'}","{'id': 'fundamental-fundamental-data', 'name': 'Fundamental Data'}",EUR,1,TOPCS1600,MATRIX,1.0,0.5,0,0,1.1,[],fundamental6,Company Fundamental Data for Equity,fundamental,Fundamental,fundamental-fundamental-data,Fundamental Data
fnd6_newa2_oibdp,Operating Income Before Depreciation,"{'id': 'fundamental6', 'name': 'Company Fundamental Data for Equity'}","{'id': 'fundamental', 'name': 'Fundamental'}","{'id': 'fundamental-fundamental-data', 'name': 'Fundamental Data'}",EUR,1,TOPCS1600,MATRIX,1.0,0.5,1,1,1.1,[],fundamental6,Company Fundamental Data for Equity,fundamental,Fundamental,fundamental-fundamental-data,Fundamental Data
fnd6_newa2_pi,Pretax Income,"{'id': 'fundamental6', 'name': 'Company Fundamental Data for Equity'}","{'id': 'fundamental', 'name': 'Fundamental'}","{'id': 'fundamental-fundamental-data', 'name': 'Fundamental Data'}",EUR,1,TOPCS1600,MATRIX,1.0,0.5,0,0,1.1,[],fundamental6,Company Fundamental Data for Equity,fundamental,Fundamental,fundamental-fundamental-data,Fundamental Data
fnd6_newa2_ppegt,"Property, Plant and Equipment - Total (Gross)","{'id': 'fundamental6', 'name': 'Company Fundamental Data for Equity'}","{'id': 'fundamental', 'name': 'Fundamental'}","{'id': 'fundamental-fundamental-data', 'name': 'Fundamental Data'}",EUR,1,TOPCS1600,MATRIX,1.0,0.5,0,0,1.1,[],fundamental6,Company Fundamental Data for Equity,fundamental,Fundamental,fundamental-fundamental-data,Fundamental Data
fnd6_newa2_ppent,"Property, Plant and Equipment - Total (Net)","{'id': 'fundamental6', 'name': 'Company Fundamental Data for Equity'}","{'id': 'fundamental', 'name': 'Fundamental'}","{'id': 'fundamental-fundamental-data', 'name': 'Fundamental Data'}",EUR,1,TOPCS1600,MATRIX,1.0,0.5,0,0,1.1,[],fundamental6,Company Fundamental Data for Equity,fundamental,Fundamental,fundamental-fundamental-data,Fundamental Data
fnd6_newa2_pstk,Preferred/Preference Stock (Capital) - Total,"{'id': 'fundamental6', 'name': 'Company Fundamental Data for Equity'}","{'id': 'fundamental', 'name': 'Fundamental'}","{'id': 'fundamental-fundamental-data', 'name': 'Fundamental Data'}",EUR,1,TOPCS1600,MATRIX,1.0,0.5,0,0,1.1,[],fundamental6,Company Fundamental Data for Equity,fundamental,Fundamental,fundamental-fundamental-data,Fundamental Data
fnd6_newa2_pstkn,Preferred/Preference Stock - Nonredeemable,"{'id': 'fundamental6', 'name': 'Company Fundamental Data for Equity'}","{'id': 'fundamental', 'name': 'Fundamental'}","{'id': 'fundamental-fundamental-data', 'name': 'Fundamental Data'}",EUR,1,TOPCS1600,MATRIX,1.0,0.5,0,0,1.1,[],fundamental6,Company Fundamental Data for Equity,fundamental,Fundamental,fundamental-fundamental-data,Fundamental Data
fnd6_newa2_pstkr,Preferred/Preference Stock - Redeemable,"{'id': 'fundamental6', 'name': 'Company Fundamental Data for Equity'}","{'id': 'fundamental', 'name': 'Fundamental'}","{'id': 'fundamental-fundamental-data', 'name': 'Fundamental Data'}",EUR,1,TOPCS1600,MATRIX,1.0,0.5,0,0,1.1,[],fundamental6,Company Fundamental Data for Equity,fundamental,Fundamental,fundamental-fundamental-data,Fundamental Data
fnd6_newa2_re,Retained Earnings,"{'id': 'fundamental6', 'name': 'Company Fundamental Data for Equity'}","{'id': 'fundamental', 'name': 'Fundamental'}","{'id': 'fundamental-fundamental-data', 'name': 'Fundamental Data'}",EUR,1,TOPCS1600,MATRIX,1.0,0.5,0,0,1.1,[],fundamental6,Company Fundamental Data for Equity,fundamental,Fundamental,fundamental-fundamental-data,Fundamental Data
fnd6_newa2_rect,Receivables - Total,"{'id': 'fundamental6', 'name': 'Company Fundamental Data for Equity'}","{'id': 'fundamental', 'name': 'Fundamental'}","{'id': 'fundamental-fundamental-data', 'name': 'Fundamental Data'}",EUR,1,TOPCS1600,MATRIX,1.0,0.5,1,1,1.1,[],fundamental6,Company Fundamental Data for Equity,fundamental,Fundamental,fundamental-fundamental-data,Fundamental Data
fnd6_newa2_revt,Revenue - Total,"{'id': 'fundamental6', 'name': 'Company Fundamental Data for Equity'}","{'id': 'fundamental', 'name': 'Fundamental'}","{'id': 'fundamental-fundamental-data', 'name': 'Fundamental Data'}",EUR,1,TOPCS1600,MATRIX,1.0,0.5,2,2,1.1,[],fundamental6,Company Fundamental Data for Equity,fundamental,Fundamental,fundamental-fundamental-data,Fundamental Data
fnd6_newa2_sale,Sales/Turnover (Net),"{'id': 'fundamental6', 'name': 'Company Fundamental Data for Equity'}","{'id': 'fundamental', 'name': 'Fundamental'}","{'id': 'fundamental-fundamental-data', 'name': 'Fundamental Data'}",EUR,1,TOPCS1600,MATRIX,1.0,0.5,1,1,1.1,[],fundamental6,Company Fundamental Data for Equity,fundamental,Fundamental,fundamental-fundamental-data,Fundamental Data
fnd6_newa2_seq,Stockholders' Equity - Parent,"{'id': 'fundamental6', 'name': 'Company Fundamental Data for Equity'}","{'id': 'fundamental', 'name': 'Fundamental'}","{'id': 'fundamental-fundamental-data', 'name': 'Fundamental Data'}",EUR,1,TOPCS1600,MATRIX,1.0,0.5,1,1,1.1,[],fundamental6,Company Fundamental Data for Equity,fundamental,Fundamental,fundamental-fundamental-data,Fundamental Data
fnd6_newa2_spi,Special Items,"{'id': 'fundamental6', 'name': 'Company Fundamental Data for Equity'}","{'id': 'fundamental', 'name': 'Fundamental'}","{'id': 'fundamental-fundamental-data', 'name': 'Fundamental Data'}",EUR,1,TOPCS1600,MATRIX,1.0,0.5,0,0,1.1,[],fundamental6,Company Fundamental Data for Equity,fundamental,Fundamental,fundamental-fundamental-data,Fundamental Data
fnd6_newa2_tstk,Treasury Stock - Total (All Capital),"{'id': 'fundamental6', 'name': 'Company Fundamental Data for Equity'}","{'id': 'fundamental', 'name': 'Fundamental'}","{'id': 'fundamental-fundamental-data', 'name': 'Fundamental Data'}",EUR,1,TOPCS1600,MATRIX,1.0,0.5,0,0,1.1,[],fundamental6,Company Fundamental Data for Equity,fundamental,Fundamental,fundamental-fundamental-data,Fundamental Data
fnd6_newa2_txditc,Deferred Taxes and Investment Tax Credit,"{'id': 'fundamental6', 'name': 'Company Fundamental Data for Equity'}","{'id': 'fundamental', 'name': 'Fundamental'}","{'id': 'fundamental-fundamental-data', 'name': 'Fundamental Data'}",EUR,1,TOPCS1600,MATRIX,1.0,0.5,1,1,1.1,[],fundamental6,Company Fundamental Data for Equity,fundamental,Fundamental,fundamental-fundamental-data,Fundamental Data
fnd6_newa2_txp,Income Taxes Payable,"{'id': 'fundamental6', 'name': 'Company Fundamental Data for Equity'}","{'id': 'fundamental', 'name': 'Fundamental'}","{'id': 'fundamental-fundamental-data', 'name': 'Fundamental Data'}",EUR,1,TOPCS1600,MATRIX,1.0,0.5,0,0,1.1,[],fundamental6,Company Fundamental Data for Equity,fundamental,Fundamental,fundamental-fundamental-data,Fundamental Data
fnd6_newa2_txt,Income Taxes - Total,"{'id': 'fundamental6', 'name': 'Company Fundamental Data for Equity'}","{'id': 'fundamental', 'name': 'Fundamental'}","{'id': 'fundamental-fundamental-data', 'name': 'Fundamental Data'}",EUR,1,TOPCS1600,MATRIX,1.0,0.5,0,0,1.1,[],fundamental6,Company Fundamental Data for Equity,fundamental,Fundamental,fundamental-fundamental-data,Fundamental Data
fnd6_newa2_wcap,Working Capital (Balance Sheet),"{'id': 'fundamental6', 'name': 'Company Fundamental Data for Equity'}","{'id': 'fundamental', 'name': 'Fundamental'}","{'id': 'fundamental-fundamental-data', 'name': 'Fundamental Data'}",EUR,1,TOPCS1600,MATRIX,1.0,0.5,0,0,1.1,[],fundamental6,Company Fundamental Data for Equity,fundamental,Fundamental,fundamental-fundamental-data,Fundamental Data
fnd6_newa2_xido,Extraordinary Items and Discontinued Operations,"{'id': 'fundamental6', 'name': 'Company Fundamental Data for Equity'}","{'id': 'fundamental', 'name': 'Fundamental'}","{'id': 'fundamental-fundamental-data', 'name': 'Fundamental Data'}",EUR,1,TOPCS1600,MATRIX,1.0,0.5,0,0,1.1,[],fundamental6,Company Fundamental Data for Equity,fundamental,Fundamental,fundamental-fundamental-data,Fundamental Data
fnd6_newa2_xint,Interest and Related Expense - Total,"{'id': 'fundamental6', 'name': 'Company Fundamental Data for Equity'}","{'id': 'fundamental', 'name': 'Fundamental'}","{'id': 'fundamental-fundamental-data', 'name': 'Fundamental Data'}",EUR,1,TOPCS1600,MATRIX,1.0,0.5,0,0,1.1,[],fundamental6,Company Fundamental Data for Equity,fundamental,Fundamental,fundamental-fundamental-data,Fundamental Data
fnd6_newa2_xrd,Research and Development Expense,"{'id': 'fundamental6', 'name': 'Company Fundamental Data for Equity'}","{'id': 'fundamental', 'name': 'Fundamental'}","{'id': 'fundamental-fundamental-data', 'name': 'Fundamental Data'}",EUR,1,TOPCS1600,MATRIX,1.0,0.5,0,0,1.1,[],fundamental6,Company Fundamental Data for Equity,fundamental,Fundamental,fundamental-fundamental-data,Fundamental Data
fnd6_newa2_xsga,"Selling, General and Administrative Expense","{'id': 'fundamental6', 'name': 'Company Fundamental Data for Equity'}","{'id': 'fundamental', 'name': 'Fundamental'}","{'id': 'fundamental-fundamental-data', 'name': 'Fundamental Data'}",EUR,1,TOPCS1600,MATRIX,1.0,0.5,0,0,1.1,[],fundamental6,Company Fundamental Data for Equity,fundamental,Fundamental,fundamental-fundamental-data,Fundamental Data
fnd6_newq_acoq,Current Assets - Other - Total,"{'id': 'fundamental6', 'name': 'Company Fundamental Data for Equity'}","{'id': 'fundamental', 'name': 'Fundamental'}","{'id': 'fundamental-fundamental-data', 'name': 'Fundamental Data'}",EUR,1,TOPCS1600,MATRIX,1.0,0.5,0,0,1.1,[],fundamental6,Company Fundamental Data for Equity,fundamental,Fundamental,fundamental-fundamental-data,Fundamental Data
fnd6_newq_acoxq,Other Current Assets - Sundry,"{'id': 'fundamental6', 'name': 'Company Fundamental Data for Equity'}","{'id': 'fundamental', 'name': 'Fundamental'}","{'id': 'fundamental-fundamental-data', 'name': 'Fundamental Data'}",EUR,1,TOPCS1600,MATRIX,1.0,0.5,0,0,1.1,[],fundamental6,Company Fundamental Data for Equity,fundamental,Fundamental,fundamental-fundamental-data,Fundamental Data
fnd6_newq_ancq,Non-Current Assets - Total,"{'id': 'fundamental6', 'name': 'Company Fundamental Data for Equity'}","{'id': 'fundamental', 'name': 'Fundamental'}","{'id': 'fundamental-fundamental-data', 'name': 'Fundamental Data'}",EUR,1,TOPCS1600,MATRIX,1.0,0.5,1,1,1.1,[],fundamental6,Company Fundamental Data for Equity,fundamental,Fundamental,fundamental-fundamental-data,Fundamental Data
fnd6_newq_aoq,Assets - Other - Total,"{'id': 'fundamental6', 'name': 'Company Fundamental Data for Equity'}","{'id': 'fundamental', 'name': 'Fundamental'}","{'id': 'fundamental-fundamental-data', 'name': 'Fundamental Data'}",EUR,1,TOPCS1600,MATRIX,1.0,0.5,0,0,1.1,[],fundamental6,Company Fundamental Data for Equity,fundamental,Fundamental,fundamental-fundamental-data,Fundamental Data
fnd6_newq_apq,Account Payable/Creditors - Trade,"{'id': 'fundamental6', 'name': 'Company Fundamental Data for Equity'}","{'id': 'fundamental', 'name': 'Fundamental'}","{'id': 'fundamental-fundamental-data', 'name': 'Fundamental Data'}",EUR,1,TOPCS1600,MATRIX,1.0,0.5,0,0,1.1,[],fundamental6,Company Fundamental Data for Equity,fundamental,Fundamental,fundamental-fundamental-data,Fundamental Data
fnd6_newq_capsq,Capital Surplus/Share Premium Reserve,"{'id': 'fundamental6', 'name': 'Company Fundamental Data for Equity'}","{'id': 'fundamental', 'name': 'Fundamental'}","{'id': 'fundamental-fundamental-data', 'name': 'Fundamental Data'}",EUR,1,TOPCS1600,MATRIX,1.0,0.5,1,1,1.1,[],fundamental6,Company Fundamental Data for Equity,fundamental,Fundamental,fundamental-fundamental-data,Fundamental Data
fnd6_newq_cheq,Cash and Short-Term Investments,"{'id': 'fundamental6', 'name': 'Company Fundamental Data for Equity'}","{'id': 'fundamental', 'name': 'Fundamental'}","{'id': 'fundamental-fundamental-data', 'name': 'Fundamental Data'}",EUR,1,TOPCS1600,MATRIX,1.0,0.5,3,3,1.1,[],fundamental6,Company Fundamental Data for Equity,fundamental,Fundamental,fundamental-fundamental-data,Fundamental Data
fnd6_newq_cogsq,Cost of Goods Sold,"{'id': 'fundamental6', 'name': 'Company Fundamental Data for Equity'}","{'id': 'fundamental', 'name': 'Fundamental'}","{'id': 'fundamental-fundamental-data', 'name': 'Fundamental Data'}",EUR,1,TOPCS1600,MATRIX,1.0,0.5,0,0,1.1,[],fundamental6,Company Fundamental Data for Equity,fundamental,Fundamental,fundamental-fundamental-data,Fundamental Data
fnd6_newq_cstkq,Common/Ordinary Stock (Capital),"{'id': 'fundamental6', 'name': 'Company Fundamental Data for Equity'}","{'id': 'fundamental', 'name': 'Fundamental'}","{'id': 'fundamental-fundamental-data', 'name': 'Fundamental Data'}",EUR,1,TOPCS1600,MATRIX,1.0,0.5,1,1,1.1,[],fundamental6,Company Fundamental Data for Equity,fundamental,Fundamental,fundamental-fundamental-data,Fundamental Data
fnd6_newq_dlcq,Debt in Current Liabilities,"{'id': 'fundamental6', 'name': 'Company Fundamental Data for Equity'}","{'id': 'fundamental', 'name': 'Fundamental'}","{'id': 'fundamental-fundamental-data', 'name': 'Fundamental Data'}",EUR,1,TOPCS1600,MATRIX,1.0,0.5,0,0,1.1,[],fundamental6,Company Fundamental Data for Equity,fundamental,Fundamental,fundamental-fundamental-data,Fundamental Data
fnd6_newq_dpactq,"Depreciation, Depletion and Amortization (Accumulated)","{'id': 'fundamental6', 'name': 'Company Fundamental Data for Equity'}","{'id': 'fundamental', 'name': 'Fundamental'}","{'id': 'fundamental-fundamental-data', 'name': 'Fundamental Data'}",EUR,1,TOPCS1600,MATRIX,1.0,0.5,0,0,1.1,[],fundamental6,Company Fundamental Data for Equity,fundamental,Fundamental,fundamental-fundamental-data,Fundamental Data
fnd6_newq_dpq,Depreciation and Amortization - Total,"{'id': 'fundamental6', 'name': 'Company Fundamental Data for Equity'}","{'id': 'fundamental', 'name': 'Fundamental'}","{'id': 'fundamental-fundamental-data', 'name': 'Fundamental Data'}",EUR,1,TOPCS1600,MATRIX,1.0,0.5,0,0,1.1,[],fundamental6,Company Fundamental Data for Equity,fundamental,Fundamental,fundamental-fundamental-data,Fundamental Data
fnd6_newq_gdwlq,Goodwill (net),"{'id': 'fundamental6', 'name': 'Company Fundamental Data for Equity'}","{'id': 'fundamental', 'name': 'Fundamental'}","{'id': 'fundamental-fundamental-data', 'name': 'Fundamental Data'}",EUR,1,TOPCS1600,MATRIX,1.0,0.5,0,0,1.1,[],fundamental6,Company Fundamental Data for Equity,fundamental,Fundamental,fundamental-fundamental-data,Fundamental Data
fnd6_newq_invtq,Inventories - Total,"{'id': 'fundamental6', 'name': 'Company Fundamental Data for Equity'}","{'id': 'fundamental', 'name': 'Fundamental'}","{'id': 'fundamental-fundamental-data', 'name': 'Fundamental Data'}",EUR,1,TOPCS1600,MATRIX,1.0,0.5,0,0,1.1,[],fundamental6,Company Fundamental Data for Equity,fundamental,Fundamental,fundamental-fundamental-data,Fundamental Data
fnd6_newq_lcoq,Current Liabilities - Other - Total,"{'id': 'fundamental6', 'name': 'Company Fundamental Data for Equity'}","{'id': 'fundamental', 'name': 'Fundamental'}","{'id': 'fundamental-fundamental-data', 'name': 'Fundamental Data'}",EUR,1,TOPCS1600,MATRIX,1.0,0.5,0,0,1.1,[],fundamental6,Company Fundamental Data for Equity,fundamental,Fundamental,fundamental-fundamental-data,Fundamental Data
fnd6_newq_lcoxq,Current Liabilities - Other (Sundry),"{'id': 'fundamental6', 'name': 'Company Fundamental Data for Equity'}","{'id': 'fundamental', 'name': 'Fundamental'}","{'id': 'fundamental-fundamental-data', 'name': 'Fundamental Data'}",EUR,1,TOPCS1600,MATRIX,1.0,0.5,0,0,1.1,[],fundamental6,Company Fundamental Data for Equity,fundamental,Fundamental,fundamental-fundamental-data,Fundamental Data
fnd6_newq_lctq,Current Liabilities - Total,"{'id': 'fundamental6', 'name': 'Company Fundamental Data for Equity'}","{'id': 'fundamental', 'name': 'Fundamental'}","{'id': 'fundamental-fundamental-data', 'name': 'Fundamental Data'}",EUR,1,TOPCS1600,MATRIX,1.0,0.5,0,0,1.1,[],fundamental6,Company Fundamental Data for Equity,fundamental,Fundamental,fundamental-fundamental-data,Fundamental Data
fnd6_newq_loq,Liabilities - Other,"{'id': 'fundamental6', 'name': 'Company Fundamental Data for Equity'}","{'id': 'fundamental', 'name': 'Fundamental'}","{'id': 'fundamental-fundamental-data', 'name': 'Fundamental Data'}",EUR,1,TOPCS1600,MATRIX,1.0,0.5,0,0,1.1,[],fundamental6,Company Fundamental Data for Equity,fundamental,Fundamental,fundamental-fundamental-data,Fundamental Data
fnd6_newq_lseq,Liabilities and Stockholders' Equity - Total,"{'id': 'fundamental6', 'name': 'Company Fundamental Data for Equity'}","{'id': 'fundamental', 'name': 'Fundamental'}","{'id': 'fundamental-fundamental-data', 'name': 'Fundamental Data'}",EUR,1,TOPCS1600,MATRIX,1.0,0.5,0,0,1.1,[],fundamental6,Company Fundamental Data for Equity,fundamental,Fundamental,fundamental-fundamental-data,Fundamental Data
fnd6_newq_ltmibq,Liabilities - Total and Non-controlling Interest,"{'id': 'fundamental6', 'name': 'Company Fundamental Data for Equity'}","{'id': 'fundamental', 'name': 'Fundamental'}","{'id': 'fundamental-fundamental-data', 'name': 'Fundamental Data'}",EUR,1,TOPCS1600,MATRIX,1.0,0.5,0,0,1.1,[],fundamental6,Company Fundamental Data for Equity,fundamental,Fundamental,fundamental-fundamental-data,Fundamental Data
fnd6_newq_miiq,Noncontrolling Interest - Income Account,"{'id': 'fundamental6', 'name': 'Company Fundamental Data for Equity'}","{'id': 'fundamental', 'name': 'Fundamental'}","{'id': 'fundamental-fundamental-data', 'name': 'Fundamental Data'}",EUR,1,TOPCS1600,MATRIX,1.0,0.5,0,0,1.1,[],fundamental6,Company Fundamental Data for Equity,fundamental,Fundamental,fundamental-fundamental-data,Fundamental Data
fnd6_newq_nopiq,Non-Operating Income (Expense) - Total,"{'id': 'fundamental6', 'name': 'Company Fundamental Data for Equity'}","{'id': 'fundamental', 'name': 'Fundamental'}","{'id': 'fundamental-fundamental-data', 'name': 'Fundamental Data'}",EUR,1,TOPCS1600,MATRIX,1.0,0.5,0,0,1.1,[],fundamental6,Company Fundamental Data for Equity,fundamental,Fundamental,fundamental-fundamental-data,Fundamental Data
fnd6_newq_oiadpq,Operating Income After Depreciation - Quarterly,"{'id': 'fundamental6', 'name': 'Company Fundamental Data for Equity'}","{'id': 'fundamental', 'name': 'Fundamental'}","{'id': 'fundamental-fundamental-data', 'name': 'Fundamental Data'}",EUR,1,TOPCS1600,MATRIX,1.0,0.5,9,13,1.1,[],fundamental6,Company Fundamental Data for Equity,fundamental,Fundamental,fundamental-fundamental-data,Fundamental Data
fnd6_newq_oibdpq,Operating Income Before Depreciation - Quarterly,"{'id': 'fundamental6', 'name': 'Company Fundamental Data for Equity'}","{'id': 'fundamental', 'name': 'Fundamental'}","{'id': 'fundamental-fundamental-data', 'name': 'Fundamental Data'}",EUR,1,TOPCS1600,MATRIX,1.0,0.5,4,5,1.1,[],fundamental6,Company Fundamental Data for Equity,fundamental,Fundamental,fundamental-fundamental-data,Fundamental Data
fnd6_newq_piq,Pretax Income,"{'id': 'fundamental6', 'name': 'Company Fundamental Data for Equity'}","{'id': 'fundamental', 'name': 'Fundamental'}","{'id': 'fundamental-fundamental-data', 'name': 'Fundamental Data'}",EUR,1,TOPCS1600,MATRIX,1.0,0.5,5,6,1.1,[],fundamental6,Company Fundamental Data for Equity,fundamental,Fundamental,fundamental-fundamental-data,Fundamental Data
fnd6_newq_ppentq,"Property, Plant and Equipment - Total (Net)","{'id': 'fundamental6', 'name': 'Company Fundamental Data for Equity'}","{'id': 'fundamental', 'name': 'Fundamental'}","{'id': 'fundamental-fundamental-data', 'name': 'Fundamental Data'}",EUR,1,TOPCS1600,MATRIX,1.0,0.5,0,0,1.1,[],fundamental6,Company Fundamental Data for Equity,fundamental,Fundamental,fundamental-fundamental-data,Fundamental Data
fnd6_newq_reccoq,Receivables - Current - Other,"{'id': 'fundamental6', 'name': 'Company Fundamental Data for Equity'}","{'id': 'fundamental', 'name': 'Fundamental'}","{'id': 'fundamental-fundamental-data', 'name': 'Fundamental Data'}",EUR,1,TOPCS1600,MATRIX,1.0,0.5,0,0,1.1,[],fundamental6,Company Fundamental Data for Equity,fundamental,Fundamental,fundamental-fundamental-data,Fundamental Data
fnd6_newq_rectq,Receivables - Total,"{'id': 'fundamental6', 'name': 'Company Fundamental Data for Equity'}","{'id': 'fundamental', 'name': 'Fundamental'}","{'id': 'fundamental-fundamental-data', 'name': 'Fundamental Data'}",EUR,1,TOPCS1600,MATRIX,1.0,0.5,1,1,1.1,[],fundamental6,Company Fundamental Data for Equity,fundamental,Fundamental,fundamental-fundamental-data,Fundamental Data
fnd6_newq_rectrq,Receivables - Trade,"{'id': 'fundamental6', 'name': 'Company Fundamental Data for Equity'}","{'id': 'fundamental', 'name': 'Fundamental'}","{'id': 'fundamental-fundamental-data', 'name': 'Fundamental Data'}",EUR,1,TOPCS1600,MATRIX,1.0,0.5,0,0,1.1,[],fundamental6,Company Fundamental Data for Equity,fundamental,Fundamental,fundamental-fundamental-data,Fundamental Data
fnd6_newq_req,Retained Earnings,"{'id': 'fundamental6', 'name': 'Company Fundamental Data for Equity'}","{'id': 'fundamental', 'name': 'Fundamental'}","{'id': 'fundamental-fundamental-data', 'name': 'Fundamental Data'}",EUR,1,TOPCS1600,MATRIX,1.0,0.5,4,4,1.1,[],fundamental6,Company Fundamental Data for Equity,fundamental,Fundamental,fundamental-fundamental-data,Fundamental Data
fnd6_newq_saleq,Sales/Turnover (Net),"{'id': 'fundamental6', 'name': 'Company Fundamental Data for Equity'}","{'id': 'fundamental', 'name': 'Fundamental'}","{'id': 'fundamental-fundamental-data', 'name': 'Fundamental Data'}",EUR,1,TOPCS1600,MATRIX,1.0,0.5,0,0,1.1,[],fundamental6,Company Fundamental Data for Equity,fundamental,Fundamental,fundamental-fundamental-data,Fundamental Data
fnd6_newq_sctq,Total Share Capital,"{'id': 'fundamental6', 'name': 'Company Fundamental Data for Equity'}","{'id': 'fundamental', 'name': 'Fundamental'}","{'id': 'fundamental-fundamental-data', 'name': 'Fundamental Data'}",EUR,1,TOPCS1600,MATRIX,1.0,0.5,1,1,1.1,[],fundamental6,Company Fundamental Data for Equity,fundamental,Fundamental,fundamental-fundamental-data,Fundamental Data
fnd6_newq_seqq,Stockholders' Equity - Total - Quarterly,"{'id': 'fundamental6', 'name': 'Company Fundamental Data for Equity'}","{'id': 'fundamental', 'name': 'Fundamental'}","{'id': 'fundamental-fundamental-data', 'name': 'Fundamental Data'}",EUR,1,TOPCS1600,MATRIX,1.0,0.5,1,4,1.1,[],fundamental6,Company Fundamental Data for Equity,fundamental,Fundamental,fundamental-fundamental-data,Fundamental Data
fnd6_newq_spiq,Special Items,"{'id': 'fundamental6', 'name': 'Company Fundamental Data for Equity'}","{'id': 'fundamental', 'name': 'Fundamental'}","{'id': 'fundamental-fundamental-data', 'name': 'Fundamental Data'}",EUR,1,TOPCS1600,MATRIX,1.0,0.5,0,0,1.1,[],fundamental6,Company Fundamental Data for Equity,fundamental,Fundamental,fundamental-fundamental-data,Fundamental Data
fnd6_newq_tstkq,Treasury Stock - Total (All Capital),"{'id': 'fundamental6', 'name': 'Company Fundamental Data for Equity'}","{'id': 'fundamental', 'name': 'Fundamental'}","{'id': 'fundamental-fundamental-data', 'name': 'Fundamental Data'}",EUR,1,TOPCS1600,MATRIX,1.0,0.5,0,0,1.1,[],fundamental6,Company Fundamental Data for Equity,fundamental,Fundamental,fundamental-fundamental-data,Fundamental Data
fnd6_newq_txtq,Income Taxes - Total,"{'id': 'fundamental6', 'name': 'Company Fundamental Data for Equity'}","{'id': 'fundamental', 'name': 'Fundamental'}","{'id': 'fundamental-fundamental-data', 'name': 'Fundamental Data'}",EUR,1,TOPCS1600,MATRIX,1.0,0.5,2,3,1.1,[],fundamental6,Company Fundamental Data for Equity,fundamental,Fundamental,fundamental-fundamental-data,Fundamental Data
fnd6_newq_xintq,Interest and Related Expense - Total,"{'id': 'fundamental6', 'name': 'Company Fundamental Data for Equity'}","{'id': 'fundamental', 'name': 'Fundamental'}","{'id': 'fundamental-fundamental-data', 'name': 'Fundamental Data'}",EUR,1,TOPCS1600,MATRIX,1.0,0.5,0,0,1.1,[],fundamental6,Company Fundamental Data for Equity,fundamental,Fundamental,fundamental-fundamental-data,Fundamental Data
fnd6_newq_xoprq,Operating Expense - Total,"{'id': 'fundamental6', 'name': 'Company Fundamental Data for Equity'}","{'id': 'fundamental', 'name': 'Fundamental'}","{'id': 'fundamental-fundamental-data', 'name': 'Fundamental Data'}",EUR,1,TOPCS1600,MATRIX,1.0,0.5,1,1,1.1,[],fundamental6,Company Fundamental Data for Equity,fundamental,Fundamental,fundamental-fundamental-data,Fundamental Data
fnd6_newq_xsgaq,"Selling, General and Administrative Expenses","{'id': 'fundamental6', 'name': 'Company Fundamental Data for Equity'}","{'id': 'fundamental', 'name': 'Fundamental'}","{'id': 'fundamental-fundamental-data', 'name': 'Fundamental Data'}",EUR,1,TOPCS1600,MATRIX,1.0,0.5,0,0,1.1,[],fundamental6,Company Fundamental Data for Equity,fundamental,Fundamental,fundamental-fundamental-data,Fundamental Data
fnd6_nopi,Nonoperating Income (Expense),"{'id': 'fundamental6', 'name': 'Company Fundamental Data for Equity'}","{'id': 'fundamental', 'name': 'Fundamental'}","{'id': 'fundamental-fundamental-data', 'name': 'Fundamental Data'}",EUR,1,TOPCS1600,MATRIX,1.0,0.5,0,0,1.1,[],fundamental6,Company Fundamental Data for Equity,fundamental,Fundamental,fundamental-fundamental-data,Fundamental Data
fnd6_nopiosa,Other Non-Operating Inc/Expense,"{'id': 'fundamental6', 'name': 'Company Fundamental Data for Equity'}","{'id': 'fundamental', 'name': 'Fundamental'}","{'id': 'fundamental-fundamental-data', 'name': 'Fundamental Data'}",EUR,1,TOPCS1600,MATRIX,1.0,0.5,0,0,1.1,[],fundamental6,Company Fundamental Data for Equity,fundamental,Fundamental,fundamental-fundamental-data,Fundamental Data
fnd6_nopioy,Other Non-Operating Inc/Expense,"{'id': 'fundamental6', 'name': 'Company Fundamental Data for Equity'}","{'id': 'fundamental', 'name': 'Fundamental'}","{'id': 'fundamental-fundamental-data', 'name': 'Fundamental Data'}",EUR,1,TOPCS1600,MATRIX,1.0,0.5,0,0,1.1,[],fundamental6,Company Fundamental Data for Equity,fundamental,Fundamental,fundamental-fundamental-data,Fundamental Data
fnd6_nopisa,Non-Operating Income (Expense) - Total,"{'id': 'fundamental6', 'name': 'Company Fundamental Data for Equity'}","{'id': 'fundamental', 'name': 'Fundamental'}","{'id': 'fundamental-fundamental-data', 'name': 'Fundamental Data'}",EUR,1,TOPCS1600,MATRIX,1.0,0.5,0,0,1.1,[],fundamental6,Company Fundamental Data for Equity,fundamental,Fundamental,fundamental-fundamental-data,Fundamental Data
fnd6_nopiy,Non-Operating Income (Expense) - Total,"{'id': 'fundamental6', 'name': 'Company Fundamental Data for Equity'}","{'id': 'fundamental', 'name': 'Fundamental'}","{'id': 'fundamental-fundamental-data', 'name': 'Fundamental Data'}",EUR,1,TOPCS1600,MATRIX,1.0,0.5,0,0,1.1,[],fundamental6,Company Fundamental Data for Equity,fundamental,Fundamental,fundamental-fundamental-data,Fundamental Data
fnd6_np,Notes Payable - Short-Term Borrowings,"{'id': 'fundamental6', 'name': 'Company Fundamental Data for Equity'}","{'id': 'fundamental', 'name': 'Fundamental'}","{'id': 'fundamental-fundamental-data', 'name': 'Fundamental Data'}",EUR,1,TOPCS1600,MATRIX,1.0,0.5,0,0,1.1,[],fundamental6,Company Fundamental Data for Equity,fundamental,Fundamental,fundamental-fundamental-data,Fundamental Data
fnd6_oancfy,Operating Activities - Net Cash Flow,"{'id': 'fundamental6', 'name': 'Company Fundamental Data for Equity'}","{'id': 'fundamental', 'name': 'Fundamental'}","{'id': 'fundamental-fundamental-data', 'name': 'Fundamental Data'}",EUR,1,TOPCS1600,MATRIX,1.0,0.5,8,13,1.1,[],fundamental6,Company Fundamental Data for Equity,fundamental,Fundamental,fundamental-fundamental-data,Fundamental Data
fnd6_oiadpsa,Operating Income After Depreciation - Semiannual,"{'id': 'fundamental6', 'name': 'Company Fundamental Data for Equity'}","{'id': 'fundamental', 'name': 'Fundamental'}","{'id': 'fundamental-fundamental-data', 'name': 'Fundamental Data'}",EUR,1,TOPCS1600,MATRIX,1.0,0.5,5,6,1.1,[],fundamental6,Company Fundamental Data for Equity,fundamental,Fundamental,fundamental-fundamental-data,Fundamental Data
fnd6_oibdpsa,Operating Income Before Depreciation - Semiannual,"{'id': 'fundamental6', 'name': 'Company Fundamental Data for Equity'}","{'id': 'fundamental', 'name': 'Fundamental'}","{'id': 'fundamental-fundamental-data', 'name': 'Fundamental Data'}",EUR,1,TOPCS1600,MATRIX,1.0,0.5,4,4,1.1,[],fundamental6,Company Fundamental Data for Equity,fundamental,Fundamental,fundamental-fundamental-data,Fundamental Data
fnd6_oibdpy,Operating Income Before Depreciation,"{'id': 'fundamental6', 'name': 'Company Fundamental Data for Equity'}","{'id': 'fundamental', 'name': 'Fundamental'}","{'id': 'fundamental-fundamental-data', 'name': 'Fundamental Data'}",EUR,1,TOPCS1600,MATRIX,1.0,0.5,0,0,1.1,[],fundamental6,Company Fundamental Data for Equity,fundamental,Fundamental,fundamental-fundamental-data,Fundamental Data
fnd6_oproy,Operating Revenues - Other,"{'id': 'fundamental6', 'name': 'Company Fundamental Data for Equity'}","{'id': 'fundamental', 'name': 'Fundamental'}","{'id': 'fundamental-fundamental-data', 'name': 'Fundamental Data'}",EUR,1,TOPCS1600,MATRIX,1.0,0.5,0,0,1.1,[],fundamental6,Company Fundamental Data for Equity,fundamental,Fundamental,fundamental-fundamental-data,Fundamental Data
fnd6_pisa,Pretax Income,"{'id': 'fundamental6', 'name': 'Company Fundamental Data for Equity'}","{'id': 'fundamental', 'name': 'Fundamental'}","{'id': 'fundamental-fundamental-data', 'name': 'Fundamental Data'}",EUR,1,TOPCS1600,MATRIX,1.0,0.5,1,1,1.1,[],fundamental6,Company Fundamental Data for Equity,fundamental,Fundamental,fundamental-fundamental-data,Fundamental Data
fnd6_piy,Pretax Income,"{'id': 'fundamental6', 'name': 'Company Fundamental Data for Equity'}","{'id': 'fundamental', 'name': 'Fundamental'}","{'id': 'fundamental-fundamental-data', 'name': 'Fundamental Data'}",EUR,1,TOPCS1600,MATRIX,1.0,0.5,1,1,1.1,[],fundamental6,Company Fundamental Data for Equity,fundamental,Fundamental,fundamental-fundamental-data,Fundamental Data
fnd6_prstkc,Purchase of Common and Preferred Stock,"{'id': 'fundamental6', 'name': 'Company Fundamental Data for Equity'}","{'id': 'fundamental', 'name': 'Fundamental'}","{'id': 'fundamental-fundamental-data', 'name': 'Fundamental Data'}",EUR,1,TOPCS1600,MATRIX,1.0,0.5,0,0,1.1,[],fundamental6,Company Fundamental Data for Equity,fundamental,Fundamental,fundamental-fundamental-data,Fundamental Data
fnd6_psfix,Proceeds From Sale of Fixed Assets,"{'id': 'fundamental6', 'name': 'Company Fundamental Data for Equity'}","{'id': 'fundamental', 'name': 'Fundamental'}","{'id': 'fundamental-fundamental-data', 'name': 'Fundamental Data'}",EUR,1,TOPCS1600,MATRIX,1.0,0.5,1,1,1.1,[],fundamental6,Company Fundamental Data for Equity,fundamental,Fundamental,fundamental-fundamental-data,Fundamental Data
fnd6_psfixy,Proceeds - Sale of Fixed Assets,"{'id': 'fundamental6', 'name': 'Company Fundamental Data for Equity'}","{'id': 'fundamental', 'name': 'Fundamental'}","{'id': 'fundamental-fundamental-data', 'name': 'Fundamental Data'}",EUR,1,TOPCS1600,MATRIX,1.0,0.5,0,0,1.1,[],fundamental6,Company Fundamental Data for Equity,fundamental,Fundamental,fundamental-fundamental-data,Fundamental Data
fnd6_purtshr,Purchase of Treasury Shares,"{'id': 'fundamental6', 'name': 'Company Fundamental Data for Equity'}","{'id': 'fundamental', 'name': 'Fundamental'}","{'id': 'fundamental-fundamental-data', 'name': 'Fundamental Data'}",EUR,1,TOPCS1600,MATRIX,1.0,0.5,0,0,1.1,[],fundamental6,Company Fundamental Data for Equity,fundamental,Fundamental,fundamental-fundamental-data,Fundamental Data
fnd6_purtshry,Purchase of Treasury Shares,"{'id': 'fundamental6', 'name': 'Company Fundamental Data for Equity'}","{'id': 'fundamental', 'name': 'Fundamental'}","{'id': 'fundamental-fundamental-data', 'name': 'Fundamental Data'}",EUR,1,TOPCS1600,MATRIX,1.0,0.5,0,0,1.1,[],fundamental6,Company Fundamental Data for Equity,fundamental,Fundamental,fundamental-fundamental-data,Fundamental Data
fnd6_recch,Accounts Receivable - Decrease (Increase),"{'id': 'fundamental6', 'name': 'Company Fundamental Data for Equity'}","{'id': 'fundamental', 'name': 'Fundamental'}","{'id': 'fundamental-fundamental-data', 'name': 'Fundamental Data'}",EUR,1,TOPCS1600,MATRIX,1.0,0.5,1,1,1.1,[],fundamental6,Company Fundamental Data for Equity,fundamental,Fundamental,fundamental-fundamental-data,Fundamental Data
fnd6_recchy,Accounts Receivable - Decrease (Increase),"{'id': 'fundamental6', 'name': 'Company Fundamental Data for Equity'}","{'id': 'fundamental', 'name': 'Fundamental'}","{'id': 'fundamental-fundamental-data', 'name': 'Fundamental Data'}",EUR,1,TOPCS1600,MATRIX,1.0,0.5,0,0,1.1,[],fundamental6,Company Fundamental Data for Equity,fundamental,Fundamental,fundamental-fundamental-data,Fundamental Data
fnd6_recco,Receivables - Current - Other,"{'id': 'fundamental6', 'name': 'Company Fundamental Data for Equity'}","{'id': 'fundamental', 'name': 'Fundamental'}","{'id': 'fundamental-fundamental-data', 'name': 'Fundamental Data'}",EUR,1,TOPCS1600,MATRIX,1.0,0.5,2,2,1.1,[],fundamental6,Company Fundamental Data for Equity,fundamental,Fundamental,fundamental-fundamental-data,Fundamental Data
fnd6_rectr,Receivables - Trade,"{'id': 'fundamental6', 'name': 'Company Fundamental Data for Equity'}","{'id': 'fundamental', 'name': 'Fundamental'}","{'id': 'fundamental-fundamental-data', 'name': 'Fundamental Data'}",EUR,1,TOPCS1600,MATRIX,1.0,0.5,2,2,1.1,[],fundamental6,Company Fundamental Data for Equity,fundamental,Fundamental,fundamental-fundamental-data,Fundamental Data
fnd6_revtsa,Revenue - Total,"{'id': 'fundamental6', 'name': 'Company Fundamental Data for Equity'}","{'id': 'fundamental', 'name': 'Fundamental'}","{'id': 'fundamental-fundamental-data', 'name': 'Fundamental Data'}",EUR,1,TOPCS1600,MATRIX,1.0,0.5,1,1,1.1,[],fundamental6,Company Fundamental Data for Equity,fundamental,Fundamental,fundamental-fundamental-data,Fundamental Data
fnd6_revty,Revenue - Total,"{'id': 'fundamental6', 'name': 'Company Fundamental Data for Equity'}","{'id': 'fundamental', 'name': 'Fundamental'}","{'id': 'fundamental-fundamental-data', 'name': 'Fundamental Data'}",EUR,1,TOPCS1600,MATRIX,1.0,0.5,0,0,1.1,[],fundamental6,Company Fundamental Data for Equity,fundamental,Fundamental,fundamental-fundamental-data,Fundamental Data
fnd6_salesa,Sales/Turnover (Net),"{'id': 'fundamental6', 'name': 'Company Fundamental Data for Equity'}","{'id': 'fundamental', 'name': 'Fundamental'}","{'id': 'fundamental-fundamental-data', 'name': 'Fundamental Data'}",EUR,1,TOPCS1600,MATRIX,1.0,0.5,0,0,1.1,[],fundamental6,Company Fundamental Data for Equity,fundamental,Fundamental,fundamental-fundamental-data,Fundamental Data
fnd6_saley,Sales/Turnover (Net),"{'id': 'fundamental6', 'name': 'Company Fundamental Data for Equity'}","{'id': 'fundamental', 'name': 'Fundamental'}","{'id': 'fundamental-fundamental-data', 'name': 'Fundamental Data'}",EUR,1,TOPCS1600,MATRIX,1.0,0.5,0,0,1.1,[],fundamental6,Company Fundamental Data for Equity,fundamental,Fundamental,fundamental-fundamental-data,Fundamental Data
fnd6_siv,Sale of Investments,"{'id': 'fundamental6', 'name': 'Company Fundamental Data for Equity'}","{'id': 'fundamental', 'name': 'Fundamental'}","{'id': 'fundamental-fundamental-data', 'name': 'Fundamental Data'}",EUR,1,TOPCS1600,MATRIX,1.0,0.5,0,0,1.1,[],fundamental6,Company Fundamental Data for Equity,fundamental,Fundamental,fundamental-fundamental-data,Fundamental Data
fnd6_sivy,Sale of Investments,"{'id': 'fundamental6', 'name': 'Company Fundamental Data for Equity'}","{'id': 'fundamental', 'name': 'Fundamental'}","{'id': 'fundamental-fundamental-data', 'name': 'Fundamental Data'}",EUR,1,TOPCS1600,MATRIX,1.0,0.5,0,0,1.1,[],fundamental6,Company Fundamental Data for Equity,fundamental,Fundamental,fundamental-fundamental-data,Fundamental Data
fnd6_spisa,Special Items,"{'id': 'fundamental6', 'name': 'Company Fundamental Data for Equity'}","{'id': 'fundamental', 'name': 'Fundamental'}","{'id': 'fundamental-fundamental-data', 'name': 'Fundamental Data'}",EUR,1,TOPCS1600,MATRIX,1.0,0.5,0,0,1.1,[],fundamental6,Company Fundamental Data for Equity,fundamental,Fundamental,fundamental-fundamental-data,Fundamental Data
fnd6_spiy,Special Items,"{'id': 'fundamental6', 'name': 'Company Fundamental Data for Equity'}","{'id': 'fundamental', 'name': 'Fundamental'}","{'id': 'fundamental-fundamental-data', 'name': 'Fundamental Data'}",EUR,1,TOPCS1600,MATRIX,1.0,0.5,1,1,1.1,[],fundamental6,Company Fundamental Data for Equity,fundamental,Fundamental,fundamental-fundamental-data,Fundamental Data
fnd6_sppiv,"Sale of Property, Plant and Equipment and Investments - Gain (Loss)","{'id': 'fundamental6', 'name': 'Company Fundamental Data for Equity'}","{'id': 'fundamental', 'name': 'Fundamental'}","{'id': 'fundamental-fundamental-data', 'name': 'Fundamental Data'}",EUR,1,TOPCS1600,MATRIX,1.0,0.5,0,0,1.1,[],fundamental6,Company Fundamental Data for Equity,fundamental,Fundamental,fundamental-fundamental-data,Fundamental Data
fnd6_sppivy,Sale of PP&E and Investments - (Gain) Loss,"{'id': 'fundamental6', 'name': 'Company Fundamental Data for Equity'}","{'id': 'fundamental', 'name': 'Fundamental'}","{'id': 'fundamental-fundamental-data', 'name': 'Fundamental Data'}",EUR,1,TOPCS1600,MATRIX,1.0,0.5,0,0,1.1,[],fundamental6,Company Fundamental Data for Equity,fundamental,Fundamental,fundamental-fundamental-data,Fundamental Data
fnd6_sstk,Sale of Common and Preferred Stock,"{'id': 'fundamental6', 'name': 'Company Fundamental Data for Equity'}","{'id': 'fundamental', 'name': 'Fundamental'}","{'id': 'fundamental-fundamental-data', 'name': 'Fundamental Data'}",EUR,1,TOPCS1600,MATRIX,1.0,0.5,1,1,1.1,[],fundamental6,Company Fundamental Data for Equity,fundamental,Fundamental,fundamental-fundamental-data,Fundamental Data
fnd6_sstky,Sale of Common and Preferred Stock,"{'id': 'fundamental6', 'name': 'Company Fundamental Data for Equity'}","{'id': 'fundamental', 'name': 'Fundamental'}","{'id': 'fundamental-fundamental-data', 'name': 'Fundamental Data'}",EUR,1,TOPCS1600,MATRIX,1.0,0.5,0,0,1.1,[],fundamental6,Company Fundamental Data for Equity,fundamental,Fundamental,fundamental-fundamental-data,Fundamental Data
fnd6_teq,Stockholders' Equity - Total,"{'id': 'fundamental6', 'name': 'Company Fundamental Data for Equity'}","{'id': 'fundamental', 'name': 'Fundamental'}","{'id': 'fundamental-fundamental-data', 'name': 'Fundamental Data'}",EUR,1,TOPCS1600,MATRIX,1.0,0.5,0,0,1.1,[],fundamental6,Company Fundamental Data for Equity,fundamental,Fundamental,fundamental-fundamental-data,Fundamental Data
fnd6_txc,Income Taxes - Current,"{'id': 'fundamental6', 'name': 'Company Fundamental Data for Equity'}","{'id': 'fundamental', 'name': 'Fundamental'}","{'id': 'fundamental-fundamental-data', 'name': 'Fundamental Data'}",EUR,1,TOPCS1600,MATRIX,1.0,0.5,0,0,1.1,[],fundamental6,Company Fundamental Data for Equity,fundamental,Fundamental,fundamental-fundamental-data,Fundamental Data
fnd6_txdb,Deferred Taxes - Balance Sheet,"{'id': 'fundamental6', 'name': 'Company Fundamental Data for Equity'}","{'id': 'fundamental', 'name': 'Fundamental'}","{'id': 'fundamental-fundamental-data', 'name': 'Fundamental Data'}",EUR,1,TOPCS1600,MATRIX,1.0,0.5,0,0,1.1,[],fundamental6,Company Fundamental Data for Equity,fundamental,Fundamental,fundamental-fundamental-data,Fundamental Data
fnd6_txdc,Deferred Taxes (Cash Flow),"{'id': 'fundamental6', 'name': 'Company Fundamental Data for Equity'}","{'id': 'fundamental', 'name': 'Fundamental'}","{'id': 'fundamental-fundamental-data', 'name': 'Fundamental Data'}",EUR,1,TOPCS1600,MATRIX,1.0,0.5,0,0,1.1,[],fundamental6,Company Fundamental Data for Equity,fundamental,Fundamental,fundamental-fundamental-data,Fundamental Data
fnd6_txdi,Income Taxes - Deferred,"{'id': 'fundamental6', 'name': 'Company Fundamental Data for Equity'}","{'id': 'fundamental', 'name': 'Fundamental'}","{'id': 'fundamental-fundamental-data', 'name': 'Fundamental Data'}",EUR,1,TOPCS1600,MATRIX,1.0,0.5,0,0,1.1,[],fundamental6,Company Fundamental Data for Equity,fundamental,Fundamental,fundamental-fundamental-data,Fundamental Data
fnd6_txo,Income Taxes - Other,"{'id': 'fundamental6', 'name': 'Company Fundamental Data for Equity'}","{'id': 'fundamental', 'name': 'Fundamental'}","{'id': 'fundamental-fundamental-data', 'name': 'Fundamental Data'}",EUR,1,TOPCS1600,MATRIX,1.0,0.5,0,0,1.1,[],fundamental6,Company Fundamental Data for Equity,fundamental,Fundamental,fundamental-fundamental-data,Fundamental Data
fnd6_txop,Taxation - Operating Activities,"{'id': 'fundamental6', 'name': 'Company Fundamental Data for Equity'}","{'id': 'fundamental', 'name': 'Fundamental'}","{'id': 'fundamental-fundamental-data', 'name': 'Fundamental Data'}",EUR,1,TOPCS1600,MATRIX,1.0,0.5,0,0,1.1,[],fundamental6,Company Fundamental Data for Equity,fundamental,Fundamental,fundamental-fundamental-data,Fundamental Data
fnd6_txopy,Taxation - Operating Activities,"{'id': 'fundamental6', 'name': 'Company Fundamental Data for Equity'}","{'id': 'fundamental', 'name': 'Fundamental'}","{'id': 'fundamental-fundamental-data', 'name': 'Fundamental Data'}",EUR,1,TOPCS1600,MATRIX,1.0,0.5,0,0,1.1,[],fundamental6,Company Fundamental Data for Equity,fundamental,Fundamental,fundamental-fundamental-data,Fundamental Data
fnd6_txpd,Income Taxes Paid,"{'id': 'fundamental6', 'name': 'Company Fundamental Data for Equity'}","{'id': 'fundamental', 'name': 'Fundamental'}","{'id': 'fundamental-fundamental-data', 'name': 'Fundamental Data'}",EUR,1,TOPCS1600,MATRIX,1.0,0.5,0,0,1.1,[],fundamental6,Company Fundamental Data for Equity,fundamental,Fundamental,fundamental-fundamental-data,Fundamental Data
fnd6_txtsa,Income Taxes - Total,"{'id': 'fundamental6', 'name': 'Company Fundamental Data for Equity'}","{'id': 'fundamental', 'name': 'Fundamental'}","{'id': 'fundamental-fundamental-data', 'name': 'Fundamental Data'}",EUR,1,TOPCS1600,MATRIX,1.0,0.5,1,1,1.1,[],fundamental6,Company Fundamental Data for Equity,fundamental,Fundamental,fundamental-fundamental-data,Fundamental Data
fnd6_txty,Income Taxes - Total,"{'id': 'fundamental6', 'name': 'Company Fundamental Data for Equity'}","{'id': 'fundamental', 'name': 'Fundamental'}","{'id': 'fundamental-fundamental-data', 'name': 'Fundamental Data'}",EUR,1,TOPCS1600,MATRIX,1.0,0.5,2,2,1.1,[],fundamental6,Company Fundamental Data for Equity,fundamental,Fundamental,fundamental-fundamental-data,Fundamental Data
fnd6_txw,Excise Taxes,"{'id': 'fundamental6', 'name': 'Company Fundamental Data for Equity'}","{'id': 'fundamental', 'name': 'Fundamental'}","{'id': 'fundamental-fundamental-data', 'name': 'Fundamental Data'}",EUR,1,TOPCS1600,MATRIX,1.0,0.5,0,0,1.1,[],fundamental6,Company Fundamental Data for Equity,fundamental,Fundamental,fundamental-fundamental-data,Fundamental Data
fnd6_wcapopc,Working Capital/Net Operating Assets - Change,"{'id': 'fundamental6', 'name': 'Company Fundamental Data for Equity'}","{'id': 'fundamental', 'name': 'Fundamental'}","{'id': 'fundamental-fundamental-data', 'name': 'Fundamental Data'}",EUR,1,TOPCS1600,MATRIX,1.0,0.5,2,2,1.1,[],fundamental6,Company Fundamental Data for Equity,fundamental,Fundamental,fundamental-fundamental-data,Fundamental Data
fnd6_wcapopcy,Working Capital/Net Operating Assets - Change,"{'id': 'fundamental6', 'name': 'Company Fundamental Data for Equity'}","{'id': 'fundamental', 'name': 'Fundamental'}","{'id': 'fundamental-fundamental-data', 'name': 'Fundamental Data'}",EUR,1,TOPCS1600,MATRIX,1.0,0.5,0,0,1.1,[],fundamental6,Company Fundamental Data for Equity,fundamental,Fundamental,fundamental-fundamental-data,Fundamental Data
fnd6_xacc,Accrued Expenses,"{'id': 'fundamental6', 'name': 'Company Fundamental Data for Equity'}","{'id': 'fundamental', 'name': 'Fundamental'}","{'id': 'fundamental-fundamental-data', 'name': 'Fundamental Data'}",EUR,1,TOPCS1600,MATRIX,1.0,0.5,0,0,1.1,[],fundamental6,Company Fundamental Data for Equity,fundamental,Fundamental,fundamental-fundamental-data,Fundamental Data
fnd6_xintsa,Interest and Related Expense - Total,"{'id': 'fundamental6', 'name': 'Company Fundamental Data for Equity'}","{'id': 'fundamental', 'name': 'Fundamental'}","{'id': 'fundamental-fundamental-data', 'name': 'Fundamental Data'}",EUR,1,TOPCS1600,MATRIX,1.0,0.5,0,0,1.1,[],fundamental6,Company Fundamental Data for Equity,fundamental,Fundamental,fundamental-fundamental-data,Fundamental Data
fnd6_xinty,Interest and Related Expense - Total,"{'id': 'fundamental6', 'name': 'Company Fundamental Data for Equity'}","{'id': 'fundamental', 'name': 'Fundamental'}","{'id': 'fundamental-fundamental-data', 'name': 'Fundamental Data'}",EUR,1,TOPCS1600,MATRIX,1.0,0.5,0,0,1.1,[],fundamental6,Company Fundamental Data for Equity,fundamental,Fundamental,fundamental-fundamental-data,Fundamental Data
fnd6_xlr,Staff Expense - Total,"{'id': 'fundamental6', 'name': 'Company Fundamental Data for Equity'}","{'id': 'fundamental', 'name': 'Fundamental'}","{'id': 'fundamental-fundamental-data', 'name': 'Fundamental Data'}",EUR,1,TOPCS1600,MATRIX,1.0,0.5,0,0,1.1,[],fundamental6,Company Fundamental Data for Equity,fundamental,Fundamental,fundamental-fundamental-data,Fundamental Data
fnd6_xopr,Operating Expenses - Total,"{'id': 'fundamental6', 'name': 'Company Fundamental Data for Equity'}","{'id': 'fundamental', 'name': 'Fundamental'}","{'id': 'fundamental-fundamental-data', 'name': 'Fundamental Data'}",EUR,1,TOPCS1600,MATRIX,1.0,0.5,2,2,1.1,[],fundamental6,Company Fundamental Data for Equity,fundamental,Fundamental,fundamental-fundamental-data,Fundamental Data
fnd6_xopro,Operating Expense - Other,"{'id': 'fundamental6', 'name': 'Company Fundamental Data for Equity'}","{'id': 'fundamental', 'name': 'Fundamental'}","{'id': 'fundamental-fundamental-data', 'name': 'Fundamental Data'}",EUR,1,TOPCS1600,MATRIX,1.0,0.5,0,0,1.1,[],fundamental6,Company Fundamental Data for Equity,fundamental,Fundamental,fundamental-fundamental-data,Fundamental Data
fnd6_xoprosa,Operating Expense - Other,"{'id': 'fundamental6', 'name': 'Company Fundamental Data for Equity'}","{'id': 'fundamental', 'name': 'Fundamental'}","{'id': 'fundamental-fundamental-data', 'name': 'Fundamental Data'}",EUR,1,TOPCS1600,MATRIX,1.0,0.5,0,0,1.1,[],fundamental6,Company Fundamental Data for Equity,fundamental,Fundamental,fundamental-fundamental-data,Fundamental Data
fnd6_xoproy,Operating Expense - Other,"{'id': 'fundamental6', 'name': 'Company Fundamental Data for Equity'}","{'id': 'fundamental', 'name': 'Fundamental'}","{'id': 'fundamental-fundamental-data', 'name': 'Fundamental Data'}",EUR,1,TOPCS1600,MATRIX,1.0,0.5,0,0,1.1,[],fundamental6,Company Fundamental Data for Equity,fundamental,Fundamental,fundamental-fundamental-data,Fundamental Data
fnd6_xoprsa,Operating Expense - Total,"{'id': 'fundamental6', 'name': 'Company Fundamental Data for Equity'}","{'id': 'fundamental', 'name': 'Fundamental'}","{'id': 'fundamental-fundamental-data', 'name': 'Fundamental Data'}",EUR,1,TOPCS1600,MATRIX,1.0,0.5,0,0,1.1,[],fundamental6,Company Fundamental Data for Equity,fundamental,Fundamental,fundamental-fundamental-data,Fundamental Data
fnd6_xopry,Operating Expense - Total,"{'id': 'fundamental6', 'name': 'Company Fundamental Data for Equity'}","{'id': 'fundamental', 'name': 'Fundamental'}","{'id': 'fundamental-fundamental-data', 'name': 'Fundamental Data'}",EUR,1,TOPCS1600,MATRIX,1.0,0.5,1,1,1.1,[],fundamental6,Company Fundamental Data for Equity,fundamental,Fundamental,fundamental-fundamental-data,Fundamental Data
fnd6_xpp,Prepaid Expenses,"{'id': 'fundamental6', 'name': 'Company Fundamental Data for Equity'}","{'id': 'fundamental', 'name': 'Fundamental'}","{'id': 'fundamental-fundamental-data', 'name': 'Fundamental Data'}",EUR,1,TOPCS1600,MATRIX,1.0,0.5,1,1,1.1,[],fundamental6,Company Fundamental Data for Equity,fundamental,Fundamental,fundamental-fundamental-data,Fundamental Data
fnd6_xrent,Rental Expense,"{'id': 'fundamental6', 'name': 'Company Fundamental Data for Equity'}","{'id': 'fundamental', 'name': 'Fundamental'}","{'id': 'fundamental-fundamental-data', 'name': 'Fundamental Data'}",EUR,1,TOPCS1600,MATRIX,1.0,0.5,0,0,1.1,[],fundamental6,Company Fundamental Data for Equity,fundamental,Fundamental,fundamental-fundamental-data,Fundamental Data
fnd6_xsgasa,"Selling, General and Administrative Expenses","{'id': 'fundamental6', 'name': 'Company Fundamental Data for Equity'}","{'id': 'fundamental', 'name': 'Fundamental'}","{'id': 'fundamental-fundamental-data', 'name': 'Fundamental Data'}",EUR,1,TOPCS1600,MATRIX,1.0,0.5,1,1,1.1,[],fundamental6,Company Fundamental Data for Equity,fundamental,Fundamental,fundamental-fundamental-data,Fundamental Data
fnd6_xsgay,"Selling, General and Administrative Expenses","{'id': 'fundamental6', 'name': 'Company Fundamental Data for Equity'}","{'id': 'fundamental', 'name': 'Fundamental'}","{'id': 'fundamental-fundamental-data', 'name': 'Fundamental Data'}",EUR,1,TOPCS1600,MATRIX,1.0,0.5,0,0,1.1,[],fundamental6,Company Fundamental Data for Equity,fundamental,Fundamental,fundamental-fundamental-data,Fundamental Data
fnd6_xstfws,Staff Expense - Wages and Salaries,"{'id': 'fundamental6', 'name': 'Company Fundamental Data for Equity'}","{'id': 'fundamental', 'name': 'Fundamental'}","{'id': 'fundamental-fundamental-data', 'name': 'Fundamental Data'}",EUR,1,TOPCS1600,MATRIX,1.0,0.5,0,0,1.1,[],fundamental6,Company Fundamental Data for Equity,fundamental,Fundamental,fundamental-fundamental-data,Fundamental Data
fnd6_xstsa,Staff Expense - Wages/Salaries,"{'id': 'fundamental6', 'name': 'Company Fundamental Data for Equity'}","{'id': 'fundamental', 'name': 'Fundamental'}","{'id': 'fundamental-fundamental-data', 'name': 'Fundamental Data'}",EUR,1,TOPCS1600,MATRIX,1.0,0.5,0,0,1.1,[],fundamental6,Company Fundamental Data for Equity,fundamental,Fundamental,fundamental-fundamental-data,Fundamental Data
fnd6_xsty,Staff Expense - Wages/Salaries,"{'id': 'fundamental6', 'name': 'Company Fundamental Data for Equity'}","{'id': 'fundamental', 'name': 'Fundamental'}","{'id': 'fundamental-fundamental-data', 'name': 'Fundamental Data'}",EUR,1,TOPCS1600,MATRIX,1.0,0.5,0,0,1.1,[],fundamental6,Company Fundamental Data for Equity,fundamental,Fundamental,fundamental-fundamental-data,Fundamental Data
