id,description,dataset,category,subcategory,region,delay,universe,type,dateCoverage,coverage,userCount,alphaCount,pyramidMultiplier,themes,dataset_id,dataset_name,category_id,category_name,subcategory_id,subcategory_name
mdl219_1_6351_rp,15-week moving average price divided by 36-week moving average price.,"{'id': 'model219', 'name': 'Canadian Equity Quantitative Models'}","{'id': 'model', 'name': 'Model'}","{'id': 'model-estimates-models', 'name': 'Estimates Models'}",EUR,1,TOPCS1600,MATRIX,1.0,0.9736,1,1,1.4,[],model219,Canadian Equity Quantitative Models,model,Model,model-estimates-models,Estimates Models
mdl219_1_actrtn12m,12-month active return representing the percent change in stock price.,"{'id': 'model219', 'name': 'Canadian Equity Quantitative Models'}","{'id': 'model', 'name': 'Model'}","{'id': 'model-estimates-models', 'name': 'Estimates Models'}",EUR,1,TOPCS1600,MATRIX,1.0,0.9679,10,14,1.4,[],model219,Canadian Equity Quantitative Models,model,Model,model-estimates-models,Estimates Models
mdl219_1_actrtn18m,18-month active return representing the percent change in stock price.,"{'id': 'model219', 'name': 'Canadian Equity Quantitative Models'}","{'id': 'model', 'name': 'Model'}","{'id': 'model-estimates-models', 'name': 'Estimates Models'}",EUR,1,TOPCS1600,MATRIX,1.0,0.9606,10,10,1.4,[],model219,Canadian Equity Quantitative Models,model,Model,model-estimates-models,Estimates Models
mdl219_1_actrtn1m,1-month active return representing the percent change in stock price.,"{'id': 'model219', 'name': 'Canadian Equity Quantitative Models'}","{'id': 'model', 'name': 'Model'}","{'id': 'model-estimates-models', 'name': 'Estimates Models'}",EUR,1,TOPCS1600,MATRIX,1.0,0.9815,2,2,1.4,[],model219,Canadian Equity Quantitative Models,model,Model,model-estimates-models,Estimates Models
mdl219_1_actrtn24m,24-month active return representing the percent change in stock price.,"{'id': 'model219', 'name': 'Canadian Equity Quantitative Models'}","{'id': 'model', 'name': 'Model'}","{'id': 'model-estimates-models', 'name': 'Estimates Models'}",EUR,1,TOPCS1600,MATRIX,1.0,0.9535,2,2,1.4,[],model219,Canadian Equity Quantitative Models,model,Model,model-estimates-models,Estimates Models
mdl219_1_actrtn2m,2-month active return representing the percent change in stock price.,"{'id': 'model219', 'name': 'Canadian Equity Quantitative Models'}","{'id': 'model', 'name': 'Model'}","{'id': 'model-estimates-models', 'name': 'Estimates Models'}",EUR,1,TOPCS1600,MATRIX,1.0,0.9807,1,4,1.4,[],model219,Canadian Equity Quantitative Models,model,Model,model-estimates-models,Estimates Models
mdl219_1_actrtn36m,36-month active return representing the percent change in stock price.,"{'id': 'model219', 'name': 'Canadian Equity Quantitative Models'}","{'id': 'model', 'name': 'Model'}","{'id': 'model-estimates-models', 'name': 'Estimates Models'}",EUR,1,TOPCS1600,MATRIX,1.0,0.9395,2,2,1.4,[],model219,Canadian Equity Quantitative Models,model,Model,model-estimates-models,Estimates Models
mdl219_1_actrtn3m,3-month active return representing the percent change in stock price.,"{'id': 'model219', 'name': 'Canadian Equity Quantitative Models'}","{'id': 'model', 'name': 'Model'}","{'id': 'model-estimates-models', 'name': 'Estimates Models'}",EUR,1,TOPCS1600,MATRIX,1.0,0.9797,2,2,1.4,[],model219,Canadian Equity Quantitative Models,model,Model,model-estimates-models,Estimates Models
mdl219_1_actrtn60m,60-month active return representing the percent change in stock price.,"{'id': 'model219', 'name': 'Canadian Equity Quantitative Models'}","{'id': 'model', 'name': 'Model'}","{'id': 'model-estimates-models', 'name': 'Estimates Models'}",EUR,1,TOPCS1600,MATRIX,1.0,0.9085,1,1,1.4,[],model219,Canadian Equity Quantitative Models,model,Model,model-estimates-models,Estimates Models
mdl219_1_actrtn6m,6-month active return representing the percent change in stock price.,"{'id': 'model219', 'name': 'Canadian Equity Quantitative Models'}","{'id': 'model', 'name': 'Model'}","{'id': 'model-estimates-models', 'name': 'Estimates Models'}",EUR,1,TOPCS1600,MATRIX,1.0,0.9749,2,2,1.4,[],model219,Canadian Equity Quantitative Models,model,Model,model-estimates-models,Estimates Models
mdl219_1_actrtn9m,9-month active return representing the percent change in stock price.,"{'id': 'model219', 'name': 'Canadian Equity Quantitative Models'}","{'id': 'model', 'name': 'Model'}","{'id': 'model-estimates-models', 'name': 'Estimates Models'}",EUR,1,TOPCS1600,MATRIX,1.0,0.972,2,5,1.4,[],model219,Canadian Equity Quantitative Models,model,Model,model-estimates-models,Estimates Models
mdl219_1_ags,"SG&A expenses-to-sales ratio calculated as selling, general, and administrative expenses divided by sales.","{'id': 'model219', 'name': 'Canadian Equity Quantitative Models'}","{'id': 'model', 'name': 'Model'}","{'id': 'model-estimates-models', 'name': 'Estimates Models'}",EUR,1,TOPCS1600,MATRIX,1.0,0.8731,0,0,1.4,[],model219,Canadian Equity Quantitative Models,model,Model,model-estimates-models,Estimates Models
mdl219_1_alpha60m,60-month alpha calculated as the intercept of a regression of stock returns against a benchmark.,"{'id': 'model219', 'name': 'Canadian Equity Quantitative Models'}","{'id': 'model', 'name': 'Model'}","{'id': 'model-estimates-models', 'name': 'Estimates Models'}",EUR,1,TOPCS1600,MATRIX,1.0,0.9096,1,1,1.4,[],model219,Canadian Equity Quantitative Models,model,Model,model-estimates-models,Estimates Models
mdl219_1_aoer,Retained earnings-to-total assets ratio calculated as cumulative retained earnings divided by total assets.,"{'id': 'model219', 'name': 'Canadian Equity Quantitative Models'}","{'id': 'model', 'name': 'Model'}","{'id': 'model-estimates-models', 'name': 'Estimates Models'}",EUR,1,TOPCS1600,MATRIX,1.0,0.9766,1,1,1.4,[],model219,Canadian Equity Quantitative Models,model,Model,model-estimates-models,Estimates Models
mdl219_1_aor,Return on assets calculated as net income divided by average total assets.,"{'id': 'model219', 'name': 'Canadian Equity Quantitative Models'}","{'id': 'model', 'name': 'Model'}","{'id': 'model-estimates-models', 'name': 'Estimates Models'}",EUR,1,TOPCS1600,MATRIX,1.0,0.9795,1,1,1.4,[],model219,Canadian Equity Quantitative Models,model,Model,model-estimates-models,Estimates Models
mdl219_1_apemtt,Trailing 12-month EPS after extraordinary items-to-price ratio calculated as EPS divided by price.,"{'id': 'model219', 'name': 'Canadian Equity Quantitative Models'}","{'id': 'model', 'name': 'Model'}","{'id': 'model-estimates-models', 'name': 'Estimates Models'}",EUR,1,TOPCS1600,MATRIX,1.0,0.9784,1,1,1.4,[],model219,Canadian Equity Quantitative Models,model,Model,model-estimates-models,Estimates Models
mdl219_1_aspanratio,Attention span ratio measuring operating assets minus liabilities scaled by total assets.,"{'id': 'model219', 'name': 'Canadian Equity Quantitative Models'}","{'id': 'model', 'name': 'Model'}","{'id': 'model-estimates-models', 'name': 'Estimates Models'}",EUR,1,TOPCS1600,MATRIX,1.0,0.9075,2,2,1.4,[],model219,Canadian Equity Quantitative Models,model,Model,model-estimates-models,Estimates Models
mdl219_1_astcomp,Asset composition ratio representing current assets divided by total assets.,"{'id': 'model219', 'name': 'Canadian Equity Quantitative Models'}","{'id': 'model', 'name': 'Model'}","{'id': 'model-estimates-models', 'name': 'Estimates Models'}",EUR,1,TOPCS1600,MATRIX,1.0,0.8148,1,1,1.4,[],model219,Canadian Equity Quantitative Models,model,Model,model-estimates-models,Estimates Models
mdl219_1_astto,Asset turnover ratio calculated as sales divided by total assets.,"{'id': 'model219', 'name': 'Canadian Equity Quantitative Models'}","{'id': 'model', 'name': 'Model'}","{'id': 'model-estimates-models', 'name': 'Estimates Models'}",EUR,1,TOPCS1600,MATRIX,1.0,0.9792,1,1,1.4,[],model219,Canadian Equity Quantitative Models,model,Model,model-estimates-models,Estimates Models
mdl219_1_beta,"Beta calculated over 60 months, measuring stock volatility relative to the market.","{'id': 'model219', 'name': 'Canadian Equity Quantitative Models'}","{'id': 'model', 'name': 'Model'}","{'id': 'model-estimates-models', 'name': 'Estimates Models'}",EUR,1,TOPCS1600,MATRIX,1.0,0.9172,1,1,1.4,[],model219,Canadian Equity Quantitative Models,model,Model,model-estimates-models,Estimates Models
mdl219_1_betasigma,"Product of beta and sigma, combining volatility and market sensitivity.","{'id': 'model219', 'name': 'Canadian Equity Quantitative Models'}","{'id': 'model', 'name': 'Model'}","{'id': 'model-estimates-models', 'name': 'Estimates Models'}",EUR,1,TOPCS1600,MATRIX,1.0,0.9093,1,1,1.4,[],model219,Canadian Equity Quantitative Models,model,Model,model-estimates-models,Estimates Models
mdl219_1_bmpo,Operating profit margin calculated as operating income divided by sales.,"{'id': 'model219', 'name': 'Canadian Equity Quantitative Models'}","{'id': 'model', 'name': 'Model'}","{'id': 'model-estimates-models', 'name': 'Estimates Models'}",EUR,1,TOPCS1600,MATRIX,1.0,0.972,0,0,1.4,[],model219,Canadian Equity Quantitative Models,model,Model,model-estimates-models,Estimates Models
mdl219_1_booklev,Book leverage calculated as total assets divided by book equity.,"{'id': 'model219', 'name': 'Canadian Equity Quantitative Models'}","{'id': 'model', 'name': 'Model'}","{'id': 'model-estimates-models', 'name': 'Estimates Models'}",EUR,1,TOPCS1600,MATRIX,1.0,0.979,2,2,1.4,[],model219,Canadian Equity Quantitative Models,model,Model,model-estimates-models,Estimates Models
mdl219_1_bpemtt,Trailing 12-month EPS before extraordinary items-to-price ratio calculated as EPS divided by price.,"{'id': 'model219', 'name': 'Canadian Equity Quantitative Models'}","{'id': 'model', 'name': 'Model'}","{'id': 'model-estimates-models', 'name': 'Estimates Models'}",EUR,1,TOPCS1600,MATRIX,1.0,0.9784,0,0,1.4,[],model219,Canadian Equity Quantitative Models,model,Model,model-estimates-models,Estimates Models
mdl219_1_capacq,Capital acquisition ratio measuring operating cash flow less dividends divided by expenditures.,"{'id': 'model219', 'name': 'Canadian Equity Quantitative Models'}","{'id': 'model', 'name': 'Model'}","{'id': 'model-estimates-models', 'name': 'Estimates Models'}",EUR,1,TOPCS1600,MATRIX,1.0,0.9713,1,1,1.4,[],model219,Canadian Equity Quantitative Models,model,Model,model-estimates-models,Estimates Models
mdl219_1_capexast,Capital expenditure-to-assets ratio measuring investment intensity.,"{'id': 'model219', 'name': 'Canadian Equity Quantitative Models'}","{'id': 'model', 'name': 'Model'}","{'id': 'model-estimates-models', 'name': 'Estimates Models'}",EUR,1,TOPCS1600,MATRIX,1.0,0.9771,1,1,1.4,[],model219,Canadian Equity Quantitative Models,model,Model,model-estimates-models,Estimates Models
mdl219_1_capexsale,Capital expenditure-to-sales ratio measuring investment relative to revenue.,"{'id': 'model219', 'name': 'Canadian Equity Quantitative Models'}","{'id': 'model', 'name': 'Model'}","{'id': 'model-estimates-models', 'name': 'Estimates Models'}",EUR,1,TOPCS1600,MATRIX,1.0,0.9761,1,1,1.4,[],model219,Canadian Equity Quantitative Models,model,Model,model-estimates-models,Estimates Models
mdl219_1_cashburnrate,Cash burn rate calculated as negative operating and investment cash flows divided by cash holdings.,"{'id': 'model219', 'name': 'Canadian Equity Quantitative Models'}","{'id': 'model', 'name': 'Model'}","{'id': 'model-estimates-models', 'name': 'Estimates Models'}",EUR,1,TOPCS1600,MATRIX,1.0,0.9059,2,2,1.4,[],model219,Canadian Equity Quantitative Models,model,Model,model-estimates-models,Estimates Models
mdl219_1_cashc,Cash cycle calculated as inventory days plus collection days minus payable days.,"{'id': 'model219', 'name': 'Canadian Equity Quantitative Models'}","{'id': 'model', 'name': 'Model'}","{'id': 'model-estimates-models', 'name': 'Estimates Models'}",EUR,1,TOPCS1600,MATRIX,1.0,0.8044,1,1,1.4,[],model219,Canadian Equity Quantitative Models,model,Model,model-estimates-models,Estimates Models
mdl219_1_cashp,Cash-to-price ratio calculated as cash per share divided by stock price.,"{'id': 'model219', 'name': 'Canadian Equity Quantitative Models'}","{'id': 'model', 'name': 'Model'}","{'id': 'model-estimates-models', 'name': 'Estimates Models'}",EUR,1,TOPCS1600,MATRIX,1.0,0.9077,1,1,1.4,[],model219,Canadian Equity Quantitative Models,model,Model,model-estimates-models,Estimates Models
mdl219_1_cashratio,Cash-to-current liabilities ratio measuring liquidity.,"{'id': 'model219', 'name': 'Canadian Equity Quantitative Models'}","{'id': 'model', 'name': 'Model'}","{'id': 'model-estimates-models', 'name': 'Estimates Models'}",EUR,1,TOPCS1600,MATRIX,1.0,0.8147,1,1,1.4,[],model219,Canadian Equity Quantitative Models,model,Model,model-estimates-models,Estimates Models
mdl219_1_cashratiofixed,Cash ratio calculated as cash and equivalents divided by current liabilities.,"{'id': 'model219', 'name': 'Canadian Equity Quantitative Models'}","{'id': 'model', 'name': 'Model'}","{'id': 'model-estimates-models', 'name': 'Estimates Models'}",EUR,1,TOPCS1600,MATRIX,1.0,0.8141,2,2,1.4,[],model219,Canadian Equity Quantitative Models,model,Model,model-estimates-models,Estimates Models
mdl219_1_cashsale,Cash-to-sales ratio calculated as average cash divided by sales.,"{'id': 'model219', 'name': 'Canadian Equity Quantitative Models'}","{'id': 'model', 'name': 'Model'}","{'id': 'model-estimates-models', 'name': 'Estimates Models'}",EUR,1,TOPCS1600,MATRIX,1.0,0.9068,1,1,1.4,[],model219,Canadian Equity Quantitative Models,model,Model,model-estimates-models,Estimates Models
mdl219_1_cashsev,Cash-to-enterprise value ratio representing total cash divided by enterprise value.,"{'id': 'model219', 'name': 'Canadian Equity Quantitative Models'}","{'id': 'model', 'name': 'Model'}","{'id': 'model-estimates-models', 'name': 'Estimates Models'}",EUR,1,TOPCS1600,MATRIX,1.0,0.9075,2,2,1.4,[],model219,Canadian Equity Quantitative Models,model,Model,model-estimates-models,Estimates Models
mdl219_1_ccacw,Working capital accruals calculated as changes in current assets minus liabilities.,"{'id': 'model219', 'name': 'Canadian Equity Quantitative Models'}","{'id': 'model', 'name': 'Model'}","{'id': 'model-estimates-models', 'name': 'Estimates Models'}",EUR,1,TOPCS1600,MATRIX,1.0,0.7732,0,0,1.4,[],model219,Canadian Equity Quantitative Models,model,Model,model-estimates-models,Estimates Models
mdl219_1_cfita,Cash flow from investment-to-assets ratio calculated over trailing 12 months.,"{'id': 'model219', 'name': 'Canadian Equity Quantitative Models'}","{'id': 'model', 'name': 'Model'}","{'id': 'model-estimates-models', 'name': 'Estimates Models'}",EUR,1,TOPCS1600,MATRIX,1.0,0.9788,1,1,1.4,[],model219,Canadian Equity Quantitative Models,model,Model,model-estimates-models,Estimates Models
mdl219_1_cfleverage,Cash flow leverage calculated as total liabilities divided by operating cash flow.,"{'id': 'model219', 'name': 'Canadian Equity Quantitative Models'}","{'id': 'model', 'name': 'Model'}","{'id': 'model-estimates-models', 'name': 'Estimates Models'}",EUR,1,TOPCS1600,MATRIX,1.0,0.9633,1,1,1.4,[],model219,Canadian Equity Quantitative Models,model,Model,model-estimates-models,Estimates Models
mdl219_1_cfroi,Cash flow return on invested capital calculated over trailing 12 months.,"{'id': 'model219', 'name': 'Canadian Equity Quantitative Models'}","{'id': 'model', 'name': 'Model'}","{'id': 'model-estimates-models', 'name': 'Estimates Models'}",EUR,1,TOPCS1600,MATRIX,1.0,0.9747,2,2,1.4,[],model219,Canadian Equity Quantitative Models,model,Model,model-estimates-models,Estimates Models
mdl219_1_cg3ysales,3-year compound annual growth rate of sales.,"{'id': 'model219', 'name': 'Canadian Equity Quantitative Models'}","{'id': 'model', 'name': 'Model'}","{'id': 'model-estimates-models', 'name': 'Estimates Models'}",EUR,1,TOPCS1600,MATRIX,1.0,0.949,1,1,1.4,[],model219,Canadian Equity Quantitative Models,model,Model,model-estimates-models,Estimates Models
mdl219_1_chg3ycfast,3-year change in cash flow from assets scaled by total assets.,"{'id': 'model219', 'name': 'Canadian Equity Quantitative Models'}","{'id': 'model', 'name': 'Model'}","{'id': 'model-estimates-models', 'name': 'Estimates Models'}",EUR,1,TOPCS1600,MATRIX,1.0,0.9537,1,1,1.4,[],model219,Canadian Equity Quantitative Models,model,Model,model-estimates-models,Estimates Models
mdl219_1_chg3yepsast,3-year change in EPS scaled by total assets.,"{'id': 'model219', 'name': 'Canadian Equity Quantitative Models'}","{'id': 'model', 'name': 'Model'}","{'id': 'model-estimates-models', 'name': 'Estimates Models'}",EUR,1,TOPCS1600,MATRIX,1.0,0.9667,1,1,1.4,[],model219,Canadian Equity Quantitative Models,model,Model,model-estimates-models,Estimates Models
mdl219_1_chg3yepsp,3-year change in EPS scaled by price.,"{'id': 'model219', 'name': 'Canadian Equity Quantitative Models'}","{'id': 'model', 'name': 'Model'}","{'id': 'model-estimates-models', 'name': 'Estimates Models'}",EUR,1,TOPCS1600,MATRIX,1.0,0.9659,1,1,1.4,[],model219,Canadian Equity Quantitative Models,model,Model,model-estimates-models,Estimates Models
mdl219_1_chg3yfcfast,3-year change in free cash flow scaled by total assets.,"{'id': 'model219', 'name': 'Canadian Equity Quantitative Models'}","{'id': 'model', 'name': 'Model'}","{'id': 'model-estimates-models', 'name': 'Estimates Models'}",EUR,1,TOPCS1600,MATRIX,1.0,0.959,1,1,1.4,[],model219,Canadian Equity Quantitative Models,model,Model,model-estimates-models,Estimates Models
mdl219_1_chg3yocfast,3-year change in operating cash flow scaled by total assets.,"{'id': 'model219', 'name': 'Canadian Equity Quantitative Models'}","{'id': 'model', 'name': 'Model'}","{'id': 'model-estimates-models', 'name': 'Estimates Models'}",EUR,1,TOPCS1600,MATRIX,1.0,0.9595,1,1,1.4,[],model219,Canadian Equity Quantitative Models,model,Model,model-estimates-models,Estimates Models
mdl219_1_chg6malpha18m,6-month change in 18-month alpha.,"{'id': 'model219', 'name': 'Canadian Equity Quantitative Models'}","{'id': 'model', 'name': 'Model'}","{'id': 'model-estimates-models', 'name': 'Estimates Models'}",EUR,1,TOPCS1600,MATRIX,1.0,0.9546,1,1,1.4,[],model219,Canadian Equity Quantitative Models,model,Model,model-estimates-models,Estimates Models
mdl219_1_chgalpha12m,6-month change in 12-month alpha.,"{'id': 'model219', 'name': 'Canadian Equity Quantitative Models'}","{'id': 'model', 'name': 'Model'}","{'id': 'model-estimates-models', 'name': 'Estimates Models'}",EUR,1,TOPCS1600,MATRIX,1.0,0.9617,1,1,1.4,[],model219,Canadian Equity Quantitative Models,model,Model,model-estimates-models,Estimates Models
mdl219_1_chgalpha36m,6-month change in 36-month alpha.,"{'id': 'model219', 'name': 'Canadian Equity Quantitative Models'}","{'id': 'model', 'name': 'Model'}","{'id': 'model-estimates-models', 'name': 'Estimates Models'}",EUR,1,TOPCS1600,MATRIX,1.0,0.9331,1,1,1.4,[],model219,Canadian Equity Quantitative Models,model,Model,model-estimates-models,Estimates Models
mdl219_1_chgars,1-year change in accounts receivable as a percentage of sales.,"{'id': 'model219', 'name': 'Canadian Equity Quantitative Models'}","{'id': 'model', 'name': 'Model'}","{'id': 'model-estimates-models', 'name': 'Estimates Models'}",EUR,1,TOPCS1600,MATRIX,1.0,0.9033,1,1,1.4,[],model219,Canadian Equity Quantitative Models,model,Model,model-estimates-models,Estimates Models
mdl219_1_chgnoa,Change in net operating assets scaled by total assets.,"{'id': 'model219', 'name': 'Canadian Equity Quantitative Models'}","{'id': 'model', 'name': 'Model'}","{'id': 'model-estimates-models', 'name': 'Estimates Models'}",EUR,1,TOPCS1600,MATRIX,1.0,0.9069,1,1,1.4,[],model219,Canadian Equity Quantitative Models,model,Model,model-estimates-models,Estimates Models
mdl219_1_chgollev,Change in operating liability leverage over the last year.,"{'id': 'model219', 'name': 'Canadian Equity Quantitative Models'}","{'id': 'model', 'name': 'Model'}","{'id': 'model-estimates-models', 'name': 'Estimates Models'}",EUR,1,TOPCS1600,MATRIX,1.0,0.9334,0,0,1.4,[],model219,Canadian Equity Quantitative Models,model,Model,model-estimates-models,Estimates Models
mdl219_1_chgreccast,Year-over-year change in accounts receivable relative to current assets.,"{'id': 'model219', 'name': 'Canadian Equity Quantitative Models'}","{'id': 'model', 'name': 'Model'}","{'id': 'model-estimates-models', 'name': 'Estimates Models'}",EUR,1,TOPCS1600,MATRIX,1.0,0.8095,0,0,1.4,[],model219,Canadian Equity Quantitative Models,model,Model,model-estimates-models,Estimates Models
mdl219_1_chgsgasale,Change in SG&A expenses relative to sales over the last year.,"{'id': 'model219', 'name': 'Canadian Equity Quantitative Models'}","{'id': 'model', 'name': 'Model'}","{'id': 'model-estimates-models', 'name': 'Estimates Models'}",EUR,1,TOPCS1600,MATRIX,1.0,0.8589,0,0,1.4,[],model219,Canadian Equity Quantitative Models,model,Model,model-estimates-models,Estimates Models
mdl219_1_chgshare,Percent change in shares outstanding over the last year.,"{'id': 'model219', 'name': 'Canadian Equity Quantitative Models'}","{'id': 'model', 'name': 'Model'}","{'id': 'model-estimates-models', 'name': 'Estimates Models'}",EUR,1,TOPCS1600,MATRIX,1.0,0.9659,0,0,1.4,[],model219,Canadian Equity Quantitative Models,model,Model,model-estimates-models,Estimates Models
mdl219_1_chgvolpre4y,4-year change in average trading volume.,"{'id': 'model219', 'name': 'Canadian Equity Quantitative Models'}","{'id': 'model', 'name': 'Model'}","{'id': 'model-estimates-models', 'name': 'Estimates Models'}",EUR,1,TOPCS1600,MATRIX,1.0,0.911,0,0,1.4,[],model219,Canadian Equity Quantitative Models,model,Model,model-estimates-models,Estimates Models
mdl219_1_cogsinvt,Change in cost of goods sold relative to inventory levels.,"{'id': 'model219', 'name': 'Canadian Equity Quantitative Models'}","{'id': 'model', 'name': 'Model'}","{'id': 'model-estimates-models', 'name': 'Estimates Models'}",EUR,1,TOPCS1600,MATRIX,1.0,0.8003,0,0,1.4,[],model219,Canadian Equity Quantitative Models,model,Model,model-estimates-models,Estimates Models
mdl219_1_covol,60-month trading volume trend.,"{'id': 'model219', 'name': 'Canadian Equity Quantitative Models'}","{'id': 'model', 'name': 'Model'}","{'id': 'model-estimates-models', 'name': 'Estimates Models'}",EUR,1,TOPCS1600,MATRIX,1.0,0.923,0,0,1.4,[],model219,Canadian Equity Quantitative Models,model,Model,model-estimates-models,Estimates Models
mdl219_1_curindbp_,Industry-relative book-to-price ratio adjusted for industry averages.,"{'id': 'model219', 'name': 'Canadian Equity Quantitative Models'}","{'id': 'model', 'name': 'Model'}","{'id': 'model-estimates-models', 'name': 'Estimates Models'}",EUR,1,TOPCS1600,MATRIX,1.0,0.9781,0,0,1.4,[],model219,Canadian Equity Quantitative Models,model,Model,model-estimates-models,Estimates Models
mdl219_1_curindcfp_,Industry-relative cash flow-to-price ratio adjusted for industry averages.,"{'id': 'model219', 'name': 'Canadian Equity Quantitative Models'}","{'id': 'model', 'name': 'Model'}","{'id': 'model-estimates-models', 'name': 'Estimates Models'}",EUR,1,TOPCS1600,MATRIX,1.0,0.9737,0,0,1.4,[],model219,Canadian Equity Quantitative Models,model,Model,model-estimates-models,Estimates Models
mdl219_1_curinddivp_,Industry-relative dividend yield adjusted for industry averages.,"{'id': 'model219', 'name': 'Canadian Equity Quantitative Models'}","{'id': 'model', 'name': 'Model'}","{'id': 'model-estimates-models', 'name': 'Estimates Models'}",EUR,1,TOPCS1600,MATRIX,1.0,0.9729,0,0,1.4,[],model219,Canadian Equity Quantitative Models,model,Model,model-estimates-models,Estimates Models
mdl219_1_curindebitdap_,Industry-relative EBITDA-to-price ratio adjusted for industry averages.,"{'id': 'model219', 'name': 'Canadian Equity Quantitative Models'}","{'id': 'model', 'name': 'Model'}","{'id': 'model-estimates-models', 'name': 'Estimates Models'}",EUR,1,TOPCS1600,MATRIX,1.0,0.9717,0,0,1.4,[],model219,Canadian Equity Quantitative Models,model,Model,model-estimates-models,Estimates Models
mdl219_1_curindep_,Industry-relative EPS-to-price ratio adjusted for industry averages.,"{'id': 'model219', 'name': 'Canadian Equity Quantitative Models'}","{'id': 'model', 'name': 'Model'}","{'id': 'model-estimates-models', 'name': 'Estimates Models'}",EUR,1,TOPCS1600,MATRIX,1.0,0.9777,2,2,1.4,[],model219,Canadian Equity Quantitative Models,model,Model,model-estimates-models,Estimates Models
mdl219_1_curindfcfp_,Industry-relative free cash flow-to-price ratio adjusted for industry averages.,"{'id': 'model219', 'name': 'Canadian Equity Quantitative Models'}","{'id': 'model', 'name': 'Model'}","{'id': 'model-estimates-models', 'name': 'Estimates Models'}",EUR,1,TOPCS1600,MATRIX,1.0,0.9769,1,1,1.4,[],model219,Canadian Equity Quantitative Models,model,Model,model-estimates-models,Estimates Models
mdl219_1_curindocfp_,Industry-relative operating cash flow-to-price ratio adjusted for industry averages.,"{'id': 'model219', 'name': 'Canadian Equity Quantitative Models'}","{'id': 'model', 'name': 'Model'}","{'id': 'model-estimates-models', 'name': 'Estimates Models'}",EUR,1,TOPCS1600,MATRIX,1.0,0.977,1,1,1.4,[],model219,Canadian Equity Quantitative Models,model,Model,model-estimates-models,Estimates Models
mdl219_1_curindocfta_,Industry-relative operating cash flow-to-assets ratio adjusted for industry averages.,"{'id': 'model219', 'name': 'Canadian Equity Quantitative Models'}","{'id': 'model', 'name': 'Model'}","{'id': 'model-estimates-models', 'name': 'Estimates Models'}",EUR,1,TOPCS1600,MATRIX,1.0,0.9781,0,0,1.4,[],model219,Canadian Equity Quantitative Models,model,Model,model-estimates-models,Estimates Models
mdl219_1_curindsp_,Industry-relative sales-to-price ratio adjusted for industry averages.,"{'id': 'model219', 'name': 'Canadian Equity Quantitative Models'}","{'id': 'model', 'name': 'Model'}","{'id': 'model-estimates-models', 'name': 'Estimates Models'}",EUR,1,TOPCS1600,MATRIX,1.0,0.9772,0,0,1.4,[],model219,Canadian Equity Quantitative Models,model,Model,model-estimates-models,Estimates Models
mdl219_1_curratio,Current ratio calculated as current assets divided by current liabilities.,"{'id': 'model219', 'name': 'Canadian Equity Quantitative Models'}","{'id': 'model', 'name': 'Model'}","{'id': 'model-estimates-models', 'name': 'Estimates Models'}",EUR,1,TOPCS1600,MATRIX,1.0,0.8138,1,1,1.4,[],model219,Canadian Equity Quantitative Models,model,Model,model-estimates-models,Estimates Models
mdl219_1_cvvolp20d,20-day volume volatility relative to price volatility,"{'id': 'model219', 'name': 'Canadian Equity Quantitative Models'}","{'id': 'model', 'name': 'Model'}","{'id': 'model-estimates-models', 'name': 'Estimates Models'}",EUR,1,TOPCS1600,MATRIX,1.0,0.9796,0,0,1.4,[],model219,Canadian Equity Quantitative Models,model,Model,model-estimates-models,Estimates Models
mdl219_1_cws,Working capital-to-sales ratio calculated as average working capital divided by trailing 12-month sales.,"{'id': 'model219', 'name': 'Canadian Equity Quantitative Models'}","{'id': 'model', 'name': 'Model'}","{'id': 'model-estimates-models', 'name': 'Estimates Models'}",EUR,1,TOPCS1600,MATRIX,1.0,0.8096,0,0,1.4,[],model219,Canadian Equity Quantitative Models,model,Model,model-estimates-models,Estimates Models
mdl219_1_dcc,Current cash flow debt coverage ratio measuring cash flow relative to debt.,"{'id': 'model219', 'name': 'Canadian Equity Quantitative Models'}","{'id': 'model', 'name': 'Model'}","{'id': 'model-estimates-models', 'name': 'Estimates Models'}",EUR,1,TOPCS1600,MATRIX,1.0,0.9398,1,1,1.4,[],model219,Canadian Equity Quantitative Models,model,Model,model-estimates-models,Estimates Models
mdl219_1_debtcf,Long-term debt-to-cash flow ratio calculated over trailing 12 months.,"{'id': 'model219', 'name': 'Canadian Equity Quantitative Models'}","{'id': 'model', 'name': 'Model'}","{'id': 'model-estimates-models', 'name': 'Estimates Models'}",EUR,1,TOPCS1600,MATRIX,1.0,0.9668,1,1,1.4,[],model219,Canadian Equity Quantitative Models,model,Model,model-estimates-models,Estimates Models
mdl219_1_div5yg,5-year dividend growth rate measuring compounded annual growth in dividends.,"{'id': 'model219', 'name': 'Canadian Equity Quantitative Models'}","{'id': 'model', 'name': 'Model'}","{'id': 'model-estimates-models', 'name': 'Estimates Models'}",EUR,1,TOPCS1600,MATRIX,1.0,0.8661,2,5,1.4,[],model219,Canadian Equity Quantitative Models,model,Model,model-estimates-models,Estimates Models
mdl219_1_divcf,Dividends-to-cash flow ratio calculated over trailing 12 months.,"{'id': 'model219', 'name': 'Canadian Equity Quantitative Models'}","{'id': 'model', 'name': 'Model'}","{'id': 'model-estimates-models', 'name': 'Estimates Models'}",EUR,1,TOPCS1600,MATRIX,1.0,0.8628,1,1,1.4,[],model219,Canadian Equity Quantitative Models,model,Model,model-estimates-models,Estimates Models
mdl219_1_divcov,Dividend coverage ratio calculated as operating earnings divided by dividends.,"{'id': 'model219', 'name': 'Canadian Equity Quantitative Models'}","{'id': 'model', 'name': 'Model'}","{'id': 'model-estimates-models', 'name': 'Estimates Models'}",EUR,1,TOPCS1600,MATRIX,1.0,0.8979,2,2,1.4,[],model219,Canadian Equity Quantitative Models,model,Model,model-estimates-models,Estimates Models
mdl219_1_divyield,Trailing 12-month dividend yield calculated as dividends per share divided by stock price.,"{'id': 'model219', 'name': 'Canadian Equity Quantitative Models'}","{'id': 'model', 'name': 'Model'}","{'id': 'model-estimates-models', 'name': 'Estimates Models'}",EUR,1,TOPCS1600,MATRIX,1.0,0.9734,0,0,1.4,[],model219,Canadian Equity Quantitative Models,model,Model,model-estimates-models,Estimates Models
mdl219_1_dpcapex,Change in depreciation relative to capital expenditures over the last year.,"{'id': 'model219', 'name': 'Canadian Equity Quantitative Models'}","{'id': 'model', 'name': 'Model'}","{'id': 'model-estimates-models', 'name': 'Estimates Models'}",EUR,1,TOPCS1600,MATRIX,1.0,0.919,1,1,1.4,[],model219,Canadian Equity Quantitative Models,model,Model,model-estimates-models,Estimates Models
mdl219_1_ebitdaev,EBITDA-to-enterprise value ratio used for valuation.,"{'id': 'model219', 'name': 'Canadian Equity Quantitative Models'}","{'id': 'model', 'name': 'Model'}","{'id': 'model-estimates-models', 'name': 'Estimates Models'}",EUR,1,TOPCS1600,MATRIX,1.0,0.9715,0,0,1.4,[],model219,Canadian Equity Quantitative Models,model,Model,model-estimates-models,Estimates Models
mdl219_1_ebitdap,Trailing 12-month EBITDA-to-price ratio used for valuation.,"{'id': 'model219', 'name': 'Canadian Equity Quantitative Models'}","{'id': 'model', 'name': 'Model'}","{'id': 'model-estimates-models', 'name': 'Estimates Models'}",EUR,1,TOPCS1600,MATRIX,1.0,0.9719,0,0,1.4,[],model219,Canadian Equity Quantitative Models,model,Model,model-estimates-models,Estimates Models
mdl219_1_ed,Debt-to-equity ratio measuring financial leverage.,"{'id': 'model219', 'name': 'Canadian Equity Quantitative Models'}","{'id': 'model', 'name': 'Model'}","{'id': 'model-estimates-models', 'name': 'Estimates Models'}",EUR,1,TOPCS1600,MATRIX,1.0,0.9787,0,0,1.4,[],model219,Canadian Equity Quantitative Models,model,Model,model-estimates-models,Estimates Models
mdl219_1_epschgetr,EPS change due to changes in effective tax rate over the last year.,"{'id': 'model219', 'name': 'Canadian Equity Quantitative Models'}","{'id': 'model', 'name': 'Model'}","{'id': 'model-estimates-models', 'name': 'Estimates Models'}",EUR,1,TOPCS1600,MATRIX,1.0,0.9597,0,0,1.4,[],model219,Canadian Equity Quantitative Models,model,Model,model-estimates-models,Estimates Models
mdl219_1_equityto,Equity turnover ratio calculated as sales divided by average book equity.,"{'id': 'model219', 'name': 'Canadian Equity Quantitative Models'}","{'id': 'model', 'name': 'Model'}","{'id': 'model-estimates-models', 'name': 'Estimates Models'}",EUR,1,TOPCS1600,MATRIX,1.0,0.9794,1,1,1.4,[],model219,Canadian Equity Quantitative Models,model,Model,model-estimates-models,Estimates Models
mdl219_1_fc_curindfwdep_,Industry-relative forward 12-month EPS-to-price ratio adjusted for industry averages.,"{'id': 'model219', 'name': 'Canadian Equity Quantitative Models'}","{'id': 'model', 'name': 'Model'}","{'id': 'model-estimates-models', 'name': 'Estimates Models'}",EUR,1,TOPCS1600,MATRIX,1.0,0.9774,1,1,1.4,[],model219,Canadian Equity Quantitative Models,model,Model,model-estimates-models,Estimates Models
mdl219_1_fc_dypeg,Reciprocal of dividend yield-adjusted PEG ratio.,"{'id': 'model219', 'name': 'Canadian Equity Quantitative Models'}","{'id': 'model', 'name': 'Model'}","{'id': 'model-estimates-models', 'name': 'Estimates Models'}",EUR,1,TOPCS1600,MATRIX,1.0,0.9296,1,1,1.4,[],model219,Canadian Equity Quantitative Models,model,Model,model-estimates-models,Estimates Models
mdl219_1_fc_ebop,Edwards-Bell-Ohlson value-to-price ratio based on valuation models.,"{'id': 'model219', 'name': 'Canadian Equity Quantitative Models'}","{'id': 'model', 'name': 'Model'}","{'id': 'model-estimates-models', 'name': 'Estimates Models'}",EUR,1,TOPCS1600,MATRIX,1.0,0.9118,1,3,1.4,[],model219,Canadian Equity Quantitative Models,model,Model,model-estimates-models,Estimates Models
mdl219_1_fc_estep,Leading 12-month median earnings yield calculated as forward EPS divided by price.,"{'id': 'model219', 'name': 'Canadian Equity Quantitative Models'}","{'id': 'model', 'name': 'Model'}","{'id': 'model-estimates-models', 'name': 'Estimates Models'}",EUR,1,TOPCS1600,MATRIX,1.0,0.9783,1,1,1.4,[],model219,Canadian Equity Quantitative Models,model,Model,model-estimates-models,Estimates Models
mdl219_1_fc_fcfroey1p,Product of trailing 12-month free cash flow yield and forward ROE.,"{'id': 'model219', 'name': 'Canadian Equity Quantitative Models'}","{'id': 'model', 'name': 'Model'}","{'id': 'model-estimates-models', 'name': 'Estimates Models'}",EUR,1,TOPCS1600,MATRIX,1.0,0.974,0,0,1.4,[],model219,Canadian Equity Quantitative Models,model,Model,model-estimates-models,Estimates Models
mdl219_1_fc_fwdroe,Forward return on equity calculated as next 4-quarter earnings estimates divided by book equity.,"{'id': 'model219', 'name': 'Canadian Equity Quantitative Models'}","{'id': 'model', 'name': 'Model'}","{'id': 'model-estimates-models', 'name': 'Estimates Models'}",EUR,1,TOPCS1600,MATRIX,1.0,0.9738,0,0,1.4,[],model219,Canadian Equity Quantitative Models,model,Model,model-estimates-models,Estimates Models
mdl219_1_fc_numest,Number of analysts providing earnings estimates for FY1.,"{'id': 'model219', 'name': 'Canadian Equity Quantitative Models'}","{'id': 'model', 'name': 'Model'}","{'id': 'model-estimates-models', 'name': 'Estimates Models'}",EUR,1,TOPCS1600,MATRIX,1.0,0.978,1,1,1.4,[],model219,Canadian Equity Quantitative Models,model,Model,model-estimates-models,Estimates Models
mdl219_1_fc_numrevy1,Net number of FY1 analyst forecast revisions (raised minus lowered) within a month.,"{'id': 'model219', 'name': 'Canadian Equity Quantitative Models'}","{'id': 'model', 'name': 'Model'}","{'id': 'model-estimates-models', 'name': 'Estimates Models'}",EUR,1,TOPCS1600,MATRIX,1.0,0.9776,1,1,1.4,[],model219,Canadian Equity Quantitative Models,model,Model,model-estimates-models,Estimates Models
mdl219_1_fc_rel5yfwdep,5-year relative forward 12-month EPS-to-price ratio compared to historical averages.,"{'id': 'model219', 'name': 'Canadian Equity Quantitative Models'}","{'id': 'model', 'name': 'Model'}","{'id': 'model-estimates-models', 'name': 'Estimates Models'}",EUR,1,TOPCS1600,MATRIX,1.0,0.9128,0,0,1.4,[],model219,Canadian Equity Quantitative Models,model,Model,model-estimates-models,Estimates Models
mdl219_1_fc_rev3y1,3-month revision in FY1 EPS forecasts scaled by price.,"{'id': 'model219', 'name': 'Canadian Equity Quantitative Models'}","{'id': 'model', 'name': 'Model'}","{'id': 'model-estimates-models', 'name': 'Estimates Models'}",EUR,1,TOPCS1600,MATRIX,1.0,0.9753,0,0,1.4,[],model219,Canadian Equity Quantitative Models,model,Model,model-estimates-models,Estimates Models
mdl219_1_fc_rev3y2,3-month revision in FY2 EPS forecasts scaled by price.,"{'id': 'model219', 'name': 'Canadian Equity Quantitative Models'}","{'id': 'model', 'name': 'Model'}","{'id': 'model-estimates-models', 'name': 'Estimates Models'}",EUR,1,TOPCS1600,MATRIX,1.0,0.9753,0,0,1.4,[],model219,Canadian Equity Quantitative Models,model,Model,model-estimates-models,Estimates Models
mdl219_1_fc_rev6,Average of prior 6-month changes in FY1 consensus earnings forecasts.,"{'id': 'model219', 'name': 'Canadian Equity Quantitative Models'}","{'id': 'model', 'name': 'Model'}","{'id': 'model-estimates-models', 'name': 'Estimates Models'}",EUR,1,TOPCS1600,MATRIX,1.0,0.9648,0,0,1.4,[],model219,Canadian Equity Quantitative Models,model,Model,model-estimates-models,Estimates Models
mdl219_1_fc_stdevfy1epsp,Standard deviation of FY1 EPS estimates scaled by price.,"{'id': 'model219', 'name': 'Canadian Equity Quantitative Models'}","{'id': 'model', 'name': 'Model'}","{'id': 'model-estimates-models', 'name': 'Estimates Models'}",EUR,1,TOPCS1600,MATRIX,1.0,0.9682,0,0,1.4,[],model219,Canadian Equity Quantitative Models,model,Model,model-estimates-models,Estimates Models
mdl219_1_fc_stdevfy2epsp,Standard deviation of FY2 EPS estimates scaled by price.,"{'id': 'model219', 'name': 'Canadian Equity Quantitative Models'}","{'id': 'model', 'name': 'Model'}","{'id': 'model-estimates-models', 'name': 'Estimates Models'}",EUR,1,TOPCS1600,MATRIX,1.0,0.9683,0,0,1.4,[],model219,Canadian Equity Quantitative Models,model,Model,model-estimates-models,Estimates Models
mdl219_1_fcfequity,Free cash flow to equity calculated as trailing 12-month free cash flow divided by average book equity.,"{'id': 'model219', 'name': 'Canadian Equity Quantitative Models'}","{'id': 'model', 'name': 'Model'}","{'id': 'model-estimates-models', 'name': 'Estimates Models'}",EUR,1,TOPCS1600,MATRIX,1.0,0.9764,0,0,1.4,[],model219,Canadian Equity Quantitative Models,model,Model,model-estimates-models,Estimates Models
mdl219_1_fcfghc,1-year change in free cash flow scaled by total assets.,"{'id': 'model219', 'name': 'Canadian Equity Quantitative Models'}","{'id': 'model', 'name': 'Model'}","{'id': 'model-estimates-models', 'name': 'Estimates Models'}",EUR,1,TOPCS1600,MATRIX,1.0,0.9764,1,1,1.4,[],model219,Canadian Equity Quantitative Models,model,Model,model-estimates-models,Estimates Models
mdl219_1_fcfroi,Free cash flow return on invested capital calculated over trailing 12 months.,"{'id': 'model219', 'name': 'Canadian Equity Quantitative Models'}","{'id': 'model', 'name': 'Model'}","{'id': 'model-estimates-models', 'name': 'Estimates Models'}",EUR,1,TOPCS1600,MATRIX,1.0,0.9775,0,0,1.4,[],model219,Canadian Equity Quantitative Models,model,Model,model-estimates-models,Estimates Models
mdl219_1_fcfsale,Free cash flow-to-sales ratio calculated over trailing 12 months.,"{'id': 'model219', 'name': 'Canadian Equity Quantitative Models'}","{'id': 'model', 'name': 'Model'}","{'id': 'model-estimates-models', 'name': 'Estimates Models'}",EUR,1,TOPCS1600,MATRIX,1.0,0.9771,0,0,1.4,[],model219,Canadian Equity Quantitative Models,model,Model,model-estimates-models,Estimates Models
mdl219_1_fcghc,1-year change in free cash flow scaled by total assets.,"{'id': 'model219', 'name': 'Canadian Equity Quantitative Models'}","{'id': 'model', 'name': 'Model'}","{'id': 'model-estimates-models', 'name': 'Estimates Models'}",EUR,1,TOPCS1600,MATRIX,1.0,0.9731,1,1,1.4,[],model219,Canadian Equity Quantitative Models,model,Model,model-estimates-models,Estimates Models
mdl219_1_fcoghc,1-year change in operating cash flow scaled by total assets.,"{'id': 'model219', 'name': 'Canadian Equity Quantitative Models'}","{'id': 'model', 'name': 'Model'}","{'id': 'model-estimates-models', 'name': 'Estimates Models'}",EUR,1,TOPCS1600,MATRIX,1.0,0.9768,0,0,1.4,[],model219,Canadian Equity Quantitative Models,model,Model,model-estimates-models,Estimates Models
mdl219_1_fixastto,Fixed asset turnover ratio calculated as sales divided by fixed assets.,"{'id': 'model219', 'name': 'Canadian Equity Quantitative Models'}","{'id': 'model', 'name': 'Model'}","{'id': 'model-estimates-models', 'name': 'Estimates Models'}",EUR,1,TOPCS1600,MATRIX,1.0,0.9763,0,0,1.4,[],model219,Canadian Equity Quantitative Models,model,Model,model-estimates-models,Estimates Models
mdl219_1_flowratio,Flow ratio measuring liquidity as current assets minus cash divided by liabilities minus debt.,"{'id': 'model219', 'name': 'Canadian Equity Quantitative Models'}","{'id': 'model', 'name': 'Model'}","{'id': 'model-estimates-models', 'name': 'Estimates Models'}",EUR,1,TOPCS1600,MATRIX,1.0,0.812,0,0,1.4,[],model219,Canadian Equity Quantitative Models,model,Model,model-estimates-models,Estimates Models
mdl219_1_gear,Capital gearing ratio calculated as long-term debt divided by total assets minus current liabilities.,"{'id': 'model219', 'name': 'Canadian Equity Quantitative Models'}","{'id': 'model', 'name': 'Model'}","{'id': 'model-estimates-models', 'name': 'Estimates Models'}",EUR,1,TOPCS1600,MATRIX,1.0,0.9767,0,0,1.4,[],model219,Canadian Equity Quantitative Models,model,Model,model-estimates-models,Estimates Models
mdl219_1_gspea2y_cf,2-year projected EPS growth based on analyst forecasts.,"{'id': 'model219', 'name': 'Canadian Equity Quantitative Models'}","{'id': 'model', 'name': 'Model'}","{'id': 'model-estimates-models', 'name': 'Estimates Models'}",EUR,1,TOPCS1600,MATRIX,1.0,0.9785,0,0,1.4,[],model219,Canadian Equity Quantitative Models,model,Model,model-estimates-models,Estimates Models
mdl219_1_gtl,Long-term growth rate estimates based on analyst forecasts.,"{'id': 'model219', 'name': 'Canadian Equity Quantitative Models'}","{'id': 'model', 'name': 'Model'}","{'id': 'model-estimates-models', 'name': 'Estimates Models'}",EUR,1,TOPCS1600,MATRIX,1.0,0.9389,0,0,1.4,[],model219,Canadian Equity Quantitative Models,model,Model,model-estimates-models,Estimates Models
mdl219_1_gtlm6ghc,6-month change in long-term growth estimates.,"{'id': 'model219', 'name': 'Canadian Equity Quantitative Models'}","{'id': 'model', 'name': 'Model'}","{'id': 'model-estimates-models', 'name': 'Estimates Models'}",EUR,1,TOPCS1600,MATRIX,1.0,0.9198,1,1,1.4,[],model219,Canadian Equity Quantitative Models,model,Model,model-estimates-models,Estimates Models
mdl219_1_high52w,52-week high calculated as the highest monthly closing price over the past year.,"{'id': 'model219', 'name': 'Canadian Equity Quantitative Models'}","{'id': 'model', 'name': 'Model'}","{'id': 'model-estimates-models', 'name': 'Estimates Models'}",EUR,1,TOPCS1600,MATRIX,1.0,0.9772,0,0,1.4,[],model219,Canadian Equity Quantitative Models,model,Model,model-estimates-models,Estimates Models
mdl219_1_ica,Abnormal capital investment measuring changes in capital expenditure intensity.,"{'id': 'model219', 'name': 'Canadian Equity Quantitative Models'}","{'id': 'model', 'name': 'Model'}","{'id': 'model-estimates-models', 'name': 'Estimates Models'}",EUR,1,TOPCS1600,MATRIX,1.0,0.9528,1,1,1.4,[],model219,Canadian Equity Quantitative Models,model,Model,model-estimates-models,Estimates Models
mdl219_1_idb,Basic defensive interval measuring the number of days a company can cover expenses using cash and receivables.,"{'id': 'model219', 'name': 'Canadian Equity Quantitative Models'}","{'id': 'model', 'name': 'Model'}","{'id': 'model-estimates-models', 'name': 'Estimates Models'}",EUR,1,TOPCS1600,MATRIX,1.0,0.8051,1,1,1.4,[],model219,Canadian Equity Quantitative Models,model,Model,model-estimates-models,Estimates Models
mdl219_1_indrelcroe_,Industry-adjusted quarterly return on equity relative to industry averages.,"{'id': 'model219', 'name': 'Canadian Equity Quantitative Models'}","{'id': 'model', 'name': 'Model'}","{'id': 'model-estimates-models', 'name': 'Estimates Models'}",EUR,1,TOPCS1600,MATRIX,1.0,0.9758,0,0,1.4,[],model219,Canadian Equity Quantitative Models,model,Model,model-estimates-models,Estimates Models
mdl219_1_indrelrecd_,Industry-adjusted doubtful account receivables relative to industry averages.,"{'id': 'model219', 'name': 'Canadian Equity Quantitative Models'}","{'id': 'model', 'name': 'Model'}","{'id': 'model-estimates-models', 'name': 'Estimates Models'}",EUR,1,TOPCS1600,MATRIX,1.0,0.7175,0,0,1.4,[],model219,Canadian Equity Quantitative Models,model,Model,model-estimates-models,Estimates Models
mdl219_1_indrelrtn4w_,4-week industry-relative return adjusted for industry averages.,"{'id': 'model219', 'name': 'Canadian Equity Quantitative Models'}","{'id': 'model', 'name': 'Model'}","{'id': 'model-estimates-models', 'name': 'Estimates Models'}",EUR,1,TOPCS1600,MATRIX,1.0,0.9798,0,0,1.4,[],model219,Canadian Equity Quantitative Models,model,Model,model-estimates-models,Estimates Models
mdl219_1_indrelrtn5d_,5-day industry-relative return adjusted for industry averages.,"{'id': 'model219', 'name': 'Canadian Equity Quantitative Models'}","{'id': 'model', 'name': 'Model'}","{'id': 'model-estimates-models', 'name': 'Estimates Models'}",EUR,1,TOPCS1600,MATRIX,1.0,0.9734,0,0,1.4,[],model219,Canadian Equity Quantitative Models,model,Model,model-estimates-models,Estimates Models
mdl219_1_invast,Inventory-to-total assets ratio calculated as inventory divided by total assets.,"{'id': 'model219', 'name': 'Canadian Equity Quantitative Models'}","{'id': 'model', 'name': 'Model'}","{'id': 'model-estimates-models', 'name': 'Estimates Models'}",EUR,1,TOPCS1600,MATRIX,1.0,0.8908,0,0,1.4,[],model219,Canadian Equity Quantitative Models,model,Model,model-estimates-models,Estimates Models
mdl219_1_iqa,Asset quality index measuring changes in the ratio of non-current assets to total assets.,"{'id': 'model219', 'name': 'Canadian Equity Quantitative Models'}","{'id': 'model', 'name': 'Model'}","{'id': 'model-estimates-models', 'name': 'Estimates Models'}",EUR,1,TOPCS1600,MATRIX,1.0,0.8081,1,1,1.4,[],model219,Canadian Equity Quantitative Models,model,Model,model-estimates-models,Estimates Models
mdl219_1_lagegp,Lagged inverse PEG ratio calculated using trailing 12-month EPS and sales growth.,"{'id': 'model219', 'name': 'Canadian Equity Quantitative Models'}","{'id': 'model', 'name': 'Model'}","{'id': 'model-estimates-models', 'name': 'Estimates Models'}",EUR,1,TOPCS1600,MATRIX,1.0,0.9749,0,0,1.4,[],model219,Canadian Equity Quantitative Models,model,Model,model-estimates-models,Estimates Models
mdl219_1_lfd,Financial leverage calculated as pretax income plus interest expense divided by pretax income.,"{'id': 'model219', 'name': 'Canadian Equity Quantitative Models'}","{'id': 'model', 'name': 'Model'}","{'id': 'model-estimates-models', 'name': 'Estimates Models'}",EUR,1,TOPCS1600,MATRIX,1.0,0.9755,0,0,1.4,[],model219,Canadian Equity Quantitative Models,model,Model,model-estimates-models,Estimates Models
mdl219_1_liqcoeff,Liquidity coefficient measuring the relationship between trading turnover and price returns.,"{'id': 'model219', 'name': 'Canadian Equity Quantitative Models'}","{'id': 'model', 'name': 'Model'}","{'id': 'model-estimates-models', 'name': 'Estimates Models'}",EUR,1,TOPCS1600,MATRIX,1.0,0.9577,0,0,1.4,[],model219,Canadian Equity Quantitative Models,model,Model,model-estimates-models,Estimates Models
mdl219_1_lumqca,Acquisition multiple calculated as invested capital divided by EBITDA.,"{'id': 'model219', 'name': 'Canadian Equity Quantitative Models'}","{'id': 'model', 'name': 'Model'}","{'id': 'model-estimates-models', 'name': 'Estimates Models'}",EUR,1,TOPCS1600,MATRIX,1.0,0.9613,2,2,1.4,[],model219,Canadian Equity Quantitative Models,model,Model,model-estimates-models,Estimates Models
mdl219_1_m42rav,24-month value at risk calculated as the minimum monthly price return over the last 20 months.,"{'id': 'model219', 'name': 'Canadian Equity Quantitative Models'}","{'id': 'model', 'name': 'Model'}","{'id': 'model-estimates-models', 'name': 'Estimates Models'}",EUR,1,TOPCS1600,MATRIX,1.0,0.9546,0,0,1.4,[],model219,Canadian Equity Quantitative Models,model,Model,model-estimates-models,Estimates Models
mdl219_1_m6dn2ntr,Second preceding 6-month return calculated as the percent change in stock price from month t-12 to t-7.,"{'id': 'model219', 'name': 'Canadian Equity Quantitative Models'}","{'id': 'model', 'name': 'Model'}","{'id': 'model-estimates-models', 'name': 'Estimates Models'}",EUR,1,TOPCS1600,MATRIX,1.0,0.9689,1,1,1.4,[],model219,Canadian Equity Quantitative Models,model,Model,model-estimates-models,Estimates Models
mdl219_1_milliq,Stock illiquidity calculated as the monthly average of daily absolute return to daily dollar trading volume.,"{'id': 'model219', 'name': 'Canadian Equity Quantitative Models'}","{'id': 'model', 'name': 'Model'}","{'id': 'model-estimates-models', 'name': 'Estimates Models'}",EUR,1,TOPCS1600,MATRIX,1.0,0.9816,0,0,1.4,[],model219,Canadian Equity Quantitative Models,model,Model,model-estimates-models,Estimates Models
mdl219_1_mktcappera,Market capitalization per analyst calculated as month-end market cap divided by the number of analysts.,"{'id': 'model219', 'name': 'Canadian Equity Quantitative Models'}","{'id': 'model', 'name': 'Model'}","{'id': 'model-estimates-models', 'name': 'Estimates Models'}",EUR,1,TOPCS1600,MATRIX,1.0,0.9785,0,0,1.4,[],model219,Canadian Equity Quantitative Models,model,Model,model-estimates-models,Estimates Models
mdl219_1_mktlev,Market leverage calculated as market value plus book debt divided by market value.,"{'id': 'model219', 'name': 'Canadian Equity Quantitative Models'}","{'id': 'model', 'name': 'Model'}","{'id': 'model-estimates-models', 'name': 'Estimates Models'}",EUR,1,TOPCS1600,MATRIX,1.0,0.9762,0,0,1.4,[],model219,Canadian Equity Quantitative Models,model,Model,model-estimates-models,Estimates Models
mdl219_1_mpn,Net profit margin calculated as net income divided by sales.,"{'id': 'model219', 'name': 'Canadian Equity Quantitative Models'}","{'id': 'model', 'name': 'Model'}","{'id': 'model-estimates-models', 'name': 'Estimates Models'}",EUR,1,TOPCS1600,MATRIX,1.0,0.9777,0,0,1.4,[],model219,Canadian Equity Quantitative Models,model,Model,model-estimates-models,Estimates Models
mdl219_1_mpnghc,Year-over-year change in net profit margin.,"{'id': 'model219', 'name': 'Canadian Equity Quantitative Models'}","{'id': 'model', 'name': 'Model'}","{'id': 'model-estimates-models', 'name': 'Estimates Models'}",EUR,1,TOPCS1600,MATRIX,1.0,0.9737,0,0,1.4,[],model219,Canadian Equity Quantitative Models,model,Model,model-estimates-models,Estimates Models
mdl219_1_mpoghc,1-year change in operating profit margin.,"{'id': 'model219', 'name': 'Canadian Equity Quantitative Models'}","{'id': 'model', 'name': 'Model'}","{'id': 'model-estimates-models', 'name': 'Estimates Models'}",EUR,1,TOPCS1600,MATRIX,1.0,0.9652,1,1,1.4,[],model219,Canadian Equity Quantitative Models,model,Model,model-estimates-models,Estimates Models
mdl219_1_mrspe_cf,Street revision magnitude measuring 3-month change in median earnings forecast.,"{'id': 'model219', 'name': 'Canadian Equity Quantitative Models'}","{'id': 'model', 'name': 'Model'}","{'id': 'model-estimates-models', 'name': 'Estimates Models'}",EUR,1,TOPCS1600,MATRIX,1.0,0.9605,0,0,1.4,[],model219,Canadian Equity Quantitative Models,model,Model,model-estimates-models,Estimates Models
mdl219_1_netcashp,Net cash-to-price ratio calculated as cash minus debt divided by market price.,"{'id': 'model219', 'name': 'Canadian Equity Quantitative Models'}","{'id': 'model', 'name': 'Model'}","{'id': 'model-estimates-models', 'name': 'Estimates Models'}",EUR,1,TOPCS1600,MATRIX,1.0,0.9042,1,1,1.4,[],model219,Canadian Equity Quantitative Models,model,Model,model-estimates-models,Estimates Models
mdl219_1_netdebt,"Net debt ratio calculated as net debt divided by the sum of net debt, preferred stock, and common stock.","{'id': 'model219', 'name': 'Canadian Equity Quantitative Models'}","{'id': 'model', 'name': 'Model'}","{'id': 'model-estimates-models', 'name': 'Estimates Models'}",EUR,1,TOPCS1600,MATRIX,1.0,0.9786,0,0,1.4,[],model219,Canadian Equity Quantitative Models,model,Model,model-estimates-models,Estimates Models
mdl219_1_nfaldebt,Net fixed assets-to-long-term debt ratio measuring asset coverage.,"{'id': 'model219', 'name': 'Canadian Equity Quantitative Models'}","{'id': 'model', 'name': 'Model'}","{'id': 'model-estimates-models', 'name': 'Estimates Models'}",EUR,1,TOPCS1600,MATRIX,1.0,0.952,0,0,1.4,[],model219,Canadian Equity Quantitative Models,model,Model,model-estimates-models,Estimates Models
mdl219_1_niper,Net income per employee calculated as income after taxes divided by the number of employees.,"{'id': 'model219', 'name': 'Canadian Equity Quantitative Models'}","{'id': 'model', 'name': 'Model'}","{'id': 'model-estimates-models', 'name': 'Estimates Models'}",EUR,1,TOPCS1600,MATRIX,1.0,0.9663,0,0,1.4,[],model219,Canadian Equity Quantitative Models,model,Model,model-estimates-models,Estimates Models
mdl219_1_nlassets,Natural logarithm of total assets used for normalization.,"{'id': 'model219', 'name': 'Canadian Equity Quantitative Models'}","{'id': 'model', 'name': 'Model'}","{'id': 'model-estimates-models', 'name': 'Estimates Models'}",EUR,1,TOPCS1600,MATRIX,1.0,0.9794,0,0,1.4,[],model219,Canadian Equity Quantitative Models,model,Model,model-estimates-models,Estimates Models
mdl219_1_nlmktcap,Natural logarithm of market capitalization used for normalization.,"{'id': 'model219', 'name': 'Canadian Equity Quantitative Models'}","{'id': 'model', 'name': 'Model'}","{'id': 'model-estimates-models', 'name': 'Estimates Models'}",EUR,1,TOPCS1600,MATRIX,1.0,0.9817,1,1,1.4,[],model219,Canadian Equity Quantitative Models,model,Model,model-estimates-models,Estimates Models
mdl219_1_nlprice,Natural logarithm of closing price used for normalization.,"{'id': 'model219', 'name': 'Canadian Equity Quantitative Models'}","{'id': 'model', 'name': 'Model'}","{'id': 'model-estimates-models', 'name': 'Estimates Models'}",EUR,1,TOPCS1600,MATRIX,1.0,0.9817,1,1,1.4,[],model219,Canadian Equity Quantitative Models,model,Model,model-estimates-models,Estimates Models
mdl219_1_nlsales,Natural logarithm of trailing 12-month sales used for normalization.,"{'id': 'model219', 'name': 'Canadian Equity Quantitative Models'}","{'id': 'model', 'name': 'Model'}","{'id': 'model-estimates-models', 'name': 'Estimates Models'}",EUR,1,TOPCS1600,MATRIX,1.0,0.9772,0,0,1.4,[],model219,Canadian Equity Quantitative Models,model,Model,model-estimates-models,Estimates Models
mdl219_1_nlvolcap,Logarithm of trading volume divided by market capitalization.,"{'id': 'model219', 'name': 'Canadian Equity Quantitative Models'}","{'id': 'model', 'name': 'Model'}","{'id': 'model-estimates-models', 'name': 'Estimates Models'}",EUR,1,TOPCS1600,MATRIX,1.0,0.9711,1,4,1.4,[],model219,Canadian Equity Quantitative Models,model,Model,model-estimates-models,Estimates Models
mdl219_1_nnastp,Net net current assets-to-price ratio calculated as current assets minus liabilities divided by price.,"{'id': 'model219', 'name': 'Canadian Equity Quantitative Models'}","{'id': 'model', 'name': 'Model'}","{'id': 'model-estimates-models', 'name': 'Estimates Models'}",EUR,1,TOPCS1600,MATRIX,1.0,0.8139,1,1,1.4,[],model219,Canadian Equity Quantitative Models,model,Model,model-estimates-models,Estimates Models
mdl219_1_noato,Net operating asset turnover calculated as sales divided by average net operating assets.,"{'id': 'model219', 'name': 'Canadian Equity Quantitative Models'}","{'id': 'model', 'name': 'Model'}","{'id': 'model-estimates-models', 'name': 'Estimates Models'}",EUR,1,TOPCS1600,MATRIX,1.0,0.9793,0,0,1.4,[],model219,Canadian Equity Quantitative Models,model,Model,model-estimates-models,Estimates Models
mdl219_1_nopatmargin,NOPAT margin calculated as net operating profit after tax divided by net sales.,"{'id': 'model219', 'name': 'Canadian Equity Quantitative Models'}","{'id': 'model', 'name': 'Model'}","{'id': 'model-estimates-models', 'name': 'Estimates Models'}",EUR,1,TOPCS1600,MATRIX,1.0,0.9639,0,0,1.4,[],model219,Canadian Equity Quantitative Models,model,Model,model-estimates-models,Estimates Models
mdl219_1_ntrm01ff,Fama-French momentum factor measuring percent change in stock price over 12 months excluding the most recent month.,"{'id': 'model219', 'name': 'Canadian Equity Quantitative Models'}","{'id': 'model', 'name': 'Model'}","{'id': 'model-estimates-models', 'name': 'Estimates Models'}",EUR,1,TOPCS1600,MATRIX,1.0,0.969,0,0,1.4,[],model219,Canadian Equity Quantitative Models,model,Model,model-estimates-models,Estimates Models
mdl219_1_ocfast,Operating cash flow-to-assets ratio calculated over trailing 12 months.,"{'id': 'model219', 'name': 'Canadian Equity Quantitative Models'}","{'id': 'model', 'name': 'Model'}","{'id': 'model-estimates-models', 'name': 'Estimates Models'}",EUR,1,TOPCS1600,MATRIX,1.0,0.9788,0,0,1.4,[],model219,Canadian Equity Quantitative Models,model,Model,model-estimates-models,Estimates Models
mdl219_1_ocfmargin,Operating cash flow margin calculated as operating cash flow divided by sales.,"{'id': 'model219', 'name': 'Canadian Equity Quantitative Models'}","{'id': 'model', 'name': 'Model'}","{'id': 'model-estimates-models', 'name': 'Estimates Models'}",EUR,1,TOPCS1600,MATRIX,1.0,0.9773,0,0,1.4,[],model219,Canadian Equity Quantitative Models,model,Model,model-estimates-models,Estimates Models
mdl219_1_ocfratio,Operating cash flow ratio calculated as cash flow divided by current liabilities.,"{'id': 'model219', 'name': 'Canadian Equity Quantitative Models'}","{'id': 'model', 'name': 'Model'}","{'id': 'model-estimates-models', 'name': 'Estimates Models'}",EUR,1,TOPCS1600,MATRIX,1.0,0.8144,0,0,1.4,[],model219,Canadian Equity Quantitative Models,model,Model,model-estimates-models,Estimates Models
mdl219_1_ocfroi,Operating cash flow return on invested capital calculated over trailing 12 months.,"{'id': 'model219', 'name': 'Canadian Equity Quantitative Models'}","{'id': 'model', 'name': 'Model'}","{'id': 'model-estimates-models', 'name': 'Estimates Models'}",EUR,1,TOPCS1600,MATRIX,1.0,0.9786,0,0,1.4,[],model219,Canadian Equity Quantitative Models,model,Model,model-estimates-models,Estimates Models
mdl219_1_ollev,Operating liability leverage calculated as liabilities divided by operating assets.,"{'id': 'model219', 'name': 'Canadian Equity Quantitative Models'}","{'id': 'model', 'name': 'Model'}","{'id': 'model-estimates-models', 'name': 'Estimates Models'}",EUR,1,TOPCS1600,MATRIX,1.0,0.935,0,0,1.4,[],model219,Canadian Equity Quantitative Models,model,Model,model-estimates-models,Estimates Models
mdl219_1_opincltd,Change in operating income relative to long-term debt over the last year.,"{'id': 'model219', 'name': 'Canadian Equity Quantitative Models'}","{'id': 'model', 'name': 'Model'}","{'id': 'model-estimates-models', 'name': 'Estimates Models'}",EUR,1,TOPCS1600,MATRIX,1.0,0.9411,1,1,1.4,[],model219,Canadian Equity Quantitative Models,model,Model,model-estimates-models,Estimates Models
mdl219_1_oplev,Operating leverage calculated as the percent change in operating income divided by the percent change in sales.,"{'id': 'model219', 'name': 'Canadian Equity Quantitative Models'}","{'id': 'model', 'name': 'Model'}","{'id': 'model-estimates-models', 'name': 'Estimates Models'}",EUR,1,TOPCS1600,MATRIX,1.0,0.9617,0,0,1.4,[],model219,Canadian Equity Quantitative Models,model,Model,model-estimates-models,Estimates Models
mdl219_1_otvni,Inventory turnover ratio calculated as cost of goods sold divided by average inventory.,"{'id': 'model219', 'name': 'Canadian Equity Quantitative Models'}","{'id': 'model', 'name': 'Model'}","{'id': 'model-estimates-models', 'name': 'Estimates Models'}",EUR,1,TOPCS1600,MATRIX,1.0,0.8052,0,0,1.4,[],model219,Canadian Equity Quantitative Models,model,Model,model-estimates-models,Estimates Models
mdl219_1_p50_200ratio,50-day moving average price divided by the 200-day moving average price.,"{'id': 'model219', 'name': 'Canadian Equity Quantitative Models'}","{'id': 'model', 'name': 'Model'}","{'id': 'model-estimates-models', 'name': 'Estimates Models'}",EUR,1,TOPCS1600,MATRIX,1.0,0.9718,0,0,1.4,[],model219,Canadian Equity Quantitative Models,model,Model,model-estimates-models,Estimates Models
mdl219_1_past,Price-to-total assets ratio calculated as market price divided by total assets per share.,"{'id': 'model219', 'name': 'Canadian Equity Quantitative Models'}","{'id': 'model', 'name': 'Model'}","{'id': 'model-estimates-models', 'name': 'Estimates Models'}",EUR,1,TOPCS1600,MATRIX,1.0,0.9789,0,0,1.4,[],model219,Canadian Equity Quantitative Models,model,Model,model-estimates-models,Estimates Models
mdl219_1_pau,Unexpected change in accounts payable scaled by total assets.,"{'id': 'model219', 'name': 'Canadian Equity Quantitative Models'}","{'id': 'model', 'name': 'Model'}","{'id': 'model-estimates-models', 'name': 'Estimates Models'}",EUR,1,TOPCS1600,MATRIX,1.0,0.8019,0,0,1.4,[],model219,Canadian Equity Quantitative Models,model,Model,model-estimates-models,Estimates Models
mdl219_1_pb,Book-to-market ratio calculated as book value divided by market price.,"{'id': 'model219', 'name': 'Canadian Equity Quantitative Models'}","{'id': 'model', 'name': 'Model'}","{'id': 'model-estimates-models', 'name': 'Estimates Models'}",EUR,1,TOPCS1600,MATRIX,1.0,0.9788,2,2,1.4,[],model219,Canadian Equity Quantitative Models,model,Model,model-estimates-models,Estimates Models
mdl219_1_pca,Average collection period calculated as accounts receivable times 365 divided by sales.,"{'id': 'model219', 'name': 'Canadian Equity Quantitative Models'}","{'id': 'model', 'name': 'Model'}","{'id': 'model-estimates-models', 'name': 'Estimates Models'}",EUR,1,TOPCS1600,MATRIX,1.0,0.9065,1,1,1.4,[],model219,Canadian Equity Quantitative Models,model,Model,model-estimates-models,Estimates Models
mdl219_1_pctabv260low,Percent above the lowest trading price in the last 260 days.,"{'id': 'model219', 'name': 'Canadian Equity Quantitative Models'}","{'id': 'model', 'name': 'Model'}","{'id': 'model-estimates-models', 'name': 'Estimates Models'}",EUR,1,TOPCS1600,MATRIX,1.0,0.9769,0,0,1.4,[],model219,Canadian Equity Quantitative Models,model,Model,model-estimates-models,Estimates Models
mdl219_1_pctchg3ycf,3-year growth in cash flow per share calculated as a percentage.,"{'id': 'model219', 'name': 'Canadian Equity Quantitative Models'}","{'id': 'model', 'name': 'Model'}","{'id': 'model-estimates-models', 'name': 'Estimates Models'}",EUR,1,TOPCS1600,MATRIX,1.0,0.9403,1,1,1.4,[],model219,Canadian Equity Quantitative Models,model,Model,model-estimates-models,Estimates Models
mdl219_1_pctchg3yeps,3-year growth in EPS calculated as a percentage.,"{'id': 'model219', 'name': 'Canadian Equity Quantitative Models'}","{'id': 'model', 'name': 'Model'}","{'id': 'model-estimates-models', 'name': 'Estimates Models'}",EUR,1,TOPCS1600,MATRIX,1.0,0.9498,0,0,1.4,[],model219,Canadian Equity Quantitative Models,model,Model,model-estimates-models,Estimates Models
mdl219_1_pctchg3yfcf,3-year growth in free cash flow per share calculated as a percentage.,"{'id': 'model219', 'name': 'Canadian Equity Quantitative Models'}","{'id': 'model', 'name': 'Model'}","{'id': 'model-estimates-models', 'name': 'Estimates Models'}",EUR,1,TOPCS1600,MATRIX,1.0,0.9069,0,0,1.4,[],model219,Canadian Equity Quantitative Models,model,Model,model-estimates-models,Estimates Models
mdl219_1_pctchg3yocf,3-year growth in operating cash flow per share calculated as a percentage.,"{'id': 'model219', 'name': 'Canadian Equity Quantitative Models'}","{'id': 'model', 'name': 'Model'}","{'id': 'model-estimates-models', 'name': 'Estimates Models'}",EUR,1,TOPCS1600,MATRIX,1.0,0.9425,0,0,1.4,[],model219,Canadian Equity Quantitative Models,model,Model,model-estimates-models,Estimates Models
mdl219_1_pctchgastto,1-year change in asset turnover ratio calculated as a percentage.,"{'id': 'model219', 'name': 'Canadian Equity Quantitative Models'}","{'id': 'model', 'name': 'Model'}","{'id': 'model-estimates-models', 'name': 'Estimates Models'}",EUR,1,TOPCS1600,MATRIX,1.0,0.9774,0,0,1.4,[],model219,Canadian Equity Quantitative Models,model,Model,model-estimates-models,Estimates Models
mdl219_1_pctchgcf,1-year growth in cash flow per share calculated as a percentage.,"{'id': 'model219', 'name': 'Canadian Equity Quantitative Models'}","{'id': 'model', 'name': 'Model'}","{'id': 'model-estimates-models', 'name': 'Estimates Models'}",EUR,1,TOPCS1600,MATRIX,1.0,0.9622,0,0,1.4,[],model219,Canadian Equity Quantitative Models,model,Model,model-estimates-models,Estimates Models
mdl219_1_pctchgeps,1-year growth in EPS calculated as a percentage.,"{'id': 'model219', 'name': 'Canadian Equity Quantitative Models'}","{'id': 'model', 'name': 'Model'}","{'id': 'model-estimates-models', 'name': 'Estimates Models'}",EUR,1,TOPCS1600,MATRIX,1.0,0.9638,0,0,1.4,[],model219,Canadian Equity Quantitative Models,model,Model,model-estimates-models,Estimates Models
mdl219_1_pctchgfcf,1-year growth in free cash flow per share calculated as a percentage.,"{'id': 'model219', 'name': 'Canadian Equity Quantitative Models'}","{'id': 'model', 'name': 'Model'}","{'id': 'model-estimates-models', 'name': 'Estimates Models'}",EUR,1,TOPCS1600,MATRIX,1.0,0.928,0,0,1.4,[],model219,Canadian Equity Quantitative Models,model,Model,model-estimates-models,Estimates Models
mdl219_1_pctchgocf,1-year growth in operating cash flow per share calculated as a percentage.,"{'id': 'model219', 'name': 'Canadian Equity Quantitative Models'}","{'id': 'model', 'name': 'Model'}","{'id': 'model-estimates-models', 'name': 'Estimates Models'}",EUR,1,TOPCS1600,MATRIX,1.0,0.9638,1,1,1.4,[],model219,Canadian Equity Quantitative Models,model,Model,model-estimates-models,Estimates Models
mdl219_1_pctchgqtrast,1-year change in total assets calculated as a percentage.,"{'id': 'model219', 'name': 'Canadian Equity Quantitative Models'}","{'id': 'model', 'name': 'Model'}","{'id': 'model-estimates-models', 'name': 'Estimates Models'}",EUR,1,TOPCS1600,MATRIX,1.0,0.9758,0,0,1.4,[],model219,Canadian Equity Quantitative Models,model,Model,model-estimates-models,Estimates Models
mdl219_1_pctchgqtrsales,1-year change in sales calculated as a percentage.,"{'id': 'model219', 'name': 'Canadian Equity Quantitative Models'}","{'id': 'model', 'name': 'Model'}","{'id': 'model-estimates-models', 'name': 'Estimates Models'}",EUR,1,TOPCS1600,MATRIX,1.0,0.9736,0,0,1.4,[],model219,Canadian Equity Quantitative Models,model,Model,model-estimates-models,Estimates Models
mdl219_1_pcurlia,Current liabilities-to-price ratio calculated as liabilities per share divided by stock price.,"{'id': 'model219', 'name': 'Canadian Equity Quantitative Models'}","{'id': 'model', 'name': 'Model'}","{'id': 'model-estimates-models', 'name': 'Estimates Models'}",EUR,1,TOPCS1600,MATRIX,1.0,0.8144,0,0,1.4,[],model219,Canadian Equity Quantitative Models,model,Model,model-estimates-models,Estimates Models
mdl219_1_pd09erpvc,Coefficient of variation of prior 90-day closing prices.,"{'id': 'model219', 'name': 'Canadian Equity Quantitative Models'}","{'id': 'model', 'name': 'Model'}","{'id': 'model-estimates-models', 'name': 'Estimates Models'}",EUR,1,TOPCS1600,MATRIX,1.0,0.9779,0,0,1.4,[],model219,Canadian Equity Quantitative Models,model,Model,model-estimates-models,Estimates Models
mdl219_1_pe_wt,Time-weighted earnings yield calculated as the weighted average of reported EPS and forward EPS divided by price.,"{'id': 'model219', 'name': 'Canadian Equity Quantitative Models'}","{'id': 'model', 'name': 'Model'}","{'id': 'model-estimates-models', 'name': 'Estimates Models'}",EUR,1,TOPCS1600,MATRIX,1.0,0.9784,1,1,1.4,[],model219,Canadian Equity Quantitative Models,model,Model,model-estimates-models,Estimates Models
mdl219_1_pedu,Unexpected change in depreciation scaled by total assets.,"{'id': 'model219', 'name': 'Canadian Equity Quantitative Models'}","{'id': 'model', 'name': 'Model'}","{'id': 'model-estimates-models', 'name': 'Estimates Models'}",EUR,1,TOPCS1600,MATRIX,1.0,0.9705,0,0,1.4,[],model219,Canadian Equity Quantitative Models,model,Model,model-estimates-models,Estimates Models
mdl219_1_pedwf_cf,Forward earnings yield based on consensus estimates divided by price.,"{'id': 'model219', 'name': 'Canadian Equity Quantitative Models'}","{'id': 'model', 'name': 'Model'}","{'id': 'model-estimates-models', 'name': 'Estimates Models'}",EUR,1,TOPCS1600,MATRIX,1.0,0.9784,2,2,1.4,[],model219,Canadian Equity Quantitative Models,model,Model,model-estimates-models,Estimates Models
mdl219_1_pelh_cf,Street revision confidence measuring the sum of 3-month changes in highest and lowest earnings forecasts.,"{'id': 'model219', 'name': 'Canadian Equity Quantitative Models'}","{'id': 'model', 'name': 'Model'}","{'id': 'model-estimates-models', 'name': 'Estimates Models'}",EUR,1,TOPCS1600,MATRIX,1.0,0.9733,1,2,1.4,[],model219,Canadian Equity Quantitative Models,model,Model,model-estimates-models,Estimates Models
mdl219_1_perg,Risk-adjusted PEG ratio calculated as price divided by forward EPS and scaled by growth rate.,"{'id': 'model219', 'name': 'Canadian Equity Quantitative Models'}","{'id': 'model', 'name': 'Model'}","{'id': 'model-estimates-models', 'name': 'Estimates Models'}",EUR,1,TOPCS1600,MATRIX,1.0,0.9002,0,0,1.4,[],model219,Canadian Equity Quantitative Models,model,Model,model-estimates-models,Estimates Models
mdl219_1_pfcf_cf,Free cash flow-to-price ratio calculated over trailing 12 months.,"{'id': 'model219', 'name': 'Canadian Equity Quantitative Models'}","{'id': 'model', 'name': 'Model'}","{'id': 'model-estimates-models', 'name': 'Estimates Models'}",EUR,1,TOPCS1600,MATRIX,1.0,0.9701,1,1,1.4,[],model219,Canadian Equity Quantitative Models,model,Model,model-estimates-models,Estimates Models
mdl219_1_pfcfghc,1-year change in free cash flow per share scaled by price.,"{'id': 'model219', 'name': 'Canadian Equity Quantitative Models'}","{'id': 'model', 'name': 'Model'}","{'id': 'model-estimates-models', 'name': 'Estimates Models'}",EUR,1,TOPCS1600,MATRIX,1.0,0.974,1,1,1.4,[],model219,Canadian Equity Quantitative Models,model,Model,model-estimates-models,Estimates Models
mdl219_1_pfcfmtt,Free cash flow-to-price ratio calculated over trailing 12 months.,"{'id': 'model219', 'name': 'Canadian Equity Quantitative Models'}","{'id': 'model', 'name': 'Model'}","{'id': 'model-estimates-models', 'name': 'Estimates Models'}",EUR,1,TOPCS1600,MATRIX,1.0,0.9776,4,4,1.4,[],model219,Canadian Equity Quantitative Models,model,Model,model-estimates-models,Estimates Models
mdl219_1_pfcfy3ghc,3-year change in free cash flow per share scaled by price.,"{'id': 'model219', 'name': 'Canadian Equity Quantitative Models'}","{'id': 'model', 'name': 'Model'}","{'id': 'model-estimates-models', 'name': 'Estimates Models'}",EUR,1,TOPCS1600,MATRIX,1.0,0.9528,1,1,1.4,[],model219,Canadian Equity Quantitative Models,model,Model,model-estimates-models,Estimates Models
mdl219_1_pfcghc,1-year change in free cash flow per share scaled by price.,"{'id': 'model219', 'name': 'Canadian Equity Quantitative Models'}","{'id': 'model', 'name': 'Model'}","{'id': 'model-estimates-models', 'name': 'Estimates Models'}",EUR,1,TOPCS1600,MATRIX,1.0,0.9696,1,1,1.4,[],model219,Canadian Equity Quantitative Models,model,Model,model-estimates-models,Estimates Models
mdl219_1_pfcmtt,Trailing 12-month cash flow-to-price ratio calculated as cash flow per share divided by price.,"{'id': 'model219', 'name': 'Canadian Equity Quantitative Models'}","{'id': 'model', 'name': 'Model'}","{'id': 'model-estimates-models', 'name': 'Estimates Models'}",EUR,1,TOPCS1600,MATRIX,1.0,0.9741,0,0,1.4,[],model219,Canadian Equity Quantitative Models,model,Model,model-estimates-models,Estimates Models
mdl219_1_pfcoghc,1-year change in operating cash flow per share scaled by price.,"{'id': 'model219', 'name': 'Canadian Equity Quantitative Models'}","{'id': 'model', 'name': 'Model'}","{'id': 'model-estimates-models', 'name': 'Estimates Models'}",EUR,1,TOPCS1600,MATRIX,1.0,0.9741,0,0,1.4,[],model219,Canadian Equity Quantitative Models,model,Model,model-estimates-models,Estimates Models
mdl219_1_pfcomtt,Trailing 12-month operating cash flow-to-price ratio calculated as operating cash flow per share divided by price.,"{'id': 'model219', 'name': 'Canadian Equity Quantitative Models'}","{'id': 'model', 'name': 'Model'}","{'id': 'model-estimates-models', 'name': 'Estimates Models'}",EUR,1,TOPCS1600,MATRIX,1.0,0.9777,1,1,1.4,[],model219,Canadian Equity Quantitative Models,model,Model,model-estimates-models,Estimates Models
mdl219_1_pfcoy3ghc,3-year change in operating cash flow per share scaled by price.,"{'id': 'model219', 'name': 'Canadian Equity Quantitative Models'}","{'id': 'model', 'name': 'Model'}","{'id': 'model-estimates-models', 'name': 'Estimates Models'}",EUR,1,TOPCS1600,MATRIX,1.0,0.9533,1,2,1.4,[],model219,Canadian Equity Quantitative Models,model,Model,model-estimates-models,Estimates Models
mdl219_1_pfcy3ghc,3-year change in free cash flow per share scaled by price.,"{'id': 'model219', 'name': 'Canadian Equity Quantitative Models'}","{'id': 'model', 'name': 'Model'}","{'id': 'model-estimates-models', 'name': 'Estimates Models'}",EUR,1,TOPCS1600,MATRIX,1.0,0.9475,1,1,1.4,[],model219,Canadian Equity Quantitative Models,model,Model,model-estimates-models,Estimates Models
mdl219_1_pfgmtt,Trailing 12-month growth flow-to-price ratio calculated as growth flow per share divided by price.,"{'id': 'model219', 'name': 'Canadian Equity Quantitative Models'}","{'id': 'model', 'name': 'Model'}","{'id': 'model-estimates-models', 'name': 'Estimates Models'}",EUR,1,TOPCS1600,MATRIX,1.0,0.9783,0,0,1.4,[],model219,Canadian Equity Quantitative Models,model,Model,model-estimates-models,Estimates Models
mdl219_1_pge_cf,Inverse PEG ratio adjusted for dividend yield.,"{'id': 'model219', 'name': 'Canadian Equity Quantitative Models'}","{'id': 'model', 'name': 'Model'}","{'id': 'model-estimates-models', 'name': 'Estimates Models'}",EUR,1,TOPCS1600,MATRIX,1.0,0.9386,0,0,1.4,[],model219,Canadian Equity Quantitative Models,model,Model,model-estimates-models,Estimates Models
mdl219_1_pinoa,Pretax return on net operating assets calculated as operating income divided by net operating assets.,"{'id': 'model219', 'name': 'Canadian Equity Quantitative Models'}","{'id': 'model', 'name': 'Model'}","{'id': 'model-estimates-models', 'name': 'Estimates Models'}",EUR,1,TOPCS1600,MATRIX,1.0,0.8096,0,0,1.4,[],model219,Canadian Equity Quantitative Models,model,Model,model-estimates-models,Estimates Models
mdl219_1_ppa,Average payable period calculated as accounts payable times 365 divided by cost of goods sold.,"{'id': 'model219', 'name': 'Canadian Equity Quantitative Models'}","{'id': 'model', 'name': 'Model'}","{'id': 'model-estimates-models', 'name': 'Estimates Models'}",EUR,1,TOPCS1600,MATRIX,1.0,0.8065,1,1,1.4,[],model219,Canadian Equity Quantitative Models,model,Model,model-estimates-models,Estimates Models
mdl219_1_pqipmtt,Trailing 12-month pretax income-to-price ratio calculated as pretax income per share divided by price.,"{'id': 'model219', 'name': 'Canadian Equity Quantitative Models'}","{'id': 'model', 'name': 'Model'}","{'id': 'model-estimates-models', 'name': 'Estimates Models'}",EUR,1,TOPCS1600,MATRIX,1.0,0.9784,0,0,1.4,[],model219,Canadian Equity Quantitative Models,model,Model,model-estimates-models,Estimates Models
mdl219_1_psmtt,Trailing 12-month sales-to-price ratio calculated as sales per share divided by price.,"{'id': 'model219', 'name': 'Canadian Equity Quantitative Models'}","{'id': 'model', 'name': 'Model'}","{'id': 'model-estimates-models', 'name': 'Estimates Models'}",EUR,1,TOPCS1600,MATRIX,1.0,0.9783,1,1,1.4,[],model219,Canadian Equity Quantitative Models,model,Model,model-estimates-models,Estimates Models
mdl219_1_pspeghc,1-year change in EPS scaled by price.,"{'id': 'model219', 'name': 'Canadian Equity Quantitative Models'}","{'id': 'model', 'name': 'Model'}","{'id': 'model-estimates-models', 'name': 'Estimates Models'}",EUR,1,TOPCS1600,MATRIX,1.0,0.9768,1,1,1.4,[],model219,Canadian Equity Quantitative Models,model,Model,model-estimates-models,Estimates Models
mdl219_1_pvan,Net asset value-to-price ratio calculated as book value of net assets divided by price.,"{'id': 'model219', 'name': 'Canadian Equity Quantitative Models'}","{'id': 'model', 'name': 'Model'}","{'id': 'model-estimates-models', 'name': 'Estimates Models'}",EUR,1,TOPCS1600,MATRIX,1.0,0.9793,0,0,1.4,[],model219,Canadian Equity Quantitative Models,model,Model,model-estimates-models,Estimates Models
mdl219_1_rationalalpha,Rational decay alpha measuring excess return using a decay function for weighting.,"{'id': 'model219', 'name': 'Canadian Equity Quantitative Models'}","{'id': 'model', 'name': 'Model'}","{'id': 'model-estimates-models', 'name': 'Estimates Models'}",EUR,1,TOPCS1600,MATRIX,1.0,0.9661,1,1,1.4,[],model219,Canadian Equity Quantitative Models,model,Model,model-estimates-models,Estimates Models
mdl219_1_ratrev6m,6-month average of analyst rating revisions.,"{'id': 'model219', 'name': 'Canadian Equity Quantitative Models'}","{'id': 'model', 'name': 'Model'}","{'id': 'model-estimates-models', 'name': 'Estimates Models'}",EUR,1,TOPCS1600,MATRIX,1.0,0.9715,0,0,1.4,[],model219,Canadian Equity Quantitative Models,model,Model,model-estimates-models,Estimates Models
mdl219_1_rau,Unexpected change in accounts receivable scaled by total assets.,"{'id': 'model219', 'name': 'Canadian Equity Quantitative Models'}","{'id': 'model', 'name': 'Model'}","{'id': 'model-estimates-models', 'name': 'Estimates Models'}",EUR,1,TOPCS1600,MATRIX,1.0,0.904,0,0,1.4,[],model219,Canadian Equity Quantitative Models,model,Model,model-estimates-models,Estimates Models
mdl219_1_rdsale,R&D intensity calculated as research and development expenses divided by sales.,"{'id': 'model219', 'name': 'Canadian Equity Quantitative Models'}","{'id': 'model', 'name': 'Model'}","{'id': 'model-estimates-models', 'name': 'Estimates Models'}",EUR,1,TOPCS1600,MATRIX,1.0,0.7423,0,0,1.4,[],model219,Canadian Equity Quantitative Models,model,Model,model-estimates-models,Estimates Models
mdl219_1_reinrate,Reinvestment rate calculated as EPS minus dividends divided by book equity.,"{'id': 'model219', 'name': 'Canadian Equity Quantitative Models'}","{'id': 'model', 'name': 'Model'}","{'id': 'model-estimates-models', 'name': 'Estimates Models'}",EUR,1,TOPCS1600,MATRIX,1.0,0.9706,0,0,1.4,[],model219,Canadian Equity Quantitative Models,model,Model,model-estimates-models,Estimates Models
mdl219_1_rel5ybp,5-year relative book-to-market ratio compared to historical averages.,"{'id': 'model219', 'name': 'Canadian Equity Quantitative Models'}","{'id': 'model', 'name': 'Model'}","{'id': 'model-estimates-models', 'name': 'Estimates Models'}",EUR,1,TOPCS1600,MATRIX,1.0,0.9063,0,0,1.4,[],model219,Canadian Equity Quantitative Models,model,Model,model-estimates-models,Estimates Models
mdl219_1_rel5ycfp,5-year relative cash flow-to-price ratio compared to historical averages.,"{'id': 'model219', 'name': 'Canadian Equity Quantitative Models'}","{'id': 'model', 'name': 'Model'}","{'id': 'model-estimates-models', 'name': 'Estimates Models'}",EUR,1,TOPCS1600,MATRIX,1.0,0.8825,0,0,1.4,[],model219,Canadian Equity Quantitative Models,model,Model,model-estimates-models,Estimates Models
mdl219_1_rel5ydivp,5-year relative dividend yield compared to historical averages.,"{'id': 'model219', 'name': 'Canadian Equity Quantitative Models'}","{'id': 'model', 'name': 'Model'}","{'id': 'model-estimates-models', 'name': 'Estimates Models'}",EUR,1,TOPCS1600,MATRIX,1.0,0.8676,1,1,1.4,[],model219,Canadian Equity Quantitative Models,model,Model,model-estimates-models,Estimates Models
mdl219_1_rel5yebitdap,5-year relative EBITDA-to-price ratio compared to historical averages.,"{'id': 'model219', 'name': 'Canadian Equity Quantitative Models'}","{'id': 'model', 'name': 'Model'}","{'id': 'model-estimates-models', 'name': 'Estimates Models'}",EUR,1,TOPCS1600,MATRIX,1.0,0.8888,0,0,1.4,[],model219,Canadian Equity Quantitative Models,model,Model,model-estimates-models,Estimates Models
mdl219_1_rel5yep,5-year relative EPS-to-price ratio compared to historical averages.,"{'id': 'model219', 'name': 'Canadian Equity Quantitative Models'}","{'id': 'model', 'name': 'Model'}","{'id': 'model-estimates-models', 'name': 'Estimates Models'}",EUR,1,TOPCS1600,MATRIX,1.0,0.9061,0,0,1.4,[],model219,Canadian Equity Quantitative Models,model,Model,model-estimates-models,Estimates Models
mdl219_1_rel5yfcfp,5-year relative free cash flow-to-price ratio compared to historical averages.,"{'id': 'model219', 'name': 'Canadian Equity Quantitative Models'}","{'id': 'model', 'name': 'Model'}","{'id': 'model-estimates-models', 'name': 'Estimates Models'}",EUR,1,TOPCS1600,MATRIX,1.0,0.8929,0,0,1.4,[],model219,Canadian Equity Quantitative Models,model,Model,model-estimates-models,Estimates Models
mdl219_1_rel5yocfp,5-year relative operating cash flow-to-price ratio compared to historical averages.,"{'id': 'model219', 'name': 'Canadian Equity Quantitative Models'}","{'id': 'model', 'name': 'Model'}","{'id': 'model-estimates-models', 'name': 'Estimates Models'}",EUR,1,TOPCS1600,MATRIX,1.0,0.893,0,0,1.4,[],model219,Canadian Equity Quantitative Models,model,Model,model-estimates-models,Estimates Models
mdl219_1_rel5ysp,5-year relative sales-to-price ratio compared to historical averages.,"{'id': 'model219', 'name': 'Canadian Equity Quantitative Models'}","{'id': 'model', 'name': 'Model'}","{'id': 'model-estimates-models', 'name': 'Estimates Models'}",EUR,1,TOPCS1600,MATRIX,1.0,0.9047,0,0,1.4,[],model219,Canadian Equity Quantitative Models,model,Model,model-estimates-models,Estimates Models
mdl219_1_relpricestrength_,Industry-adjusted 12-month relative price strength compared to industry averages.,"{'id': 'model219', 'name': 'Canadian Equity Quantitative Models'}","{'id': 'model', 'name': 'Model'}","{'id': 'model-estimates-models', 'name': 'Estimates Models'}",EUR,1,TOPCS1600,MATRIX,1.0,0.9674,0,0,1.4,[],model219,Canadian Equity Quantitative Models,model,Model,model-estimates-models,Estimates Models
mdl219_1_rerror60m,Regression error of 60-month CAPM used for trend analysis.,"{'id': 'model219', 'name': 'Canadian Equity Quantitative Models'}","{'id': 'model', 'name': 'Model'}","{'id': 'model-estimates-models', 'name': 'Estimates Models'}",EUR,1,TOPCS1600,MATRIX,1.0,0.9095,0,0,1.4,[],model219,Canadian Equity Quantitative Models,model,Model,model-estimates-models,Estimates Models
mdl219_1_revper,Revenue per employee calculated as trailing 12-month sales divided by the number of employees.,"{'id': 'model219', 'name': 'Canadian Equity Quantitative Models'}","{'id': 'model', 'name': 'Model'}","{'id': 'model-estimates-models', 'name': 'Estimates Models'}",EUR,1,TOPCS1600,MATRIX,1.0,0.9663,0,0,1.4,[],model219,Canadian Equity Quantitative Models,model,Model,model-estimates-models,Estimates Models
mdl219_1_roe,Return on equity calculated as net income divided by shareholder equity.,"{'id': 'model219', 'name': 'Canadian Equity Quantitative Models'}","{'id': 'model', 'name': 'Model'}","{'id': 'model-estimates-models', 'name': 'Estimates Models'}",EUR,1,TOPCS1600,MATRIX,1.0,0.9763,0,0,1.4,[],model219,Canadian Equity Quantitative Models,model,Model,model-estimates-models,Estimates Models
mdl219_1_roic,Return on invested capital calculated as net income and interest expenses divided by invested capital.,"{'id': 'model219', 'name': 'Canadian Equity Quantitative Models'}","{'id': 'model', 'name': 'Model'}","{'id': 'model-estimates-models', 'name': 'Estimates Models'}",EUR,1,TOPCS1600,MATRIX,1.0,0.9754,0,0,1.4,[],model219,Canadian Equity Quantitative Models,model,Model,model-estimates-models,Estimates Models
mdl219_1_rq,Quick ratio calculated as current assets minus inventory divided by current liabilities.,"{'id': 'model219', 'name': 'Canadian Equity Quantitative Models'}","{'id': 'model', 'name': 'Model'}","{'id': 'model-estimates-models', 'name': 'Estimates Models'}",EUR,1,TOPCS1600,MATRIX,1.0,0.8129,0,0,1.4,[],model219,Canadian Equity Quantitative Models,model,Model,model-estimates-models,Estimates Models
mdl219_1_saleeps,Change in trailing 12-month sales relative to EPS.,"{'id': 'model219', 'name': 'Canadian Equity Quantitative Models'}","{'id': 'model', 'name': 'Model'}","{'id': 'model-estimates-models', 'name': 'Estimates Models'}",EUR,1,TOPCS1600,MATRIX,1.0,0.9539,0,0,1.4,[],model219,Canadian Equity Quantitative Models,model,Model,model-estimates-models,Estimates Models
mdl219_1_saleg5y,5-year sales growth calculated as the difference between trailing 12-month sales and sales 20 quarters ago.,"{'id': 'model219', 'name': 'Canadian Equity Quantitative Models'}","{'id': 'model', 'name': 'Model'}","{'id': 'model-estimates-models', 'name': 'Estimates Models'}",EUR,1,TOPCS1600,MATRIX,1.0,0.9406,0,0,1.4,[],model219,Canadian Equity Quantitative Models,model,Model,model-estimates-models,Estimates Models
mdl219_1_salegpm,Change in quarterly sales relative to gross profit margin over the last year.,"{'id': 'model219', 'name': 'Canadian Equity Quantitative Models'}","{'id': 'model', 'name': 'Model'}","{'id': 'model-estimates-models', 'name': 'Estimates Models'}",EUR,1,TOPCS1600,MATRIX,1.0,0.8887,0,0,1.4,[],model219,Canadian Equity Quantitative Models,model,Model,model-estimates-models,Estimates Models
mdl219_1_salerec,Change in trailing 12-month sales relative to accounts receivable.,"{'id': 'model219', 'name': 'Canadian Equity Quantitative Models'}","{'id': 'model', 'name': 'Model'}","{'id': 'model-estimates-models', 'name': 'Estimates Models'}",EUR,1,TOPCS1600,MATRIX,1.0,0.9031,0,0,1.4,[],model219,Canadian Equity Quantitative Models,model,Model,model-estimates-models,Estimates Models
mdl219_1_sighc,Year-over-year change in inventory as a percentage of sales.,"{'id': 'model219', 'name': 'Canadian Equity Quantitative Models'}","{'id': 'model', 'name': 'Model'}","{'id': 'model-estimates-models', 'name': 'Estimates Models'}",EUR,1,TOPCS1600,MATRIX,1.0,0.8939,1,1,1.4,[],model219,Canadian Equity Quantitative Models,model,Model,model-estimates-models,Estimates Models
mdl219_1_sigma,Stock return volatility calculated as the standard deviation of monthly returns over the last 60 months.,"{'id': 'model219', 'name': 'Canadian Equity Quantitative Models'}","{'id': 'model', 'name': 'Model'}","{'id': 'model-estimates-models', 'name': 'Estimates Models'}",EUR,1,TOPCS1600,MATRIX,1.0,0.9094,0,0,1.4,[],model219,Canadian Equity Quantitative Models,model,Model,model-estimates-models,Estimates Models
mdl219_1_skew90cortn,Skewness of 90-day daily excess returns calculated as the asymmetry of daily excess price returns.,"{'id': 'model219', 'name': 'Canadian Equity Quantitative Models'}","{'id': 'model', 'name': 'Model'}","{'id': 'model-estimates-models', 'name': 'Estimates Models'}",EUR,1,TOPCS1600,MATRIX,1.0,0.9779,1,1,1.4,[],model219,Canadian Equity Quantitative Models,model,Model,model-estimates-models,Estimates Models
mdl219_1_skew90drtn,Skewness of 90-day daily returns calculated as the asymmetry of daily price returns.,"{'id': 'model219', 'name': 'Canadian Equity Quantitative Models'}","{'id': 'model', 'name': 'Model'}","{'id': 'model-estimates-models', 'name': 'Estimates Models'}",EUR,1,TOPCS1600,MATRIX,1.0,0.9779,0,0,1.4,[],model219,Canadian Equity Quantitative Models,model,Model,model-estimates-models,Estimates Models
mdl219_1_slope52wp,Slope of the 52-week price trend line calculated using regression analysis.,"{'id': 'model219', 'name': 'Canadian Equity Quantitative Models'}","{'id': 'model', 'name': 'Model'}","{'id': 'model-estimates-models', 'name': 'Estimates Models'}",EUR,1,TOPCS1600,MATRIX,1.0,0.9682,0,0,1.4,[],model219,Canadian Equity Quantitative Models,model,Model,model-estimates-models,Estimates Models
mdl219_1_slope66wp,Slope of the 66-week price trend line calculated using regression analysis.,"{'id': 'model219', 'name': 'Canadian Equity Quantitative Models'}","{'id': 'model', 'name': 'Model'}","{'id': 'model-estimates-models', 'name': 'Estimates Models'}",EUR,1,TOPCS1600,MATRIX,1.0,0.9642,0,0,1.4,[],model219,Canadian Equity Quantitative Models,model,Model,model-estimates-models,Estimates Models
mdl219_1_spe1yfvc_cf,Dispersion of FY1 EPS estimates calculated as standard deviation divided by mean.,"{'id': 'model219', 'name': 'Canadian Equity Quantitative Models'}","{'id': 'model', 'name': 'Model'}","{'id': 'model-estimates-models', 'name': 'Estimates Models'}",EUR,1,TOPCS1600,MATRIX,1.0,0.9582,0,0,1.4,[],model219,Canadian Equity Quantitative Models,model,Model,model-estimates-models,Estimates Models
mdl219_1_spe2yfvc_cf,Dispersion of FY2 EPS estimates calculated as standard deviation divided by mean.,"{'id': 'model219', 'name': 'Canadian Equity Quantitative Models'}","{'id': 'model', 'name': 'Model'}","{'id': 'model-estimates-models', 'name': 'Estimates Models'}",EUR,1,TOPCS1600,MATRIX,1.0,0.9576,0,0,1.4,[],model219,Canadian Equity Quantitative Models,model,Model,model-estimates-models,Estimates Models
mdl219_1_spefcn,Change in EPS relative to operating cash flows over the last year.,"{'id': 'model219', 'name': 'Canadian Equity Quantitative Models'}","{'id': 'model', 'name': 'Model'}","{'id': 'model-estimates-models', 'name': 'Estimates Models'}",EUR,1,TOPCS1600,MATRIX,1.0,0.9503,0,0,1.4,[],model219,Canadian Equity Quantitative Models,model,Model,model-estimates-models,Estimates Models
mdl219_1_speghc,1-year change in EPS scaled by total assets.,"{'id': 'model219', 'name': 'Canadian Equity Quantitative Models'}","{'id': 'model', 'name': 'Model'}","{'id': 'model-estimates-models', 'name': 'Estimates Models'}",EUR,1,TOPCS1600,MATRIX,1.0,0.9779,1,1,1.4,[],model219,Canadian Equity Quantitative Models,model,Model,model-estimates-models,Estimates Models
mdl219_1_stockrating,Street consensus rating calculated as the average analyst recommendation.,"{'id': 'model219', 'name': 'Canadian Equity Quantitative Models'}","{'id': 'model', 'name': 'Model'}","{'id': 'model-estimates-models', 'name': 'Estimates Models'}",EUR,1,TOPCS1600,MATRIX,1.0,0.9792,0,0,1.4,[],model219,Canadian Equity Quantitative Models,model,Model,model-estimates-models,Estimates Models
mdl219_1_surp,Real earnings surprise calculated as the difference between actual EPS and consensus forecasts.,"{'id': 'model219', 'name': 'Canadian Equity Quantitative Models'}","{'id': 'model', 'name': 'Model'}","{'id': 'model-estimates-models', 'name': 'Estimates Models'}",EUR,1,TOPCS1600,MATRIX,1.0,0.9662,0,0,1.4,[],model219,Canadian Equity Quantitative Models,model,Model,model-estimates-models,Estimates Models
mdl219_1_susgrowth,Sustainable growth rate calculated as ROE multiplied by (1 - dividend payout ratio).,"{'id': 'model219', 'name': 'Canadian Equity Quantitative Models'}","{'id': 'model', 'name': 'Model'}","{'id': 'model-estimates-models', 'name': 'Estimates Models'}",EUR,1,TOPCS1600,MATRIX,1.0,0.97,0,0,1.4,[],model219,Canadian Equity Quantitative Models,model,Model,model-estimates-models,Estimates Models
mdl219_1_tobinq,Tobin's Q ratio calculated as the market value of equity plus debt divided by assets.,"{'id': 'model219', 'name': 'Canadian Equity Quantitative Models'}","{'id': 'model', 'name': 'Model'}","{'id': 'model-estimates-models', 'name': 'Estimates Models'}",EUR,1,TOPCS1600,MATRIX,1.0,0.9728,0,0,1.4,[],model219,Canadian Equity Quantitative Models,model,Model,model-estimates-models,Estimates Models
mdl219_1_totalcov,Total coverage ratio measuring operating cash flow divided by debt payments.,"{'id': 'model219', 'name': 'Canadian Equity Quantitative Models'}","{'id': 'model', 'name': 'Model'}","{'id': 'model-estimates-models', 'name': 'Estimates Models'}",EUR,1,TOPCS1600,MATRIX,1.0,0.9582,0,0,1.4,[],model219,Canadian Equity Quantitative Models,model,Model,model-estimates-models,Estimates Models
mdl219_1_totalsaleg,Yearly trailing 12-month total sales growth rate calculated as a percentage change.,"{'id': 'model219', 'name': 'Canadian Equity Quantitative Models'}","{'id': 'model', 'name': 'Model'}","{'id': 'model-estimates-models', 'name': 'Estimates Models'}",EUR,1,TOPCS1600,MATRIX,1.0,0.9753,0,0,1.4,[],model219,Canadian Equity Quantitative Models,model,Model,model-estimates-models,Estimates Models
mdl219_1_tstalp,1-year price momentum indicator calculated using correlation-based analysis.,"{'id': 'model219', 'name': 'Canadian Equity Quantitative Models'}","{'id': 'model', 'name': 'Model'}","{'id': 'model-estimates-models', 'name': 'Estimates Models'}",EUR,1,TOPCS1600,MATRIX,1.0,0.9685,0,0,1.4,[],model219,Canadian Equity Quantitative Models,model,Model,model-estimates-models,Estimates Models
mdl219_1_ttmaccu,Accounting accruals calculated as the difference between trailing 12-month net income and operating cash flow.,"{'id': 'model219', 'name': 'Canadian Equity Quantitative Models'}","{'id': 'model', 'name': 'Model'}","{'id': 'model-estimates-models', 'name': 'Estimates Models'}",EUR,1,TOPCS1600,MATRIX,1.0,0.9787,0,0,1.4,[],model219,Canadian Equity Quantitative Models,model,Model,model-estimates-models,Estimates Models
mdl219_1_ttmcapexp,Trailing 12-month capital expenditures-to-price ratio calculated as capital expenditures per share divided by price.,"{'id': 'model219', 'name': 'Canadian Equity Quantitative Models'}","{'id': 'model', 'name': 'Model'}","{'id': 'model-estimates-models', 'name': 'Estimates Models'}",EUR,1,TOPCS1600,MATRIX,1.0,0.9765,0,0,1.4,[],model219,Canadian Equity Quantitative Models,model,Model,model-estimates-models,Estimates Models
mdl219_1_ttmsaleev,Trailing 12-month sales-to-enterprise value ratio calculated as sales divided by enterprise value.,"{'id': 'model219', 'name': 'Canadian Equity Quantitative Models'}","{'id': 'model', 'name': 'Model'}","{'id': 'model-estimates-models', 'name': 'Estimates Models'}",EUR,1,TOPCS1600,MATRIX,1.0,0.9782,0,0,1.4,[],model219,Canadian Equity Quantitative Models,model,Model,model-estimates-models,Estimates Models
mdl219_1_varresirtn,24-month residual return variance calculated as the variance of monthly residual returns.,"{'id': 'model219', 'name': 'Canadian Equity Quantitative Models'}","{'id': 'model', 'name': 'Model'}","{'id': 'model-estimates-models', 'name': 'Estimates Models'}",EUR,1,TOPCS1600,MATRIX,1.0,0.8927,0,0,1.4,[],model219,Canadian Equity Quantitative Models,model,Model,model-estimates-models,Estimates Models
mdl219_1_vefcfmtt,Free cash flow-to-enterprise value ratio calculated over trailing 12 months.,"{'id': 'model219', 'name': 'Canadian Equity Quantitative Models'}","{'id': 'model', 'name': 'Model'}","{'id': 'model-estimates-models', 'name': 'Estimates Models'}",EUR,1,TOPCS1600,MATRIX,1.0,0.9761,1,1,1.4,[],model219,Canadian Equity Quantitative Models,model,Model,model-estimates-models,Estimates Models
mdl219_1_vesspem21f_cf,Forward EPS-to-enterprise value ratio based on consensus estimates.,"{'id': 'model219', 'name': 'Canadian Equity Quantitative Models'}","{'id': 'model', 'name': 'Model'}","{'id': 'model-estimates-models', 'name': 'Estimates Models'}",EUR,1,TOPCS1600,MATRIX,1.0,0.9762,2,2,1.4,[],model219,Canadian Equity Quantitative Models,model,Model,model-estimates-models,Estimates Models
mdl219_1_visiratio,Visibility ratio calculated as the most recent daily trading volume divided by the average daily trading volume over the last 50 days.,"{'id': 'model219', 'name': 'Canadian Equity Quantitative Models'}","{'id': 'model', 'name': 'Model'}","{'id': 'model-estimates-models', 'name': 'Estimates Models'}",EUR,1,TOPCS1600,MATRIX,1.0,0.9803,0,0,1.4,[],model219,Canadian Equity Quantitative Models,model,Model,model-estimates-models,Estimates Models
mdl219_1_vnicw,Working capital-to-inventory ratio calculated as working capital divided by inventory.,"{'id': 'model219', 'name': 'Canadian Equity Quantitative Models'}","{'id': 'model', 'name': 'Model'}","{'id': 'model-estimates-models', 'name': 'Estimates Models'}",EUR,1,TOPCS1600,MATRIX,1.0,0.7722,0,0,1.4,[],model219,Canadian Equity Quantitative Models,model,Model,model-estimates-models,Estimates Models
mdl219_1_vniu,Unexpected change in inventory scaled by total assets.,"{'id': 'model219', 'name': 'Canadian Equity Quantitative Models'}","{'id': 'model', 'name': 'Model'}","{'id': 'model-estimates-models', 'name': 'Estimates Models'}",EUR,1,TOPCS1600,MATRIX,1.0,0.8733,0,0,1.4,[],model219,Canadian Equity Quantitative Models,model,Model,model-estimates-models,Estimates Models
mdl219_1_voctni,Interest coverage ratio calculated as operating income divided by interest expenses.,"{'id': 'model219', 'name': 'Canadian Equity Quantitative Models'}","{'id': 'model', 'name': 'Model'}","{'id': 'model-estimates-models', 'name': 'Estimates Models'}",EUR,1,TOPCS1600,MATRIX,1.0,0.9634,0,0,1.4,[],model219,Canadian Equity Quantitative Models,model,Model,model-estimates-models,Estimates Models
mdl219_1_volpre6m,Average trading volume over the preceding 6 months calculated as the moving average of monthly turnover.,"{'id': 'model219', 'name': 'Canadian Equity Quantitative Models'}","{'id': 'model', 'name': 'Model'}","{'id': 'model-estimates-models', 'name': 'Estimates Models'}",EUR,1,TOPCS1600,MATRIX,1.0,0.9771,1,1,1.4,[],model219,Canadian Equity Quantitative Models,model,Model,model-estimates-models,Estimates Models
mdl219_1_volto,Trading turnover ratio calculated as monthly trading volume divided by shares outstanding.,"{'id': 'model219', 'name': 'Canadian Equity Quantitative Models'}","{'id': 'model', 'name': 'Model'}","{'id': 'model-estimates-models', 'name': 'Estimates Models'}",EUR,1,TOPCS1600,MATRIX,1.0,0.9817,0,0,1.4,[],model219,Canadian Equity Quantitative Models,model,Model,model-estimates-models,Estimates Models
mdl219_1_w57w03_rp,30-week moving average price divided by 75-week moving average price.,"{'id': 'model219', 'name': 'Canadian Equity Quantitative Models'}","{'id': 'model', 'name': 'Model'}","{'id': 'model-estimates-models', 'name': 'Estimates Models'}",EUR,1,TOPCS1600,MATRIX,1.0,0.9628,0,0,1.4,[],model219,Canadian Equity Quantitative Models,model,Model,model-estimates-models,Estimates Models
mdl219_1_w62isr,26-week relative price strength calculated as the most recent weekly closing price divided by the price 26 weeks ago.,"{'id': 'model219', 'name': 'Canadian Equity Quantitative Models'}","{'id': 'model', 'name': 'Model'}","{'id': 'model-estimates-models', 'name': 'Estimates Models'}",EUR,1,TOPCS1600,MATRIX,1.0,0.9759,0,0,1.4,[],model219,Canadian Equity Quantitative Models,model,Model,model-estimates-models,Estimates Models
mdl219_1_w93ntr,39-week return with a 4-week lag calculated as the price change from week t-43 to week t-4.,"{'id': 'model219', 'name': 'Canadian Equity Quantitative Models'}","{'id': 'model', 'name': 'Model'}","{'id': 'model-estimates-models', 'name': 'Estimates Models'}",EUR,1,TOPCS1600,MATRIX,1.0,0.9713,0,0,1.4,[],model219,Canadian Equity Quantitative Models,model,Model,model-estimates-models,Estimates Models
mdl219_1_wcast,Working capital-to-total assets ratio calculated as average working capital divided by average total assets.,"{'id': 'model219', 'name': 'Canadian Equity Quantitative Models'}","{'id': 'model', 'name': 'Model'}","{'id': 'model-estimates-models', 'name': 'Estimates Models'}",EUR,1,TOPCS1600,MATRIX,1.0,0.8111,0,0,1.4,[],model219,Canadian Equity Quantitative Models,model,Model,model-estimates-models,Estimates Models
mdl219_1_ydp_cf,Predicted dividend yield based on payout ratio and forward EPS estimates.,"{'id': 'model219', 'name': 'Canadian Equity Quantitative Models'}","{'id': 'model', 'name': 'Model'}","{'id': 'model-estimates-models', 'name': 'Estimates Models'}",EUR,1,TOPCS1600,MATRIX,1.0,0.8941,0,0,1.4,[],model219,Canadian Equity Quantitative Models,model,Model,model-estimates-models,Estimates Models
mdl219_1_yoychgaa,Year-over-year change in accruals-to-assets ratio.,"{'id': 'model219', 'name': 'Canadian Equity Quantitative Models'}","{'id': 'model', 'name': 'Model'}","{'id': 'model-estimates-models', 'name': 'Estimates Models'}",EUR,1,TOPCS1600,MATRIX,1.0,0.9768,0,0,1.4,[],model219,Canadian Equity Quantitative Models,model,Model,model-estimates-models,Estimates Models
mdl219_1_yoychgcr,Year-over-year change in current ratio.,"{'id': 'model219', 'name': 'Canadian Equity Quantitative Models'}","{'id': 'model', 'name': 'Model'}","{'id': 'model-estimates-models', 'name': 'Estimates Models'}",EUR,1,TOPCS1600,MATRIX,1.0,0.8101,0,0,1.4,[],model219,Canadian Equity Quantitative Models,model,Model,model-estimates-models,Estimates Models
mdl219_1_yoychgda,Year-over-year change in leverage calculated as total liabilities as a percentage of assets.,"{'id': 'model219', 'name': 'Canadian Equity Quantitative Models'}","{'id': 'model', 'name': 'Model'}","{'id': 'model-estimates-models', 'name': 'Estimates Models'}",EUR,1,TOPCS1600,MATRIX,1.0,0.9785,0,0,1.4,[],model219,Canadian Equity Quantitative Models,model,Model,model-estimates-models,Estimates Models
mdl219_1_yoychggpm,Year-over-year change in gross profit margin.,"{'id': 'model219', 'name': 'Canadian Equity Quantitative Models'}","{'id': 'model', 'name': 'Model'}","{'id': 'model-estimates-models', 'name': 'Estimates Models'}",EUR,1,TOPCS1600,MATRIX,1.0,0.8878,0,0,1.4,[],model219,Canadian Equity Quantitative Models,model,Model,model-estimates-models,Estimates Models
mdl219_1_yoychgroa,Year-over-year change in return on assets.,"{'id': 'model219', 'name': 'Canadian Equity Quantitative Models'}","{'id': 'model', 'name': 'Model'}","{'id': 'model-estimates-models', 'name': 'Estimates Models'}",EUR,1,TOPCS1600,MATRIX,1.0,0.9779,0,0,1.4,[],model219,Canadian Equity Quantitative Models,model,Model,model-estimates-models,Estimates Models
mdl219_2_6351_rp,15-week moving average price divided by 36-week moving average price for the second module.,"{'id': 'model219', 'name': 'Canadian Equity Quantitative Models'}","{'id': 'model', 'name': 'Model'}","{'id': 'model-estimates-models', 'name': 'Estimates Models'}",EUR,1,TOPCS1600,MATRIX,1.0,0.7893,0,0,1.4,[],model219,Canadian Equity Quantitative Models,model,Model,model-estimates-models,Estimates Models
mdl219_2_actrtn12m,12-month active return representing the percent change in stock price for the second module.,"{'id': 'model219', 'name': 'Canadian Equity Quantitative Models'}","{'id': 'model', 'name': 'Model'}","{'id': 'model-estimates-models', 'name': 'Estimates Models'}",EUR,1,TOPCS1600,MATRIX,1.0,0.7816,0,0,1.4,[],model219,Canadian Equity Quantitative Models,model,Model,model-estimates-models,Estimates Models
mdl219_2_actrtn18m,18-month active return representing the percent change in stock price for the second module.,"{'id': 'model219', 'name': 'Canadian Equity Quantitative Models'}","{'id': 'model', 'name': 'Model'}","{'id': 'model-estimates-models', 'name': 'Estimates Models'}",EUR,1,TOPCS1600,MATRIX,1.0,0.7718,0,0,1.4,[],model219,Canadian Equity Quantitative Models,model,Model,model-estimates-models,Estimates Models
mdl219_2_actrtn1m,1-month active return representing the percent change in stock price for the second module.,"{'id': 'model219', 'name': 'Canadian Equity Quantitative Models'}","{'id': 'model', 'name': 'Model'}","{'id': 'model-estimates-models', 'name': 'Estimates Models'}",EUR,1,TOPCS1600,MATRIX,1.0,0.7987,0,0,1.4,[],model219,Canadian Equity Quantitative Models,model,Model,model-estimates-models,Estimates Models
mdl219_2_actrtn24m,24-month active return representing the percent change in stock price for the second module.,"{'id': 'model219', 'name': 'Canadian Equity Quantitative Models'}","{'id': 'model', 'name': 'Model'}","{'id': 'model-estimates-models', 'name': 'Estimates Models'}",EUR,1,TOPCS1600,MATRIX,1.0,0.7617,0,0,1.4,[],model219,Canadian Equity Quantitative Models,model,Model,model-estimates-models,Estimates Models
mdl219_2_actrtn2m,2-month active return representing the percent change in stock price for the second module.,"{'id': 'model219', 'name': 'Canadian Equity Quantitative Models'}","{'id': 'model', 'name': 'Model'}","{'id': 'model-estimates-models', 'name': 'Estimates Models'}",EUR,1,TOPCS1600,MATRIX,1.0,0.7978,0,0,1.4,[],model219,Canadian Equity Quantitative Models,model,Model,model-estimates-models,Estimates Models
mdl219_2_actrtn36m,36-month active return representing the percent change in stock price for the second module.,"{'id': 'model219', 'name': 'Canadian Equity Quantitative Models'}","{'id': 'model', 'name': 'Model'}","{'id': 'model-estimates-models', 'name': 'Estimates Models'}",EUR,1,TOPCS1600,MATRIX,1.0,0.7411,0,0,1.4,[],model219,Canadian Equity Quantitative Models,model,Model,model-estimates-models,Estimates Models
mdl219_2_actrtn3m,3-month active return representing the percent change in stock price for the second module.,"{'id': 'model219', 'name': 'Canadian Equity Quantitative Models'}","{'id': 'model', 'name': 'Model'}","{'id': 'model-estimates-models', 'name': 'Estimates Models'}",EUR,1,TOPCS1600,MATRIX,1.0,0.7967,1,1,1.4,[],model219,Canadian Equity Quantitative Models,model,Model,model-estimates-models,Estimates Models
mdl219_2_actrtn60m,60-month active return representing the percent change in stock price for the second module.,"{'id': 'model219', 'name': 'Canadian Equity Quantitative Models'}","{'id': 'model', 'name': 'Model'}","{'id': 'model-estimates-models', 'name': 'Estimates Models'}",EUR,1,TOPCS1600,MATRIX,1.0,0.6958,0,0,1.4,[],model219,Canadian Equity Quantitative Models,model,Model,model-estimates-models,Estimates Models
mdl219_2_actrtn6m,6-month active return representing the percent change in stock price for the second module.,"{'id': 'model219', 'name': 'Canadian Equity Quantitative Models'}","{'id': 'model', 'name': 'Model'}","{'id': 'model-estimates-models', 'name': 'Estimates Models'}",EUR,1,TOPCS1600,MATRIX,1.0,0.7908,0,0,1.4,[],model219,Canadian Equity Quantitative Models,model,Model,model-estimates-models,Estimates Models
mdl219_2_actrtn9m,9-month active return representing the percent change in stock price for the second module.,"{'id': 'model219', 'name': 'Canadian Equity Quantitative Models'}","{'id': 'model', 'name': 'Model'}","{'id': 'model-estimates-models', 'name': 'Estimates Models'}",EUR,1,TOPCS1600,MATRIX,1.0,0.7872,0,0,1.4,[],model219,Canadian Equity Quantitative Models,model,Model,model-estimates-models,Estimates Models
mdl219_2_ags,"SG&A expenses-to-sales ratio calculated as selling, general, and administrative expenses divided by sales for the second module.","{'id': 'model219', 'name': 'Canadian Equity Quantitative Models'}","{'id': 'model', 'name': 'Model'}","{'id': 'model-estimates-models', 'name': 'Estimates Models'}",EUR,1,TOPCS1600,MATRIX,1.0,0.6205,0,0,1.4,[],model219,Canadian Equity Quantitative Models,model,Model,model-estimates-models,Estimates Models
mdl219_2_alpha60m,60-month alpha calculated as the intercept of a regression of stock returns against a benchmark for the second module.,"{'id': 'model219', 'name': 'Canadian Equity Quantitative Models'}","{'id': 'model', 'name': 'Model'}","{'id': 'model-estimates-models', 'name': 'Estimates Models'}",EUR,1,TOPCS1600,MATRIX,1.0,0.6973,0,0,1.4,[],model219,Canadian Equity Quantitative Models,model,Model,model-estimates-models,Estimates Models
mdl219_2_aoer,Retained earnings-to-total assets ratio calculated as cumulative retained earnings divided by total assets for the second module.,"{'id': 'model219', 'name': 'Canadian Equity Quantitative Models'}","{'id': 'model', 'name': 'Model'}","{'id': 'model-estimates-models', 'name': 'Estimates Models'}",EUR,1,TOPCS1600,MATRIX,1.0,0.792,0,0,1.4,[],model219,Canadian Equity Quantitative Models,model,Model,model-estimates-models,Estimates Models
mdl219_2_aor,Return on assets calculated as net income divided by average total assets for the second module.,"{'id': 'model219', 'name': 'Canadian Equity Quantitative Models'}","{'id': 'model', 'name': 'Model'}","{'id': 'model-estimates-models', 'name': 'Estimates Models'}",EUR,1,TOPCS1600,MATRIX,1.0,0.7964,0,0,1.4,[],model219,Canadian Equity Quantitative Models,model,Model,model-estimates-models,Estimates Models
mdl219_2_apemtt,Trailing 12-month EPS after extraordinary items-to-price ratio calculated as EPS divided by price for the second module.,"{'id': 'model219', 'name': 'Canadian Equity Quantitative Models'}","{'id': 'model', 'name': 'Model'}","{'id': 'model-estimates-models', 'name': 'Estimates Models'}",EUR,1,TOPCS1600,MATRIX,1.0,0.7951,0,0,1.4,[],model219,Canadian Equity Quantitative Models,model,Model,model-estimates-models,Estimates Models
mdl219_2_aspanratio,Attention span ratio measuring operating assets minus liabilities scaled by total assets for the second module.,"{'id': 'model219', 'name': 'Canadian Equity Quantitative Models'}","{'id': 'model', 'name': 'Model'}","{'id': 'model-estimates-models', 'name': 'Estimates Models'}",EUR,1,TOPCS1600,MATRIX,1.0,0.7083,0,0,1.4,[],model219,Canadian Equity Quantitative Models,model,Model,model-estimates-models,Estimates Models
mdl219_2_astcomp,Asset composition ratio representing current assets divided by total assets for the second module.,"{'id': 'model219', 'name': 'Canadian Equity Quantitative Models'}","{'id': 'model', 'name': 'Model'}","{'id': 'model-estimates-models', 'name': 'Estimates Models'}",EUR,1,TOPCS1600,MATRIX,1.0,0.6338,1,1,1.4,[],model219,Canadian Equity Quantitative Models,model,Model,model-estimates-models,Estimates Models
mdl219_2_astto,Asset turnover ratio calculated as sales divided by total assets for the second module.,"{'id': 'model219', 'name': 'Canadian Equity Quantitative Models'}","{'id': 'model', 'name': 'Model'}","{'id': 'model-estimates-models', 'name': 'Estimates Models'}",EUR,1,TOPCS1600,MATRIX,1.0,0.7961,0,0,1.4,[],model219,Canadian Equity Quantitative Models,model,Model,model-estimates-models,Estimates Models
mdl219_2_beta,"Beta calculated over 60 months, measuring stock volatility relative to the market for the second module.","{'id': 'model219', 'name': 'Canadian Equity Quantitative Models'}","{'id': 'model', 'name': 'Model'}","{'id': 'model-estimates-models', 'name': 'Estimates Models'}",EUR,1,TOPCS1600,MATRIX,1.0,0.7106,0,0,1.4,[],model219,Canadian Equity Quantitative Models,model,Model,model-estimates-models,Estimates Models
mdl219_2_betasigma,"Product of beta and sigma, combining volatility and market sensitivity for the second module.","{'id': 'model219', 'name': 'Canadian Equity Quantitative Models'}","{'id': 'model', 'name': 'Model'}","{'id': 'model-estimates-models', 'name': 'Estimates Models'}",EUR,1,TOPCS1600,MATRIX,1.0,0.6971,0,0,1.4,[],model219,Canadian Equity Quantitative Models,model,Model,model-estimates-models,Estimates Models
mdl219_2_bmpo,Operating profit margin calculated as operating income divided by sales for the second module.,"{'id': 'model219', 'name': 'Canadian Equity Quantitative Models'}","{'id': 'model', 'name': 'Model'}","{'id': 'model-estimates-models', 'name': 'Estimates Models'}",EUR,1,TOPCS1600,MATRIX,1.0,0.7861,0,0,1.4,[],model219,Canadian Equity Quantitative Models,model,Model,model-estimates-models,Estimates Models
mdl219_2_booklev,Book leverage calculated as total assets divided by book equity for the second module.,"{'id': 'model219', 'name': 'Canadian Equity Quantitative Models'}","{'id': 'model', 'name': 'Model'}","{'id': 'model-estimates-models', 'name': 'Estimates Models'}",EUR,1,TOPCS1600,MATRIX,1.0,0.7959,0,0,1.4,[],model219,Canadian Equity Quantitative Models,model,Model,model-estimates-models,Estimates Models
mdl219_2_bpemtt,Trailing 12-month EPS before extraordinary items-to-price ratio calculated as EPS divided by price for the second module.,"{'id': 'model219', 'name': 'Canadian Equity Quantitative Models'}","{'id': 'model', 'name': 'Model'}","{'id': 'model-estimates-models', 'name': 'Estimates Models'}",EUR,1,TOPCS1600,MATRIX,1.0,0.7951,0,0,1.4,[],model219,Canadian Equity Quantitative Models,model,Model,model-estimates-models,Estimates Models
mdl219_2_capacq,Capital acquisition ratio measuring operating cash flow less dividends divided by expenditures for the second module.,"{'id': 'model219', 'name': 'Canadian Equity Quantitative Models'}","{'id': 'model', 'name': 'Model'}","{'id': 'model-estimates-models', 'name': 'Estimates Models'}",EUR,1,TOPCS1600,MATRIX,1.0,0.7847,0,0,1.4,[],model219,Canadian Equity Quantitative Models,model,Model,model-estimates-models,Estimates Models
mdl219_2_capexast,Capital expenditure-to-assets ratio measuring investment intensity for the second module.,"{'id': 'model219', 'name': 'Canadian Equity Quantitative Models'}","{'id': 'model', 'name': 'Model'}","{'id': 'model-estimates-models', 'name': 'Estimates Models'}",EUR,1,TOPCS1600,MATRIX,1.0,0.7935,0,0,1.4,[],model219,Canadian Equity Quantitative Models,model,Model,model-estimates-models,Estimates Models
mdl219_2_capexsale,Capital expenditure-to-sales ratio measuring investment relative to revenue for the second module.,"{'id': 'model219', 'name': 'Canadian Equity Quantitative Models'}","{'id': 'model', 'name': 'Model'}","{'id': 'model-estimates-models', 'name': 'Estimates Models'}",EUR,1,TOPCS1600,MATRIX,1.0,0.7919,0,0,1.4,[],model219,Canadian Equity Quantitative Models,model,Model,model-estimates-models,Estimates Models
mdl219_2_cashburnrate,Cash burn rate calculated as negative operating and investment cash flows divided by cash holdings for the second module.,"{'id': 'model219', 'name': 'Canadian Equity Quantitative Models'}","{'id': 'model', 'name': 'Model'}","{'id': 'model-estimates-models', 'name': 'Estimates Models'}",EUR,1,TOPCS1600,MATRIX,1.0,0.7086,0,0,1.4,[],model219,Canadian Equity Quantitative Models,model,Model,model-estimates-models,Estimates Models
mdl219_2_cashc,Cash cycle calculated as inventory days plus collection days minus payable days for the second module.,"{'id': 'model219', 'name': 'Canadian Equity Quantitative Models'}","{'id': 'model', 'name': 'Model'}","{'id': 'model-estimates-models', 'name': 'Estimates Models'}",EUR,1,TOPCS1600,MATRIX,1.0,0.6169,0,0,1.4,[],model219,Canadian Equity Quantitative Models,model,Model,model-estimates-models,Estimates Models
mdl219_2_cashp,Cash-to-price ratio calculated as cash per share divided by stock price for the second module.,"{'id': 'model219', 'name': 'Canadian Equity Quantitative Models'}","{'id': 'model', 'name': 'Model'}","{'id': 'model-estimates-models', 'name': 'Estimates Models'}",EUR,1,TOPCS1600,MATRIX,1.0,0.7086,0,0,1.4,[],model219,Canadian Equity Quantitative Models,model,Model,model-estimates-models,Estimates Models
mdl219_2_cashratio,Cash-to-current liabilities ratio measuring liquidity for the second module.,"{'id': 'model219', 'name': 'Canadian Equity Quantitative Models'}","{'id': 'model', 'name': 'Model'}","{'id': 'model-estimates-models', 'name': 'Estimates Models'}",EUR,1,TOPCS1600,MATRIX,1.0,0.6342,0,0,1.4,[],model219,Canadian Equity Quantitative Models,model,Model,model-estimates-models,Estimates Models
mdl219_2_cashratiofixed,Cash ratio calculated as cash and equivalents divided by current liabilities for the second module.,"{'id': 'model219', 'name': 'Canadian Equity Quantitative Models'}","{'id': 'model', 'name': 'Model'}","{'id': 'model-estimates-models', 'name': 'Estimates Models'}",EUR,1,TOPCS1600,MATRIX,1.0,0.6332,0,0,1.4,[],model219,Canadian Equity Quantitative Models,model,Model,model-estimates-models,Estimates Models
mdl219_2_cashsale,Cash-to-sales ratio calculated as average cash divided by sales for the second module.,"{'id': 'model219', 'name': 'Canadian Equity Quantitative Models'}","{'id': 'model', 'name': 'Model'}","{'id': 'model-estimates-models', 'name': 'Estimates Models'}",EUR,1,TOPCS1600,MATRIX,1.0,0.7071,1,1,1.4,[],model219,Canadian Equity Quantitative Models,model,Model,model-estimates-models,Estimates Models
mdl219_2_cashsev,Cash-to-enterprise value ratio representing total cash divided by enterprise value for the second module.,"{'id': 'model219', 'name': 'Canadian Equity Quantitative Models'}","{'id': 'model', 'name': 'Model'}","{'id': 'model-estimates-models', 'name': 'Estimates Models'}",EUR,1,TOPCS1600,MATRIX,1.0,0.7084,0,0,1.4,[],model219,Canadian Equity Quantitative Models,model,Model,model-estimates-models,Estimates Models
mdl219_2_ccacw,Working capital accruals calculated as changes in current assets minus liabilities for the second module.,"{'id': 'model219', 'name': 'Canadian Equity Quantitative Models'}","{'id': 'model', 'name': 'Model'}","{'id': 'model-estimates-models', 'name': 'Estimates Models'}",EUR,1,TOPCS1600,MATRIX,1.0,0.5015,0,0,1.4,[],model219,Canadian Equity Quantitative Models,model,Model,model-estimates-models,Estimates Models
mdl219_2_cfita,Cash flow from investment-to-assets ratio calculated over trailing 12 months for the second module.,"{'id': 'model219', 'name': 'Canadian Equity Quantitative Models'}","{'id': 'model', 'name': 'Model'}","{'id': 'model-estimates-models', 'name': 'Estimates Models'}",EUR,1,TOPCS1600,MATRIX,1.0,0.7957,1,1,1.4,[],model219,Canadian Equity Quantitative Models,model,Model,model-estimates-models,Estimates Models
mdl219_2_cfleverage,Cash flow leverage calculated as total liabilities divided by operating cash flow for the second module.,"{'id': 'model219', 'name': 'Canadian Equity Quantitative Models'}","{'id': 'model', 'name': 'Model'}","{'id': 'model-estimates-models', 'name': 'Estimates Models'}",EUR,1,TOPCS1600,MATRIX,1.0,0.7694,0,0,1.4,[],model219,Canadian Equity Quantitative Models,model,Model,model-estimates-models,Estimates Models
mdl219_2_cfroi,Cash flow return on invested capital calculated over trailing 12 months for the second module.,"{'id': 'model219', 'name': 'Canadian Equity Quantitative Models'}","{'id': 'model', 'name': 'Model'}","{'id': 'model-estimates-models', 'name': 'Estimates Models'}",EUR,1,TOPCS1600,MATRIX,1.0,0.7905,0,0,1.4,[],model219,Canadian Equity Quantitative Models,model,Model,model-estimates-models,Estimates Models
mdl219_2_cg3ysales,3-year compound annual growth rate of sales for the second module.,"{'id': 'model219', 'name': 'Canadian Equity Quantitative Models'}","{'id': 'model', 'name': 'Model'}","{'id': 'model-estimates-models', 'name': 'Estimates Models'}",EUR,1,TOPCS1600,MATRIX,1.0,0.7615,0,0,1.4,[],model219,Canadian Equity Quantitative Models,model,Model,model-estimates-models,Estimates Models
mdl219_2_chg3ycfast,3-year change in cash flow from assets scaled by total assets for the second module.,"{'id': 'model219', 'name': 'Canadian Equity Quantitative Models'}","{'id': 'model', 'name': 'Model'}","{'id': 'model-estimates-models', 'name': 'Estimates Models'}",EUR,1,TOPCS1600,MATRIX,1.0,0.7664,1,1,1.4,[],model219,Canadian Equity Quantitative Models,model,Model,model-estimates-models,Estimates Models
mdl219_2_chg3yepsast,3-year change in EPS scaled by total assets for the second module.,"{'id': 'model219', 'name': 'Canadian Equity Quantitative Models'}","{'id': 'model', 'name': 'Model'}","{'id': 'model-estimates-models', 'name': 'Estimates Models'}",EUR,1,TOPCS1600,MATRIX,1.0,0.7817,0,0,1.4,[],model219,Canadian Equity Quantitative Models,model,Model,model-estimates-models,Estimates Models
mdl219_2_chg3yepsp,3-year change in EPS scaled by price for the second module.,"{'id': 'model219', 'name': 'Canadian Equity Quantitative Models'}","{'id': 'model', 'name': 'Model'}","{'id': 'model-estimates-models', 'name': 'Estimates Models'}",EUR,1,TOPCS1600,MATRIX,1.0,0.7806,0,0,1.4,[],model219,Canadian Equity Quantitative Models,model,Model,model-estimates-models,Estimates Models
mdl219_2_chg3yfcfast,3-year change in free cash flow scaled by total assets for the second module.,"{'id': 'model219', 'name': 'Canadian Equity Quantitative Models'}","{'id': 'model', 'name': 'Model'}","{'id': 'model-estimates-models', 'name': 'Estimates Models'}",EUR,1,TOPCS1600,MATRIX,1.0,0.7732,0,0,1.4,[],model219,Canadian Equity Quantitative Models,model,Model,model-estimates-models,Estimates Models
mdl219_2_chg3yocfast,3-year change in operating cash flow scaled by total assets for the second module.,"{'id': 'model219', 'name': 'Canadian Equity Quantitative Models'}","{'id': 'model', 'name': 'Model'}","{'id': 'model-estimates-models', 'name': 'Estimates Models'}",EUR,1,TOPCS1600,MATRIX,1.0,0.774,0,0,1.4,[],model219,Canadian Equity Quantitative Models,model,Model,model-estimates-models,Estimates Models
mdl219_2_chg6malpha18m,6-month change in 18-month alpha for the second module.,"{'id': 'model219', 'name': 'Canadian Equity Quantitative Models'}","{'id': 'model', 'name': 'Model'}","{'id': 'model-estimates-models', 'name': 'Estimates Models'}",EUR,1,TOPCS1600,MATRIX,1.0,0.7633,0,0,1.4,[],model219,Canadian Equity Quantitative Models,model,Model,model-estimates-models,Estimates Models
mdl219_2_chgalpha12m,6-month change in 12-month alpha for the second module.,"{'id': 'model219', 'name': 'Canadian Equity Quantitative Models'}","{'id': 'model', 'name': 'Model'}","{'id': 'model-estimates-models', 'name': 'Estimates Models'}",EUR,1,TOPCS1600,MATRIX,1.0,0.7734,0,0,1.4,[],model219,Canadian Equity Quantitative Models,model,Model,model-estimates-models,Estimates Models
mdl219_2_chgalpha36m,6-month change in 36-month alpha for the second module.,"{'id': 'model219', 'name': 'Canadian Equity Quantitative Models'}","{'id': 'model', 'name': 'Model'}","{'id': 'model-estimates-models', 'name': 'Estimates Models'}",EUR,1,TOPCS1600,MATRIX,1.0,0.7316,0,0,1.4,[],model219,Canadian Equity Quantitative Models,model,Model,model-estimates-models,Estimates Models
mdl219_2_chgars,1-year change in accounts receivable as a percentage of sales for the second module.,"{'id': 'model219', 'name': 'Canadian Equity Quantitative Models'}","{'id': 'model', 'name': 'Model'}","{'id': 'model-estimates-models', 'name': 'Estimates Models'}",EUR,1,TOPCS1600,MATRIX,1.0,0.7039,0,0,1.4,[],model219,Canadian Equity Quantitative Models,model,Model,model-estimates-models,Estimates Models
mdl219_2_chgnoa,Change in net operating assets scaled by total assets for the second module.,"{'id': 'model219', 'name': 'Canadian Equity Quantitative Models'}","{'id': 'model', 'name': 'Model'}","{'id': 'model-estimates-models', 'name': 'Estimates Models'}",EUR,1,TOPCS1600,MATRIX,1.0,0.7083,0,0,1.4,[],model219,Canadian Equity Quantitative Models,model,Model,model-estimates-models,Estimates Models
mdl219_2_chgollev,Change in operating liability leverage over the last year for the second module.,"{'id': 'model219', 'name': 'Canadian Equity Quantitative Models'}","{'id': 'model', 'name': 'Model'}","{'id': 'model-estimates-models', 'name': 'Estimates Models'}",EUR,1,TOPCS1600,MATRIX,1.0,0.7473,0,0,1.4,[],model219,Canadian Equity Quantitative Models,model,Model,model-estimates-models,Estimates Models
mdl219_2_chgreccast,Year-over-year change in accounts receivable relative to current assets for the second module.,"{'id': 'model219', 'name': 'Canadian Equity Quantitative Models'}","{'id': 'model', 'name': 'Model'}","{'id': 'model-estimates-models', 'name': 'Estimates Models'}",EUR,1,TOPCS1600,MATRIX,1.0,0.6312,0,0,1.4,[],model219,Canadian Equity Quantitative Models,model,Model,model-estimates-models,Estimates Models
mdl219_2_chgsgasale,Change in SG&A expenses relative to sales over the last year for the second module.,"{'id': 'model219', 'name': 'Canadian Equity Quantitative Models'}","{'id': 'model', 'name': 'Model'}","{'id': 'model-estimates-models', 'name': 'Estimates Models'}",EUR,1,TOPCS1600,MATRIX,1.0,0.5905,0,0,1.4,[],model219,Canadian Equity Quantitative Models,model,Model,model-estimates-models,Estimates Models
mdl219_2_chgshare,Percent change in shares outstanding over the last year for the second module.,"{'id': 'model219', 'name': 'Canadian Equity Quantitative Models'}","{'id': 'model', 'name': 'Model'}","{'id': 'model-estimates-models', 'name': 'Estimates Models'}",EUR,1,TOPCS1600,MATRIX,1.0,0.7802,0,0,1.4,[],model219,Canadian Equity Quantitative Models,model,Model,model-estimates-models,Estimates Models
mdl219_2_chgvolpre4y,4-year change in average trading volume for the second module.,"{'id': 'model219', 'name': 'Canadian Equity Quantitative Models'}","{'id': 'model', 'name': 'Model'}","{'id': 'model-estimates-models', 'name': 'Estimates Models'}",EUR,1,TOPCS1600,MATRIX,1.0,0.7004,0,0,1.4,[],model219,Canadian Equity Quantitative Models,model,Model,model-estimates-models,Estimates Models
mdl219_2_cogsinvt,Change in cost of goods sold relative to inventory levels for the second module.,"{'id': 'model219', 'name': 'Canadian Equity Quantitative Models'}","{'id': 'model', 'name': 'Model'}","{'id': 'model-estimates-models', 'name': 'Estimates Models'}",EUR,1,TOPCS1600,MATRIX,1.0,0.6017,0,0,1.4,[],model219,Canadian Equity Quantitative Models,model,Model,model-estimates-models,Estimates Models
mdl219_2_covol,60-month trading volume trend for the second module.,"{'id': 'model219', 'name': 'Canadian Equity Quantitative Models'}","{'id': 'model', 'name': 'Model'}","{'id': 'model-estimates-models', 'name': 'Estimates Models'}",EUR,1,TOPCS1600,MATRIX,1.0,0.7221,0,0,1.4,[],model219,Canadian Equity Quantitative Models,model,Model,model-estimates-models,Estimates Models
mdl219_2_curindbp_,Industry-relative book-to-price ratio adjusted for industry averages for the second module.,"{'id': 'model219', 'name': 'Canadian Equity Quantitative Models'}","{'id': 'model', 'name': 'Model'}","{'id': 'model-estimates-models', 'name': 'Estimates Models'}",EUR,1,TOPCS1600,MATRIX,1.0,0.7947,0,0,1.4,[],model219,Canadian Equity Quantitative Models,model,Model,model-estimates-models,Estimates Models
mdl219_2_curindcfp_,Industry-relative cash flow-to-price ratio adjusted for industry averages for the second module.,"{'id': 'model219', 'name': 'Canadian Equity Quantitative Models'}","{'id': 'model', 'name': 'Model'}","{'id': 'model-estimates-models', 'name': 'Estimates Models'}",EUR,1,TOPCS1600,MATRIX,1.0,0.7893,2,3,1.4,[],model219,Canadian Equity Quantitative Models,model,Model,model-estimates-models,Estimates Models
mdl219_2_curinddivp_,Industry-relative dividend yield adjusted for industry averages for the second module.,"{'id': 'model219', 'name': 'Canadian Equity Quantitative Models'}","{'id': 'model', 'name': 'Model'}","{'id': 'model-estimates-models', 'name': 'Estimates Models'}",EUR,1,TOPCS1600,MATRIX,1.0,0.7884,0,0,1.4,[],model219,Canadian Equity Quantitative Models,model,Model,model-estimates-models,Estimates Models
mdl219_2_curindebitdap_,Industry-relative EBITDA-to-price ratio adjusted for industry averages for the second module.,"{'id': 'model219', 'name': 'Canadian Equity Quantitative Models'}","{'id': 'model', 'name': 'Model'}","{'id': 'model-estimates-models', 'name': 'Estimates Models'}",EUR,1,TOPCS1600,MATRIX,1.0,0.7861,0,0,1.4,[],model219,Canadian Equity Quantitative Models,model,Model,model-estimates-models,Estimates Models
mdl219_2_curindep_,Industry-relative EPS-to-price ratio adjusted for industry averages for the second module.,"{'id': 'model219', 'name': 'Canadian Equity Quantitative Models'}","{'id': 'model', 'name': 'Model'}","{'id': 'model-estimates-models', 'name': 'Estimates Models'}",EUR,1,TOPCS1600,MATRIX,1.0,0.7943,0,0,1.4,[],model219,Canadian Equity Quantitative Models,model,Model,model-estimates-models,Estimates Models
mdl219_2_curindfcfp_,Industry-relative free cash flow-to-price ratio adjusted for industry averages for the second module.,"{'id': 'model219', 'name': 'Canadian Equity Quantitative Models'}","{'id': 'model', 'name': 'Model'}","{'id': 'model-estimates-models', 'name': 'Estimates Models'}",EUR,1,TOPCS1600,MATRIX,1.0,0.7934,0,0,1.4,[],model219,Canadian Equity Quantitative Models,model,Model,model-estimates-models,Estimates Models
mdl219_2_curindocfp_,Industry-relative operating cash flow-to-price ratio adjusted for industry averages for the second module.,"{'id': 'model219', 'name': 'Canadian Equity Quantitative Models'}","{'id': 'model', 'name': 'Model'}","{'id': 'model-estimates-models', 'name': 'Estimates Models'}",EUR,1,TOPCS1600,MATRIX,1.0,0.7935,0,0,1.4,[],model219,Canadian Equity Quantitative Models,model,Model,model-estimates-models,Estimates Models
mdl219_2_curindocfta_,Industry-relative operating cash flow-to-assets ratio adjusted for industry averages for the second module.,"{'id': 'model219', 'name': 'Canadian Equity Quantitative Models'}","{'id': 'model', 'name': 'Model'}","{'id': 'model-estimates-models', 'name': 'Estimates Models'}",EUR,1,TOPCS1600,MATRIX,1.0,0.7949,0,0,1.4,[],model219,Canadian Equity Quantitative Models,model,Model,model-estimates-models,Estimates Models
mdl219_2_curindsp_,Industry-relative sales-to-price ratio adjusted for industry averages for the second module.,"{'id': 'model219', 'name': 'Canadian Equity Quantitative Models'}","{'id': 'model', 'name': 'Model'}","{'id': 'model-estimates-models', 'name': 'Estimates Models'}",EUR,1,TOPCS1600,MATRIX,1.0,0.7937,0,0,1.4,[],model219,Canadian Equity Quantitative Models,model,Model,model-estimates-models,Estimates Models
mdl219_2_curratio,Current ratio calculated as current assets divided by current liabilities for the second module.,"{'id': 'model219', 'name': 'Canadian Equity Quantitative Models'}","{'id': 'model', 'name': 'Model'}","{'id': 'model-estimates-models', 'name': 'Estimates Models'}",EUR,1,TOPCS1600,MATRIX,1.0,0.6341,0,0,1.4,[],model219,Canadian Equity Quantitative Models,model,Model,model-estimates-models,Estimates Models
mdl219_2_cvvolp20d,20-day volume volatility relative to price volatility for the second module.,"{'id': 'model219', 'name': 'Canadian Equity Quantitative Models'}","{'id': 'model', 'name': 'Model'}","{'id': 'model-estimates-models', 'name': 'Estimates Models'}",EUR,1,TOPCS1600,MATRIX,1.0,0.7967,0,0,1.4,[],model219,Canadian Equity Quantitative Models,model,Model,model-estimates-models,Estimates Models
mdl219_2_cws,Working capital-to-sales ratio calculated as average working capital divided by trailing 12-month sales for the second module.,"{'id': 'model219', 'name': 'Canadian Equity Quantitative Models'}","{'id': 'model', 'name': 'Model'}","{'id': 'model-estimates-models', 'name': 'Estimates Models'}",EUR,1,TOPCS1600,MATRIX,1.0,0.6307,0,0,1.4,[],model219,Canadian Equity Quantitative Models,model,Model,model-estimates-models,Estimates Models
mdl219_2_dcc,Current cash flow debt coverage ratio measuring cash flow relative to debt for the second module.,"{'id': 'model219', 'name': 'Canadian Equity Quantitative Models'}","{'id': 'model', 'name': 'Model'}","{'id': 'model-estimates-models', 'name': 'Estimates Models'}",EUR,1,TOPCS1600,MATRIX,1.0,0.7318,0,0,1.4,[],model219,Canadian Equity Quantitative Models,model,Model,model-estimates-models,Estimates Models
mdl219_2_debtcf,Long-term debt-to-cash flow ratio calculated over trailing 12 months for the second module.,"{'id': 'model219', 'name': 'Canadian Equity Quantitative Models'}","{'id': 'model', 'name': 'Model'}","{'id': 'model-estimates-models', 'name': 'Estimates Models'}",EUR,1,TOPCS1600,MATRIX,1.0,0.7735,0,0,1.4,[],model219,Canadian Equity Quantitative Models,model,Model,model-estimates-models,Estimates Models
mdl219_2_div5yg,5-year dividend growth rate measuring compounded annual growth in dividends for the second module.,"{'id': 'model219', 'name': 'Canadian Equity Quantitative Models'}","{'id': 'model', 'name': 'Model'}","{'id': 'model-estimates-models', 'name': 'Estimates Models'}",EUR,1,TOPCS1600,MATRIX,1.0,0.6338,0,0,1.4,[],model219,Canadian Equity Quantitative Models,model,Model,model-estimates-models,Estimates Models
mdl219_2_divcf,Dividends-to-cash flow ratio calculated over trailing 12 months for the second module.,"{'id': 'model219', 'name': 'Canadian Equity Quantitative Models'}","{'id': 'model', 'name': 'Model'}","{'id': 'model-estimates-models', 'name': 'Estimates Models'}",EUR,1,TOPCS1600,MATRIX,1.0,0.5991,0,0,1.4,[],model219,Canadian Equity Quantitative Models,model,Model,model-estimates-models,Estimates Models
mdl219_2_divcov,Dividend coverage ratio calculated as operating earnings divided by dividends for the second module.,"{'id': 'model219', 'name': 'Canadian Equity Quantitative Models'}","{'id': 'model', 'name': 'Model'}","{'id': 'model-estimates-models', 'name': 'Estimates Models'}",EUR,1,TOPCS1600,MATRIX,1.0,0.6578,0,0,1.4,[],model219,Canadian Equity Quantitative Models,model,Model,model-estimates-models,Estimates Models
mdl219_2_divyield,Trailing 12-month dividend yield calculated as dividends per share divided by stock price for the second module.,"{'id': 'model219', 'name': 'Canadian Equity Quantitative Models'}","{'id': 'model', 'name': 'Model'}","{'id': 'model-estimates-models', 'name': 'Estimates Models'}",EUR,1,TOPCS1600,MATRIX,1.0,0.7891,0,0,1.4,[],model219,Canadian Equity Quantitative Models,model,Model,model-estimates-models,Estimates Models
mdl219_2_dpcapex,Change in depreciation relative to capital expenditures over the last year for the second module.,"{'id': 'model219', 'name': 'Canadian Equity Quantitative Models'}","{'id': 'model', 'name': 'Model'}","{'id': 'model-estimates-models', 'name': 'Estimates Models'}",EUR,1,TOPCS1600,MATRIX,1.0,0.7113,0,0,1.4,[],model219,Canadian Equity Quantitative Models,model,Model,model-estimates-models,Estimates Models
mdl219_2_ebitdaev,EBITDA-to-enterprise value ratio used for valuation for the second module.,"{'id': 'model219', 'name': 'Canadian Equity Quantitative Models'}","{'id': 'model', 'name': 'Model'}","{'id': 'model-estimates-models', 'name': 'Estimates Models'}",EUR,1,TOPCS1600,MATRIX,1.0,0.7859,0,0,1.4,[],model219,Canadian Equity Quantitative Models,model,Model,model-estimates-models,Estimates Models
mdl219_2_ebitdap,Trailing 12-month EBITDA-to-price ratio used for valuation for the second module.,"{'id': 'model219', 'name': 'Canadian Equity Quantitative Models'}","{'id': 'model', 'name': 'Model'}","{'id': 'model-estimates-models', 'name': 'Estimates Models'}",EUR,1,TOPCS1600,MATRIX,1.0,0.7865,0,0,1.4,[],model219,Canadian Equity Quantitative Models,model,Model,model-estimates-models,Estimates Models
mdl219_2_ed,Debt-to-equity ratio measuring financial leverage for the second module.,"{'id': 'model219', 'name': 'Canadian Equity Quantitative Models'}","{'id': 'model', 'name': 'Model'}","{'id': 'model-estimates-models', 'name': 'Estimates Models'}",EUR,1,TOPCS1600,MATRIX,1.0,0.7956,0,0,1.4,[],model219,Canadian Equity Quantitative Models,model,Model,model-estimates-models,Estimates Models
mdl219_2_epschgetr,EPS change due to changes in effective tax rate over the last year for the second module.,"{'id': 'model219', 'name': 'Canadian Equity Quantitative Models'}","{'id': 'model', 'name': 'Model'}","{'id': 'model-estimates-models', 'name': 'Estimates Models'}",EUR,1,TOPCS1600,MATRIX,1.0,0.7616,0,0,1.4,[],model219,Canadian Equity Quantitative Models,model,Model,model-estimates-models,Estimates Models
mdl219_2_equityto,Equity turnover ratio calculated as sales divided by average book equity for the second module.,"{'id': 'model219', 'name': 'Canadian Equity Quantitative Models'}","{'id': 'model', 'name': 'Model'}","{'id': 'model-estimates-models', 'name': 'Estimates Models'}",EUR,1,TOPCS1600,MATRIX,1.0,0.7962,0,0,1.4,[],model219,Canadian Equity Quantitative Models,model,Model,model-estimates-models,Estimates Models
mdl219_2_fc_curindfwdep_,Industry-relative forward 12-month EPS-to-price ratio adjusted for industry averages for the second module.,"{'id': 'model219', 'name': 'Canadian Equity Quantitative Models'}","{'id': 'model', 'name': 'Model'}","{'id': 'model-estimates-models', 'name': 'Estimates Models'}",EUR,1,TOPCS1600,MATRIX,1.0,0.7939,0,0,1.4,[],model219,Canadian Equity Quantitative Models,model,Model,model-estimates-models,Estimates Models
mdl219_2_fc_dypeg,Reciprocal of dividend yield-adjusted PEG ratio for the second module.,"{'id': 'model219', 'name': 'Canadian Equity Quantitative Models'}","{'id': 'model', 'name': 'Model'}","{'id': 'model-estimates-models', 'name': 'Estimates Models'}",EUR,1,TOPCS1600,MATRIX,1.0,0.7352,0,0,1.4,[],model219,Canadian Equity Quantitative Models,model,Model,model-estimates-models,Estimates Models
mdl219_2_fc_ebop,Edwards-Bell-Ohlson value-to-price ratio based on valuation models for the second module.,"{'id': 'model219', 'name': 'Canadian Equity Quantitative Models'}","{'id': 'model', 'name': 'Model'}","{'id': 'model-estimates-models', 'name': 'Estimates Models'}",EUR,1,TOPCS1600,MATRIX,1.0,0.7042,0,0,1.4,[],model219,Canadian Equity Quantitative Models,model,Model,model-estimates-models,Estimates Models
mdl219_2_fc_estep,Leading 12-month median earnings yield calculated as forward EPS divided by price for the second module.,"{'id': 'model219', 'name': 'Canadian Equity Quantitative Models'}","{'id': 'model', 'name': 'Model'}","{'id': 'model-estimates-models', 'name': 'Estimates Models'}",EUR,1,TOPCS1600,MATRIX,1.0,0.7951,0,0,1.4,[],model219,Canadian Equity Quantitative Models,model,Model,model-estimates-models,Estimates Models
mdl219_2_fc_fcfroey1p,Product of trailing 12-month free cash flow yield and forward ROE for the second module.,"{'id': 'model219', 'name': 'Canadian Equity Quantitative Models'}","{'id': 'model', 'name': 'Model'}","{'id': 'model-estimates-models', 'name': 'Estimates Models'}",EUR,1,TOPCS1600,MATRIX,1.0,0.7889,0,0,1.4,[],model219,Canadian Equity Quantitative Models,model,Model,model-estimates-models,Estimates Models
mdl219_2_fc_fwdroe,Forward return on equity calculated as next 4-quarter earnings estimates divided by book equity for the second module.,"{'id': 'model219', 'name': 'Canadian Equity Quantitative Models'}","{'id': 'model', 'name': 'Model'}","{'id': 'model-estimates-models', 'name': 'Estimates Models'}",EUR,1,TOPCS1600,MATRIX,1.0,0.7867,0,0,1.4,[],model219,Canadian Equity Quantitative Models,model,Model,model-estimates-models,Estimates Models
mdl219_2_fc_numest,Number of analysts providing earnings estimates for FY1 for the second module.,"{'id': 'model219', 'name': 'Canadian Equity Quantitative Models'}","{'id': 'model', 'name': 'Model'}","{'id': 'model-estimates-models', 'name': 'Estimates Models'}",EUR,1,TOPCS1600,MATRIX,1.0,0.7948,0,0,1.4,[],model219,Canadian Equity Quantitative Models,model,Model,model-estimates-models,Estimates Models
mdl219_2_fc_numrevy1,Net number of FY1 analyst forecast revisions (raised minus lowered) within a month for the second module.,"{'id': 'model219', 'name': 'Canadian Equity Quantitative Models'}","{'id': 'model', 'name': 'Model'}","{'id': 'model-estimates-models', 'name': 'Estimates Models'}",EUR,1,TOPCS1600,MATRIX,1.0,0.7944,0,0,1.4,[],model219,Canadian Equity Quantitative Models,model,Model,model-estimates-models,Estimates Models
mdl219_2_fc_rel5yfwdep,5-year relative forward 12-month EPS-to-price ratio compared to historical averages for the second module.,"{'id': 'model219', 'name': 'Canadian Equity Quantitative Models'}","{'id': 'model', 'name': 'Model'}","{'id': 'model-estimates-models', 'name': 'Estimates Models'}",EUR,1,TOPCS1600,MATRIX,1.0,0.7081,0,0,1.4,[],model219,Canadian Equity Quantitative Models,model,Model,model-estimates-models,Estimates Models
mdl219_2_fc_rev3y1,3-month revision in FY1 EPS forecasts scaled by price for the second module.,"{'id': 'model219', 'name': 'Canadian Equity Quantitative Models'}","{'id': 'model', 'name': 'Model'}","{'id': 'model-estimates-models', 'name': 'Estimates Models'}",EUR,1,TOPCS1600,MATRIX,1.0,0.7917,0,0,1.4,[],model219,Canadian Equity Quantitative Models,model,Model,model-estimates-models,Estimates Models
mdl219_2_fc_rev3y2,3-month revision in FY2 EPS forecasts scaled by price for the second module.,"{'id': 'model219', 'name': 'Canadian Equity Quantitative Models'}","{'id': 'model', 'name': 'Model'}","{'id': 'model-estimates-models', 'name': 'Estimates Models'}",EUR,1,TOPCS1600,MATRIX,1.0,0.7917,0,0,1.4,[],model219,Canadian Equity Quantitative Models,model,Model,model-estimates-models,Estimates Models
mdl219_2_fc_rev6,Average of prior 6-month changes in FY1 consensus earnings forecasts for the second module.,"{'id': 'model219', 'name': 'Canadian Equity Quantitative Models'}","{'id': 'model', 'name': 'Model'}","{'id': 'model-estimates-models', 'name': 'Estimates Models'}",EUR,1,TOPCS1600,MATRIX,1.0,0.772,0,0,1.4,[],model219,Canadian Equity Quantitative Models,model,Model,model-estimates-models,Estimates Models
mdl219_2_fc_stdevfy1epsp,Standard deviation of FY1 EPS estimates scaled by price for the second module.,"{'id': 'model219', 'name': 'Canadian Equity Quantitative Models'}","{'id': 'model', 'name': 'Model'}","{'id': 'model-estimates-models', 'name': 'Estimates Models'}",EUR,1,TOPCS1600,MATRIX,1.0,0.7834,0,0,1.4,[],model219,Canadian Equity Quantitative Models,model,Model,model-estimates-models,Estimates Models
mdl219_2_fc_stdevfy2epsp,Standard deviation of FY2 EPS estimates scaled by price for the second module.,"{'id': 'model219', 'name': 'Canadian Equity Quantitative Models'}","{'id': 'model', 'name': 'Model'}","{'id': 'model-estimates-models', 'name': 'Estimates Models'}",EUR,1,TOPCS1600,MATRIX,1.0,0.7834,0,0,1.4,[],model219,Canadian Equity Quantitative Models,model,Model,model-estimates-models,Estimates Models
mdl219_2_fcfequity,Free cash flow to equity calculated as trailing 12-month free cash flow divided by average book equity for the second module.,"{'id': 'model219', 'name': 'Canadian Equity Quantitative Models'}","{'id': 'model', 'name': 'Model'}","{'id': 'model-estimates-models', 'name': 'Estimates Models'}",EUR,1,TOPCS1600,MATRIX,1.0,0.7924,0,0,1.4,[],model219,Canadian Equity Quantitative Models,model,Model,model-estimates-models,Estimates Models
mdl219_2_fcfghc,1-year change in free cash flow scaled by total assets for the second module.,"{'id': 'model219', 'name': 'Canadian Equity Quantitative Models'}","{'id': 'model', 'name': 'Model'}","{'id': 'model-estimates-models', 'name': 'Estimates Models'}",EUR,1,TOPCS1600,MATRIX,1.0,0.793,0,0,1.4,[],model219,Canadian Equity Quantitative Models,model,Model,model-estimates-models,Estimates Models
mdl219_2_fcfroi,Free cash flow return on invested capital calculated over trailing 12 months for the second module.,"{'id': 'model219', 'name': 'Canadian Equity Quantitative Models'}","{'id': 'model', 'name': 'Model'}","{'id': 'model-estimates-models', 'name': 'Estimates Models'}",EUR,1,TOPCS1600,MATRIX,1.0,0.794,1,1,1.4,[],model219,Canadian Equity Quantitative Models,model,Model,model-estimates-models,Estimates Models
mdl219_2_fcfsale,Free cash flow-to-sales ratio calculated over trailing 12 months for the second module.,"{'id': 'model219', 'name': 'Canadian Equity Quantitative Models'}","{'id': 'model', 'name': 'Model'}","{'id': 'model-estimates-models', 'name': 'Estimates Models'}",EUR,1,TOPCS1600,MATRIX,1.0,0.7932,0,0,1.4,[],model219,Canadian Equity Quantitative Models,model,Model,model-estimates-models,Estimates Models
mdl219_2_fcghc,1-year change in free cash flow scaled by total assets for the second module.,"{'id': 'model219', 'name': 'Canadian Equity Quantitative Models'}","{'id': 'model', 'name': 'Model'}","{'id': 'model-estimates-models', 'name': 'Estimates Models'}",EUR,1,TOPCS1600,MATRIX,1.0,0.7888,0,0,1.4,[],model219,Canadian Equity Quantitative Models,model,Model,model-estimates-models,Estimates Models
mdl219_2_fcoghc,1-year change in operating cash flow scaled by total assets for the second module.,"{'id': 'model219', 'name': 'Canadian Equity Quantitative Models'}","{'id': 'model', 'name': 'Model'}","{'id': 'model-estimates-models', 'name': 'Estimates Models'}",EUR,1,TOPCS1600,MATRIX,1.0,0.7936,0,0,1.4,[],model219,Canadian Equity Quantitative Models,model,Model,model-estimates-models,Estimates Models
mdl219_2_fixastto,Fixed asset turnover ratio calculated as sales divided by fixed assets for the second module.,"{'id': 'model219', 'name': 'Canadian Equity Quantitative Models'}","{'id': 'model', 'name': 'Model'}","{'id': 'model-estimates-models', 'name': 'Estimates Models'}",EUR,1,TOPCS1600,MATRIX,1.0,0.7916,0,0,1.4,[],model219,Canadian Equity Quantitative Models,model,Model,model-estimates-models,Estimates Models
mdl219_2_flowratio,Flow ratio measuring liquidity as current assets minus cash divided by liabilities minus debt for the second module.,"{'id': 'model219', 'name': 'Canadian Equity Quantitative Models'}","{'id': 'model', 'name': 'Model'}","{'id': 'model-estimates-models', 'name': 'Estimates Models'}",EUR,1,TOPCS1600,MATRIX,1.0,0.633,0,0,1.4,[],model219,Canadian Equity Quantitative Models,model,Model,model-estimates-models,Estimates Models
mdl219_2_gear,Capital gearing ratio calculated as long-term debt divided by total assets minus current liabilities for the second module.,"{'id': 'model219', 'name': 'Canadian Equity Quantitative Models'}","{'id': 'model', 'name': 'Model'}","{'id': 'model-estimates-models', 'name': 'Estimates Models'}",EUR,1,TOPCS1600,MATRIX,1.0,0.7925,0,0,1.4,[],model219,Canadian Equity Quantitative Models,model,Model,model-estimates-models,Estimates Models
mdl219_2_gspea2y_cf,2-year projected EPS growth based on analyst forecasts for the second module.,"{'id': 'model219', 'name': 'Canadian Equity Quantitative Models'}","{'id': 'model', 'name': 'Model'}","{'id': 'model-estimates-models', 'name': 'Estimates Models'}",EUR,1,TOPCS1600,MATRIX,1.0,0.7953,0,0,1.4,[],model219,Canadian Equity Quantitative Models,model,Model,model-estimates-models,Estimates Models
mdl219_2_gtl,Long-term growth rate estimates based on analyst forecasts for the second module.,"{'id': 'model219', 'name': 'Canadian Equity Quantitative Models'}","{'id': 'model', 'name': 'Model'}","{'id': 'model-estimates-models', 'name': 'Estimates Models'}",EUR,1,TOPCS1600,MATRIX,1.0,0.7493,0,0,1.4,[],model219,Canadian Equity Quantitative Models,model,Model,model-estimates-models,Estimates Models
mdl219_2_gtlm6ghc,6-month change in long-term growth estimates for the second module.,"{'id': 'model219', 'name': 'Canadian Equity Quantitative Models'}","{'id': 'model', 'name': 'Model'}","{'id': 'model-estimates-models', 'name': 'Estimates Models'}",EUR,1,TOPCS1600,MATRIX,1.0,0.7244,0,0,1.4,[],model219,Canadian Equity Quantitative Models,model,Model,model-estimates-models,Estimates Models
mdl219_2_high52w,52-week high calculated as the highest monthly closing price over the past year for the second module.,"{'id': 'model219', 'name': 'Canadian Equity Quantitative Models'}","{'id': 'model', 'name': 'Model'}","{'id': 'model-estimates-models', 'name': 'Estimates Models'}",EUR,1,TOPCS1600,MATRIX,1.0,0.794,0,0,1.4,[],model219,Canadian Equity Quantitative Models,model,Model,model-estimates-models,Estimates Models
mdl219_2_ica,Abnormal capital investment measuring changes in capital expenditure intensity for the second module.,"{'id': 'model219', 'name': 'Canadian Equity Quantitative Models'}","{'id': 'model', 'name': 'Model'}","{'id': 'model-estimates-models', 'name': 'Estimates Models'}",EUR,1,TOPCS1600,MATRIX,1.0,0.7627,0,0,1.4,[],model219,Canadian Equity Quantitative Models,model,Model,model-estimates-models,Estimates Models
mdl219_2_idb,Basic defensive interval measuring the number of days a company can cover expenses using cash and receivables for the second module.,"{'id': 'model219', 'name': 'Canadian Equity Quantitative Models'}","{'id': 'model', 'name': 'Model'}","{'id': 'model-estimates-models', 'name': 'Estimates Models'}",EUR,1,TOPCS1600,MATRIX,1.0,0.5405,0,0,1.4,[],model219,Canadian Equity Quantitative Models,model,Model,model-estimates-models,Estimates Models
mdl219_2_indrelcroe_,Industry-adjusted quarterly return on equity relative to industry averages for the second module.,"{'id': 'model219', 'name': 'Canadian Equity Quantitative Models'}","{'id': 'model', 'name': 'Model'}","{'id': 'model-estimates-models', 'name': 'Estimates Models'}",EUR,1,TOPCS1600,MATRIX,1.0,0.7887,0,0,1.4,[],model219,Canadian Equity Quantitative Models,model,Model,model-estimates-models,Estimates Models
mdl219_2_indrelrecd_,Industry-adjusted doubtful account receivables relative to industry averages for the second module.,"{'id': 'model219', 'name': 'Canadian Equity Quantitative Models'}","{'id': 'model', 'name': 'Model'}","{'id': 'model-estimates-models', 'name': 'Estimates Models'}",EUR,1,TOPCS1600,MATRIX,1.0,0.4756,0,0,1.4,[],model219,Canadian Equity Quantitative Models,model,Model,model-estimates-models,Estimates Models
mdl219_2_indrelrtn4w_,4-week industry-relative return adjusted for industry averages for the second module.,"{'id': 'model219', 'name': 'Canadian Equity Quantitative Models'}","{'id': 'model', 'name': 'Model'}","{'id': 'model-estimates-models', 'name': 'Estimates Models'}",EUR,1,TOPCS1600,MATRIX,1.0,0.7967,0,0,1.4,[],model219,Canadian Equity Quantitative Models,model,Model,model-estimates-models,Estimates Models
mdl219_2_indrelrtn5d_,5-day industry-relative return adjusted for industry averages for the second module.,"{'id': 'model219', 'name': 'Canadian Equity Quantitative Models'}","{'id': 'model', 'name': 'Model'}","{'id': 'model-estimates-models', 'name': 'Estimates Models'}",EUR,1,TOPCS1600,MATRIX,1.0,0.7887,0,0,1.4,[],model219,Canadian Equity Quantitative Models,model,Model,model-estimates-models,Estimates Models
mdl219_2_invast,Inventory-to-total assets ratio calculated as inventory divided by total assets for the second module.,"{'id': 'model219', 'name': 'Canadian Equity Quantitative Models'}","{'id': 'model', 'name': 'Model'}","{'id': 'model-estimates-models', 'name': 'Estimates Models'}",EUR,1,TOPCS1600,MATRIX,1.0,0.6918,0,0,1.4,[],model219,Canadian Equity Quantitative Models,model,Model,model-estimates-models,Estimates Models
mdl219_2_iqa,Asset quality index measuring changes in the ratio of non-current assets to total assets for the second module.,"{'id': 'model219', 'name': 'Canadian Equity Quantitative Models'}","{'id': 'model', 'name': 'Model'}","{'id': 'model-estimates-models', 'name': 'Estimates Models'}",EUR,1,TOPCS1600,MATRIX,1.0,0.6298,0,0,1.4,[],model219,Canadian Equity Quantitative Models,model,Model,model-estimates-models,Estimates Models
mdl219_2_lagegp,Lagged inverse PEG ratio calculated using trailing 12-month EPS and sales growth for the second module.,"{'id': 'model219', 'name': 'Canadian Equity Quantitative Models'}","{'id': 'model', 'name': 'Model'}","{'id': 'model-estimates-models', 'name': 'Estimates Models'}",EUR,1,TOPCS1600,MATRIX,1.0,0.7907,0,0,1.4,[],model219,Canadian Equity Quantitative Models,model,Model,model-estimates-models,Estimates Models
mdl219_2_lfd,Financial leverage calculated as pretax income plus interest expense divided by pretax income for the second module.,"{'id': 'model219', 'name': 'Canadian Equity Quantitative Models'}","{'id': 'model', 'name': 'Model'}","{'id': 'model-estimates-models', 'name': 'Estimates Models'}",EUR,1,TOPCS1600,MATRIX,1.0,0.7898,0,0,1.4,[],model219,Canadian Equity Quantitative Models,model,Model,model-estimates-models,Estimates Models
mdl219_2_liqcoeff,Liquidity coefficient measuring the relationship between trading turnover and price returns for the second module.,"{'id': 'model219', 'name': 'Canadian Equity Quantitative Models'}","{'id': 'model', 'name': 'Model'}","{'id': 'model-estimates-models', 'name': 'Estimates Models'}",EUR,1,TOPCS1600,MATRIX,1.0,0.7689,0,0,1.4,[],model219,Canadian Equity Quantitative Models,model,Model,model-estimates-models,Estimates Models
mdl219_2_lumqca,Acquisition multiple calculated as invested capital divided by EBITDA for the second module.,"{'id': 'model219', 'name': 'Canadian Equity Quantitative Models'}","{'id': 'model', 'name': 'Model'}","{'id': 'model-estimates-models', 'name': 'Estimates Models'}",EUR,1,TOPCS1600,MATRIX,1.0,0.7692,0,0,1.4,[],model219,Canadian Equity Quantitative Models,model,Model,model-estimates-models,Estimates Models
mdl219_2_m42rav,24-month value at risk calculated as the minimum monthly price return over the last 20 months for the second module.,"{'id': 'model219', 'name': 'Canadian Equity Quantitative Models'}","{'id': 'model', 'name': 'Model'}","{'id': 'model-estimates-models', 'name': 'Estimates Models'}",EUR,1,TOPCS1600,MATRIX,1.0,0.7633,0,0,1.4,[],model219,Canadian Equity Quantitative Models,model,Model,model-estimates-models,Estimates Models
mdl219_2_m6dn2ntr,Second preceding 6-month return calculated as the percent change in stock price from month t-12 to t-7 for the second module.,"{'id': 'model219', 'name': 'Canadian Equity Quantitative Models'}","{'id': 'model', 'name': 'Model'}","{'id': 'model-estimates-models', 'name': 'Estimates Models'}",EUR,1,TOPCS1600,MATRIX,1.0,0.7831,0,0,1.4,[],model219,Canadian Equity Quantitative Models,model,Model,model-estimates-models,Estimates Models
mdl219_2_milliq,Stock illiquidity calculated as the monthly average of daily absolute return to daily dollar trading volume for the second module.,"{'id': 'model219', 'name': 'Canadian Equity Quantitative Models'}","{'id': 'model', 'name': 'Model'}","{'id': 'model-estimates-models', 'name': 'Estimates Models'}",EUR,1,TOPCS1600,MATRIX,1.0,0.7988,0,0,1.4,[],model219,Canadian Equity Quantitative Models,model,Model,model-estimates-models,Estimates Models
mdl219_2_mktcappera,Market capitalization per analyst calculated as month-end market cap divided by the number of analysts for the second module.,"{'id': 'model219', 'name': 'Canadian Equity Quantitative Models'}","{'id': 'model', 'name': 'Model'}","{'id': 'model-estimates-models', 'name': 'Estimates Models'}",EUR,1,TOPCS1600,MATRIX,1.0,0.7953,0,0,1.4,[],model219,Canadian Equity Quantitative Models,model,Model,model-estimates-models,Estimates Models
mdl219_2_mktlev,Market leverage calculated as market value plus book debt divided by market value for the second module.,"{'id': 'model219', 'name': 'Canadian Equity Quantitative Models'}","{'id': 'model', 'name': 'Model'}","{'id': 'model-estimates-models', 'name': 'Estimates Models'}",EUR,1,TOPCS1600,MATRIX,1.0,0.7918,0,0,1.4,[],model219,Canadian Equity Quantitative Models,model,Model,model-estimates-models,Estimates Models
mdl219_2_mpn,Net profit margin calculated as net income divided by sales for the second module.,"{'id': 'model219', 'name': 'Canadian Equity Quantitative Models'}","{'id': 'model', 'name': 'Model'}","{'id': 'model-estimates-models', 'name': 'Estimates Models'}",EUR,1,TOPCS1600,MATRIX,1.0,0.7937,0,0,1.4,[],model219,Canadian Equity Quantitative Models,model,Model,model-estimates-models,Estimates Models
mdl219_2_mpnghc,Year-over-year change in net profit margin for the second module.,"{'id': 'model219', 'name': 'Canadian Equity Quantitative Models'}","{'id': 'model', 'name': 'Model'}","{'id': 'model-estimates-models', 'name': 'Estimates Models'}",EUR,1,TOPCS1600,MATRIX,1.0,0.7888,0,0,1.4,[],model219,Canadian Equity Quantitative Models,model,Model,model-estimates-models,Estimates Models
mdl219_2_mpoghc,1-year change in operating profit margin for the second module.,"{'id': 'model219', 'name': 'Canadian Equity Quantitative Models'}","{'id': 'model', 'name': 'Model'}","{'id': 'model-estimates-models', 'name': 'Estimates Models'}",EUR,1,TOPCS1600,MATRIX,1.0,0.777,0,0,1.4,[],model219,Canadian Equity Quantitative Models,model,Model,model-estimates-models,Estimates Models
mdl219_2_mrspe_cf,Street revision magnitude measuring 3-month change in median earnings forecast for the second module.,"{'id': 'model219', 'name': 'Canadian Equity Quantitative Models'}","{'id': 'model', 'name': 'Model'}","{'id': 'model-estimates-models', 'name': 'Estimates Models'}",EUR,1,TOPCS1600,MATRIX,1.0,0.7671,1,1,1.4,[],model219,Canadian Equity Quantitative Models,model,Model,model-estimates-models,Estimates Models
mdl219_2_netcashp,Net cash-to-price ratio calculated as cash minus debt divided by market price for the second module.,"{'id': 'model219', 'name': 'Canadian Equity Quantitative Models'}","{'id': 'model', 'name': 'Model'}","{'id': 'model-estimates-models', 'name': 'Estimates Models'}",EUR,1,TOPCS1600,MATRIX,1.0,0.7054,0,0,1.4,[],model219,Canadian Equity Quantitative Models,model,Model,model-estimates-models,Estimates Models
mdl219_2_netdebt,"Net debt ratio calculated as net debt divided by the sum of net debt, preferred stock, and common stock for the second module.","{'id': 'model219', 'name': 'Canadian Equity Quantitative Models'}","{'id': 'model', 'name': 'Model'}","{'id': 'model-estimates-models', 'name': 'Estimates Models'}",EUR,1,TOPCS1600,MATRIX,1.0,0.7944,0,0,1.4,[],model219,Canadian Equity Quantitative Models,model,Model,model-estimates-models,Estimates Models
mdl219_2_nfaldebt,Net fixed assets-to-long-term debt ratio measuring asset coverage for the second module.,"{'id': 'model219', 'name': 'Canadian Equity Quantitative Models'}","{'id': 'model', 'name': 'Model'}","{'id': 'model-estimates-models', 'name': 'Estimates Models'}",EUR,1,TOPCS1600,MATRIX,1.0,0.751,0,0,1.4,[],model219,Canadian Equity Quantitative Models,model,Model,model-estimates-models,Estimates Models
mdl219_2_niper,Net income per employee calculated as income after taxes divided by the number of employees for the second module.,"{'id': 'model219', 'name': 'Canadian Equity Quantitative Models'}","{'id': 'model', 'name': 'Model'}","{'id': 'model-estimates-models', 'name': 'Estimates Models'}",EUR,1,TOPCS1600,MATRIX,1.0,0.7808,0,0,1.4,[],model219,Canadian Equity Quantitative Models,model,Model,model-estimates-models,Estimates Models
mdl219_2_nlassets,Natural logarithm of total assets used for normalization for the second module.,"{'id': 'model219', 'name': 'Canadian Equity Quantitative Models'}","{'id': 'model', 'name': 'Model'}","{'id': 'model-estimates-models', 'name': 'Estimates Models'}",EUR,1,TOPCS1600,MATRIX,1.0,0.7964,1,1,1.4,[],model219,Canadian Equity Quantitative Models,model,Model,model-estimates-models,Estimates Models
mdl219_2_nlmktcap,Natural logarithm of market capitalization used for normalization for the second module.,"{'id': 'model219', 'name': 'Canadian Equity Quantitative Models'}","{'id': 'model', 'name': 'Model'}","{'id': 'model-estimates-models', 'name': 'Estimates Models'}",EUR,1,TOPCS1600,MATRIX,1.0,0.7989,0,0,1.4,[],model219,Canadian Equity Quantitative Models,model,Model,model-estimates-models,Estimates Models
mdl219_2_nlprice,Natural logarithm of closing price used for normalization for the second module.,"{'id': 'model219', 'name': 'Canadian Equity Quantitative Models'}","{'id': 'model', 'name': 'Model'}","{'id': 'model-estimates-models', 'name': 'Estimates Models'}",EUR,1,TOPCS1600,MATRIX,1.0,0.7989,0,0,1.4,[],model219,Canadian Equity Quantitative Models,model,Model,model-estimates-models,Estimates Models
mdl219_2_nlsales,Natural logarithm of trailing 12-month sales used for normalization for the second module.,"{'id': 'model219', 'name': 'Canadian Equity Quantitative Models'}","{'id': 'model', 'name': 'Model'}","{'id': 'model-estimates-models', 'name': 'Estimates Models'}",EUR,1,TOPCS1600,MATRIX,1.0,0.7932,0,0,1.4,[],model219,Canadian Equity Quantitative Models,model,Model,model-estimates-models,Estimates Models
mdl219_2_nlvolcap,Logarithm of trading volume divided by market capitalization for the second module.,"{'id': 'model219', 'name': 'Canadian Equity Quantitative Models'}","{'id': 'model', 'name': 'Model'}","{'id': 'model-estimates-models', 'name': 'Estimates Models'}",EUR,1,TOPCS1600,MATRIX,1.0,0.7865,0,0,1.4,[],model219,Canadian Equity Quantitative Models,model,Model,model-estimates-models,Estimates Models
mdl219_2_nnastp,Net net current assets-to-price ratio calculated as current assets minus liabilities divided by price for the second module.,"{'id': 'model219', 'name': 'Canadian Equity Quantitative Models'}","{'id': 'model', 'name': 'Model'}","{'id': 'model-estimates-models', 'name': 'Estimates Models'}",EUR,1,TOPCS1600,MATRIX,1.0,0.6328,0,0,1.4,[],model219,Canadian Equity Quantitative Models,model,Model,model-estimates-models,Estimates Models
mdl219_2_noato,Net operating asset turnover calculated as sales divided by average net operating assets for the second module.,"{'id': 'model219', 'name': 'Canadian Equity Quantitative Models'}","{'id': 'model', 'name': 'Model'}","{'id': 'model-estimates-models', 'name': 'Estimates Models'}",EUR,1,TOPCS1600,MATRIX,1.0,0.7961,0,0,1.4,[],model219,Canadian Equity Quantitative Models,model,Model,model-estimates-models,Estimates Models
mdl219_2_nopatmargin,NOPAT margin calculated as net operating profit after tax divided by net sales for the second module.,"{'id': 'model219', 'name': 'Canadian Equity Quantitative Models'}","{'id': 'model', 'name': 'Model'}","{'id': 'model-estimates-models', 'name': 'Estimates Models'}",EUR,1,TOPCS1600,MATRIX,1.0,0.7716,0,0,1.4,[],model219,Canadian Equity Quantitative Models,model,Model,model-estimates-models,Estimates Models
mdl219_2_ntrm01ff,Fama-French momentum factor measuring percent change in stock price over 12 months excluding the most recent month for the second module.,"{'id': 'model219', 'name': 'Canadian Equity Quantitative Models'}","{'id': 'model', 'name': 'Model'}","{'id': 'model-estimates-models', 'name': 'Estimates Models'}",EUR,1,TOPCS1600,MATRIX,1.0,0.7831,0,0,1.4,[],model219,Canadian Equity Quantitative Models,model,Model,model-estimates-models,Estimates Models
mdl219_2_ocfast,Operating cash flow-to-assets ratio calculated over trailing 12 months for the second module.,"{'id': 'model219', 'name': 'Canadian Equity Quantitative Models'}","{'id': 'model', 'name': 'Model'}","{'id': 'model-estimates-models', 'name': 'Estimates Models'}",EUR,1,TOPCS1600,MATRIX,1.0,0.7957,1,1,1.4,[],model219,Canadian Equity Quantitative Models,model,Model,model-estimates-models,Estimates Models
mdl219_2_ocfmargin,Operating cash flow margin calculated as operating cash flow divided by sales for the second module.,"{'id': 'model219', 'name': 'Canadian Equity Quantitative Models'}","{'id': 'model', 'name': 'Model'}","{'id': 'model-estimates-models', 'name': 'Estimates Models'}",EUR,1,TOPCS1600,MATRIX,1.0,0.7934,1,1,1.4,[],model219,Canadian Equity Quantitative Models,model,Model,model-estimates-models,Estimates Models
mdl219_2_ocfratio,Operating cash flow ratio calculated as cash flow divided by current liabilities for the second module.,"{'id': 'model219', 'name': 'Canadian Equity Quantitative Models'}","{'id': 'model', 'name': 'Model'}","{'id': 'model-estimates-models', 'name': 'Estimates Models'}",EUR,1,TOPCS1600,MATRIX,1.0,0.6342,0,0,1.4,[],model219,Canadian Equity Quantitative Models,model,Model,model-estimates-models,Estimates Models
mdl219_2_ocfroi,Operating cash flow return on invested capital calculated over trailing 12 months for the second module.,"{'id': 'model219', 'name': 'Canadian Equity Quantitative Models'}","{'id': 'model', 'name': 'Model'}","{'id': 'model-estimates-models', 'name': 'Estimates Models'}",EUR,1,TOPCS1600,MATRIX,1.0,0.7953,0,0,1.4,[],model219,Canadian Equity Quantitative Models,model,Model,model-estimates-models,Estimates Models
mdl219_2_ollev,Operating liability leverage calculated as liabilities divided by operating assets for the second module.,"{'id': 'model219', 'name': 'Canadian Equity Quantitative Models'}","{'id': 'model', 'name': 'Model'}","{'id': 'model-estimates-models', 'name': 'Estimates Models'}",EUR,1,TOPCS1600,MATRIX,1.0,0.7486,0,0,1.4,[],model219,Canadian Equity Quantitative Models,model,Model,model-estimates-models,Estimates Models
mdl219_2_opincltd,Change in operating income relative to long-term debt over the last year for the second module.,"{'id': 'model219', 'name': 'Canadian Equity Quantitative Models'}","{'id': 'model', 'name': 'Model'}","{'id': 'model-estimates-models', 'name': 'Estimates Models'}",EUR,1,TOPCS1600,MATRIX,1.0,0.735,0,0,1.4,[],model219,Canadian Equity Quantitative Models,model,Model,model-estimates-models,Estimates Models
mdl219_2_oplev,Operating leverage calculated as the percent change in operating income divided by the percent change in sales for the second module.,"{'id': 'model219', 'name': 'Canadian Equity Quantitative Models'}","{'id': 'model', 'name': 'Model'}","{'id': 'model-estimates-models', 'name': 'Estimates Models'}",EUR,1,TOPCS1600,MATRIX,1.0,0.77,0,0,1.4,[],model219,Canadian Equity Quantitative Models,model,Model,model-estimates-models,Estimates Models
mdl219_2_otvni,Inventory turnover ratio calculated as cost of goods sold divided by average inventory for the second module.,"{'id': 'model219', 'name': 'Canadian Equity Quantitative Models'}","{'id': 'model', 'name': 'Model'}","{'id': 'model-estimates-models', 'name': 'Estimates Models'}",EUR,1,TOPCS1600,MATRIX,1.0,0.6081,0,0,1.4,[],model219,Canadian Equity Quantitative Models,model,Model,model-estimates-models,Estimates Models
mdl219_2_p50_200ratio,50-day moving average price divided by the 200-day moving average price for the second module.,"{'id': 'model219', 'name': 'Canadian Equity Quantitative Models'}","{'id': 'model', 'name': 'Model'}","{'id': 'model-estimates-models', 'name': 'Estimates Models'}",EUR,1,TOPCS1600,MATRIX,1.0,0.787,0,0,1.4,[],model219,Canadian Equity Quantitative Models,model,Model,model-estimates-models,Estimates Models
mdl219_2_past,Price-to-total assets ratio calculated as market price divided by total assets per share for the second module.,"{'id': 'model219', 'name': 'Canadian Equity Quantitative Models'}","{'id': 'model', 'name': 'Model'}","{'id': 'model-estimates-models', 'name': 'Estimates Models'}",EUR,1,TOPCS1600,MATRIX,1.0,0.7957,0,0,1.4,[],model219,Canadian Equity Quantitative Models,model,Model,model-estimates-models,Estimates Models
mdl219_2_pau,Unexpected change in accounts payable scaled by total assets for the second module.,"{'id': 'model219', 'name': 'Canadian Equity Quantitative Models'}","{'id': 'model', 'name': 'Model'}","{'id': 'model-estimates-models', 'name': 'Estimates Models'}",EUR,1,TOPCS1600,MATRIX,1.0,0.6196,0,0,1.4,[],model219,Canadian Equity Quantitative Models,model,Model,model-estimates-models,Estimates Models
mdl219_2_pb,Book-to-market ratio calculated as book value divided by market price for the second module.,"{'id': 'model219', 'name': 'Canadian Equity Quantitative Models'}","{'id': 'model', 'name': 'Model'}","{'id': 'model-estimates-models', 'name': 'Estimates Models'}",EUR,1,TOPCS1600,MATRIX,1.0,0.7956,0,0,1.4,[],model219,Canadian Equity Quantitative Models,model,Model,model-estimates-models,Estimates Models
mdl219_2_pca,Average collection period calculated as accounts receivable times 365 divided by sales for the second module.,"{'id': 'model219', 'name': 'Canadian Equity Quantitative Models'}","{'id': 'model', 'name': 'Model'}","{'id': 'model-estimates-models', 'name': 'Estimates Models'}",EUR,1,TOPCS1600,MATRIX,1.0,0.7069,0,0,1.4,[],model219,Canadian Equity Quantitative Models,model,Model,model-estimates-models,Estimates Models
mdl219_2_pctabv260low,Percent above the lowest trading price in the last 260 days for the second module.,"{'id': 'model219', 'name': 'Canadian Equity Quantitative Models'}","{'id': 'model', 'name': 'Model'}","{'id': 'model-estimates-models', 'name': 'Estimates Models'}",EUR,1,TOPCS1600,MATRIX,1.0,0.7937,0,0,1.4,[],model219,Canadian Equity Quantitative Models,model,Model,model-estimates-models,Estimates Models
mdl219_2_pctchg3ycf,3-year growth in cash flow per share calculated as a percentage for the second module.,"{'id': 'model219', 'name': 'Canadian Equity Quantitative Models'}","{'id': 'model', 'name': 'Model'}","{'id': 'model-estimates-models', 'name': 'Estimates Models'}",EUR,1,TOPCS1600,MATRIX,1.0,0.7492,0,0,1.4,[],model219,Canadian Equity Quantitative Models,model,Model,model-estimates-models,Estimates Models
mdl219_2_pctchg3yeps,3-year growth in EPS calculated as a percentage for the second module.,"{'id': 'model219', 'name': 'Canadian Equity Quantitative Models'}","{'id': 'model', 'name': 'Model'}","{'id': 'model-estimates-models', 'name': 'Estimates Models'}",EUR,1,TOPCS1600,MATRIX,1.0,0.7538,0,0,1.4,[],model219,Canadian Equity Quantitative Models,model,Model,model-estimates-models,Estimates Models
mdl219_2_pctchg3yfcf,3-year growth in free cash flow per share calculated as a percentage for the second module.,"{'id': 'model219', 'name': 'Canadian Equity Quantitative Models'}","{'id': 'model', 'name': 'Model'}","{'id': 'model-estimates-models', 'name': 'Estimates Models'}",EUR,1,TOPCS1600,MATRIX,1.0,0.6967,0,0,1.4,[],model219,Canadian Equity Quantitative Models,model,Model,model-estimates-models,Estimates Models
mdl219_2_pctchg3yocf,3-year growth in operating cash flow per share calculated as a percentage for the second module.,"{'id': 'model219', 'name': 'Canadian Equity Quantitative Models'}","{'id': 'model', 'name': 'Model'}","{'id': 'model-estimates-models', 'name': 'Estimates Models'}",EUR,1,TOPCS1600,MATRIX,1.0,0.7512,0,0,1.4,[],model219,Canadian Equity Quantitative Models,model,Model,model-estimates-models,Estimates Models
mdl219_2_pctchgastto,1-year change in asset turnover ratio calculated as a percentage for the second module.,"{'id': 'model219', 'name': 'Canadian Equity Quantitative Models'}","{'id': 'model', 'name': 'Model'}","{'id': 'model-estimates-models', 'name': 'Estimates Models'}",EUR,1,TOPCS1600,MATRIX,1.0,0.794,0,0,1.4,[],model219,Canadian Equity Quantitative Models,model,Model,model-estimates-models,Estimates Models
mdl219_2_pctchgcf,1-year growth in cash flow per share calculated as a percentage for the second module.,"{'id': 'model219', 'name': 'Canadian Equity Quantitative Models'}","{'id': 'model', 'name': 'Model'}","{'id': 'model-estimates-models', 'name': 'Estimates Models'}",EUR,1,TOPCS1600,MATRIX,1.0,0.7735,0,0,1.4,[],model219,Canadian Equity Quantitative Models,model,Model,model-estimates-models,Estimates Models
mdl219_2_pctchgeps,1-year growth in EPS calculated as a percentage for the second module.,"{'id': 'model219', 'name': 'Canadian Equity Quantitative Models'}","{'id': 'model', 'name': 'Model'}","{'id': 'model-estimates-models', 'name': 'Estimates Models'}",EUR,1,TOPCS1600,MATRIX,1.0,0.7684,0,0,1.4,[],model219,Canadian Equity Quantitative Models,model,Model,model-estimates-models,Estimates Models
mdl219_2_pctchgfcf,1-year growth in free cash flow per share calculated as a percentage for the second module.,"{'id': 'model219', 'name': 'Canadian Equity Quantitative Models'}","{'id': 'model', 'name': 'Model'}","{'id': 'model-estimates-models', 'name': 'Estimates Models'}",EUR,1,TOPCS1600,MATRIX,1.0,0.721,0,0,1.4,[],model219,Canadian Equity Quantitative Models,model,Model,model-estimates-models,Estimates Models
mdl219_2_pctchgocf,1-year growth in operating cash flow per share calculated as a percentage for the second module.,"{'id': 'model219', 'name': 'Canadian Equity Quantitative Models'}","{'id': 'model', 'name': 'Model'}","{'id': 'model-estimates-models', 'name': 'Estimates Models'}",EUR,1,TOPCS1600,MATRIX,1.0,0.7751,0,0,1.4,[],model219,Canadian Equity Quantitative Models,model,Model,model-estimates-models,Estimates Models
mdl219_2_pctchgqtrast,1-year change in total assets calculated as a percentage for the second module.,"{'id': 'model219', 'name': 'Canadian Equity Quantitative Models'}","{'id': 'model', 'name': 'Model'}","{'id': 'model-estimates-models', 'name': 'Estimates Models'}",EUR,1,TOPCS1600,MATRIX,1.0,0.7925,0,0,1.4,[],model219,Canadian Equity Quantitative Models,model,Model,model-estimates-models,Estimates Models
mdl219_2_pctchgqtrsales,1-year change in sales calculated as a percentage for the second module.,"{'id': 'model219', 'name': 'Canadian Equity Quantitative Models'}","{'id': 'model', 'name': 'Model'}","{'id': 'model-estimates-models', 'name': 'Estimates Models'}",EUR,1,TOPCS1600,MATRIX,1.0,0.7893,0,0,1.4,[],model219,Canadian Equity Quantitative Models,model,Model,model-estimates-models,Estimates Models
mdl219_2_pcurlia,Current liabilities-to-price ratio calculated as liabilities per share divided by stock price for the second module.,"{'id': 'model219', 'name': 'Canadian Equity Quantitative Models'}","{'id': 'model', 'name': 'Model'}","{'id': 'model-estimates-models', 'name': 'Estimates Models'}",EUR,1,TOPCS1600,MATRIX,1.0,0.6338,0,0,1.4,[],model219,Canadian Equity Quantitative Models,model,Model,model-estimates-models,Estimates Models
mdl219_2_pd09erpvc,Coefficient of variation of prior 90-day closing prices for the second module.,"{'id': 'model219', 'name': 'Canadian Equity Quantitative Models'}","{'id': 'model', 'name': 'Model'}","{'id': 'model-estimates-models', 'name': 'Estimates Models'}",EUR,1,TOPCS1600,MATRIX,1.0,0.7946,0,0,1.4,[],model219,Canadian Equity Quantitative Models,model,Model,model-estimates-models,Estimates Models
mdl219_2_pe_wt,Time-weighted earnings yield calculated as the weighted average of reported EPS and forward EPS divided by price for the second module.,"{'id': 'model219', 'name': 'Canadian Equity Quantitative Models'}","{'id': 'model', 'name': 'Model'}","{'id': 'model-estimates-models', 'name': 'Estimates Models'}",EUR,1,TOPCS1600,MATRIX,1.0,0.7953,1,1,1.4,[],model219,Canadian Equity Quantitative Models,model,Model,model-estimates-models,Estimates Models
mdl219_2_pedu,Unexpected change in depreciation scaled by total assets for the second module.,"{'id': 'model219', 'name': 'Canadian Equity Quantitative Models'}","{'id': 'model', 'name': 'Model'}","{'id': 'model-estimates-models', 'name': 'Estimates Models'}",EUR,1,TOPCS1600,MATRIX,1.0,0.7846,0,0,1.4,[],model219,Canadian Equity Quantitative Models,model,Model,model-estimates-models,Estimates Models
mdl219_2_pedwf_cf,Forward earnings yield based on consensus estimates divided by price for the second module.,"{'id': 'model219', 'name': 'Canadian Equity Quantitative Models'}","{'id': 'model', 'name': 'Model'}","{'id': 'model-estimates-models', 'name': 'Estimates Models'}",EUR,1,TOPCS1600,MATRIX,1.0,0.7953,0,0,1.4,[],model219,Canadian Equity Quantitative Models,model,Model,model-estimates-models,Estimates Models
mdl219_2_pelh_cf,Street revision confidence measuring the sum of 3-month changes in highest and lowest earnings forecasts for the second module.,"{'id': 'model219', 'name': 'Canadian Equity Quantitative Models'}","{'id': 'model', 'name': 'Model'}","{'id': 'model-estimates-models', 'name': 'Estimates Models'}",EUR,1,TOPCS1600,MATRIX,1.0,0.7893,0,0,1.4,[],model219,Canadian Equity Quantitative Models,model,Model,model-estimates-models,Estimates Models
mdl219_2_perg,Risk-adjusted PEG ratio calculated as price divided by forward EPS and scaled by growth rate for the second module.,"{'id': 'model219', 'name': 'Canadian Equity Quantitative Models'}","{'id': 'model', 'name': 'Model'}","{'id': 'model-estimates-models', 'name': 'Estimates Models'}",EUR,1,TOPCS1600,MATRIX,1.0,0.6901,0,0,1.4,[],model219,Canadian Equity Quantitative Models,model,Model,model-estimates-models,Estimates Models
mdl219_2_pfcf_cf,Free cash flow-to-price ratio calculated over trailing 12 months for the second module.,"{'id': 'model219', 'name': 'Canadian Equity Quantitative Models'}","{'id': 'model', 'name': 'Model'}","{'id': 'model-estimates-models', 'name': 'Estimates Models'}",EUR,1,TOPCS1600,MATRIX,1.0,0.785,0,0,1.4,[],model219,Canadian Equity Quantitative Models,model,Model,model-estimates-models,Estimates Models
mdl219_2_pfcfghc,1-year change in free cash flow per share scaled by price for the second module.,"{'id': 'model219', 'name': 'Canadian Equity Quantitative Models'}","{'id': 'model', 'name': 'Model'}","{'id': 'model-estimates-models', 'name': 'Estimates Models'}",EUR,1,TOPCS1600,MATRIX,1.0,0.7902,1,1,1.4,[],model219,Canadian Equity Quantitative Models,model,Model,model-estimates-models,Estimates Models
mdl219_2_pfcfmtt,Free cash flow-to-price ratio calculated over trailing 12 months for the second module.,"{'id': 'model219', 'name': 'Canadian Equity Quantitative Models'}","{'id': 'model', 'name': 'Model'}","{'id': 'model-estimates-models', 'name': 'Estimates Models'}",EUR,1,TOPCS1600,MATRIX,1.0,0.7942,0,0,1.4,[],model219,Canadian Equity Quantitative Models,model,Model,model-estimates-models,Estimates Models
mdl219_2_pfcfy3ghc,3-year change in free cash flow per share scaled by price for the second module.,"{'id': 'model219', 'name': 'Canadian Equity Quantitative Models'}","{'id': 'model', 'name': 'Model'}","{'id': 'model-estimates-models', 'name': 'Estimates Models'}",EUR,1,TOPCS1600,MATRIX,1.0,0.7662,0,0,1.4,[],model219,Canadian Equity Quantitative Models,model,Model,model-estimates-models,Estimates Models
mdl219_2_pfcghc,1-year change in free cash flow per share scaled by price for the second module.,"{'id': 'model219', 'name': 'Canadian Equity Quantitative Models'}","{'id': 'model', 'name': 'Model'}","{'id': 'model-estimates-models', 'name': 'Estimates Models'}",EUR,1,TOPCS1600,MATRIX,1.0,0.7846,0,0,1.4,[],model219,Canadian Equity Quantitative Models,model,Model,model-estimates-models,Estimates Models
mdl219_2_pfcmtt,Trailing 12-month cash flow-to-price ratio calculated as cash flow per share divided by price for the second module.,"{'id': 'model219', 'name': 'Canadian Equity Quantitative Models'}","{'id': 'model', 'name': 'Model'}","{'id': 'model-estimates-models', 'name': 'Estimates Models'}",EUR,1,TOPCS1600,MATRIX,1.0,0.7898,0,0,1.4,[],model219,Canadian Equity Quantitative Models,model,Model,model-estimates-models,Estimates Models
mdl219_2_pfcoghc,1-year change in operating cash flow per share scaled by price for the second module.,"{'id': 'model219', 'name': 'Canadian Equity Quantitative Models'}","{'id': 'model', 'name': 'Model'}","{'id': 'model-estimates-models', 'name': 'Estimates Models'}",EUR,1,TOPCS1600,MATRIX,1.0,0.7905,0,0,1.4,[],model219,Canadian Equity Quantitative Models,model,Model,model-estimates-models,Estimates Models
mdl219_2_pfcomtt,Trailing 12-month operating cash flow-to-price ratio calculated as operating cash flow per share divided by price for the second module.,"{'id': 'model219', 'name': 'Canadian Equity Quantitative Models'}","{'id': 'model', 'name': 'Model'}","{'id': 'model-estimates-models', 'name': 'Estimates Models'}",EUR,1,TOPCS1600,MATRIX,1.0,0.7944,0,0,1.4,[],model219,Canadian Equity Quantitative Models,model,Model,model-estimates-models,Estimates Models
mdl219_2_pfcoy3ghc,3-year change in operating cash flow per share scaled by price for the second module.,"{'id': 'model219', 'name': 'Canadian Equity Quantitative Models'}","{'id': 'model', 'name': 'Model'}","{'id': 'model-estimates-models', 'name': 'Estimates Models'}",EUR,1,TOPCS1600,MATRIX,1.0,0.7669,0,0,1.4,[],model219,Canadian Equity Quantitative Models,model,Model,model-estimates-models,Estimates Models
mdl219_2_pfcy3ghc,3-year change in free cash flow per share scaled by price for the second module.,"{'id': 'model219', 'name': 'Canadian Equity Quantitative Models'}","{'id': 'model', 'name': 'Model'}","{'id': 'model-estimates-models', 'name': 'Estimates Models'}",EUR,1,TOPCS1600,MATRIX,1.0,0.7593,0,0,1.4,[],model219,Canadian Equity Quantitative Models,model,Model,model-estimates-models,Estimates Models
mdl219_2_pfgmtt,Trailing 12-month growth flow-to-price ratio calculated as growth flow per share divided by price for the second module.,"{'id': 'model219', 'name': 'Canadian Equity Quantitative Models'}","{'id': 'model', 'name': 'Model'}","{'id': 'model-estimates-models', 'name': 'Estimates Models'}",EUR,1,TOPCS1600,MATRIX,1.0,0.7949,0,0,1.4,[],model219,Canadian Equity Quantitative Models,model,Model,model-estimates-models,Estimates Models
mdl219_2_pge_cf,Inverse PEG ratio adjusted for dividend yield for the second module.,"{'id': 'model219', 'name': 'Canadian Equity Quantitative Models'}","{'id': 'model', 'name': 'Model'}","{'id': 'model-estimates-models', 'name': 'Estimates Models'}",EUR,1,TOPCS1600,MATRIX,1.0,0.749,0,0,1.4,[],model219,Canadian Equity Quantitative Models,model,Model,model-estimates-models,Estimates Models
mdl219_2_pinoa,Pretax return on net operating assets calculated as operating income divided by net operating assets for the second module.,"{'id': 'model219', 'name': 'Canadian Equity Quantitative Models'}","{'id': 'model', 'name': 'Model'}","{'id': 'model-estimates-models', 'name': 'Estimates Models'}",EUR,1,TOPCS1600,MATRIX,1.0,0.6306,0,0,1.4,[],model219,Canadian Equity Quantitative Models,model,Model,model-estimates-models,Estimates Models
mdl219_2_ppa,Average payable period calculated as accounts payable times 365 divided by cost of goods sold for the second module.,"{'id': 'model219', 'name': 'Canadian Equity Quantitative Models'}","{'id': 'model', 'name': 'Model'}","{'id': 'model-estimates-models', 'name': 'Estimates Models'}",EUR,1,TOPCS1600,MATRIX,1.0,0.623,0,0,1.4,[],model219,Canadian Equity Quantitative Models,model,Model,model-estimates-models,Estimates Models
mdl219_2_pqipmtt,Trailing 12-month pretax income-to-price ratio calculated as pretax income per share divided by price for the second module.,"{'id': 'model219', 'name': 'Canadian Equity Quantitative Models'}","{'id': 'model', 'name': 'Model'}","{'id': 'model-estimates-models', 'name': 'Estimates Models'}",EUR,1,TOPCS1600,MATRIX,1.0,0.7951,0,0,1.4,[],model219,Canadian Equity Quantitative Models,model,Model,model-estimates-models,Estimates Models
mdl219_2_psmtt,Trailing 12-month sales-to-price ratio calculated as sales per share divided by price for the second module.,"{'id': 'model219', 'name': 'Canadian Equity Quantitative Models'}","{'id': 'model', 'name': 'Model'}","{'id': 'model-estimates-models', 'name': 'Estimates Models'}",EUR,1,TOPCS1600,MATRIX,1.0,0.795,0,0,1.4,[],model219,Canadian Equity Quantitative Models,model,Model,model-estimates-models,Estimates Models
mdl219_2_pspeghc,1-year change in EPS scaled by price for the second module.,"{'id': 'model219', 'name': 'Canadian Equity Quantitative Models'}","{'id': 'model', 'name': 'Model'}","{'id': 'model-estimates-models', 'name': 'Estimates Models'}",EUR,1,TOPCS1600,MATRIX,1.0,0.7932,0,0,1.4,[],model219,Canadian Equity Quantitative Models,model,Model,model-estimates-models,Estimates Models
mdl219_2_pvan,Net asset value-to-price ratio calculated as book value of net assets divided by price for the second module.,"{'id': 'model219', 'name': 'Canadian Equity Quantitative Models'}","{'id': 'model', 'name': 'Model'}","{'id': 'model-estimates-models', 'name': 'Estimates Models'}",EUR,1,TOPCS1600,MATRIX,1.0,0.796,0,0,1.4,[],model219,Canadian Equity Quantitative Models,model,Model,model-estimates-models,Estimates Models
mdl219_2_rationalalpha,Rational decay alpha measuring excess return using a decay function for weighting for the second module.,"{'id': 'model219', 'name': 'Canadian Equity Quantitative Models'}","{'id': 'model', 'name': 'Model'}","{'id': 'model-estimates-models', 'name': 'Estimates Models'}",EUR,1,TOPCS1600,MATRIX,1.0,0.7795,3,3,1.4,[],model219,Canadian Equity Quantitative Models,model,Model,model-estimates-models,Estimates Models
mdl219_2_ratrev6m,6-month average of analyst rating revisions for the second module.,"{'id': 'model219', 'name': 'Canadian Equity Quantitative Models'}","{'id': 'model', 'name': 'Model'}","{'id': 'model-estimates-models', 'name': 'Estimates Models'}",EUR,1,TOPCS1600,MATRIX,1.0,0.7873,0,0,1.4,[],model219,Canadian Equity Quantitative Models,model,Model,model-estimates-models,Estimates Models
mdl219_2_rau,Unexpected change in accounts receivable scaled by total assets for the second module.,"{'id': 'model219', 'name': 'Canadian Equity Quantitative Models'}","{'id': 'model', 'name': 'Model'}","{'id': 'model-estimates-models', 'name': 'Estimates Models'}",EUR,1,TOPCS1600,MATRIX,1.0,0.7047,0,0,1.4,[],model219,Canadian Equity Quantitative Models,model,Model,model-estimates-models,Estimates Models
mdl219_2_rdsale,R&D intensity calculated as research and development expenses divided by sales for the second module.,"{'id': 'model219', 'name': 'Canadian Equity Quantitative Models'}","{'id': 'model', 'name': 'Model'}","{'id': 'model-estimates-models', 'name': 'Estimates Models'}",EUR,1,TOPCS1600,MATRIX,1.0,0.5215,0,0,1.4,[],model219,Canadian Equity Quantitative Models,model,Model,model-estimates-models,Estimates Models
mdl219_2_reinrate,Reinvestment rate calculated as EPS minus dividends divided by book equity for the second module.,"{'id': 'model219', 'name': 'Canadian Equity Quantitative Models'}","{'id': 'model', 'name': 'Model'}","{'id': 'model-estimates-models', 'name': 'Estimates Models'}",EUR,1,TOPCS1600,MATRIX,1.0,0.7838,0,0,1.4,[],model219,Canadian Equity Quantitative Models,model,Model,model-estimates-models,Estimates Models
mdl219_2_rel5ybp,5-year relative book-to-market ratio compared to historical averages for the second module.,"{'id': 'model219', 'name': 'Canadian Equity Quantitative Models'}","{'id': 'model', 'name': 'Model'}","{'id': 'model-estimates-models', 'name': 'Estimates Models'}",EUR,1,TOPCS1600,MATRIX,1.0,0.692,0,0,1.4,[],model219,Canadian Equity Quantitative Models,model,Model,model-estimates-models,Estimates Models
mdl219_2_rel5ycfp,5-year relative cash flow-to-price ratio compared to historical averages for the second module.,"{'id': 'model219', 'name': 'Canadian Equity Quantitative Models'}","{'id': 'model', 'name': 'Model'}","{'id': 'model-estimates-models', 'name': 'Estimates Models'}",EUR,1,TOPCS1600,MATRIX,1.0,0.6654,0,0,1.4,[],model219,Canadian Equity Quantitative Models,model,Model,model-estimates-models,Estimates Models
mdl219_2_rel5ydivp,5-year relative dividend yield compared to historical averages for the second module.,"{'id': 'model219', 'name': 'Canadian Equity Quantitative Models'}","{'id': 'model', 'name': 'Model'}","{'id': 'model-estimates-models', 'name': 'Estimates Models'}",EUR,1,TOPCS1600,MATRIX,1.0,0.6332,0,0,1.4,[],model219,Canadian Equity Quantitative Models,model,Model,model-estimates-models,Estimates Models
mdl219_2_rel5yebitdap,5-year relative EBITDA-to-price ratio compared to historical averages for the second module.,"{'id': 'model219', 'name': 'Canadian Equity Quantitative Models'}","{'id': 'model', 'name': 'Model'}","{'id': 'model-estimates-models', 'name': 'Estimates Models'}",EUR,1,TOPCS1600,MATRIX,1.0,0.6675,0,0,1.4,[],model219,Canadian Equity Quantitative Models,model,Model,model-estimates-models,Estimates Models
mdl219_2_rel5yep,5-year relative EPS-to-price ratio compared to historical averages for the second module.,"{'id': 'model219', 'name': 'Canadian Equity Quantitative Models'}","{'id': 'model', 'name': 'Model'}","{'id': 'model-estimates-models', 'name': 'Estimates Models'}",EUR,1,TOPCS1600,MATRIX,1.0,0.6917,1,1,1.4,[],model219,Canadian Equity Quantitative Models,model,Model,model-estimates-models,Estimates Models
mdl219_2_rel5yfcfp,5-year relative free cash flow-to-price ratio compared to historical averages for the second module.,"{'id': 'model219', 'name': 'Canadian Equity Quantitative Models'}","{'id': 'model', 'name': 'Model'}","{'id': 'model-estimates-models', 'name': 'Estimates Models'}",EUR,1,TOPCS1600,MATRIX,1.0,0.677,0,0,1.4,[],model219,Canadian Equity Quantitative Models,model,Model,model-estimates-models,Estimates Models
mdl219_2_rel5yocfp,5-year relative operating cash flow-to-price ratio compared to historical averages for the second module.,"{'id': 'model219', 'name': 'Canadian Equity Quantitative Models'}","{'id': 'model', 'name': 'Model'}","{'id': 'model-estimates-models', 'name': 'Estimates Models'}",EUR,1,TOPCS1600,MATRIX,1.0,0.6766,0,0,1.4,[],model219,Canadian Equity Quantitative Models,model,Model,model-estimates-models,Estimates Models
mdl219_2_rel5ysp,5-year relative sales-to-price ratio compared to historical averages for the second module.,"{'id': 'model219', 'name': 'Canadian Equity Quantitative Models'}","{'id': 'model', 'name': 'Model'}","{'id': 'model-estimates-models', 'name': 'Estimates Models'}",EUR,1,TOPCS1600,MATRIX,1.0,0.6906,0,0,1.4,[],model219,Canadian Equity Quantitative Models,model,Model,model-estimates-models,Estimates Models
mdl219_2_relpricestrength_,Industry-adjusted 12-month relative price strength compared to industry averages for the second module.,"{'id': 'model219', 'name': 'Canadian Equity Quantitative Models'}","{'id': 'model', 'name': 'Model'}","{'id': 'model-estimates-models', 'name': 'Estimates Models'}",EUR,1,TOPCS1600,MATRIX,1.0,0.7811,0,0,1.4,[],model219,Canadian Equity Quantitative Models,model,Model,model-estimates-models,Estimates Models
mdl219_2_rerror60m,Regression error of 60-month CAPM used for trend analysis for the second module.,"{'id': 'model219', 'name': 'Canadian Equity Quantitative Models'}","{'id': 'model', 'name': 'Model'}","{'id': 'model-estimates-models', 'name': 'Estimates Models'}",EUR,1,TOPCS1600,MATRIX,1.0,0.6976,0,0,1.4,[],model219,Canadian Equity Quantitative Models,model,Model,model-estimates-models,Estimates Models
mdl219_2_revper,Revenue per employee calculated as trailing 12-month sales divided by the number of employees for the second module.,"{'id': 'model219', 'name': 'Canadian Equity Quantitative Models'}","{'id': 'model', 'name': 'Model'}","{'id': 'model-estimates-models', 'name': 'Estimates Models'}",EUR,1,TOPCS1600,MATRIX,1.0,0.7807,0,0,1.4,[],model219,Canadian Equity Quantitative Models,model,Model,model-estimates-models,Estimates Models
mdl219_2_roe,Return on equity calculated as net income divided by shareholder equity for the second module.,"{'id': 'model219', 'name': 'Canadian Equity Quantitative Models'}","{'id': 'model', 'name': 'Model'}","{'id': 'model-estimates-models', 'name': 'Estimates Models'}",EUR,1,TOPCS1600,MATRIX,1.0,0.7893,0,0,1.4,[],model219,Canadian Equity Quantitative Models,model,Model,model-estimates-models,Estimates Models
mdl219_2_roic,Return on invested capital calculated as net income and interest expenses divided by invested capital for the second module.,"{'id': 'model219', 'name': 'Canadian Equity Quantitative Models'}","{'id': 'model', 'name': 'Model'}","{'id': 'model-estimates-models', 'name': 'Estimates Models'}",EUR,1,TOPCS1600,MATRIX,1.0,0.7897,0,0,1.4,[],model219,Canadian Equity Quantitative Models,model,Model,model-estimates-models,Estimates Models
mdl219_2_rq,Quick ratio calculated as current assets minus inventory divided by current liabilities for the second module.,"{'id': 'model219', 'name': 'Canadian Equity Quantitative Models'}","{'id': 'model', 'name': 'Model'}","{'id': 'model-estimates-models', 'name': 'Estimates Models'}",EUR,1,TOPCS1600,MATRIX,1.0,0.6329,0,0,1.4,[],model219,Canadian Equity Quantitative Models,model,Model,model-estimates-models,Estimates Models
mdl219_2_saleeps,Change in trailing 12-month sales relative to EPS for the second module.,"{'id': 'model219', 'name': 'Canadian Equity Quantitative Models'}","{'id': 'model', 'name': 'Model'}","{'id': 'model-estimates-models', 'name': 'Estimates Models'}",EUR,1,TOPCS1600,MATRIX,1.0,0.7501,0,0,1.4,[],model219,Canadian Equity Quantitative Models,model,Model,model-estimates-models,Estimates Models
mdl219_2_saleg5y,5-year sales growth calculated as the difference between trailing 12-month sales and sales 20 quarters ago for the second module.,"{'id': 'model219', 'name': 'Canadian Equity Quantitative Models'}","{'id': 'model', 'name': 'Model'}","{'id': 'model-estimates-models', 'name': 'Estimates Models'}",EUR,1,TOPCS1600,MATRIX,1.0,0.7469,0,0,1.4,[],model219,Canadian Equity Quantitative Models,model,Model,model-estimates-models,Estimates Models
mdl219_2_salegpm,Change in quarterly sales relative to gross profit margin over the last year for the second module.,"{'id': 'model219', 'name': 'Canadian Equity Quantitative Models'}","{'id': 'model', 'name': 'Model'}","{'id': 'model-estimates-models', 'name': 'Estimates Models'}",EUR,1,TOPCS1600,MATRIX,1.0,0.6882,0,0,1.4,[],model219,Canadian Equity Quantitative Models,model,Model,model-estimates-models,Estimates Models
mdl219_2_salerec,Change in trailing 12-month sales relative to accounts receivable for the second module.,"{'id': 'model219', 'name': 'Canadian Equity Quantitative Models'}","{'id': 'model', 'name': 'Model'}","{'id': 'model-estimates-models', 'name': 'Estimates Models'}",EUR,1,TOPCS1600,MATRIX,1.0,0.7037,0,0,1.4,[],model219,Canadian Equity Quantitative Models,model,Model,model-estimates-models,Estimates Models
mdl219_2_sighc,Year-over-year change in inventory as a percentage of sales for the second module.,"{'id': 'model219', 'name': 'Canadian Equity Quantitative Models'}","{'id': 'model', 'name': 'Model'}","{'id': 'model-estimates-models', 'name': 'Estimates Models'}",EUR,1,TOPCS1600,MATRIX,1.0,0.6945,1,1,1.4,[],model219,Canadian Equity Quantitative Models,model,Model,model-estimates-models,Estimates Models
mdl219_2_sigma,Stock return volatility calculated as the standard deviation of monthly returns over the last 60 months for the second module.,"{'id': 'model219', 'name': 'Canadian Equity Quantitative Models'}","{'id': 'model', 'name': 'Model'}","{'id': 'model-estimates-models', 'name': 'Estimates Models'}",EUR,1,TOPCS1600,MATRIX,1.0,0.6975,0,0,1.4,[],model219,Canadian Equity Quantitative Models,model,Model,model-estimates-models,Estimates Models
mdl219_2_skew90cortn,Skewness of 90-day daily excess returns calculated as the asymmetry of daily excess price returns for the second module.,"{'id': 'model219', 'name': 'Canadian Equity Quantitative Models'}","{'id': 'model', 'name': 'Model'}","{'id': 'model-estimates-models', 'name': 'Estimates Models'}",EUR,1,TOPCS1600,MATRIX,1.0,0.7946,0,0,1.4,[],model219,Canadian Equity Quantitative Models,model,Model,model-estimates-models,Estimates Models
mdl219_2_skew90drtn,Skewness of 90-day daily returns calculated as the asymmetry of daily price returns for the second module.,"{'id': 'model219', 'name': 'Canadian Equity Quantitative Models'}","{'id': 'model', 'name': 'Model'}","{'id': 'model-estimates-models', 'name': 'Estimates Models'}",EUR,1,TOPCS1600,MATRIX,1.0,0.7946,0,0,1.4,[],model219,Canadian Equity Quantitative Models,model,Model,model-estimates-models,Estimates Models
mdl219_2_slope52wp,Slope of the 52-week price trend line calculated using regression analysis for the second module.,"{'id': 'model219', 'name': 'Canadian Equity Quantitative Models'}","{'id': 'model', 'name': 'Model'}","{'id': 'model-estimates-models', 'name': 'Estimates Models'}",EUR,1,TOPCS1600,MATRIX,1.0,0.7821,0,0,1.4,[],model219,Canadian Equity Quantitative Models,model,Model,model-estimates-models,Estimates Models
mdl219_2_slope66wp,Slope of the 66-week price trend line calculated using regression analysis for the second module.,"{'id': 'model219', 'name': 'Canadian Equity Quantitative Models'}","{'id': 'model', 'name': 'Model'}","{'id': 'model-estimates-models', 'name': 'Estimates Models'}",EUR,1,TOPCS1600,MATRIX,1.0,0.7768,0,0,1.4,[],model219,Canadian Equity Quantitative Models,model,Model,model-estimates-models,Estimates Models
mdl219_2_spe1yfvc_cf,Dispersion of FY1 EPS estimates calculated as standard deviation divided by mean for the second module.,"{'id': 'model219', 'name': 'Canadian Equity Quantitative Models'}","{'id': 'model', 'name': 'Model'}","{'id': 'model-estimates-models', 'name': 'Estimates Models'}",EUR,1,TOPCS1600,MATRIX,1.0,0.7711,0,0,1.4,[],model219,Canadian Equity Quantitative Models,model,Model,model-estimates-models,Estimates Models
mdl219_2_spe2yfvc_cf,Dispersion of FY2 EPS estimates calculated as standard deviation divided by mean for the second module.,"{'id': 'model219', 'name': 'Canadian Equity Quantitative Models'}","{'id': 'model', 'name': 'Model'}","{'id': 'model-estimates-models', 'name': 'Estimates Models'}",EUR,1,TOPCS1600,MATRIX,1.0,0.7705,0,0,1.4,[],model219,Canadian Equity Quantitative Models,model,Model,model-estimates-models,Estimates Models
mdl219_2_spefcn,Change in EPS relative to operating cash flows over the last year for the second module.,"{'id': 'model219', 'name': 'Canadian Equity Quantitative Models'}","{'id': 'model', 'name': 'Model'}","{'id': 'model-estimates-models', 'name': 'Estimates Models'}",EUR,1,TOPCS1600,MATRIX,1.0,0.7483,0,0,1.4,[],model219,Canadian Equity Quantitative Models,model,Model,model-estimates-models,Estimates Models
mdl219_2_speghc,1-year change in EPS scaled by total assets for the second module.,"{'id': 'model219', 'name': 'Canadian Equity Quantitative Models'}","{'id': 'model', 'name': 'Model'}","{'id': 'model-estimates-models', 'name': 'Estimates Models'}",EUR,1,TOPCS1600,MATRIX,1.0,0.7946,0,0,1.4,[],model219,Canadian Equity Quantitative Models,model,Model,model-estimates-models,Estimates Models
mdl219_2_stockrating,Street consensus rating calculated as the average analyst recommendation for the second module.,"{'id': 'model219', 'name': 'Canadian Equity Quantitative Models'}","{'id': 'model', 'name': 'Model'}","{'id': 'model-estimates-models', 'name': 'Estimates Models'}",EUR,1,TOPCS1600,MATRIX,1.0,0.7964,0,0,1.4,[],model219,Canadian Equity Quantitative Models,model,Model,model-estimates-models,Estimates Models
mdl219_2_surp,Real earnings surprise calculated as the difference between actual EPS and consensus forecasts for the second module.,"{'id': 'model219', 'name': 'Canadian Equity Quantitative Models'}","{'id': 'model', 'name': 'Model'}","{'id': 'model-estimates-models', 'name': 'Estimates Models'}",EUR,1,TOPCS1600,MATRIX,1.0,0.7805,0,0,1.4,[],model219,Canadian Equity Quantitative Models,model,Model,model-estimates-models,Estimates Models
mdl219_2_susgrowth,Sustainable growth rate calculated as ROE multiplied by (1 - dividend payout ratio) for the second module.,"{'id': 'model219', 'name': 'Canadian Equity Quantitative Models'}","{'id': 'model', 'name': 'Model'}","{'id': 'model-estimates-models', 'name': 'Estimates Models'}",EUR,1,TOPCS1600,MATRIX,1.0,0.7831,0,0,1.4,[],model219,Canadian Equity Quantitative Models,model,Model,model-estimates-models,Estimates Models
mdl219_2_tobinq,Tobin's Q ratio calculated as the market value of equity plus debt divided by assets for the second module.,"{'id': 'model219', 'name': 'Canadian Equity Quantitative Models'}","{'id': 'model', 'name': 'Model'}","{'id': 'model-estimates-models', 'name': 'Estimates Models'}",EUR,1,TOPCS1600,MATRIX,1.0,0.7872,1,1,1.4,[],model219,Canadian Equity Quantitative Models,model,Model,model-estimates-models,Estimates Models
mdl219_2_totalcov,Total coverage ratio measuring operating cash flow divided by debt payments for the second module.,"{'id': 'model219', 'name': 'Canadian Equity Quantitative Models'}","{'id': 'model', 'name': 'Model'}","{'id': 'model-estimates-models', 'name': 'Estimates Models'}",EUR,1,TOPCS1600,MATRIX,1.0,0.7629,0,0,1.4,[],model219,Canadian Equity Quantitative Models,model,Model,model-estimates-models,Estimates Models
mdl219_2_totalsaleg,Yearly trailing 12-month total sales growth rate calculated as a percentage change for the second module.,"{'id': 'model219', 'name': 'Canadian Equity Quantitative Models'}","{'id': 'model', 'name': 'Model'}","{'id': 'model-estimates-models', 'name': 'Estimates Models'}",EUR,1,TOPCS1600,MATRIX,1.0,0.7912,0,0,1.4,[],model219,Canadian Equity Quantitative Models,model,Model,model-estimates-models,Estimates Models
mdl219_2_tstalp,1-year price momentum indicator calculated using correlation-based analysis for the second module.,"{'id': 'model219', 'name': 'Canadian Equity Quantitative Models'}","{'id': 'model', 'name': 'Model'}","{'id': 'model-estimates-models', 'name': 'Estimates Models'}",EUR,1,TOPCS1600,MATRIX,1.0,0.7825,0,0,1.4,[],model219,Canadian Equity Quantitative Models,model,Model,model-estimates-models,Estimates Models
mdl219_2_ttmaccu,Accounting accruals calculated as the difference between trailing 12-month net income and operating cash flow for the second module.,"{'id': 'model219', 'name': 'Canadian Equity Quantitative Models'}","{'id': 'model', 'name': 'Model'}","{'id': 'model-estimates-models', 'name': 'Estimates Models'}",EUR,1,TOPCS1600,MATRIX,1.0,0.7956,0,0,1.4,[],model219,Canadian Equity Quantitative Models,model,Model,model-estimates-models,Estimates Models
mdl219_2_ttmcapexp,Trailing 12-month capital expenditures-to-price ratio calculated as capital expenditures per share divided by price for the second module.,"{'id': 'model219', 'name': 'Canadian Equity Quantitative Models'}","{'id': 'model', 'name': 'Model'}","{'id': 'model-estimates-models', 'name': 'Estimates Models'}",EUR,1,TOPCS1600,MATRIX,1.0,0.7928,0,0,1.4,[],model219,Canadian Equity Quantitative Models,model,Model,model-estimates-models,Estimates Models
mdl219_2_ttmsaleev,Trailing 12-month sales-to-enterprise value ratio calculated as sales divided by enterprise value for the second module.,"{'id': 'model219', 'name': 'Canadian Equity Quantitative Models'}","{'id': 'model', 'name': 'Model'}","{'id': 'model-estimates-models', 'name': 'Estimates Models'}",EUR,1,TOPCS1600,MATRIX,1.0,0.7949,0,0,1.4,[],model219,Canadian Equity Quantitative Models,model,Model,model-estimates-models,Estimates Models
mdl219_2_varresirtn,24-month residual return variance calculated as the variance of monthly residual returns for the second module.,"{'id': 'model219', 'name': 'Canadian Equity Quantitative Models'}","{'id': 'model', 'name': 'Model'}","{'id': 'model-estimates-models', 'name': 'Estimates Models'}",EUR,1,TOPCS1600,MATRIX,1.0,0.6746,0,0,1.4,[],model219,Canadian Equity Quantitative Models,model,Model,model-estimates-models,Estimates Models
mdl219_2_vefcfmtt,Free cash flow-to-enterprise value ratio calculated over trailing 12 months for the second module.,"{'id': 'model219', 'name': 'Canadian Equity Quantitative Models'}","{'id': 'model', 'name': 'Model'}","{'id': 'model-estimates-models', 'name': 'Estimates Models'}",EUR,1,TOPCS1600,MATRIX,1.0,0.7924,2,2,1.4,[],model219,Canadian Equity Quantitative Models,model,Model,model-estimates-models,Estimates Models
mdl219_2_vesspem21f_cf,Forward EPS-to-enterprise value ratio based on consensus estimates for the second module.,"{'id': 'model219', 'name': 'Canadian Equity Quantitative Models'}","{'id': 'model', 'name': 'Model'}","{'id': 'model-estimates-models', 'name': 'Estimates Models'}",EUR,1,TOPCS1600,MATRIX,1.0,0.7923,0,0,1.4,[],model219,Canadian Equity Quantitative Models,model,Model,model-estimates-models,Estimates Models
mdl219_2_visiratio,Visibility ratio calculated as the most recent daily trading volume divided by the average daily trading volume over the last 50 days for the second module.,"{'id': 'model219', 'name': 'Canadian Equity Quantitative Models'}","{'id': 'model', 'name': 'Model'}","{'id': 'model-estimates-models', 'name': 'Estimates Models'}",EUR,1,TOPCS1600,MATRIX,1.0,0.7974,0,0,1.4,[],model219,Canadian Equity Quantitative Models,model,Model,model-estimates-models,Estimates Models
mdl219_2_vnicw,Working capital-to-inventory ratio calculated as working capital divided by inventory for the second module.,"{'id': 'model219', 'name': 'Canadian Equity Quantitative Models'}","{'id': 'model', 'name': 'Model'}","{'id': 'model-estimates-models', 'name': 'Estimates Models'}",EUR,1,TOPCS1600,MATRIX,1.0,0.5813,0,0,1.4,[],model219,Canadian Equity Quantitative Models,model,Model,model-estimates-models,Estimates Models
mdl219_2_vniu,Unexpected change in inventory scaled by total assets for the second module.,"{'id': 'model219', 'name': 'Canadian Equity Quantitative Models'}","{'id': 'model', 'name': 'Model'}","{'id': 'model-estimates-models', 'name': 'Estimates Models'}",EUR,1,TOPCS1600,MATRIX,1.0,0.6703,1,1,1.4,[],model219,Canadian Equity Quantitative Models,model,Model,model-estimates-models,Estimates Models
mdl219_2_voctni,Interest coverage ratio calculated as operating income divided by interest expenses for the second module.,"{'id': 'model219', 'name': 'Canadian Equity Quantitative Models'}","{'id': 'model', 'name': 'Model'}","{'id': 'model-estimates-models', 'name': 'Estimates Models'}",EUR,1,TOPCS1600,MATRIX,1.0,0.7726,0,0,1.4,[],model219,Canadian Equity Quantitative Models,model,Model,model-estimates-models,Estimates Models
mdl219_2_volpre6m,Average trading volume over the preceding 6 months calculated as the moving average of monthly turnover for the second module.,"{'id': 'model219', 'name': 'Canadian Equity Quantitative Models'}","{'id': 'model', 'name': 'Model'}","{'id': 'model-estimates-models', 'name': 'Estimates Models'}",EUR,1,TOPCS1600,MATRIX,1.0,0.7938,0,0,1.4,[],model219,Canadian Equity Quantitative Models,model,Model,model-estimates-models,Estimates Models
mdl219_2_volto,Trading turnover ratio calculated as monthly trading volume divided by shares outstanding for the second module.,"{'id': 'model219', 'name': 'Canadian Equity Quantitative Models'}","{'id': 'model', 'name': 'Model'}","{'id': 'model-estimates-models', 'name': 'Estimates Models'}",EUR,1,TOPCS1600,MATRIX,1.0,0.7989,0,0,1.4,[],model219,Canadian Equity Quantitative Models,model,Model,model-estimates-models,Estimates Models
mdl219_2_w57w03_rp,30-week moving average price divided by 75-week moving average price for the second module.,"{'id': 'model219', 'name': 'Canadian Equity Quantitative Models'}","{'id': 'model', 'name': 'Model'}","{'id': 'model-estimates-models', 'name': 'Estimates Models'}",EUR,1,TOPCS1600,MATRIX,1.0,0.7749,0,0,1.4,[],model219,Canadian Equity Quantitative Models,model,Model,model-estimates-models,Estimates Models
mdl219_2_w62isr,26-week relative price strength calculated as the most recent weekly closing price divided by the price 26 weeks ago for the second module.,"{'id': 'model219', 'name': 'Canadian Equity Quantitative Models'}","{'id': 'model', 'name': 'Model'}","{'id': 'model-estimates-models', 'name': 'Estimates Models'}",EUR,1,TOPCS1600,MATRIX,1.0,0.7922,0,0,1.4,[],model219,Canadian Equity Quantitative Models,model,Model,model-estimates-models,Estimates Models
mdl219_2_w93ntr,39-week return with a 4-week lag calculated as the price change from week t-43 to week t-4 for the second module.,"{'id': 'model219', 'name': 'Canadian Equity Quantitative Models'}","{'id': 'model', 'name': 'Model'}","{'id': 'model-estimates-models', 'name': 'Estimates Models'}",EUR,1,TOPCS1600,MATRIX,1.0,0.7863,1,2,1.4,[],model219,Canadian Equity Quantitative Models,model,Model,model-estimates-models,Estimates Models
mdl219_2_wcast,Working capital-to-total assets ratio calculated as average working capital divided by average total assets for the second module.,"{'id': 'model219', 'name': 'Canadian Equity Quantitative Models'}","{'id': 'model', 'name': 'Model'}","{'id': 'model-estimates-models', 'name': 'Estimates Models'}",EUR,1,TOPCS1600,MATRIX,1.0,0.6328,0,0,1.4,[],model219,Canadian Equity Quantitative Models,model,Model,model-estimates-models,Estimates Models
mdl219_2_ydp_cf,Predicted dividend yield based on payout ratio and forward EPS estimates for the second module.,"{'id': 'model219', 'name': 'Canadian Equity Quantitative Models'}","{'id': 'model', 'name': 'Model'}","{'id': 'model-estimates-models', 'name': 'Estimates Models'}",EUR,1,TOPCS1600,MATRIX,1.0,0.6591,0,0,1.4,[],model219,Canadian Equity Quantitative Models,model,Model,model-estimates-models,Estimates Models
mdl219_2_yoychgaa,Year-over-year change in accruals-to-assets ratio for the second module.,"{'id': 'model219', 'name': 'Canadian Equity Quantitative Models'}","{'id': 'model', 'name': 'Model'}","{'id': 'model-estimates-models', 'name': 'Estimates Models'}",EUR,1,TOPCS1600,MATRIX,1.0,0.7934,1,1,1.4,[],model219,Canadian Equity Quantitative Models,model,Model,model-estimates-models,Estimates Models
mdl219_2_yoychgcr,Year-over-year change in current ratio for the second module.,"{'id': 'model219', 'name': 'Canadian Equity Quantitative Models'}","{'id': 'model', 'name': 'Model'}","{'id': 'model-estimates-models', 'name': 'Estimates Models'}",EUR,1,TOPCS1600,MATRIX,1.0,0.6318,0,0,1.4,[],model219,Canadian Equity Quantitative Models,model,Model,model-estimates-models,Estimates Models
mdl219_2_yoychgda,Year-over-year change in leverage calculated as total liabilities as a percentage of assets for the second module.,"{'id': 'model219', 'name': 'Canadian Equity Quantitative Models'}","{'id': 'model', 'name': 'Model'}","{'id': 'model-estimates-models', 'name': 'Estimates Models'}",EUR,1,TOPCS1600,MATRIX,1.0,0.7953,0,0,1.4,[],model219,Canadian Equity Quantitative Models,model,Model,model-estimates-models,Estimates Models
mdl219_2_yoychggpm,Year-over-year change in gross profit margin for the second module.,"{'id': 'model219', 'name': 'Canadian Equity Quantitative Models'}","{'id': 'model', 'name': 'Model'}","{'id': 'model-estimates-models', 'name': 'Estimates Models'}",EUR,1,TOPCS1600,MATRIX,1.0,0.688,0,0,1.4,[],model219,Canadian Equity Quantitative Models,model,Model,model-estimates-models,Estimates Models
mdl219_2_yoychgroa,Year-over-year change in return on assets for the second module.,"{'id': 'model219', 'name': 'Canadian Equity Quantitative Models'}","{'id': 'model', 'name': 'Model'}","{'id': 'model-estimates-models', 'name': 'Estimates Models'}",EUR,1,TOPCS1600,MATRIX,1.0,0.7946,0,0,1.4,[],model219,Canadian Equity Quantitative Models,model,Model,model-estimates-models,Estimates Models
